Sample ID	Variable ID	LOC433944	9530008L14Rik	Rab3b	Htr3a	Cadps2	Necab2	Cox6a2	Ldhb	Baiap2l1	Lypd1	Bcam	Ndrg2	Ntrk2	Thy1	Kcns3	Tspan8	Lgals1	Vsnl1	Kcnc4	Scn5a	Rom1	Tbx3	Cacna1h	Prep	S1pr3	Colq	Cox7a1	Rab37	Tmem184c	Vgf	Klhdc8a	Pdlim1	Cd81	Cbln2	Cpne6	Ifngr1	S100b	Kcnk1	Ngfr	Rprm	Sgk1	Pctp	Aldh1l1	Shc4	Ehd3	Gyg	Fabp3	Tagln3	Prkar1a	Tmem163	Calb1	Gda	Cryab	Ntng1	Nefh	Resp18	Vamp1	Scn4b	Nefm	Cntn1	Mtap7d2	Kcna1	Lgi3	Nefl	Sparcl1	Bcat1	Endod1	Fxyd7	Pcp4	Nsg1	Tesc	Tuba4a	Atp1b1	Lynx1	Pcdh7	Wfs1	Clu	Nat8l	Anxa4	Hoxb8	Timp2	Fam57b	Cplx1	Ibsp	Ccdc28a	Cnst	Gabrg1	Rasl10b	Adam23	Myh10	Cela1	Mtap2	Ppap2a	Pcp4l1	Ptgfr	Rbp2	Cgnl1	Ntm	S100a16	Cpne4	Ntrk3	Hopx	Hapln1	6330512M04Rik	Ramp3	Vat1l	Fgfr1	Ccl3	Nfia	Fgf1	Gfra1	Negr1	Arhgef4	Kcnip3	Polr3g	Slc5a5	Ppp3ca	Nptx1	Camk2g	D930028M14Rik	Hspb1	Entpd4	1700011F14Rik	Pcdh9	Faim2	Bet3l	Ryr2	Greb1	F2r	Pvalb	Cntnap2	Aldoc	Ccbe1	Chodl	Clec2l	Clic4	Tmem229b	Nxph1	Serpini1	Tmem47	Wls	Pln	Clstn3	Sh3bgr	Caln1	Accn2	Car2	Hs3st2	Hoxb9	Fndc4	Pde4a	Slit2	Mdga1	Gm16551	Pth1r	Atp11a	Runx3	Tuba8	Wnt7a	Bcl2l11	Sphkap	Olfm2	Pcdh10	Timp3	Palm3	Sulf2	Sv2b	Etv1	Atp1a3	Prepl	Edil3	Crim1	Spp1	Lmcd1	Ndst4	Kcnc1	Lancl3	Smpx	Vstm2b	Unc80	Plekhg1	Gm13629	Igdcc4	Ccdc121	Mt1	Pls1	Lhfpl1	Relt	Iyd	Slc17a7	Esrrg	Sh3gl2	Whrn	Pthlh	Kcnip1	Cdh12	Heatr5a	9030425E11Rik	Mt2	Tmem233	Lpar3	Mrgprd	Ctxn3	Gm765	Cd24a	Ly86	Agtr1a	Gna14	Prkca	Prkcq	P2rx3	Otoa	Cd55	Cd44	Cebpa	Nrn1l	A3galt2	Hmox1	Scn11a	Scn10a	Serping1	Klk8	Mab21l1	Fam167a	Serpina11	Lpar5	Nnat	Hal	Nmb	Eml1	Carhsp1	Trpc6	Klk5	Plcb3	BC035044	Grik1	Mrgprb5	Wnt2b	Prkar2b	S100a6	Camk2a	Gng2	Synpr	Pkig	Cav1	Gnaq	Dgki	Arap1	Plxnc1	Mrgpra3	Crip1	Dsg1a	Calca	Igj	Man1a	Nanos2	Mrgprx1	Mustn1	Zmynd15	6330403K07Rik	Tmprss11c	Gpr4	S100a11	Kcnmb1	Emp3	Capn5	Ntrk1	Cdhr1	Mical1	Ifi27l2a	Lcorl	2610307P16Rik	Mal2	Osmr	Mlc1	Mrgprb4	Hrh1	Mettl7a3	Krt27	Lgals3	Tmem164	Fnbp1l	Tmem100	Foxn2	Car8	Adora2b	Fmo5	Stac	Dnase1l3	Pxmp2	Pik3r1	Nppb	Nts	Sst	Cysltr2	Gm525	Pcdh15	Gm20139	Scg2	Jak1	Npy2r	Ildr2	Pde4c	Htr1f	Ptprk	Upk1b	S1pr1	Gm5886	Il31ra	Obscn	Adk	Ift122	Mei1	Trpv1	F11r	Ada	Ptrf	Cd82	Vamp8	P2rx2	Arl4d	Hpcal1	Cntnap4	Gnal	Gstt2	Blvrb	Cmtm8	Dgkh	Rhov	Stom	2010011I20Rik	Mctp1	Btbd3	Tac1	Gal	Zcchc12	Adcyap1	Gpx3	Cartpt	Gfra3	Sstr2	Npy1r	Ccl6	Atp2b4	Klf2	Ppapdc1a	Slc7a3	Rxrg	2310002L13Rik	Trpm8	Gm7534	Ly6c2	Nxn	Tmem176b	Pde1a	Tmem8c	AI427809	Esr2	1300017J02Rik	Kit	Zfp536	Ly6e	Arhgap15	Mst1r	Gabrd	Kcnmb2	Fam70b	Fgf23	Tmem176a	Zeb2	Kcnk2	Ptprv	Irf6	Cdkn1c	Celf4	Serpinb1b	Accn3	Serpinb1a	6030408B16Rik	Gap43	Smpd3	2010110P09Rik	Cplx2	Gstm2	Ngef	Fam19a1	Gng8	H2-M11	Prokr2	Sema5a	Prkcb	Gm5	Bmpr1b	Efhd2	6530418L21Rik	Abcg2	Fgf12	Ndp	Ptgir	Parva	Pak1ip1	Dclk1	Pou4f3	Th	Wfdc2	Fam19a4	Gm7271	Bmp15	Ceacam10	Fxyd6	Osta	Slc17a8	Cacna1i	Cd34	Cdkn1a	Bhlha9	Dgkk	BC089491	Mbp	Spink2	AI504432	Zfp521	Hpca	Fbp2	AW551984	Spinlw1	Cckar	Lrrc10b	P2ry1	Cdh9	Smyd1	Pmp22	Kcnd3	2310081J21Rik_loc1	Fxyd2	Wnt11	Slc24a4	Nmur1	Snca	C1ql4	Prss23	Ntsr1	Rsu1	Mmp17	Kcnj6	Synpo2	Iqsec2	Chd5	Rarres1	Kcnn3	Ube1y1_loc2	S100a9
L128_H07	NF	392.41	53.51	285.39	695.63	267.55	338.9	107.02	945.35	178.37	374.57	1498.3	588.61	285.39	1052.4	356.73	624.29	2764.7	392.41	356.73	178.37	624.29	89.184	570.78	517.27	766.98	107.02	53.51	463.76	303.23	321.06	963.18	428.08	517.27	107.02	766.98	214.04	1266.4	196.2	945.35	4209.5	214.04	17.837	71.347	53.51	321.06	552.94	321.06	1444.8	1337.8	89.184	0	499.43	0	71.347	1302.1	517.27	356.73	445.92	1212.9	428.08	178.37	410.24	71.347	2104.7	178.37	17.837	249.71	1944.2	1569.6	160.53	107.02	624.29	3210.6	231.88	35.674	285.39	356.73	142.69	53.51	0	410.24	53.51	1070.2	0	624.29	338.9	0	107.02	107.02	35.674	17.837	0	89.184	321.06	0	0	17.837	0	0	17.837	0	107.02	17.837	0	0	231.88	124.86	0	35.674	1052.4	0	0	17.837	160.53	71.347	231.88	53.51	160.53	142.69	0	231.88	160.53	0	107.02	0	0	17.837	0	0	35.674	0	142.69	0	0	17.837	17.837	0	0	35.674	249.71	35.674	0	17.837	17.837	0	0	71.347	53.51	0	0	0	0	0	17.837	0	71.347	0	17.837	0	0	17.837	0	0	0	107.02	0	124.86	0	303.23	285.39	178.37	53.51	17.837	0	17.837	35.674	0	0	0	0	0	0	0	0	0	0	17.837	0	0	35.674	17.837	71.347	0	0	0	0	0	0	0	0	0	0	17.837	0	1284.2	0	0	0	17.837	0	0	0	89.184	17.837	0	0	0	0	35.674	17.837	0	0	0	0	0	0	0	0	0	570.78	35.674	0	0	53.51	0	17.837	0	0	17.837	2657.7	107.02	35.674	35.674	0	0	53.51	0	0	249.71	0	0	0	53.51	0	0	0	0	0	0	0	0	0	0	0	0	124.86	17.837	0	0	0	17.837	0	35.674	0	0	0	0	0	17.837	0	0	17.837	17.837	0	0	0	0	17.837	0	0	89.184	0	0	0	17.837	0	0	0	17.837	17.837	0	0	0	0	0	0	0	0	0	0	178.37	0	0	0	0	0	0	0	0	0	0	214.04	0	214.04	0	53.51	0	89.184	0	0	35.674	17.837	53.51	17.837	0	0	0	0	53.51	0	0	0	0	0	0	0	0	0	0	0	0	0	0	0	0	0	0	0	0	0	0	0	0	0	0	0	0	0	0	17.837	0	0	0	0	0	17.837	0	0	0	0	35.674	0	71.347	0	0	0	0	0	0	0	0	0	0	107.02	0	0	196.2	35.674	0	0	35.674	89.184	0	0	0	17.837	0	0	0	0	0	0	0	35.674	89.184	0	0	0	0	0	0	0	0	0	0	0	0	0	142.69	0	0	677.8	53.51	0	5797	0	0	0	0	0	0	0	499.43	0	0	0	196.2	53.51	35.674	0	0	0
L128_A08	NF	156.13	39.032	136.61	136.61	351.29	292.74	0	1171	214.68	19.516	780.64	195.16	351.29	1092.9	819.67	429.35	1854	175.64	253.71	39.032	0	175.64	253.71	292.74	97.58	117.1	117.1	39.032	273.22	273.22	370.8	370.8	526.93	234.19	585.48	273.22	1424.7	312.26	800.16	1619.8	292.74	175.64	0	0	292.74	273.22	292.74	1131.9	1776	39.032	0	214.68	0	97.58	995.32	722.09	1053.9	858.7	2049.2	292.74	234.19	526.93	117.1	2595.6	214.68	117.1	644.03	683.06	702.58	19.516	331.77	351.29	2517.6	312.26	0	39.032	273.22	175.64	0	0	878.22	97.58	1288.1	0	663.54	448.87	0	448.87	175.64	0	0	0	117.1	97.58	0	0	0	0	0	39.032	97.58	117.1	0	0	0	741.61	97.58	0	0	1873.5	19.516	0	0	117.1	19.516	19.516	117.1	0	78.064	0	234.19	390.32	0	175.64	0	0	0	19.516	39.032	19.516	39.032	253.71	0	0	78.064	19.516	0	0	58.548	292.74	0	0	19.516	0	0	0	39.032	0	0	78.064	0	0	0	0	0	58.548	0	0	0	0	0	0	19.516	0	117.1	0	234.19	19.516	605	175.64	39.032	0	19.516	0	0	39.032	0	0	0	19.516	0	0	0	0	0	0	0	0	0	78.064	0	117.1	0	0	0	0	0	0	0	19.516	0	0	58.548	0	839.19	39.032	0	0	19.516	0	0	0	0	0	0	19.516	0	0	19.516	39.032	0	0	0	0	0	0	0	0	39.032	761.12	0	0	0	19.516	0	19.516	0	0	0	4898.5	0	19.516	39.032	19.516	0	136.61	0	39.032	97.58	0	0	0	19.516	0	19.516	0	0	0	0	0	0	0	0	0	0	0	0	0	0	19.516	0	0	58.548	0	156.13	0	0	507.42	19.516	0	39.032	0	0	0	0	39.032	0	39.032	0	0	19.516	0	0	0	0	0	0	0	0	58.548	0	0	0	0	0	0	0	0	0	0	78.064	19.516	0	0	0	0	0	0	0	0	0	156.13	0	253.71	0	58.548	0	39.032	19.516	0	0	0	19.516	19.516	0	0	0	0	0	0	0	0	0	0	0	0	0	0	0	0	0	0	0	0	0	0	0	0	0	0	0	0	0	0	0	0	0	0	0	0	0	0	0	0	0	39.032	0	0	0	0	0	0	0	0	0	0	0	0	0	0	253.71	0	0	156.13	19.516	0	292.74	0	0	19.516	0	19.516	58.548	0	0	0	0	0	0	0	0	0	0	19.516	292.74	0	0	0	156.13	0	0	19.516	19.516	0	0	0	0	0	448.87	0	0	448.87	0	0	7396.6	0	0	0	0	0	0	0	546.45	19.516	0	0	117.1	117.1	39.032	0	0	0
L128_B09	NF	81.826	0	245.48	3027.6	0	81.826	0	1145.6	81.826	81.826	1309.2	163.65	654.61	572.78	163.65	409.13	3764	81.826	245.48	81.826	81.826	0	572.78	572.78	572.78	0	0	245.48	490.96	81.826	1309.2	245.48	245.48	245.48	818.26	0	2209.3	245.48	736.44	2373	1554.7	0	0	0	245.48	327.3	163.65	2209.3	981.92	245.48	0	0	0	327.3	1227.4	572.78	327.3	1391.1	1063.7	490.96	0	245.48	0	2045.7	0	81.826	409.13	1554.7	1472.9	327.3	0	327.3	2618.4	654.61	245.48	0	245.48	81.826	0	0	81.826	327.3	818.26	0	572.78	81.826	0	0	0	81.826	0	0	81.826	0	0	0	81.826	0	0	0	0	0	0	0	0	163.65	245.48	0	0	1391.1	0	0	0	0	0	81.826	0	81.826	0	0	163.65	0	0	0	0	0	163.65	0	0	0	0	0	0	0	0	0	0	0	81.826	0	0	0	0	0	0	0	81.826	0	0	0	0	0	0	0	0	163.65	0	0	0	0	0	0	0	0	0	0	0	0	818.26	81.826	0	0	0	0	0	0	0	0	0	81.826	0	0	0	0	0	0	0	0	0	0	0	81.826	0	0	0	0	0	0	0	0	0	0	0	0	981.92	0	0	0	0	0	0	0	0	0	0	0	0	0	0	0	0	0	0	0	0	0	0	0	0	654.61	0	0	0	0	0	81.826	0	0	0	5727.9	0	81.826	0	0	0	81.826	0	245.48	409.13	0	0	0	0	0	81.826	0	0	0	0	0	0	0	0	0	0	0	0	0	0	0	0	163.65	0	0	572.78	0	0	0	0	0	0	0	0	0	0	0	0	0	0	0	245.48	0	0	0	0	0	0	0	163.65	0	0	0	0	0	0	0	0	0	0	0	245.48	0	0	0	0	0	0	0	0	0	0	81.826	0	81.826	0	0	0	0	0	0	0	0	0	81.826	0	0	0	0	0	0	0	0	0	0	0	0	0	0	0	0	0	0	0	81.826	0	0	0	0	0	0	0	0	0	0	0	0	0	0	0	0	0	0	0	0	0	0	0	0	0	0	0	0	0	0	0	0	0	0	0	0	0	0	0	0	0	0	654.61	81.826	0	0	0	0	0	0	0	0	0	0	0	0	0	0	0	0	409.13	0	0	0	0	0	0	0	0	0	0	0	163.65	0	81.826	0	0	81.826	0	0	5727.9	0	0	0	0	0	0	0	572.78	0	0	0	81.826	0	0	0	0	0
L128_D10	NF	911.8	82.891	359.2	994.7	248.67	828.91	0	1409.2	110.52	0	884.17	524.98	55.261	856.54	221.04	303.93	1492	221.04	469.72	0	221.04	110.52	221.04	138.15	221.04	0	0	193.41	303.93	82.891	27.63	331.57	580.24	82.891	773.65	1298.6	1022.3	359.2	303.93	4089.3	110.52	82.891	27.63	0	386.83	386.83	386.83	939.43	1464.4	55.261	0	82.891	0	27.63	1464.4	193.41	939.43	801.28	1547.3	386.83	27.63	55.261	165.78	1740.7	193.41	55.261	911.8	2265.7	1547.3	386.83	82.891	635.5	2265.7	138.15	0	276.3	82.891	221.04	82.891	0	165.78	193.41	967.07	0	580.24	524.98	0	303.93	138.15	27.63	0	82.891	27.63	0	27.63	0	0	0	0	0	110.52	27.63	0	82.891	0	193.41	138.15	0	0	303.93	0	0	0	331.57	0	0	27.63	27.63	110.52	0	331.57	110.52	0	110.52	27.63	0	55.261	0	27.63	55.261	0	138.15	0	0	55.261	0	55.261	0	55.261	27.63	0	0	110.52	0	0	0	303.93	0	248.67	0	0	0	0	0	0	55.261	0	0	0	0	0	0	165.78	0	0	0	110.52	0	248.67	303.93	414.46	0	0	0	0	0	0	0	0	55.261	0	0	0	0	0	0	0	0	0	55.261	0	110.52	0	0	0	0	0	0	0	193.41	0	0	27.63	0	635.5	0	0	0	0	0	0	0	82.891	0	0	0	0	0	0	82.891	27.63	0	0	0	0	0	0	0	0	442.09	0	0	0	0	0	27.63	0	0	27.63	2928.8	82.891	27.63	193.41	0	27.63	82.891	0	0	82.891	0	27.63	0	0	0	0	0	0	0	0	0	0	0	55.261	27.63	0	55.261	0	0	0	0	0	0	0	0	0	0	0	0	0	0	0	0	110.52	0	0	0	0	0	0	0	55.261	0	0	0	0	0	0	0	27.63	27.63	0	0	0	0	0	0	0	0	0	0	193.41	0	0	0	0	0	0	0	27.63	0	55.261	110.52	0	110.52	0	0	0	0	55.261	0	27.63	0	27.63	0	0	0	0	0	0	0	0	0	0	0	0	0	0	0	0	0	0	0	0	0	0	0	0	0	0	0	0	0	0	0	0	0	0	0	0	0	0	0	0	0	0	0	0	0	0	0	27.63	0	0	0	0	0	0	0	0	0	55.261	0	0	55.261	0	0	27.63	82.891	0	0	55.261	27.63	0	0	0	0	0	0	0	0	0	0	0	27.63	193.41	0	0	0	27.63	0	0	82.891	0	0	0	0	0	0	386.83	0	0	386.83	55.261	0	7543.1	0	0	0	27.63	0	0	0	359.2	0	0	0	0	138.15	55.261	0	0	0
L128_E11	NF	300.08	0	257.21	471.56	728.77	814.51	0	1157.5	171.48	171.48	771.64	342.95	342.95	685.9	214.34	600.16	2486.4	428.69	171.48	171.48	257.21	85.738	728.77	342.95	214.34	42.869	85.738	128.61	342.95	257.21	85.738	42.869	428.69	214.34	814.51	85.738	1328.9	171.48	728.77	1671.9	0	128.61	171.48	42.869	471.56	257.21	214.34	1714.8	1243.2	128.61	0	128.61	0	85.738	1328.9	85.738	257.21	814.51	2314.9	471.56	0	771.64	128.61	2872.2	85.738	85.738	514.42	900.24	1071.7	85.738	128.61	428.69	1929.1	428.69	42.869	257.21	514.42	85.738	128.61	0	342.95	428.69	771.64	0	557.29	128.61	0	0	128.61	42.869	0	171.48	171.48	42.869	0	0	0	0	0	0	42.869	128.61	0	0	0	814.51	0	0	0	857.38	0	0	0	342.95	0	0	0	42.869	428.69	0	257.21	0	0	0	42.869	0	85.738	0	0	0	0	171.48	0	0	0	0	0	85.738	128.61	257.21	42.869	0	0	0	0	0	42.869	0	0	0	0	0	0	0	0	0	0	0	0	0	42.869	0	0	0	0	0	0	0	85.738	85.738	42.869	0	0	0	0	128.61	0	0	0	128.61	0	0	0	0	0	0	0	0	0	85.738	0	42.869	0	0	0	0	0	0	0	0	42.869	0	0	0	385.82	0	0	0	0	0	42.869	0	0	0	0	0	0	0	0	42.869	0	0	0	0	0	0	0	0	85.738	557.29	42.869	0	0	42.869	0	0	0	0	0	2786.5	0	0	0	171.48	0	1457.5	0	0	385.82	0	0	0	0	0	0	0	0	0	0	0	0	0	0	0	0	42.869	0	0	0	42.869	0	0	0	0	85.738	0	0	0	0	0	0	0	0	0	0	0	42.869	0	0	0	42.869	0	0	0	0	0	0	0	128.61	85.738	0	0	0	0	0	0	0	0	0	0	257.21	0	0	0	0	0	0	0	0	0	0	385.82	0	300.08	0	0	0	85.738	42.869	0	42.869	42.869	0	42.869	0	0	0	0	0	0	0	0	0	0	0	0	0	0	0	0	0	0	0	0	0	0	0	0	0	0	0	0	0	0	0	0	0	0	0	0	0	0	0	0	0	0	42.869	0	0	0	0	0	42.869	0	0	0	0	0	0	0	0	0	0	0	0	0	300.08	0	0	0	128.61	0	0	0	0	0	0	0	0	42.869	0	0	0	42.869	42.869	0	0	0	0	0	0	42.869	0	0	0	0	0	0	557.29	0	0	643.03	85.738	0	6301.7	0	0	0	0	0	0	0	300.08	85.738	0	0	42.869	42.869	214.34	0	0	0
L129_F02	NF	419.8	0	209.9	1301.4	251.88	41.98	0	1931.1	167.92	209.9	2266.9	503.76	41.98	965.53	209.9	545.74	4281.9	209.9	0	41.98	0	293.86	167.92	0	83.96	167.92	0	335.84	377.82	1805.1	0	251.88	461.78	167.92	587.72	0	2224.9	251.88	461.78	1427.3	83.96	83.96	41.98	0	209.9	461.78	797.62	1385.3	1007.5	0	0	0	0	83.96	335.84	41.98	0	125.94	1175.4	83.96	0	83.96	0	1889.1	713.66	0	41.98	1889.1	1847.1	167.92	125.94	1091.5	1133.4	125.94	0	0	83.96	83.96	0	0	167.92	41.98	587.72	0	83.96	209.9	41.98	0	0	0	0	0	0	83.96	0	0	0	0	0	0	0	83.96	0	0	0	545.74	41.98	0	0	167.92	0	0	0	125.94	0	0	0	83.96	125.94	0	335.84	83.96	125.94	41.98	0	0	0	0	0	0	0	0	0	0	167.92	0	0	0	83.96	251.88	0	0	0	0	0	0	293.86	0	0	0	0	0	0	0	0	167.92	0	0	0	0	0	0	0	0	0	0	83.96	0	335.84	335.84	209.9	0	0	0	0	419.8	0	0	0	83.96	0	0	0	0	0	0	0	0	0	83.96	0	0	0	0	0	0	0	0	0	0	0	0	0	0	587.72	0	0	0	0	0	0	0	0	0	0	0	0	0	0	41.98	0	0	0	0	0	0	0	0	0	125.94	0	0	0	0	0	0	0	0	0	1133.4	0	0	0	0	0	0	0	0	335.84	0	0	0	125.94	0	0	0	0	0	0	0	0	0	0	0	0	0	0	0	0	0	0	0	0	0	83.96	0	0	0	0	0	0	0	0	0	0	0	0	0	0	0	0	0	0	0	0	0	0	0	0	0	0	0	0	0	0	0	0	0	0	0	209.9	0	0	0	0	0	41.98	0	0	0	0	83.96	0	41.98	0	0	0	0	0	0	83.96	0	0	0	0	0	0	0	0	0	0	0	0	0	0	0	0	0	0	0	0	0	0	0	0	0	0	0	0	0	0	0	0	0	0	0	0	0	0	0	0	0	0	0	0	0	0	0	0	0	83.96	0	83.96	0	0	0	0	0	0	0	0	0	0	41.98	0	0	797.62	41.98	0	0	41.98	0	0	83.96	0	0	0	0	0	0	0	0	0	0	293.86	0	0	0	0	0	0	0	0	0	0	0	0	0	335.84	0	0	83.96	0	0	9613.4	0	0	0	0	0	0	0	1133.4	0	0	0	125.94	0	167.92	0	0	0
L129_H03	NF	804.28	629.44	139.88	1398.8	489.56	69.937	0	1258.9	139.88	34.969	1293.8	139.88	139.88	629.44	489.56	734.34	1853.3	664.41	244.78	0	314.72	349.69	139.88	174.84	209.81	0	174.84	0	384.66	104.91	34.969	34.969	209.81	139.88	489.56	0	1958.3	104.91	139.88	3671.7	139.88	174.84	0	0	454.59	244.78	664.41	1818.4	1084	69.937	104.91	0	0	349.69	1119	174.84	34.969	174.84	1468.7	279.75	69.937	244.78	0	3112.2	104.91	209.81	419.62	104.91	1993.2	0	69.937	804.28	1783.4	279.75	69.937	0	104.91	244.78	69.937	0	699.37	349.69	699.37	0	489.56	104.91	0	0	594.47	0	0	104.91	34.969	34.969	0	0	34.969	0	0	139.88	34.969	174.84	0	0	0	34.969	0	0	0	804.28	0	0	0	139.88	0	0	0	34.969	0	0	279.75	0	209.81	34.969	0	0	0	0	34.969	69.937	174.84	69.937	0	0	34.969	0	0	0	209.81	314.72	0	0	0	34.969	0	0	0	0	0	0	0	0	0	0	0	69.937	0	0	0	0	0	0	69.937	0	0	0	69.937	139.88	699.37	34.969	69.937	69.937	0	0	0	104.91	0	0	0	0	0	0	0	0	0	0	0	0	0	0	0	34.969	0	0	0	0	0	0	0	69.937	0	104.91	0	0	944.16	0	0	0	0	34.969	0	0	0	0	0	174.84	0	0	0	0	0	0	0	0	0	0	0	0	0	139.88	0	0	0	34.969	0	0	0	0	0	5909.7	0	0	34.969	0	0	69.937	0	0	34.969	0	0	0	0	0	0	0	0	0	0	0	0	0	0	0	0	0	0	0	0	0	0	0	0	0	34.969	0	0	34.969	0	0	34.969	0	104.91	0	0	0	0	0	0	0	279.75	0	0	0	0	0	0	0	0	0	0	0	0	0	0	0	0	0	0	0	104.91	139.88	0	0	0	0	0	0	0	0	0	244.78	0	174.84	0	0	0	279.75	0	0	0	0	0	0	0	0	0	0	0	0	0	0	0	0	0	0	0	0	0	0	0	0	34.969	139.88	0	0	0	0	0	0	0	0	0	0	0	0	0	0	0	0	0	0	0	0	0	0	0	0	0	0	0	0	0	0	0	0	0	0	0	0	139.88	0	0	0	0	104.91	944.16	34.969	0	0	0	34.969	0	139.88	0	0	0	0	0	0	0	0	0	0	314.72	0	0	0	0	0	0	0	0	0	0	0	0	0	139.88	0	0	314.72	69.937	0	10456	0	0	0	0	0	0	0	909.19	0	0	0	69.937	104.91	34.969	0	0	0
L129_E04	NF	1170.8	170.74	365.88	634.19	195.14	97.568	24.392	1097.6	73.176	536.63	1731.8	219.53	24.392	439.06	512.23	292.7	3244.1	707.37	317.1	48.784	682.98	73.176	24.392	170.74	48.784	24.392	97.568	48.784	97.568	24.392	585.41	243.92	512.23	48.784	756.15	170.74	2707.5	170.74	73.176	4536.9	73.176	48.784	24.392	24.392	512.23	463.45	609.8	2488	1390.3	0	0	0	0	121.96	707.37	365.88	658.59	24.392	780.54	341.49	24.392	121.96	24.392	2439.2	73.176	0	170.74	2463.6	2414.8	24.392	292.7	1219.6	1341.6	292.7	48.784	0	463.45	73.176	24.392	0	219.53	731.76	1122	0	390.27	0	0	48.784	0	0	0	24.392	219.53	24.392	0	0	0	0	0	0	24.392	0	0	0	0	195.14	268.31	0	73.176	1244	0	0	48.784	48.784	0	195.14	73.176	24.392	24.392	0	634.19	73.176	48.784	97.568	0	0	97.568	0	0	0	0	317.1	0	0	24.392	0	0	0	73.176	268.31	73.176	0	24.392	0	0	0	0	0	0	0	0	0	0	0	0	48.784	0	0	0	0	0	0	0	0	24.392	0	24.392	0	219.53	585.41	73.176	0	0	0	0	0	0	0	0	0	0	0	0	0	0	0	0	0	0	24.392	0	0	0	0	0	0	0	0	0	24.392	0	0	0	0	731.76	0	0	0	0	0	0	0	121.96	0	0	0	0	0	0	0	0	0	0	0	0	0	0	0	0	341.49	0	0	0	0	0	0	0	0	121.96	2731.9	0	24.392	170.74	0	0	0	0	0	146.35	0	0	0	121.96	0	0	0	0	0	0	0	0	0	0	0	0	0	0	0	0	0	0	0	0	0	0	0	0	0	0	0	0	0	121.96	0	0	24.392	0	0	0	0	24.392	0	0	0	0	0	0	0	24.392	73.176	0	0	0	0	0	0	0	0	0	0	585.41	48.784	0	0	0	0	0	0	0	0	0	195.14	0	24.392	0	0	0	0	0	0	0	0	0	48.784	0	0	24.392	0	0	0	0	0	0	0	0	0	0	0	0	0	0	0	0	0	0	0	0	0	0	0	0	0	0	0	0	0	0	0	0	0	0	0	0	0	0	0	0	0	0	0	0	0	0	0	0	97.568	0	0	0	0	0	0	0	24.392	0	0	341.49	24.392	0	0	195.14	0	0	0	0	0	0	0	0	0	0	0	0	0	341.49	0	0	0	0	0	0	0	0	121.96	0	0	0	0	97.568	0	0	634.19	73.176	0	13001	0	0	0	0	0	0	0	561.02	0	0	0	97.568	146.35	48.784	0	0	0
L129_H06	NF	1145.2	69.406	451.14	0	347.03	520.54	0	1492.2	34.703	34.703	1700.4	1214.6	208.22	763.47	0	485.84	2637.4	451.14	416.43	173.51	589.95	34.703	0	173.51	34.703	312.33	0	104.11	555.25	798.17	0	451.14	485.84	104.11	381.73	1874	1943.4	34.703	69.406	4684.9	0	34.703	0	208.22	416.43	416.43	555.25	2325.1	1631	34.703	0	34.703	0	69.406	798.17	485.84	798.17	902.28	1492.2	104.11	0	104.11	0	3505	0	0	347.03	451.14	2082.2	173.51	0	312.33	1769.8	277.62	0	0	347.03	208.22	347.03	0	34.703	208.22	832.87	0	104.11	277.62	138.81	34.703	34.703	0	0	0	242.92	138.81	0	0	0	0	0	0	34.703	34.703	0	0	0	69.406	34.703	0	0	1631	0	0	34.703	0	0	0	451.14	0	0	0	485.84	0	34.703	138.81	34.703	0	0	0	0	0	34.703	138.81	0	0	69.406	0	0	0	242.92	485.84	0	0	69.406	0	0	0	34.703	0	0	0	0	0	0	0	0	34.703	0	69.406	0	0	0	0	0	0	104.11	0	277.62	0	277.62	104.11	138.81	0	0	0	0	242.92	0	0	0	0	0	0	0	0	0	0	0	0	0	0	0	0	0	0	0	0	0	0	0	0	0	0	0	69.406	2290.4	0	0	0	0	0	0	0	0	0	0	0	0	0	0	0	0	0	0	0	0	0	0	0	0	485.84	0	0	0	0	0	0	0	0	0	6003.6	0	0	0	0	0	347.03	0	0	208.22	0	0	0	34.703	0	0	0	0	0	0	0	69.406	0	0	0	0	0	0	0	0	0	0	0	0	0	0	0	0	0	0	0	0	0	104.11	0	0	0	0	69.406	0	0	0	0	0	0	0	0	0	0	34.703	34.703	0	0	0	0	0	0	0	0	0	0	312.33	0	0	0	0	0	69.406	0	0	0	0	312.33	0	104.11	0	34.703	0	34.703	0	0	0	0	0	0	0	0	34.703	0	34.703	0	0	0	0	0	0	0	0	0	0	0	0	0	0	0	0	0	0	0	0	0	0	0	0	0	0	0	0	0	0	0	0	0	0	0	0	34.703	0	0	0	0	0	0	0	0	0	0	0	0	0	0	0	0	0	34.703	0	0	451.14	0	0	0	0	34.703	69.406	34.703	0	0	0	0	0	0	0	0	0	0	208.22	0	0	0	0	0	0	0	0	0	0	0	0	0	34.703	0	0	485.84	34.703	0	8745.1	0	0	0	0	0	0	0	1110.5	0	0	0	34.703	104.11	0	0	0	0
L129_A10	NF	1269.2	0	258.14	5506.9	21.511	0	0	2086.6	0	0	1118.6	580.81	107.56	473.25	64.534	172.09	1613.3	344.18	43.023	64.534	537.78	86.046	43.023	21.511	301.16	0	86.046	279.65	322.67	172.09	494.76	172.09	602.32	150.58	666.85	580.81	1527.3	258.14	193.6	3506.4	43.023	129.07	0	0	838.94	451.74	1032.6	1161.6	1075.6	21.511	43.023	0	0	129.07	946.5	451.74	860.46	451.74	1699.4	107.56	150.58	129.07	107.56	3764.5	365.69	21.511	236.63	2968.6	1376.7	236.63	43.023	817.43	1699.4	150.58	0	64.534	258.14	43.023	193.6	0	301.16	172.09	1871.5	0	258.14	150.58	0	430.23	0	0	0	0	86.046	86.046	0	0	0	0	0	0	0	21.511	0	21.511	0	21.511	838.94	0	0	387.2	0	0	236.63	64.534	0	64.534	64.534	64.534	43.023	0	301.16	0	0	86.046	0	0	0	0	64.534	86.046	21.511	0	0	0	43.023	0	0	0	129.07	537.78	0	0	107.56	0	0	0	129.07	0	0	0	0	0	0	0	64.534	21.511	0	21.511	0	0	0	0	43.023	0	43.023	0	322.67	43.023	559.3	129.07	279.65	0	0	0	0	193.6	21.511	0	0	21.511	0	0	0	0	0	0	129.07	0	0	21.511	0	0	0	0	0	0	0	0	0	0	0	0	0	0	279.65	0	0	0	0	0	0	0	43.023	0	0	0	0	0	0	0	43.023	0	0	0	0	0	0	0	0	279.65	0	0	0	0	0	0	0	0	21.511	4194.7	0	107.56	0	0	0	0	0	0	0	0	0	0	43.023	0	0	0	0	0	0	86.046	0	0	0	0	0	43.023	0	0	0	0	0	0	0	0	0	0	0	0	0	0	0	0	43.023	0	0	0	0	0	0	0	43.023	0	0	0	0	0	0	0	0	86.046	0	0	0	0	0	0	0	0	0	0	322.67	0	0	0	0	0	0	0	0	0	0	129.07	0	43.023	0	86.046	0	0	0	0	0	0	21.511	64.534	0	0	0	0	0	0	0	0	0	0	0	0	0	0	0	0	0	0	0	0	0	0	0	0	0	0	0	0	0	0	0	0	0	0	0	0	0	0	0	0	0	258.14	0	0	0	0	0	0	0	0	0	0	0	0	0	0	21.511	0	0	0	0	0	172.09	107.56	0	86.046	0	86.046	0	0	0	43.023	43.023	0	0	21.511	0	0	0	0	344.18	0	0	0	0	0	0	0	43.023	21.511	0	0	0	21.511	86.046	0	0	193.6	0	0	7873.2	0	0	0	0	0	0	0	774.41	0	0	0	193.6	21.511	129.07	0	0	0
L129_A11	NF	415.64	335.71	127.89	1087.1	127.89	303.74	47.959	1342.8	127.89	79.931	1103.1	319.72	223.81	783.32	559.52	639.45	2621.7	239.79	143.88	47.959	287.75	191.83	207.82	47.959	687.41	0	0	351.7	767.34	47.959	127.89	383.67	319.72	127.89	655.43	671.42	1998.3	431.63	495.57	2589.8	95.917	31.972	0	15.986	351.7	319.72	1039.1	1902.4	1151	31.972	0	79.931	0	111.9	1199	415.64	95.917	415.64	1246.9	303.74	95.917	479.59	47.959	2589.8	31.972	63.945	351.7	3229.2	1566.7	159.86	111.9	799.31	1742.5	143.88	95.917	159.86	479.59	31.972	31.972	0	111.9	15.986	607.47	0	607.47	239.79	143.88	15.986	15.986	31.972	47.959	0	63.945	31.972	0	0	0	0	0	31.972	0	47.959	0	0	0	31.972	79.931	0	0	623.46	0	0	0	63.945	0	15.986	31.972	47.959	47.959	0	79.931	143.88	15.986	143.88	0	0	15.986	0	15.986	127.89	15.986	127.89	0	0	15.986	0	0	0	175.85	399.65	0	0	0	0	0	0	127.89	0	0	63.945	0	0	15.986	0	0	47.959	0	0	0	0	0	0	0	0	0	0	15.986	0	303.74	95.917	63.945	0	0	0	0	63.945	0	0	0	47.959	0	0	0	0	0	0	0	0	0	111.9	0	0	0	0	0	0	15.986	0	0	0	0	0	0	0	1342.8	0	0	0	31.972	0	0	0	47.959	0	0	0	0	0	0	0	0	0	0	0	0	0	0	0	0	399.65	0	0	0	0	0	0	0	0	0	2062.2	0	0	0	0	0	31.972	0	0	127.89	0	0	0	15.986	0	0	0	0	0	0	0	0	0	0	0	0	63.945	0	0	0	0	0	0	0	0	0	0	0	0	0	0	0	0	0	0	0	0	0	0	0	0	0	0	0	0	0	0	0	0	0	15.986	0	0	0	0	0	0	0	0	0	0	191.83	0	0	0	0	0	0	0	0	0	0	271.77	0	63.945	0	63.945	0	31.972	0	0	0	0	0	15.986	15.986	0	31.972	0	0	0	0	0	0	0	0	0	0	0	0	0	0	0	0	0	0	0	0	0	0	79.931	0	0	0	0	0	0	0	0	0	0	0	0	0	0	0	0	0	0	0	0	0	0	0	0	0	0	0	0	0	15.986	0	0	0	0	0	0	559.52	0	0	0	15.986	79.931	15.986	0	0	0	0	0	0	0	0	0	0	31.972	111.9	0	0	0	0	0	0	0	0	0	0	0	0	0	287.75	0	0	159.86	0	0	8952.3	0	0	0	0	0	0	0	671.42	0	0	0	159.86	31.972	31.972	0	0	0
L130_D02	NF	145.99	0	145.99	827.25	48.662	1021.9	0	1411.2	0	194.65	632.6	97.324	194.65	875.91	535.28	437.96	2335.8	437.96	437.96	97.324	729.93	0	145.99	729.93	0	0	145.99	0	194.65	535.28	291.97	243.31	243.31	97.324	291.97	97.324	1362.5	291.97	340.63	7347.9	48.662	97.324	0	0	0	243.31	243.31	2481.8	681.27	48.662	0	0	0	48.662	924.57	340.63	243.31	1021.9	827.25	145.99	0	389.29	48.662	1459.8	48.662	48.662	194.65	1021.9	1265.2	0	194.65	486.62	3309	583.94	0	583.94	243.31	97.324	0	0	145.99	389.29	1021.9	0	0	48.662	0	48.662	0	0	0	0	48.662	97.324	0	0	0	0	0	145.99	0	0	0	0	0	243.31	0	0	0	0	0	0	0	97.324	0	48.662	194.65	0	48.662	0	437.96	0	0	145.99	0	0	0	0	0	0	0	97.324	0	0	145.99	0	0	0	0	1070.6	48.662	0	0	0	0	0	0	0	0	0	0	0	0	0	0	145.99	0	0	0	0	0	0	0	0	0	0	97.324	0	389.29	0	97.324	145.99	97.324	0	0	0	0	0	0	48.662	0	0	0	0	0	0	0	0	0	778.59	0	0	0	0	0	0	0	0	0	0	0	0	0	0	1557.2	0	0	0	0	0	0	0	0	0	0	0	0	0	0	0	0	0	0	0	0	0	0	0	0	291.97	0	0	0	0	0	0	0	0	0	9635	0	0	0	0	0	48.662	0	0	48.662	0	0	0	0	0	0	0	0	0	0	0	0	0	0	0	0	0	0	0	0	0	0	0	0	0	0	0	0	0	0	0	0	0	0	0	0	0	0	0	0	0	0	0	0	0	0	0	0	0	0	0	0	0	0	0	0	0	0	0	0	0	194.65	0	0	0	0	0	0	0	0	0	0	48.662	0	145.99	0	0	48.662	145.99	0	0	0	0	0	0	0	0	0	0	0	0	0	0	0	0	0	0	0	0	0	0	0	0	0	0	0	0	0	0	0	0	0	0	0	0	0	0	0	0	0	0	0	0	0	0	0	0	97.324	0	0	0	0	0	0	0	0	0	0	0	0	0	0	0	0	0	0	0	243.31	0	0	0	0	0	0	0	0	48.662	0	0	0	0	0	0	0	0	97.324	0	0	0	0	0	0	0	0	0	0	0	0	0	145.99	48.662	0	194.65	340.63	0	8369.8	0	0	0	0	0	0	0	681.27	0	0	0	97.324	48.662	48.662	0	0	0
L130_D05	NF	1284.6	135.22	405.67	1183.2	101.42	946.55	33.806	1386	0	169.03	1352.2	236.64	135.22	980.36	473.28	405.67	2095.9	574.69	33.806	33.806	338.05	169.03	169.03	1386	169.03	67.611	33.806	33.806	1048	67.611	33.806	473.28	642.3	169.03	507.08	608.5	1859.3	338.05	371.86	4529.9	0	0	0	0	169.03	405.67	980.36	2028.3	1048	135.22	0	33.806	0	67.611	946.55	507.08	304.25	338.05	777.53	135.22	33.806	169.03	33.806	2197.4	33.806	33.806	270.44	2569.2	1926.9	101.42	135.22	608.5	2704.4	202.83	33.806	101.42	338.05	169.03	0	0	135.22	67.611	405.67	0	574.69	405.67	0	33.806	33.806	0	33.806	0	270.44	304.25	0	0	0	0	0	67.611	0	33.806	0	0	0	33.806	33.806	0	0	642.3	0	0	0	33.806	0	0	0	101.42	0	0	304.25	0	0	33.806	33.806	0	0	0	101.42	67.611	33.806	0	0	0	0	0	0	0	169.03	676.11	0	0	0	0	0	0	338.05	101.42	0	0	0	0	0	0	0	33.806	0	0	0	0	0	0	101.42	33.806	0	67.611	0	0	236.64	338.05	67.611	0	0	0	0	33.806	0	0	0	0	0	0	0	0	0	0	0	0	0	33.806	0	33.806	0	0	0	0	0	0	0	0	0	0	0	0	2670.6	0	0	0	0	0	0	0	0	0	0	67.611	0	0	0	33.806	33.806	0	0	0	0	0	0	0	0	33.806	0	0	0	0	0	0	0	0	33.806	10683	33.806	0	304.25	0	0	0	0	0	0	0	0	0	101.42	0	0	0	0	0	0	0	0	0	0	0	0	0	0	0	0	0	0	0	0	0	0	0	0	0	0	0	0	0	0	0	0	33.806	0	0	0	0	101.42	0	0	0	0	0	0	0	67.611	0	0	0	0	0	0	0	0	0	0	0	202.83	0	0	0	0	0	0	0	0	0	0	169.03	0	169.03	0	101.42	0	33.806	0	0	0	0	0	67.611	0	0	0	33.806	0	0	0	0	0	0	0	0	0	0	0	0	0	0	0	0	0	0	0	0	0	0	0	0	33.806	0	0	0	0	0	0	0	0	0	0	0	0	67.611	0	0	0	0	0	0	0	0	0	0	0	0	0	0	0	0	0	0	0	0	371.86	0	0	0	33.806	0	0	67.611	0	0	0	0	0	0	0	0	0	0	101.42	0	0	0	0	0	0	67.611	0	0	0	0	0	0	371.86	0	0	608.5	135.22	0	6659.7	0	0	0	0	0	0	0	1081.8	33.806	0	0	270.44	67.611	33.806	0	0	0
L130_G06	NF	702.34	97.548	312.15	799.89	136.57	156.08	19.51	1014.5	78.038	273.13	936.46	175.59	97.548	1034	273.13	468.23	3238.6	156.08	175.59	58.529	253.62	156.08	136.57	643.82	936.46	78.038	39.019	78.038	292.64	78.038	370.68	643.82	799.89	39.019	624.3	429.21	2224.1	292.64	331.66	4077.5	19.51	214.6	39.019	0	409.7	214.6	760.87	1541.3	1170.6	0	0	58.529	0	78.038	1307.1	273.13	546.27	955.97	1580.3	253.62	78.038	234.11	0	1658.3	175.59	19.51	507.25	19.51	1463.2	136.57	175.59	546.27	1970.5	234.11	117.06	97.548	253.62	58.529	0	0	273.13	97.548	877.93	0	838.91	292.64	0	136.57	19.51	0	0	0	78.038	136.57	0	0	0	0	0	19.51	39.019	58.529	0	0	0	234.11	58.529	0	0	175.59	0	0	58.529	58.529	19.51	58.529	19.51	19.51	39.019	0	292.64	351.17	0	136.57	0	0	19.51	0	0	19.51	0	78.038	0	0	58.529	0	0	0	58.529	604.79	0	0	39.019	0	0	0	409.7	0	0	0	19.51	0	19.51	0	19.51	0	0	0	0	0	0	0	78.038	0	0	0	117.06	0	643.82	117.06	156.08	0	0	0	0	39.019	0	0	0	0	0	0	0	0	0	0	19.51	19.51	0	253.62	0	78.038	0	0	0	0	19.51	0	0	78.038	0	0	0	0	1268.1	19.51	0	19.51	19.51	0	0	0	0	0	0	0	0	0	0	0	0	0	0	0	0	0	0	0	39.019	585.29	0	0	0	117.06	0	39.019	0	0	0	11979	0	0	117.06	58.529	0	39.019	0	0	97.548	0	0	0	19.51	0	0	0	0	0	0	0	0	0	0	19.51	0	0	19.51	0	0	0	0	0	0	0	175.59	0	0	0	0	0	19.51	0	19.51	0	0	0	0	0	0	0	0	0	0	0	0	0	0	0	0	39.019	0	0	0	0	0	0	0	0	0	0	97.548	19.51	0	0	0	0	0	0	0	0	0	97.548	0	214.6	19.51	39.019	0	0	0	0	19.51	0	58.529	97.548	0	0	0	0	0	0	0	0	0	0	0	0	0	0	0	0	0	0	0	19.51	0	0	0	0	0	0	0	0	0	0	0	0	0	0	0	0	0	0	0	0	0	0	0	0	0	0	78.038	0	0	0	0	0	0	0	19.51	0	0	0	0	136.57	0	0	468.23	0	0	0	58.529	19.51	0	0	0	39.019	0	0	0	0	0	0	0	19.51	117.06	0	0	0	0	0	0	0	0	0	0	0	19.51	0	409.7	0	0	351.17	0	0	7355.1	19.51	0	0	19.51	0	0	0	312.15	0	0	0	117.06	78.038	214.6	0	0	0
L141_F02	NF	182.95	145.5	348.61	498.43	527.24	76.35	59.063	1807.9	113.8	30.252	868.66	1623.5	82.112	459.54	33.133	1064.6	3994.7	302.52	208.88	14.406	556.05	80.671	54.741	165.66	188.71	0	129.65	93.636	479.7	67.706	496.99	697.23	717.4	100.84	236.25	468.18	3317.6	252.1	121.01	3831.9	31.692	73.468	0	73.468	283.79	475.38	740.45	3160.6	1228.8	1.4406	0	171.43	2.8811	270.83	844.17	335.65	28.811	206	1151	325.57	11.524	210.32	76.35	2993.5	182.95	61.944	80.671	1557.2	1803.6	426.4	2.8811	635.29	1123.6	77.79	54.741	77.79	295.31	93.636	93.636	0	132.53	4.3217	764.94	0	309.72	110.92	0	136.85	47.538	7.2028	50.419	41.776	56.182	4.3217	0	0	0	0	0	4.3217	0	119.57	0	2.8811	0	144.06	15.846	0	0	299.64	0	0	0	46.098	24.49	0	36.014	21.608	180.07	0	218.96	1.4406	0	67.706	182.95	0	0	18.727	0	7.2028	2.8811	105.16	0	0	97.958	0	0	0	174.31	531.57	4.3217	0	0	8.6433	0	0	119.57	5.7622	0	0	0	0	0	0	0	34.573	0	0	0	5.7622	0	0	0	0	18.727	11.524	12.965	0	79.231	86.433	69.147	0	0	0	2.8811	18.727	0	0	8.6433	28.811	1.4406	5.7622	0	0	0	0	0	0	0	14.406	1.4406	1.4406	1.4406	0	0	0	0	0	0	12.965	0	0	0	0	110.92	0	0	0	2.8811	0	2.8811	0	25.93	0	0	0	0	1.4406	0	1.4406	0	0	0	0	0	0	0	0	11.524	47.538	5.7622	0	0	0	0	2.8811	0	0	0	2157.9	93.636	7.2028	273.71	1.4406	0	25.93	0	0	18.727	0	8.6433	0	74.909	0	0	0	0	0	0	1.4406	0	0	0	0	4.3217	0	0	0	0	0	0	0	0	0	221.85	0	0	0	0	0	0	0	0	0	0	0	0	0	0	0	2.8811	1.4406	0	0	0	0	0	0	0	4.3217	0	0	0	0	0	0	0	0	0	0	273.71	5.7622	0	0	0	0	0	0	0	0	66.266	181.51	0	303.96	0	12.965	2.8811	1.4406	0	0	0	0	18.727	47.538	0	0	0	8.6433	0	0	0	0	0	1.4406	0	0	0	0	0	0	0	0	0	15.846	0	0	0	0	1.4406	0	0	0	0	0	0	0	0	0	2.8811	0	0	0	0	0	0	0	0	2.8811	0	0	5.7622	0	0	0	0	0	0	0	0	12.965	17.287	0	0	34.573	0	0	557.5	0	0	0	334.21	64.825	5.7622	34.573	0	11.524	0	0	0	27.371	0	0	0	0	164.22	7.2028	0	0	1.4406	0	0	0	0	0	1.4406	0	0	0	381.75	0	0	600.71	15.846	0	14953	0	0	0	0	0	0	0	417.76	0	0	0	191.59	10.084	14.406	0	0	0
L141_D05	NF	285.09	0	125.71	1147.1	309.78	42.652	0	1461.4	69.589	0	493.86	758.75	321.01	552.22	38.162	1016.9	2877.9	222.24	98.772	33.672	1351.4	278.36	749.77	20.203	2.2448	0	103.26	2132.6	235.71	258.15	15.714	92.037	289.58	103.26	473.66	40.407	2202.2	65.1	321.01	2496.2	44.896	125.71	15.714	0	226.73	442.23	338.97	2565.8	1061.8	94.282	2.2448	132.44	2.2448	197.54	624.06	242.44	832.83	211.01	1557.9	186.32	141.42	76.324	4.4896	3847.6	35.917	35.917	242.44	3284.2	478.15	172.85	4.4896	630.79	1450.2	163.87	148.16	17.958	534.27	572.43	0	0	298.56	300.8	1034.9	0	496.1	33.672	65.1	2.2448	1376.1	0	11.224	0	381.62	29.183	0	0	0	2.2448	0	0	4.4896	49.386	2.2448	2.2448	0	6.7344	47.141	0	87.548	94.282	31.427	0	26.938	53.876	0	709.36	6.7344	143.67	134.69	20.203	213.26	0	0	0	33.672	0	0	0	0	22.448	24.693	127.95	0	0	22.448	0	6.7344	0	114.49	565.69	42.652	0	0	0	0	6.7344	208.77	0	58.365	0	0	0	0	0	8.9793	58.365	0	15.714	0	0	0	0	26.938	0	78.568	0	35.917	31.427	6.7344	294.07	368.15	0	0	0	0	0	0	0	0	24.693	0	0	2.2448	0	11.224	0	139.18	0	0	136.93	0	85.303	0	0	0	0	0	0	0	2.2448	0	0	6.7344	2.2448	83.058	2.2448	0	0	2.2448	2.2448	767.73	0	65.1	0	0	44.896	0	8.9793	0	0	62.855	0	20.203	0	0	0	0	0	0	98.772	2.2448	0	0	4.4896	0	0	0	0	0	4164.1	0	4.4896	327.74	0	0	31.427	0	0	11.224	4.4896	0	0	33.672	0	0	0	0	0	0	4.4896	0	0	2.2448	0	0	2.2448	0	0	0	0	0	0	0	0	0	0	0	0	0	0	2.2448	0	35.917	0	0	0	0	0	2.2448	0	22.448	0	0	0	0	0	0	0	29.183	159.38	0	0	0	6.7344	0	0	0	0	0	0	419.78	0	0	0	0	0	0	0	0	0	0	42.652	0	94.282	0	0	0	0	136.93	0	0	0	35.917	44.896	8.9793	0	24.693	0	2.2448	0	0	0	0	0	0	0	0	0	0	0	0	0	0	35.917	0	0	0	0	0	0	0	0	0	0	0	0	0	0	0	0	0	0	0	0	0	231.22	2.2448	0	0	0	0	0	0	11.224	0	0	2.2448	0	0	0	38.162	0	0	0	0	26.938	285.09	13.469	0	0	31.427	35.917	0	0	0	17.958	0	0	0	0	0	0	0	0	8.9793	0	0	0	0	0	0	29.183	96.527	0	0	0	2.2448	0	11.224	0	0	347.95	13.469	0	6108.1	0	0	0	0	0	0	0	60.61	0	0	0	29.183	49.386	51.631	0	2.2448	0
L141_A08	NF	186.49	0	375.1	149.19	443.3	122.55	104.43	1511.1	104.43	150.25	1206.3	772.58	291.98	726.76	73.528	590.36	4562	314.36	51.15	27.706	579.7	44.756	86.316	2.1313	114.02	0	45.822	123.61	377.23	108.69	47.953	710.77	803.48	61.806	334.61	13.853	2786.6	93.775	448.63	2293.2	67.134	67.134	0	27.706	337.8	409.2	719.3	3870.4	1437.5	69.266	0	95.907	0	76.725	1110.4	631.92	493.39	537.08	1492.9	201.4	345.26	172.63	2.1313	2396.6	145.99	42.625	305.83	1247.8	1771.1	434.78	15.984	406	2144	266.41	17.05	28.772	371.9	253.62	55.413	0	232.31	27.706	809.88	0	156.65	87.382	37.297	17.05	25.575	6.3938	6.3938	2.1313	44.756	66.069	0	0	0	4.2625	0	36.231	2.1313	65.003	9.5906	20.247	0	122.55	52.216	0	2.1313	393.22	0	0	0	54.347	40.494	14.919	356.98	155.58	33.035	3.1969	163.04	5.3281	7.4594	210.99	1.0656	0	0	0	0	7.4594	20.247	127.88	0	0	39.428	21.313	0	0	126.81	356.98	4.2625	0	18.116	0	0	13.853	176.89	4.2625	1.0656	15.984	0	0	2.1313	0	0	35.166	2.1313	0	0	0	0	0	0	0	13.853	0	90.578	7.4594	164.11	279.19	115.09	5.3281	0	0	0	24.509	0	0	3.1969	20.247	0	0	0	0	1.0656	0	0	0	0	60.741	0	117.22	0	0	0	1.0656	0	4.2625	0	24.509	0	0	1.0656	0	307.97	0	0	0	1.0656	0	0	0	63.938	0	0	34.1	0	0	11.722	9.5906	0	0	0	0	3.1969	0	0	0	4.2625	136.4	0	0	0	23.444	0	1.0656	0	0	1.0656	3115.9	5.3281	0	252.55	0	0	55.413	0	0	62.872	0	5.3281	0	11.722	0	0	0	0	0	0	5.3281	0	0	0	0	0	2.1313	0	0	0	0	0	0	3.1969	0	186.49	0	0	2.1313	1.0656	0	22.378	0	1.0656	0	0	0	0	7.4594	0	0	0	0	0	0	0	0	0	0	30.903	29.838	0	0	0	0	0	0	0	0	0	0	148.12	15.984	0	0	2.1313	0	0	1.0656	0	0	0	85.25	0	87.382	11.722	30.903	0	8.525	24.509	0	3.1969	0	33.035	50.084	0	0	0	1.0656	6.3938	0	0	0	0	0	0	0	0	0	0	0	0	0	0	5.3281	0	0	0	0	0	0	0	0	0	0	0	0	0	1.0656	0	0	2.1313	0	0	0	1.0656	0	0	0	0	0	1.0656	0	6.3938	0	0	0	0	0	0	0	39.428	0	0	40.494	0	0	336.74	0	0	1.0656	70.331	14.919	4.2625	185.42	0	1.0656	0	0	1.0656	1.0656	0	0	0	0	99.103	2.1313	0	0	0	4.2625	0	18.116	0	10.656	1.0656	0	0	0	200.34	7.4594	0	269.6	12.788	0	17610	0	0	0	0	0	0	0	213.13	0	0	0	190.75	21.313	15.984	0	1.0656	0
L141_H10	NF	245.74	0	78.988	2334.5	43.882	0	0	1360.3	0	0	614.35	105.32	35.106	640.68	0	0	2571.5	289.62	70.212	0	245.74	0	596.8	0	0	0	0	166.75	860.09	0	0	78.988	386.17	0	342.28	0	2676.8	272.07	0	500.26	78.988	0	0	0	307.18	412.49	298.4	2606.6	1211.2	0	8.7765	8.7765	0	0	1246.3	219.41	2659.3	289.62	1053.2	280.85	157.98	35.106	0	2694.4	122.87	0	131.65	5704.7	403.72	157.98	87.765	105.32	833.77	0	0	35.106	307.18	631.91	0	0	78.988	26.329	1571	0	157.98	509.04	0	0	0	96.541	0	0	26.329	0	0	0	0	0	0	0	0	8.7765	0	157.98	0	0	8.7765	0	0	447.6	0	0	0	114.09	0	1632.4	0	70.212	315.95	0	193.08	0	0	0	122.87	0	0	0	0	0	105.32	0	0	0	0	0	0	0	0	0	26.329	0	175.53	0	0	0	412.49	0	0	0	0	0	0	0	0	78.988	0	0	0	0	0	0	87.765	0	0	0	17.553	96.541	70.212	807.43	1237.5	17.553	0	0	0	96.541	0	0	0	0	0	0	0	0	0	0	0	0	0	0	0	1167.3	0	0	0	0	0	0	0	0	0	0	0	0	131.65	0	0	0	0	0	0	0	52.659	0	0	87.765	0	0	0	0	0	0	0	0	0	0	0	0	0	2404.8	0	0	0	0	0	0	0	0	0	1246.3	0	8.7765	8.7765	0	0	43.882	0	0	0	0	0	0	0	0	78.988	0	0	0	0	0	0	0	0	0	0	0	0	0	0	0	0	0	0	0	0	0	0	0	0	0	149.2	0	0	0	0	0	0	0	0	0	0	0	0	0	0	0	0	0	0	0	0	0	0	0	0	0	0	0	0	0	368.61	0	0	0	0	0	0	0	0	0	0	8.7765	0	0	0	0	0	0	0	0	0	0	0	70.212	0	0	0	0	0	0	0	0	0	0	0	0	0	0	0	0	0	0	0	0	0	0	0	0	0	0	0	0	0	0	0	0	0	0	0	0	0	0	0	0	0	1325.3	0	0	0	0	0	0	0	0	0	0	0	0	0	0	0	0	0	0	0	0	184.31	0	0	0	0	0	0	0	0	8.7765	0	0	0	0	0	0	0	0	8.7765	0	0	0	0	0	0	96.541	517.81	0	0	0	0	0	0	0	0	193.08	0	0	8469.3	0	0	0	0	0	0	0	0	0	0	0	43.882	193.08	0	0	0	0
L141_C11	NF	1359.5	235.57	527.89	644.26	232.73	34.057	212.86	2219.4	34.057	340.58	1038.8	485.32	8.5144	743.59	471.13	743.59	6028.2	354.77	122.04	96.496	53.924	36.896	161.77	280.98	39.734	48.248	491	96.496	323.55	124.88	31.219	315.03	587.49	105.01	485.32	561.95	3976.2	68.115	116.36	3678.2	8.5144	153.26	0	0	19.867	510.86	777.65	4336.7	1070	28.381	2.8381	0	14.191	414.37	1677.3	502.35	144.74	34.057	1033.1	195.83	207.18	150.42	17.029	3388.7	139.07	5.6762	136.23	31.219	2128.6	147.58	102.17	842.92	442.75	561.95	51.086	25.543	434.23	201.51	11.352	0	127.72	170.29	269.62	0	315.03	14.191	0	0	42.572	0	45.41	0	227.05	70.953	0	0	0	0	0	0	0	68.115	0	0	0	164.61	2.8381	0	0	351.93	0	0	0	5.6762	0	408.69	5.6762	0	0	8.5144	164.61	0	0	0	0	0	0	0	0	28.381	93.658	19.867	0	0	153.26	0	0	0	87.982	258.27	14.191	0	0	0	0	0	164.61	19.867	0	0	0	0	25.543	0	0	65.277	0	0	0	0	8.5144	0	0	8.5144	17.029	0	31.219	19.867	8.5144	170.29	62.439	0	0	0	0	0	0	0	0	25.543	0	0	0	0	8.5144	0	14.191	0	0	22.705	0	2.8381	0	0	0	0	0	0	0	0	0	0	8.5144	0	195.83	0	0	0	0	0	17.029	0	158.93	5.6762	0	0	0	11.352	0	0	0	0	0	0	0	0	0	0	0	48.248	0	0	0	0	0	28.381	0	0	0	85.144	0	0	5.6762	0	0	14.191	0	0	0	0	0	0	8.5144	0	0	0	0	0	0	0	0	0	5.6762	0	0	0	0	0	0	0	0	0	0	0	51.086	0	0	0	0	0	0	0	0	0	0	2.8381	0	0	0	0	68.115	0	0	0	0	0	0	0	0	0	0	0	0	0	0	0	0	0	0	0	323.55	0	0	0	0	0	0	0	0	0	0	124.88	0	280.98	5.6762	28.381	0	8.5144	0	0	0	0	42.572	59.601	0	0	11.352	0	0	0	0	0	0	0	0	0	0	0	0	0	0	0	0	36.896	0	0	0	0	0	0	0	0	0	0	0	0	0	0	0	0	0	0	0	0	0	56.763	0	0	0	0	0	0	0	0	0	5.6762	0	0	0	0	0	0	0	14.191	0	0	442.75	0	0	14.191	158.93	0	0	0	0	0	0	0	0	0	14.191	0	0	0	11.352	0	0	0	0	0	0	0	2.8381	0	0	0	0	0	280.98	0	0	275.3	2.8381	0	22197	0	0	0	0	0	0	0	371.8	0	0	0	323.55	2.8381	73.791	0	0	0
L142_G03	NF	138.57	53.564	53.564	322.55	310.9	280.63	0	1509.1	87.332	0	739.41	1165.6	295.76	408.71	217.75	457.62	2362.6	199.12	78.017	30.275	280.63	88.496	85.003	12.809	19.795	0	110.62	47.742	258.5	17.466	0	273.64	308.57	61.715	522.83	34.933	2516.3	105.96	163.02	2849.4	118.77	102.47	82.674	6.9866	520.5	301.59	307.41	1843.3	943.18	9.3154	0	143.22	1.1644	146.72	901.27	433.17	473.92	175.83	1994.7	364.46	231.72	371.45	67.537	4670.5	421.52	24.453	220.08	4760.2	634.61	890.79	152.54	662.56	2781.8	319.05	122.26	44.248	508.85	98.976	57.057	24.453	274.8	298.09	1332.1	1.1644	225.9	260.83	19.795	19.795	132.74	33.768	46.577	51.235	131.58	13.973	1.1644	1.1644	0	0	0	12.809	3.4933	54.728	0	1.1644	0	105.96	23.288	0	2.3289	221.24	45.413	0	87.332	47.742	62.879	50.07	44.248	272.48	128.09	4.6577	203.77	0	3.4933	0	218.91	0	9.3154	0	0	30.275	5.8221	73.359	0	0	34.933	0	15.137	0	179.32	1195.9	50.07	0	76.852	16.302	0	3.4933	61.715	4.6577	62.879	0	0	0	0	12.809	0	51.235	0	0	0	0	3.4933	9.3154	73.359	2.3289	39.59	0	115.28	50.07	496.05	468.1	645.09	12.809	15.137	0	4.6577	22.124	34.933	0	0	124.59	0	0	0	0	0	6.9866	17.466	0	0	71.03	23.288	150.21	0	0	2.3289	0	0	0	4.6577	0	1.1644	0	2.3289	4.6577	246.86	0	0	0	0	0	3.4933	2.3289	101.31	0	0	166.51	24.453	2.3289	0	10.48	71.03	3.4933	0	0	0	0	0	0	34.933	418.03	0	0	0	33.768	0	0	0	0	2.3289	2505.9	31.44	29.111	161.85	24.453	0	12.809	0	0	53.564	0	0	0	19.795	0	0	0	0	0	0	165.35	0	0	0	0	4.6577	1.1644	1.1644	0	0	0	0	0	9.3154	0	1.1644	0	0	12.809	0	0	27.946	1.1644	79.181	0	2.3289	0	0	0	0	2.3289	1.1644	0	25.617	3.4933	0	0	0	0	23.288	171.17	0	0	0	0	0	0	0	0	0	0	146.72	0	0	0	2.3289	0	0	0	0	0	98.976	51.235	0	1.1644	16.302	60.55	0	55.893	2.3289	0	0	60.55	16.302	65.208	0	3.4933	13.973	0	0	0	0	0	0	0	1.1644	0	0	0	0	0	0	0	0	0	0	0	0	0	0	1.1644	0	2.3289	0	0	0	0	0	0	0	2.3289	0	0	0	0	0	43.084	5.8221	4.6577	0	0	3.4933	0	5.8221	0	0	0	4.6577	0	0	8.151	0	0	0	0	1.1644	1.1644	172.34	16.302	0	1.1644	31.44	22.124	6.9866	1.1644	0	13.973	16.302	0	0	0	0	0	0	11.644	73.359	0	0	0	0	0	0	15.137	48.906	0	0	0	0	1.1644	48.906	0	4.6577	603.17	18.631	0	9816.1	0	0	0	0	2.3289	0	0	267.82	1.1644	0	0	23.288	118.77	31.44	0	0	0
L142_A08	NF	434.48	40.605	185.77	289.31	161.41	100.5	3.0454	1568.4	25.378	57.863	1040.5	529.9	244.65	779.63	54.817	1055.7	4042.3	466.96	103.54	53.802	724.81	168.51	228.41	20.303	227.39	221.3	87.302	27.409	509.6	983.67	185.77	551.22	460.87	138.06	354.28	197.95	2327.7	120.8	290.33	4251.4	223.33	105.57	10.151	35.53	302.51	354.28	428.39	2736.8	1076	21.318	0	41.621	0	135.01	1167.4	481.17	79.181	431.43	1228.3	450.72	80.196	273.07	39.59	2315.5	141.1	11.167	176.63	962.35	1496.3	154.3	13.197	931.9	2361.2	361.39	114.71	338.04	397.93	224.35	52.787	2.0303	107.6	75.12	759.32	0	261.9	101.51	5.0757	91.362	50.757	0	37.56	2.0303	47.711	317.74	0	0	2.0303	0	0	10.151	11.167	31.469	0	1.0151	0	70.044	72.075	0	6.0908	206.07	0	0	52.787	242.62	24.363	233.48	76.135	5.0757	17.257	0	94.408	10.151	5.0757	173.59	4.0606	0	0	53.802	0	3.0454	7.106	21.318	0	0	111.67	0	1.0151	0	185.77	387.78	21.318	0	4.0606	0	0	0	348.19	5.0757	0	63.954	16.242	0	5.0757	0	1.0151	95.423	0	0	0	0	0	0	0	0	6.0908	0	19.288	0	425.34	361.39	105.57	0	21.318	0	0	84.256	0	8.1211	0	32.484	0	0	0	0	18.272	0	2.0303	6.0908	0	82.226	0	79.181	0	0	2.0303	0	0	0	6.0908	9.1362	0	0	5.0757	6.0908	354.28	0	0	0	0	0	1.0151	0	4.0606	1.0151	0	4.0606	5.0757	0	8.1211	10.151	27.409	0	0	0	0	5.0757	0	0	63.954	352.25	2.0303	0	0	0	0	1.0151	0	0	0	4001.7	19.288	1.0151	50.757	5.0757	0	590.81	1.0151	0	43.651	0	0	0	15.227	0	0	0	0	0	0	16.242	0	0	0	0	1.0151	0	2.0303	3.0454	0	0	0	0	1.0151	0	19.288	0	0	0	0	0	1.0151	1.0151	0	0	0	0	0	0	0	0	4.0606	0	0	0	0	0	0	0	3.0454	371.54	0	1.0151	0	0	0	0	1.0151	0	0	0	158.36	0	0	0	0	0	0	0	0	0	0	132.98	0	73.09	3.0454	25.378	3.0454	0	0	0	1.0151	6.0908	87.302	16.242	0	0	0	0	0	0	0	0	0	0	0	0	0	0	0	0	0	0	14.212	14.212	0	0	0	0	0	0	0	0	0	0	0	0	0	0	0	0	0	0	0	0	1.0151	139.07	9.1362	0	0	0	0	0	1.0151	0	0	0	0	0	0	0	0	0	0	64.969	0	0	371.54	56.848	0	24.363	418.24	60.908	4.0606	5.0757	8.1211	3.0454	12.182	0	12.182	1.0151	6.0908	0	0	0	31.469	1.0151	0	0	0	0	0	104.56	24.363	0	0	0	0	0	818.2	0	0	319.77	11.167	0	14851	0	0	0	0	0	0	0	347.18	0	0	0	168.51	49.742	58.878	0	0	0
L226_D04	NF	204.1	0	295.94	28.654	201.05	70.931	82.439	1366.7	13.388	375.09	448.13	970.25	342.2	1230.7	85.962	177.56	2403.9	528.46	645.89	85.023	74.924	145.85	45.095	228.06	191.89	0	0	0	1274.9	1008.8	160.42	205.28	438.03	243.09	252.01	50.732	1212.6	64.824	691.22	117.2	4.2277	0	0	0	759.57	488.06	297.58	2195.6	1558.8	100.29	0	15.501	0	54.49	2667.4	0	217.02	150.79	3489.5	556.17	0	937.13	0	1637	76.098	0	247.32	0	1712.7	0	164.17	331.4	2662.2	108.75	80.091	415.25	280.9	73.749	0	0	469.98	177.8	1778	0	254.6	128.47	0	0	90.19	82.674	0	214.2	183.9	189.07	0	0	0	0	0	85.962	0	1.6441	0	0	0	237.69	1.1744	0	0	960.38	0	0	0	416.89	0	0	268.46	3.2882	100.06	0	133.17	0	58.483	379.32	0.23487	0	0	0	60.127	0	131.29	27.01	0	0	94.418	0	0	0	536.91	0.46974	0	0	0	0	0	0	102.17	0	0	0.70461	0	0	0	0	0	0	0	0	0	0	0	0	0	0	224.77	0	90.895	0	8.6902	33.352	320.83	0	0	0	0	18.085	0	0	0	65.529	100.52	0	0	0	0	0	0	0	0	94.418	0	0	0	0	0	0	0	0	0	0	0	0	0	0.23487	666.09	0	0	0	0	0	0	0	0.93948	0	0	0	0	0	0.23487	0	0	0	0	0	0	0	0	0	0	107.57	0	0	0	0	0	0.23487	0	0	0	146.56	38.988	1.879	0	0	0	863.85	0	0	1437.4	0	0	0	0.93948	0	0	0	0	0	0	0	0	0	0	0	0	0	0	0	0	0	0	0	0	0	0	0	0	0	0	0	0	0	0	0	0	0	0	0	0	0	182.02	0	0	0	0	0	0	0	0	18.555	0	0	0	0	0	0	0	0	0	0	83.614	0	0	0	0	0	0	0	0	0	0	426.76	0	101.93	0	0	0	0	0	0	0	22.078	80.795	2.5836	0	0	0	0	0	0	0	0	0	0	0	0	0	0	0	0	0	0	0	0	0	0	0	0	0	0	0	0	0	0	0	0	0	0	0	0	0	0	0	0	0	0	0.46974	0	0	0	0	0	0	0	0	0	0	0	0	0	0	0	0	574.73	0	0	1058.1	3.2882	0	0	0	124.95	0	1.4092	0	0	0	0	0	0.93948	0	0	0	0	0	0	0	0	27.245	0	0	115.79	0	0	0	0	0	0	142.33	0	0	593.99	149.85	0	5860.2	0	0	0	0	0	0	0	240.98	0	0	0	138.57	77.037	33.117	0	0	0
L226_H11	NF	53.532	232.48	481.41	39.709	37.322	166	1.7593	1356.5	210.74	169.14	1181.7	28.4	14.451	1064.9	67.606	244.04	4208.9	671.66	315.41	40.84	0	106.94	109.2	0	35.814	0	68.486	101.28	833.14	29.405	34.18	359.52	860.66	42.097	150.17	35.688	2574.7	106.06	219.53	0	0	243.41	0	0	180.07	451.38	1000.5	1871.6	1907.4	14.828	0	22.242	0	120.76	1377.1	334.89	84.948	266.91	1579.3	149.54	102.54	310.89	30.285	1279.1	108.19	27.771	265.27	0	3982.9	0	33.803	390.43	1585.2	428.51	44.359	0	93.744	313.65	8.168	0	77.031	97.137	1984.7	0	220.29	107.69	0	42.348	31.164	0	0	11.812	70.119	0	0	0	0	0	0.75397	16.462	32.295	132.45	0	0	0	260.12	21.614	0	0	184.22	0	0	52.276	75.02	81.303	136.85	771.94	52.15	0	0	255.22	0	18.598	19.101	0	0	0.87964	26.138	22.996	0	0	93.241	0	0	0	0	0	0	18.221	51.145	0	0	0	0.12566	0	0	77.408	0	0	0	0	0	0	0	0	12.189	0	0	0	0	0	0	28.651	0	19.226	0	114.98	0	24.378	47.123	67.732	0	0	0	0	115.48	0	0	0	29.908	0	0	0	0	0	0	0	0	0	3.6442	0	105.31	0	0	0	0	0	0	0	0.12566	0	0	0	0	692.53	0	0	0	0	0	0	0	23.247	0	0	0	0	0	0	0.25133	30.159	0	0	0	0	0	0	0	0	30.033	0.50265	0	0	42.977	0	0	0	0	0	1798.3	0.87964	0	4.1469	0	0	259.74	0	0	1.131	0	0	0	0	0	0	0	0	0	0	0	0	0	0.25133	0	0	0	0	0	0	0	0	0	0	0	110.58	0	0	0	0	0	0	0	65.596	0	0	0	0	0	0	0	0	0	0	0	0	0	0	0	0	146.15	0	0	0	0	0	0	0	0	0	0	209.98	65.847	0	0	0	0	0	0	0	0	0	308.75	0	147.53	31.667	196.54	48.129	0	0	0	0	0	142	0	0	0	0	0	0	0	0	0	0	0	0	0	0	0	0	0	0	0	0	0	0	0	0	0	0	0	0	0	0	0	0	0	0	0	0	0	0	0	0	0	0	0.12566	0	0	0	0	0	0	0.12566	0	0	0	0	0	0	0	0	0	0	43.354	0	0	621.02	40.463	0	68.235	115.23	209.73	0.62831	0.87964	0	0	0	0	0	0	0	0	0	0	87.712	0	0	0	0	0	0	18.472	0	0	0	0	0	0	72.507	0	0	326.09	0	0	16504	0	0	0	0	0	0	0	67.732	24.504	0	0	390.18	45.741	61.197	0	0	0
L227_H04	NF	0	0	242.61	91.081	290.98	525.8	34.659	1001.9	125.47	395.49	983.08	250.14	236.17	2393.6	53.735	312.74	1883.7	276.73	372.11	98.066	94.574	231.33	307.36	162.55	12.628	0	0.53735	129.5	386.62	336.92	171.15	397.64	709.3	313.81	747.45	0	2701.5	307.9	1203.4	286.14	22.837	187.8	0.80603	8.0603	460.78	231.33	236.97	1380.7	2796.9	56.422	0	0	0	296.35	1267.6	249.6	332.89	431.22	1903.3	496.24	75.498	622.52	236.7	1561	28.48	0.26867	351.43	44.331	1535.5	206.07	86.245	183.77	975.02	206.07	141.59	122.25	110.96	318.92	0	0	220.31	328.32	1861.9	0	676.52	267.87	0	8.5976	94.305	0	0	3.4928	0	145.89	0	0	0	0	0	27.942	0	46.481	0	0	0	194.79	108.54	0	0	641.33	0.26867	0	50.78	227.3	45.137	0	316.23	413.22	86.782	76.035	392.27	147.5	0	65.288	0	0	0	0	0	0	96.454	237.51	0	0	110.96	0	0	0	68.781	48.361	0	0	3.7615	0	0	0	181.09	6.9856	0	0	220.85	0	0	0	0	232.94	0	0	0	0	0	0	0	0	0	0	27.942	0	15.046	244.23	50.242	26.33	0	0	0	135.41	0	0	0	4.0301	0	0	0	0	63.945	0	0	0	0	216.82	0	63.945	0	0	0	0	0.26867	0	0	0	0.26867	0.26867	2.1494	0	827.52	0	0	0	0	0	0	0	45.137	0	0	0.26867	0	14.777	35.734	79.259	0	0	0	0	0	0	0	0	53.198	680.55	0	0	0	34.122	0	121.71	0	0	0	421.55	0	0.26867	155.29	0	0	405.43	0	0.26867	265.45	0	0.26867	0	1.8807	0	0	0	0	0	0	0	0	0	0	0	0.26867	0	0	0	0	0	0	0	137.29	0	394.95	0	0	0	0	0	0	0	0	0	0	0	0	0	0	0	0	0	0	0	30.092	0	0	0	0	40.033	0	0	0	0	0	0	0	0	0	0	316.77	0	0	0	0	0	0	0	0	0	0	219.24	19.076	424.51	0	233.48	0	22.031	0	0	0	0	23.106	0.80603	0	0	0	0	0	0	0	0	0	0	0	0	0	0	0	0	0	0	0	43.525	0	0	0	0	0	0	0	0	0	0	0	0	0	0	0	0	64.482	0	0	0	0	0	0	0	0	0	0	0	34.659	0	0	0	0	0	0	0	0	0	0	312.2	0	0	661.21	13.971	0	5.3735	7.5229	0	0	725.15	0	268.67	32.241	0	37.077	291.51	0	0.26867	0	173.83	235.63	147.77	0	0	87.319	0	6.1795	32.241	20.151	0	0	0	66.9	0	948.16	0	0	894.15	270.56	0	4401.4	0	0	0	38.421	113.38	77.379	0	196.94	0	0	0	498.66	351.96	545.41	0	0	0
L227_E08	NF	36.143	0	174.93	0	427.93	0	0	1777.7	647.68	0	965.25	321.43	110.84	2433.6	177.82	121.44	365.76	333.48	479.49	51.082	0	922.36	827.43	36.625	1268.4	0	0	0	152.76	0	0	2.4095	53.491	127.22	1453.4	0	1379.7	665.51	631.77	479.49	95.898	137.82	105.54	0	341.19	209.63	0	439.49	1416.8	28.432	0	765.26	0	44.817	2604.2	0	1415.8	803.81	8218.8	533.95	1237	121.44	61.683	4332.8	76.141	114.21	1053.9	1322.3	0	171.56	80.96	619.24	1141.6	1107.9	6.7466	291.07	695.87	897.78	0.9638	0	472.75	926.7	5946.7	0	53.973	715.14	0	21.204	1095.8	57.346	0	1.9276	132.52	0	0	0	0	0	0	0	279.5	0	0	0	0	486.24	322.39	0	1.4457	2089	26.986	0	0	474.19	117.1	0	333.96	303.6	0	0	495.88	0.4819	0	3.3733	85.297	0	60.238	0	0	0	58.31	0	0	0	95.898	0	0	0	186.01	6.2647	50.118	0	0	0.4819	0	0	0	0	105.54	0	0	0	0	0	82.887	20.24	0	0	0	0	0	0	0	0	110.84	0	1.9276	24.577	0	0	479.97	0	1.4457	0	0	0	0	0	0	18.312	0	0	0	0	0	0	471.78	0	0	0	0	285.29	0	0	0	0	29.878	0	0	0	0	0.4819	0	0.4819	16.867	0	0	0	0	0	0	0	0	0	0	0	0	0	0	0	107.95	0	0	0	0	0	0	0	0	108.91	1.4457	0	0	77.104	0	0	0	0	0	31.324	0	0	61.201	0.9638	0	118.07	0	0	233.72	0	0	0	2.8914	0	0	0	0	0	0	25.541	0	0	0	0	0	0	0	0	93.007	0	0	0	0	0	0	0	0	0	0	0	0	0	0	0	0	0	0	0	0	0	0.4819	0	0	0	0	0	0	0	79.996	434.68	0	0	0	0.4819	0	0	0	0	0	0	567.68	0	0	0	0	0	0	0	0	0	0	117.1	0	394.2	0	0	0	0	0	0	0	252.04	99.754	0.4819	0	0	0	0	0	0	0	0	0	0	0	0	0	0	0	0	0	0	0	0	0	0	0	0	0	0	0	0	0	0	0	0	0	0	0	0	0	0	0	0	0	0	0	0	0	0	0	0	0	0	0	0	0	0	0	0	1.4457	0	0	77.586	0	0	0.4819	0	0	88.67	56.864	133.97	0	0.4819	0	0	0.4819	0	0	0	0	0	0	0	0	0.9638	0	0	0	0	0	0	0	0	0	0	0	0	337.81	0	0	793.69	155.65	0	344.08	0	0	0	0	0	0	0	108.43	0	0	0	0	0	149.87	0	0	0
L228_H01	NF	33.525	81.676	174.69	0	788.98	398.52	70.501	1644.7	376.33	297.78	846.01	478.22	146.26	3212.1	234.02	421.36	3380.4	596.54	578.63	156.29	108.63	123.58	425.63	138.21	532.62	33.854	125.39	86.77	518.32	1100.1	284.63	86.277	552.34	176.66	865.73	44.042	2589.1	559.57	1110.8	560.39	0	141.17	0	0	310.11	496.79	619.39	1342.1	2609.5	74.445	0	70.665	0	278.72	1579.6	125.22	457.52	575.35	2640.1	611.34	182.74	705.66	276.58	1751.2	35.661	17.584	430.56	36.976	1101.7	78.225	159.41	680.36	2078.7	574.03	133.44	40.92	120.62	319.64	152.34	0	439.93	209.53	1874.3	0	62.941	224.32	0	52.588	62.777	0	0	44.7	22.35	252.26	0	0	22.843	0.16434	0	52.095	89.893	6.0805	0	0	0	528.02	154.64	0	0	875.43	46.507	0	220.54	541	23.172	0	228.1	55.546	191.62	0	564.34	101.4	0	126.21	0.16434	0	0	0	0	0.65735	27.444	33.361	0	0	1.1504	17.584	0	0	411.01	95.316	40.591	0	52.424	0	0	0	123.09	22.843	0	0	1.3147	0	0	0	0	340.67	0	0	0	0	0	0	0	0	0	0	159.24	14.133	267.05	32.21	91.7	0	0	0	0	0.49301	0	0	0	171.24	0	0	0	0	0.49301	0	0	0	0	248.81	0	20.542	0	0	0	0	0	0	0	0	0	0	0	0	390.96	0.32868	0	0	0.32868	0	0	0.16434	69.186	1.6434	0	52.259	0	0	1.3147	0	32.046	0	0	0	0	0	0	0	0	155.79	0	0	0	0	0	1.3147	0	0	95.809	662.12	7.3952	0.98602	1.8077	0	0	53.245	0	0	333.11	0	0	0	5.7518	0	0	0	0	0	0	0	0	0	0	0	0	0	0	0	0	0	0	0	0.65735	0	39.277	0	0	0.16434	1.6434	0	3.1224	0	0	0	0	0	0	0.32868	0	0	0.32868	0	0	0.49301	0	0	0	0	0.16434	215.94	0	0	0	0	0	0	0	0	0	0	313.06	0	0	0	0	0	0	0	0	0	0	227.11	0	292.85	22.35	42.399	0	1.8077	0	0	0	0.98602	33.854	2.4651	0	0	7.7239	0	0	0	0	0	0	0	0	0	0	0	0	0	0	0	0	12.818	0	0	0	0	0	0.65735	0	0	0	0	0	0	0	0	0	0	0	0	0	0	0.16434	0	0	0	0	0.98602	5.4231	0	2.3007	0	0	0	0.32868	0	0	0.16434	1.6434	0	0	152.34	0	0	297.94	39.934	0	0	27.773	31.717	0	5.2588	0.32868	2.1364	1.8077	0	1.479	1.6434	0	0.65735	0	0.32868	2.6294	0.98602	0	0	39.277	0	0	27.937	3.4511	0	0.16434	0.49301	0	0	627.77	0	0	966.8	24.979	0	10561	0	0	0	0.49301	0	0	0	28.759	0	0	0	85.127	52.917	266.39	0	0	0
L228_F02	NF	59.42	0	305.67	29.097	504.15	310.27	128.95	509.05	471.38	186.53	2114.3	352.54	334.77	2023.3	234.31	46.862	2185.1	161.11	289.75	26.647	182.85	182.85	329.56	248.09	0	0.30629	0	0	246.87	496.8	751.63	209.81	54.519	332.93	762.04	0	4305.8	362.95	1385.9	451.47	65.239	335.38	0	106.59	1028.2	1083.6	501.08	1417.5	1597.9	260.04	0	5.5132	0	299.55	1887.9	164.78	94.949	590.21	2855.5	618.39	522.22	977.05	62.176	3028.6	0	55.744	202.76	0	1619.3	0	802.47	219.3	1934.2	431.25	1.8377	8.8823	96.174	437.38	2.144	0	531.1	160.8	1783.5	0	101.07	403.99	0	101.69	199.7	23.89	0	0	0.30629	143.96	0	0	0	0	0	226.65	0	86.373	0	0	0	193.27	229.1	0	71.365	1290.7	0	0	0	143.34	111.49	0	461.27	217.16	143.96	0	391.74	0.30629	0	55.132	0	0	0	0	113.02	2.4503	176.73	216.85	0	0	71.671	0	0	0	58.807	1.2251	0	0	90.048	0	0	0	55.744	1.5314	0	0	0	0	0	0	0	344.27	0	0	0	0	0	0	0	50.843	1.8377	0	179.48	50.537	73.202	11.945	154.37	0	0	0	0	52.069	0	0	0	105.36	0	0	0	0	0	0	0	0	0	290.05	14.702	343.04	0	0	0	0	0	155.59	0	2.4503	0	0	0.61257	0	139.05	0	0	0	0	0	0	0	0	0	0	0	0	0	0	0	0	0	0	0	0	0	0	0	0	62.789	0	0	0	38.592	0	0	0	0	0	187.75	0	0	109.34	0	0	77.491	0	43.799	7.0446	0	0	0	1.5314	0	0	0	0	0	0	0	0	0	0	0	0	0	0	0	0	0	0	0	0	0	45.943	0	0	0	0	0	0	0	0	0	0	0	0	0	0	0	3.6754	0	0	0	0	0	0	0	0	75.346	0	0	0	0	0	0	0	0	0	0	152.22	0.30629	0	0	0	0	0	0	0	0	0	44.411	0	484.24	0	83.004	0	66.158	0	0	0	22.972	0	0	0	0	0	0	0	0	0	0	0	0	0	0	0	0	0	0	0	0	0	0	0	0	0	0	0	0	0	0	0	0	0	0	0	0	63.095	0	0	0	0	0	0	40.124	0	0	0	0	0	0	0	0	0	0	0	0	0	0	0	99.849	0	117.61	0	0	62.176	52.069	0	49.006	13.783	0	0	1.2251	0	0	0.61257	0	0	0	0	0	0	0	140.89	0.30629	0	0	0	0	0	0	35.835	0	0	0	0	0	314.86	0	0	493.12	328.03	0	11030	0	0	0	0	0	0	0	0	0	0	0	169.99	206.13	288.83	0	0	0
L228_D05	NF	107.78	344	302.93	54.761	1555.2	127.44	287.99	1722	0	75.172	502.56	399.51	172.25	1473.3	295.46	476.92	3474.1	261.36	344.25	0	354.45	166.27	78.159	28.376	628.51	0.24891	128.69	1.2446	188.18	59.988	74.923	137.4	386.81	175.24	263.35	0	2320.4	141.13	607.6	480.15	40.822	71.936	0	99.317	132.92	493.35	1009.8	2560.1	1367.8	184.2	0	41.569	0	0	777.61	305.67	123.46	24.394	821.66	220.29	95.085	461.73	0	1245.8	229.25	72.683	163.29	0	2455	30.119	43.809	214.56	1497	598.64	90.356	86.373	115.75	83.884	0	0	143.62	105.79	1943.8	0	174.74	221.78	66.46	0	0	28.376	0	0.49783	236.97	14.935	0	0	0	0	61.731	73.927	0.24891	355.45	0	0	0	68.7	381.58	0	2.987	389.55	0	0	91.103	351.47	0	0	41.32	0	139.39	0	314.13	0.24891	40.075	261.86	0.24891	0	0	0	0	0.49783	58.495	92.098	0	0	0.49783	2.4891	0	0	38.333	42.564	8.2142	0	0.24891	0	0	0	112.76	0	0	0	0	0	0	0.74674	0	3.7337	0.49783	0	0	0	0	0	0	0.49783	0	0	0.99566	0	24.145	0	76.416	0	0	0	0	167.02	0	0	0	45.8	0	0	0	0	0.74674	0	0	0	0	4.2315	30.368	0	0	0	0	0	0	0	0	0	0	0.99566	0.24891	0	174.49	0	0	0	0	0	0	0	15.433	0	0	0.24891	0	0	0	0.24891	0	0	0	0	0	0	0	0	0	82.142	0	0	0	0	0	0	0	0	0.24891	544.13	0	0	0	0	0	0	0	0	63.722	0	0	0	0.49783	0	0	0	0	0	0	0	0	0	0	0	0	0	0	0	0	0	0	0	0	0	0	0	0	0	0	0	0	0	0	0	0	0	0	0	0	0	94.587	0	0	0	0	0	0	0	0	51.027	0	0	0	0	0.24891	0	0	0	0	0	365.16	0	0	0	0	0	0	0	0	0	0	313.63	0	148.1	0	0.24891	0	0.24891	0	0	0	0	25.638	0	30.616	0	0	0	50.281	0	0	0	0	0	0	0	0	0	0	0	0	0	0	28.127	0	0	0	0	0	0	0	0	1.2446	0	0	0	0	0	0	0	0	0	0	0	0	0	0	0	0	0	17.424	0	0	0	0	0	0	0	0	0	0.24891	0	0	0	0	33.105	436.1	0	0	61.482	0	0	0	0.24891	0	0	0.74674	0	0	0.24891	0	0	0	0	82.142	0.24891	0	0	0	0	0	0	31.363	0	0	0	0	0	97.076	0	0	305.42	275.05	0	13894	0	0	0	0	0	0	0	161.79	0	0	0	163.79	98.072	166.52	0	0	0
L228_C08	NF	52.031	0	199.65	43.042	492.48	279.51	0	2500.6	142.96	0	383.58	253.41	283.49	933.96	275.37	374.41	1184.3	370.27	295.59	81.936	32.498	289.89	538.11	159.55	60.674	22.645	5.0129	205.53	358.86	248.23	0.17286	138.81	352.63	257.73	649.43	73.465	2056	318.75	424.02	394.81	26.448	50.302	0	34.745	289.37	300.43	192.05	1774.9	2106.1	252.72	0.34572	158.51	47.536	307.69	1843.6	68.971	444.77	439.76	4450.5	631.63	405.36	621.43	146.93	3419.2	490.92	56.352	739.15	137.6	1450.5	186.69	73.12	668.97	3186.7	491.79	218.84	42.869	180.29	541.91	29.559	1.21	383.23	505.61	2481.4	0	75.713	367.67	0	2.2472	115.47	106.31	0	42.523	172.34	46.672	0	0	0	0	0	87.986	47.364	102.16	0	0	0	164.04	119.45	0	0	918.4	63.267	0	38.721	330.68	28.522	0	2.0743	193.6	35.955	0	289.89	89.541	0	109.07	62.575	0	0	0	0	0.34572	33.535	73.811	0	0	121	30.942	0	0	232.32	44.944	0	0	1.9015	0	0	0	139.67	0	0	21.262	0	0	0	0	0	131.03	0	0	0	0	1.0372	0	15.903	0	74.33	0	306.14	132.58	102.33	69.49	227.66	0	0.17286	0	0	55.661	0	0	0	108.73	0	0	0	0	0	63.094	0	0	0	30.423	18.842	109.07	0	0	0	0	25.065	0	0	0	0	0	0	0	634.4	0	0	0	0	0	0	0	16.422	0	0	0.17286	0	0	0	0	0	0	0	0	0	0	0	0	35.263	0	88.504	0	0	24.719	0	0	0	0	1.3829	554.71	65.341	0	0.34572	24.373	0	207.95	21.608	0	162.66	0	0	0	1.7286	0	0	0	0	0	0	0.17286	0	0	0	0	0.17286	0	1.0372	0	0	0	0	0	0	0	0	0	0	0	0	0	15.384	0	43.561	0	0	0	0	0	0	0	43.388	0	0	0	0	0	0	0	0	128.09	0	0	0	0	0	0	0	0	0	0	91.788	0.69144	0	0	0	0	0	0	0	0	0	125.5	2.42	242.18	0.34572	0	0	0	53.932	0	67.07	80.034	61.538	0.34572	0	0	29.905	0	0	0	0	0	0	0	0	0	0	0	0	0	0	0	0	0	0	0	0	0	0	0	0	50.129	0	0	0	0	0	0	33.362	0.17286	0	0	0	0	0	29.386	0	0	0	0	0	0	0.69144	0	0	67.588	0	0	0	0	21.78	0	0	90.924	0	33.881	159.55	0	0	31.288	202.94	29.732	25.756	1.7286	0	0.51858	0.17286	0	1.21	0	0	0	0	0	121.69	0	0	0	15.384	0	0	0	68.971	0	0.17286	0	0	0	353.33	0	0	515.81	135	0	9117.5	0	0	0	2.42	0	0	0	73.984	0	0	0	0.51858	154.02	197.06	0	0	0
L228_F10	NF	120.9	50.988	636.98	269.24	85.365	345.07	15.455	1853.9	204.53	4.0444	205.11	512.33	156.43	2035.2	142.56	358.65	3348.6	297.69	100.68	50.988	207.56	208.14	267.22	50.843	266.2	51.421	41.888	158.6	539.92	537.47	119.89	169.86	865.92	80.165	352.15	0	3561.8	171.02	451.09	259.85	21.522	204.24	0	0	462.21	316.9	335.54	1995	2041.7	68.032	0	182.72	0	123.93	669.2	601.02	46.366	369.62	1782	351.42	169.86	493.27	1.4444	2918.6	221.14	18.922	260.14	164.37	1746.7	174.05	93.02	545.41	1284.5	345.5	2.0222	0	238.18	150.07	111.22	0	339.87	112.52	1759.3	0	147.62	119.89	0	39.866	151.23	26.722	27.444	56.91	13.144	135.34	0	0	0	0	0	0.7222	23.111	363.85	0	0.57776	0	197.31	63.699	0	0	487.49	0	0	51.421	30.333	0.43332	32.499	151.09	328.31	34.088	0	302.46	58.932	25.277	0.57776	0	0	61.098	0.14444	0	0.28888	46.943	0	0	0	103.56	0	0	0	86.953	199.76	20.511	0	0	0	0	0	15.022	0	0	0	0	0	0	0	0.14444	0.7222	0	6.0665	0	0	0	0	0	43.332	96.631	0	63.121	0	302.75	6.9332	72.076	19.355	0	0	0	77.565	0	0	0	10.689	0	0	0	0	0	0	30.91	0.14444	0	92.009	39.144	25.277	0	0	0	0	0	0	0.14444	110.5	0	0	0	0	584.7	0	0	0	0	0	0.14444	0	37.843	0	0	0	0	0	0.86665	0	0	0	0	0	0	0	0	0	0	44.777	0.14444	0	0	30.766	0	0	0	0	11.7	573.86	25.711	47.232	10.689	0	0	80.887	0	0	273.14	0	0	0	3.611	0	0	0	0	0	0	0	0	0	0	0	0	0	0	0	0	0	0	0	0	0	0	0	0	0	55.61	0	33.944	0	2.8888	0	0	0	0	0	0	0	19.066	0.14444	0	0	0	0	0	0	0	1.1555	0	0	0	0	0	0	0	0	0	0	313.87	0.14444	0	0	0	0	0	0	0	0	0	558.55	0	117.57	49.832	47.232	0	45.066	0	0	0	0	72.654	0	0	0	0.28888	0	0	0	0	0	0	0	0	0	0	0	0	0	0	0	0	22.822	0	0	0	0	0	0	0	0	0	0	0	0	0	0	0	0	0	0	0	0	0	9.822	0	0	0	0.43332	4.3332	0	0	0	0	0	1.3	0	0	0	0	0	0	109.05	0	8.0887	122.63	0	0	24.41	193.12	31.055	0	0.57776	0.28888	0	0.14444	0	0.57776	0.14444	0	0	0	0	456.14	37.843	0	0	0.43332	0	0	11.989	29.755	0	0	0	0	0	195.57	0	0	516.66	0	0	11196	0	0	0	0	0	0.14444	0	131.73	0	0	0	325.14	49.543	207.27	0	0	0
L228_F12	NF	110.57	190.89	303.13	115.58	657.37	149.48	0	1921.9	229.07	474.62	700.24	296.45	457.82	2225.7	153.34	583.41	4441.7	355.91	163.46	72.81	64.778	264.53	200.49	110.68	43.289	5.7371	40.473	111.4	484.95	212.59	251.29	277.05	601.15	88.978	728.3	49.339	2922.1	196	798.61	322.01	38.074	144.47	61.961	26.704	484.42	390.13	751.15	1843.9	1837.6	101.6	0.31293	35.362	0	158.87	1027.8	226.04	144.58	256.82	2176.1	322.22	70.098	340.06	145.83	1762.9	56.537	7.8234	241.9	0	824.27	71.558	192.25	674.27	1192	383.66	73.54	39.847	681.36	247.01	63.109	0.20862	282.16	249.1	3316.6	0	101.18	81.989	21.801	23.366	103.06	10.953	5.6328	0	2.3992	154.07	0	0	0	0	0	13.456	75.313	133.83	0	0	0	381.99	180.35	0	0	789.12	0	0	100.66	185.05	34.527	30.772	131.95	114.01	63.839	0	234.28	26.078	14.499	93.568	56.328	0	15.125	0	0	0	23.261	184.21	0	0	52.886	0	0	0	15.125	41.516	1.5647	0	24.513	10.327	0	0	70.619	0	0	28.894	0	0	59.458	0	0	32.858	0	0	0	0	0	0	0	23.053	36.509	0	82.719	4.5897	231.88	89.499	69.367	0	0	0	0	16.273	0	0	0	21.175	0	0	0	0	0	0	0	29.207	0	21.906	0	4.0682	0	0	0	0	17.837	0.41725	0	0	0	0	0	0	822.5	0	0	0	0	0	0	1.0431	22.427	0	0	0	0	10.014	0.41725	0.10431	6.5716	0	4.7983	0	0	0	0	0	0	189.95	0	0	0	0	0	0	0	0	0.73018	596.04	0	0	11.996	0	0	84.91	0	0	20.445	0	0.10431	0	1.5647	0	0	0	0	0	0	0	0	0	0	0	0	0.62587	0	0	0	0	3.025	0	0	0	16.064	0	0	0	0	0	0	29.729	0	0	0	24.409	0	0	0	0	39.951	0	0	0	0	0	0	0	0	40.473	0	0	0	0	0	0	0	0	0	0	213.32	0	0	0	0	0	0	0	0	0	0	250.66	0	186.2	17.107	25.243	0	0	0	0	0	6.0501	58.623	0	0	0	0	0	0	0	0	0	0	0	0	0	0	0	0	0	0	0	0	0	0	0	0	0	0	0	0	25.348	0	0	0	0	0	0	0.31293	0	0	0	0	0	0	0	0	0	0	0	0	0	0	0	0	0.10431	0	0	0	13.665	0	0	0	103.27	0	39.117	825.31	0.62587	0	41.933	48.609	91.377	39.43	0.31293	1.4604	0.52156	0	0	0.83449	0.52156	0	0.10431	0	0	227.5	0	0	0	0	0	0	1.1474	0	0	0	0	0	0	167.73	0	0	408.48	48.609	0	12369	0	0	0	0	0	0	0	70.202	0	0	0	149.48	58.832	189.64	0	0	0
L128_H01	NF	0	0	51.601	387.01	335.41	0	0	774.01	51.601	0	232.2	232.2	0	2064	103.2	258.01	1006.2	0	51.601	0	51.601	25.801	103.2	0	129	0	0	25.801	51.601	0	0	0	25.801	51.601	799.81	0	1367.4	283.8	180.6	2270.4	129	51.601	0	0	309.61	232.2	438.61	1186.8	490.21	51.601	103.2	232.2	0	309.61	2476.8	1057.8	3560.5	1677	5495.5	748.21	722.41	412.81	232.2	4153.9	541.81	180.6	670.81	6604.9	154.8	438.61	258.01	1367.4	3560.5	309.61	51.601	567.61	593.41	361.21	361.21	129	1651.2	387.01	2115.6	0	851.41	438.61	51.601	490.21	387.01	180.6	103.2	258.01	258.01	25.801	0	0	25.801	0	0	25.801	0	51.601	51.601	0	0	490.21	129	0	258.01	490.21	0	0	129	206.4	77.401	25.801	0	25.801	232.2	77.401	722.41	335.41	0	25.801	0	0	25.801	0	51.601	25.801	0	232.2	0	0	77.401	0	51.601	0	129	748.21	0	0	77.401	0	0	0	180.6	25.801	103.2	0	0	51.601	77.401	51.601	25.801	232.2	0	0	0	0	0	0	0	0	25.801	103.2	309.61	25.801	825.61	25.801	335.41	0	0	0	0	0	0	0	0	77.401	0	0	0	0	0	0	0	0	0	206.4	0	232.2	0	0	0	0	0	25.801	0	0	51.601	0	25.801	0	387.01	25.801	0	0	0	0	25.801	0	0	0	0	25.801	0	25.801	0	51.601	25.801	0	0	0	0	0	0	0	0	258.01	0	0	0	0	0	0	0	0	51.601	593.41	0	0	25.801	0	0	180.6	0	25.801	180.6	0	25.801	0	154.8	0	0	0	0	0	0	154.8	0	0	0	0	25.801	25.801	0	0	0	0	0	0	0	0	0	0	0	51.601	0	0	0	0	25.801	0	0	0	0	0	0	0	0	0	0	0	0	0	0	0	0	309.61	0	0	0	0	0	0	0	0	0	0	25.801	0	0	0	0	0	0	0	0	0	51.601	0	0	51.601	0	180.6	0	0	25.801	0	0	25.801	51.601	25.801	0	0	0	0	0	0	0	0	0	0	0	0	0	0	0	0	0	0	0	0	0	0	0	0	0	0	0	0	0	0	0	0	0	0	0	0	0	0	0	0	25.801	77.401	25.801	129	0	25.801	0	0	51.601	0	0	0	0	0	0	0	51.601	0	0	0	0	0	51.601	0	0	0	51.601	25.801	0	0	0	0	25.801	0	0	0	0	0	0	0	0	0	0	0	0	0	0	25.801	0	0	0	0	77.401	0	0	0	0	232.2	0	0	51.601	0	0	0	0	0	0	0	0	0	0	0	0	25.801	0	0	0	0
L128_A03	NF	232.04	0	0	662.98	0	66.298	0	828.72	33.149	0	430.93	132.6	198.89	1093.9	99.446	563.53	1955.8	165.74	132.6	0	33.149	66.298	66.298	0	198.89	0	0	0	165.74	0	629.83	0	99.446	132.6	1458.6	0	2088.4	66.298	464.08	2154.7	265.19	0	0	0	232.04	331.49	298.34	2419.9	696.13	0	132.6	464.08	331.49	364.64	2850.8	1458.6	2850.8	1425.4	2784.5	232.04	331.49	364.64	464.08	3580.1	563.53	132.6	1093.9	629.83	2950.2	232.04	165.74	497.23	3381.2	397.79	66.298	232.04	497.23	530.38	0	0	1160.2	563.53	2221	0	298.34	563.53	0	0	232.04	132.6	33.149	0	132.6	99.446	0	33.149	0	0	198.89	99.446	0	762.42	33.149	33.149	0	66.298	198.89	0	33.149	596.68	66.298	0	66.298	397.79	66.298	99.446	33.149	232.04	331.49	0	232.04	198.89	33.149	165.74	99.446	0	33.149	99.446	66.298	0	165.74	298.34	0	0	33.149	0	165.74	0	0	33.149	0	0	99.446	0	0	0	265.19	0	0	0	0	66.298	0	0	0	33.149	0	0	0	0	0	0	0	0	0	0	99.446	0	596.68	530.38	232.04	0	0	0	0	33.149	0	0	0	66.298	0	0	0	0	0	165.74	132.6	0	0	99.446	265.19	33.149	0	0	0	0	0	0	0	33.149	0	66.298	0	0	99.446	0	0	0	33.149	0	0	0	33.149	0	0	0	0	0	0	0	0	0	0	0	0	0	0	0	0	33.149	0	0	0	0	0	33.149	0	0	0	265.19	33.149	0	33.149	0	0	696.13	0	0	0	0	0	0	0	0	0	0	0	0	0	132.6	0	0	0	0	0	0	0	0	0	0	0	0	33.149	0	0	0	0	99.446	0	0	0	0	0	0	0	0	0	0	0	0	0	0	0	0	0	0	0	0	0	99.446	0	0	0	0	0	0	0	0	0	0	99.446	0	0	0	0	0	0	0	0	0	0	232.04	0	0	0	0	0	0	33.149	0	0	0	132.6	33.149	0	0	0	0	0	0	0	0	0	0	0	0	0	0	0	0	0	0	0	0	0	0	0	0	0	0	0	0	0	0	0	0	0	0	66.298	0	0	0	0	0	0	132.6	497.23	33.149	0	0	0	0	66.298	0	0	0	0	0	0	0	33.149	0	0	0	0	0	198.89	0	0	0	0	66.298	0	0	0	33.149	33.149	0	0	0	0	0	0	0	0	0	0	0	66.298	0	0	33.149	0	0	0	0	0	0	66.298	0	0	364.64	33.149	0	66.298	0	0	0	0	0	0	0	0	33.149	0	0	99.446	132.6	66.298	0	0	0
L128_B03	NF	137.66	0	0	2064.8	137.66	68.828	0	1170.1	137.66	0	619.45	344.14	344.14	1376.6	344.14	137.66	1307.7	137.66	0	0	137.66	0	68.828	206.48	68.828	0	0	0	68.828	206.48	0	275.31	137.66	0	550.62	0	1514.2	137.66	619.45	1307.7	619.45	137.66	0	0	206.48	206.48	206.48	1927.2	894.76	137.66	275.31	137.66	0	0	1651.9	344.14	1307.7	688.28	2959.6	0	275.31	206.48	619.45	4060.8	206.48	68.828	825.93	3234.9	206.48	275.31	137.66	275.31	1927.2	137.66	206.48	0	206.48	68.828	344.14	0	206.48	412.97	894.76	0	481.8	412.97	68.828	0	68.828	0	0	481.8	412.97	68.828	0	0	0	0	0	0	0	0	0	0	0	137.66	206.48	0	0	137.66	0	0	0	0	0	0	137.66	68.828	137.66	0	619.45	275.31	0	68.828	68.828	0	0	0	0	0	0	0	0	0	68.828	0	0	0	0	1376.6	0	0	0	0	0	0	206.48	0	0	0	0	0	0	0	0	0	0	0	0	0	0	0	206.48	0	137.66	0	68.828	68.828	344.14	0	550.62	0	0	0	0	0	68.828	0	0	137.66	0	0	0	0	0	0	0	0	0	137.66	0	68.828	0	0	0	0	0	0	0	206.48	0	0	0	0	412.97	0	0	0	137.66	0	68.828	0	137.66	0	68.828	0	0	0	0	68.828	68.828	0	0	0	0	0	0	0	0	0	0	0	0	0	0	0	0	0	137.66	1789.5	0	0	0	0	0	206.48	0	0	68.828	0	0	0	0	0	0	0	0	0	0	0	0	0	0	0	0	0	0	0	0	0	0	0	0	0	0	0	0	0	0	0	0	0	0	0	0	0	0	0	0	0	0	0	0	0	0	0	0	0	0	206.48	0	0	0	0	0	0	0	0	0	0	206.48	0	0	0	0	0	206.48	0	0	0	0	0	0	206.48	0	68.828	0	0	0	0	0	68.828	68.828	0	0	0	0	0	0	0	0	0	0	0	0	0	0	0	0	0	0	0	0	0	0	0	0	0	0	0	0	0	0	0	0	0	0	0	0	0	0	0	0	0	0	0	0	0	0	0	68.828	0	0	0	0	0	0	0	0	0	0	0	0	0	0	0	275.31	0	0	0	0	0	0	0	0	0	0	0	0	0	0	0	0	0	206.48	0	0	0	0	0	0	0	0	0	0	0	0	0	68.828	0	0	344.14	0	0	550.62	0	0	0	0	0	0	0	68.828	0	0	0	0	0	0	0	0	0
L128_D03	NF	264.78	0	66.195	2272.7	88.259	66.195	0	860.53	88.259	0	419.23	198.58	198.58	639.88	551.62	419.23	1235.6	44.13	88.259	0	375.1	0	419.23	66.195	0	0	44.13	88.259	88.259	22.065	0	22.065	44.13	0	573.68	66.195	1699	573.68	176.52	2471.3	198.58	110.32	0	0	220.65	220.65	154.45	1213.6	728.14	66.195	0	44.13	22.065	176.52	2140.3	176.52	2206.5	728.14	4015.8	684.01	573.68	706.07	330.97	5582.4	507.49	154.45	551.62	3464.2	22.065	617.82	88.259	1169.4	3596.6	286.84	198.58	573.68	750.2	308.91	419.23	0	684.01	154.45	1345.9	22.065	1059.1	264.78	154.45	0	308.91	88.259	0	22.065	110.32	286.84	0	0	110.32	0	0	0	88.259	66.195	0	22.065	0	463.36	220.65	0	110.32	617.82	0	0	44.13	154.45	22.065	0	264.78	132.39	485.43	66.195	573.68	154.45	0	154.45	198.58	0	220.65	0	0	22.065	264.78	198.58	0	0	44.13	0	0	0	264.78	308.91	0	0	154.45	0	0	0	88.259	0	176.52	66.195	0	0	0	0	0	154.45	0	0	0	0	0	22.065	0	0	88.259	0	132.39	0	154.45	330.97	463.36	44.13	22.065	0	0	22.065	22.065	0	0	176.52	0	0	0	0	0	22.065	0	0	0	66.195	0	330.97	0	0	0	0	0	0	0	0	0	0	0	0	242.71	0	0	22.065	22.065	0	0	0	44.13	0	0	0	0	0	44.13	66.195	44.13	0	0	0	0	0	0	22.065	0	308.91	0	0	0	0	0	0	0	0	0	1059.1	22.065	66.195	220.65	0	0	132.39	0	0	66.195	0	0	0	22.065	0	0	0	0	0	0	0	0	0	0	0	0	44.13	66.195	0	0	0	0	0	0	0	0	0	0	0	0	0	0	0	0	0	0	0	0	0	0	0	0	0	0	0	0	0	0	0	44.13	220.65	0	0	0	0	0	0	0	0	0	0	220.65	0	22.065	0	0	0	44.13	0	0	0	22.065	44.13	0	44.13	0	110.32	0	110.32	0	0	0	0	22.065	44.13	0	0	0	22.065	0	0	0	0	0	0	0	0	0	0	0	0	0	0	0	22.065	0	0	0	0	0	0	0	0	0	0	0	0	0	0	22.065	0	0	0	0	0	0	44.13	0	0	0	0	0	0	0	0	0	0	0	0	22.065	44.13	66.195	0	0	0	0	0	132.39	0	0	22.065	22.065	0	22.065	44.13	0	0	0	0	0	0	0	0	0	0	0	0	0	0	0	0	22.065	22.065	0	0	0	0	22.065	0	110.32	0	0	419.23	0	0	154.45	0	0	0	22.065	0	0	0	286.84	0	0	0	22.065	0	44.13	0	0	0
L128_E03	NF	46.463	0	154.88	526.59	185.85	15.488	0	650.49	46.463	0	387.2	418.17	309.76	1099.6	402.68	371.71	1409.4	232.32	77.439	123.9	92.927	92.927	449.15	108.42	15.488	0	46.463	77.439	154.88	154.88	0	0	15.488	46.463	975.73	92.927	1533.3	325.24	263.29	1672.7	696.95	46.463	0	15.488	325.24	263.29	123.9	1099.6	758.9	46.463	61.951	1393.9	0	371.71	2323.2	542.07	1471.3	1672.7	5049	480.12	1084.2	805.36	356.22	4073.3	480.12	77.439	1068.7	3314.4	139.39	542.07	139.39	681.46	4367.6	480.12	294.27	480.12	588.54	340.73	232.32	30.976	1208.1	418.17	1657.2	30.976	542.07	774.39	61.951	0	278.78	154.88	15.488	170.37	232.32	46.463	0	0	30.976	15.488	0	15.488	61.951	46.463	0	0	0	278.78	201.34	0	123.9	696.95	0	0	61.951	480.12	108.42	0	61.951	247.8	263.29	108.42	604.02	108.42	0	77.439	154.88	0	247.8	0	0	15.488	123.9	15.488	0	0	92.927	46.463	0	0	92.927	247.8	0	0	61.951	15.488	0	0	30.976	0	139.39	92.927	30.976	0	0	15.488	0	77.439	0	0	0	0	15.488	170.37	15.488	15.488	61.951	15.488	170.37	30.976	449.15	511.1	201.34	30.976	30.976	0	0	15.488	0	0	0	170.37	0	0	0	0	0	77.439	15.488	0	0	108.42	0	247.8	0	0	0	0	15.488	15.488	0	61.951	0	0	0	0	464.63	0	0	15.488	0	0	15.488	0	77.439	0	0	0	0	356.22	0	92.927	15.488	0	0	0	0	0	0	0	15.488	216.83	15.488	0	0	0	0	0	0	0	108.42	356.22	15.488	15.488	108.42	15.488	0	309.76	30.976	0	92.927	0	0	0	77.439	0	0	0	0	0	0	0	0	0	0	0	0	15.488	0	0	0	0	0	0	15.488	0	0	0	0	0	0	0	15.488	0	0	0	0	0	0	0	0	0	92.927	0	0	0	0	0	0	0	30.976	123.9	0	0	0	0	0	0	0	0	0	0	108.42	0	0	0	0	0	0	0	0	0	0	61.951	0	15.488	0	0	0	61.951	0	0	0	46.463	61.951	46.463	0	0	0	0	0	0	0	0	0	0	0	0	0	15.488	0	0	0	0	0	0	0	0	0	0	0	0	0	0	0	0	0	0	0	0	0	0	0	0	0	0	0	0	0	0	0	0	30.976	0	0	0	0	15.488	0	0	0	0	0	0	0	0	0	0	139.39	0	0	139.39	15.488	92.927	0	15.488	0	0	0	0	0	30.976	0	0	0	0	0	15.488	0	0	0	0	0	30.976	0	0	0	0	15.488	0	123.9	0	0	185.85	0	0	232.32	0	0	0	15.488	0	0	0	139.39	0	0	0	15.488	185.85	154.88	0	0	0
L128_F04	NF	182.4	0	164.16	565.43	364.8	36.48	0	966.71	91.199	0	547.2	237.12	237.12	1459.2	291.84	620.16	1021.4	18.24	18.24	0	237.12	36.48	474.24	145.92	54.72	18.24	72.959	109.44	72.959	419.52	0	91.199	127.68	109.44	820.79	510.72	1586.9	273.6	456	2681.3	857.27	164.16	0	54.72	164.16	346.56	383.04	1349.8	1003.2	36.48	0	72.959	0	91.199	1933.4	182.4	1477.4	1477.4	3429.1	693.11	401.28	528.96	346.56	2936.6	456	72.959	857.27	2352.9	474.24	620.16	127.68	528.96	3009.6	601.91	237.12	474.24	492.48	218.88	930.23	0	310.08	310.08	1295	0	109.44	182.4	18.24	36.48	164.16	91.199	0	127.68	182.4	91.199	0	0	54.72	0	0	18.24	18.24	54.72	0	0	0	273.6	182.4	0	456	1021.4	0	0	72.959	182.4	0	0	54.72	54.72	273.6	0	419.52	72.959	0	54.72	237.12	0	36.48	0	0	54.72	36.48	1094.4	0	0	72.959	0	0	0	91.199	346.56	0	0	0	18.24	0	36.48	182.4	18.24	36.48	0	18.24	0	0	0	18.24	109.44	0	18.24	0	0	0	0	72.959	0	91.199	18.24	364.8	18.24	328.32	127.68	638.4	36.48	0	0	0	36.48	109.44	0	0	328.32	0	0	109.44	0	0	0	0	18.24	0	54.72	18.24	255.36	0	0	0	0	18.24	0	0	72.959	0	18.24	0	0	456	0	0	0	36.48	36.48	0	0	18.24	0	0	0	0	0	36.48	54.72	54.72	0	0	0	0	0	0	18.24	0	145.92	0	0	0	36.48	0	0	0	0	36.48	2042.9	766.07	18.24	164.16	0	0	218.88	18.24	0	164.16	0	0	0	109.44	0	0	0	0	0	0	0	0	0	0	18.24	0	0	0	0	18.24	0	0	0	0	0	0	0	0	109.44	0	0	0	0	72.959	0	0	0	0	0	0	0	18.24	0	0	0	18.24	0	0	0	18.24	346.56	0	0	0	0	0	0	0	0	0	0	255.36	0	0	0	0	0	18.24	0	0	0	0	72.959	0	109.44	18.24	0	0	109.44	36.48	18.24	0	0	72.959	36.48	0	0	0	18.24	18.24	0	0	0	0	0	0	0	0	0	0	0	0	0	0	0	0	0	0	0	0	0	0	0	0	0	0	0	0	0	0	0	0	0	0	0	36.48	72.959	18.24	0	0	36.48	0	0	0	0	0	0	0	0	0	0	72.959	0	0	18.24	0	0	109.44	54.72	0	54.72	72.959	36.48	0	36.48	0	0	0	0	0	0	0	0	0	0	72.959	0	0	0	0	0	0	0	0	0	0	0	0	0	200.64	0	0	255.36	127.68	0	3629.7	0	0	0	0	0	0	0	200.64	0	0	0	0	91.199	218.88	0	0	0
L128_G05	NF	64.054	0	0	256.22	16.014	0	0	608.52	64.054	0	352.3	240.2	272.23	1361.2	112.1	496.42	1585.3	192.16	192.16	0	0	64.054	80.068	32.027	16.014	0	32.027	48.041	176.15	96.081	16.014	0	160.14	112.1	1104.9	96.081	1633.4	240.2	592.5	1008.9	96.081	32.027	0	0	144.12	304.26	384.33	1761.5	688.58	144.12	192.16	768.65	416.35	336.29	3282.8	1441.2	1697.4	1553.3	3891.3	800.68	816.69	1521.3	160.14	3779.2	400.34	64.054	1457.2	1345.1	2722.3	112.1	336.29	656.56	3202.7	608.52	80.068	400.34	384.33	448.38	48.041	16.014	832.71	208.18	2065.8	32.027	896.76	208.18	0	336.29	480.41	224.19	48.041	112.1	256.22	304.26	0	16.014	176.15	0	0	80.068	16.014	384.33	32.027	16.014	0	64.054	224.19	0	80.068	960.82	0	0	32.027	768.65	112.1	80.068	256.22	144.12	368.31	0	288.24	160.14	0	144.12	304.26	0	176.15	16.014	16.014	16.014	144.12	80.068	0	0	176.15	0	48.041	0	64.054	432.37	0	0	16.014	208.18	0	0	352.3	160.14	0	0	0	0	16.014	0	0	320.27	0	0	0	0	16.014	0	0	64.054	48.041	16.014	160.14	0	704.6	288.24	144.12	0	0	0	0	0	0	0	0	112.1	0	0	0	0	208.18	0	16.014	0	0	80.068	0	288.24	0	0	0	0	0	0	48.041	0	0	0	0	0	112.1	0	0	32.027	16.014	0	0	0	0	16.014	0	0	0	32.027	16.014	16.014	32.027	0	0	0	0	0	0	0	32.027	288.24	0	0	0	32.027	0	32.027	0	0	32.027	1713.4	32.027	16.014	16.014	0	0	176.15	32.027	0	0	0	32.027	0	48.041	0	0	0	0	0	0	32.027	0	0	0	0	16.014	16.014	16.014	0	16.014	0	0	0	0	0	16.014	0	0	16.014	0	0	16.014	0	0	32.027	0	0	0	0	0	0	80.068	0	0	0	0	0	0	0	16.014	192.16	0	0	0	0	16.014	0	0	0	0	0	64.054	0	0	0	0	0	0	16.014	0	0	16.014	32.027	0	80.068	0	0	0	32.027	0	0	0	0	128.11	32.027	16.014	0	0	0	0	0	0	0	0	16.014	0	0	0	0	0	0	0	0	0	112.1	0	0	16.014	0	0	0	0	0	0	0	0	0	0	0	0	0	0	0	0	0	0	16.014	496.42	64.054	0	0	16.014	0	32.027	0	0	48.041	0	0	0	0	32.027	0	0	16.014	0	0	208.18	0	0	0	32.027	64.054	16.014	0	0	0	0	0	0	0	0	0	0	0	0	0	0	0	32.027	0	0	0	0	0	0	0	64.054	0	80.068	0	0	224.19	112.1	0	144.12	0	16.014	0	0	0	0	0	240.2	0	0	0	80.068	48.041	48.041	0	0	0
L128_D06	NF	0	0	106.96	1604.4	26.741	0	0	855.71	0	0	213.93	347.63	26.741	882.45	160.45	80.223	1657.9	53.482	26.741	0	0	0	0	0	0	0	0	26.741	80.223	0	0	0	0	0	802.22	0	1604.4	187.19	294.15	1470.8	294.15	0	0	0	374.37	374.37	641.78	695.26	106.96	53.482	0	106.96	106.96	133.7	3957.6	1016.2	3021.7	2754.3	7888.5	534.82	1604.4	1096.4	401.11	5963.2	320.89	213.93	588.3	9145.4	53.482	962.67	240.67	1444	4465.7	267.41	26.741	508.08	989.41	802.22	133.7	106.96	2085.8	1310.3	2620.6	0	748.74	374.37	80.223	0	374.37	26.741	80.223	133.7	588.3	187.19	0	0	0	0	0	0	0	0	26.741	26.741	0	106.96	53.482	0	133.7	294.15	0	0	213.93	26.741	53.482	26.741	53.482	26.741	160.45	0	1176.6	133.7	0	106.96	26.741	0	53.482	0	0	1845.1	106.96	641.78	0	0	294.15	0	347.63	0	160.45	80.223	0	0	828.97	0	0	53.482	213.93	26.741	80.223	26.741	26.741	26.741	213.93	26.741	26.741	106.96	0	0	0	0	0	160.45	0	0	53.482	0	320.89	0	1577.7	106.96	481.33	80.223	0	0	0	0	26.741	80.223	0	53.482	0	0	0	0	80.223	26.741	0	0	0	187.19	26.741	53.482	0	0	0	26.741	0	26.741	26.741	0	0	26.741	0	0	454.59	0	0	0	26.741	0	0	0	53.482	26.741	0	53.482	0	80.223	0	0	53.482	0	0	0	0	0	0	0	26.741	160.45	0	0	0	53.482	0	0	0	0	26.741	187.19	0	80.223	160.45	0	0	26.741	26.741	0	0	0	0	0	0	0	0	0	0	0	0	26.741	0	0	0	0	0	0	0	0	26.741	0	0	0	53.482	0	0	26.741	0	53.482	0	0	0	0	0	0	0	0	0	0	0	0	26.741	0	0	0	0	0	0	0	0	133.7	0	0	0	0	0	0	0	0	0	0	26.741	0	0	0	0	0	0	26.741	0	0	0	0	0	133.7	0	133.7	0	0	53.482	0	0	53.482	53.482	53.482	0	0	0	0	0	0	0	0	0	0	0	0	0	26.741	0	0	0	0	80.223	0	0	0	0	0	0	0	0	0	0	0	0	0	0	0	0	53.482	0	0	0	0	0	0	0	53.482	0	0	0	0	0	53.482	0	0	0	0	0	0	0	0	0	0	0	0	80.223	0	0	80.223	26.741	53.482	0	0	0	0	0	26.741	0	0	0	0	0	0	0	0	0	0	0	0	0	26.741	0	26.741	0	0	0	0	53.482	0	0	213.93	0	0	133.7	0	0	0	0	0	0	0	53.482	0	0	0	0	0	0	0	0	0
L128_H09	NF	144.07	0	108.06	846.43	126.07	36.019	0	1026.5	36.019	0	540.28	234.12	54.028	738.38	486.25	432.22	1368.7	108.06	90.046	0	180.09	72.037	36.019	234.12	216.11	0	0	72.037	162.08	18.009	0	18.009	126.07	36.019	756.39	0	1764.9	306.16	216.11	4034.1	198.1	18.009	0	0	198.1	288.15	288.15	1350.7	558.29	36.019	0	270.14	0	180.09	1945	540.28	2341.2	450.23	2989.5	666.34	306.16	216.11	360.18	4988.6	360.18	54.028	846.43	3277.7	54.028	306.16	36.019	918.47	2935.5	234.12	90.046	324.17	414.21	306.16	126.07	54.028	756.39	180.09	1512.8	36.019	702.36	288.15	180.09	0	324.17	90.046	54.028	126.07	270.14	18.009	0	0	72.037	0	0	0	0	72.037	18.009	0	0	180.09	36.019	0	0	810.42	0	0	72.037	324.17	0	36.019	54.028	90.046	306.16	36.019	630.32	306.16	18.009	54.028	306.16	0	180.09	0	54.028	54.028	72.037	36.019	0	0	90.046	144.07	0	0	216.11	450.23	0	0	54.028	18.009	0	0	234.12	0	0	18.009	18.009	0	0	36.019	0	72.037	0	0	0	0	0	108.06	0	0	18.009	36.019	216.11	54.028	288.15	324.17	324.17	0	0	0	72.037	18.009	0	0	0	36.019	0	0	0	0	0	0	18.009	0	0	180.09	0	90.046	0	0	0	0	0	18.009	0	0	0	0	0	0	306.16	0	0	36.019	36.019	0	0	0	54.028	36.019	0	0	0	558.29	18.009	36.019	108.06	0	0	0	0	0	0	0	0	288.15	0	0	0	0	0	0	0	0	18.009	900.46	0	18.009	108.06	0	0	126.07	0	0	36.019	0	0	0	18.009	0	0	0	0	0	0	126.07	0	0	0	0	0	18.009	0	0	0	0	0	0	0	0	0	0	0	72.037	0	0	18.009	0	36.019	0	0	0	0	0	0	0	18.009	0	0	0	0	0	0	0	54.028	198.1	0	0	0	0	0	0	0	0	0	0	162.08	54.028	0	0	0	0	18.009	0	0	0	72.037	18.009	0	54.028	0	90.046	0	18.009	0	0	0	0	72.037	0	0	0	36.019	0	0	0	0	0	0	0	0	0	0	0	0	0	0	0	0	0	0	0	0	0	0	0	0	0	18.009	0	0	0	0	0	0	0	0	0	0	0	18.009	36.019	54.028	36.019	0	18.009	0	0	0	0	0	0	0	0	0	0	18.009	0	0	0	0	0	108.06	36.019	0	0	18.009	18.009	0	0	0	18.009	18.009	0	0	0	0	0	0	0	18.009	0	54.028	0	0	0	0	0	0	0	0	0	0	0	36.019	0	0	288.15	54.028	0	216.11	0	0	0	0	0	0	0	288.15	0	0	0	108.06	0	54.028	0	0	0
L128_E10	NF	183.4	0	0	0	183.4	40.756	0	672.48	20.378	0	285.3	163.03	81.513	978.16	183.4	20.378	1874.8	183.4	0	0	20.378	122.27	0	101.89	203.78	0	0	0	163.03	0	0	0	40.756	407.56	753.99	203.78	1691.4	61.135	142.65	2669.6	40.756	20.378	0	0	101.89	264.92	448.32	1711.8	529.83	20.378	509.45	2547.3	0	183.4	3117.9	1283.8	2465.8	937.4	5868.9	896.64	896.64	998.53	142.65	7050.9	692.86	142.65	937.4	40.756	6052.3	794.75	163.03	753.99	2751.1	264.92	163.03	326.05	468.7	407.56	81.513	20.378	1528.4	244.54	1630.3	20.378	1039.3	427.94	142.65	407.56	448.32	326.05	40.756	101.89	448.32	81.513	20.378	81.513	40.756	0	0	0	81.513	427.94	20.378	0	0	122.27	61.135	0	0	346.43	20.378	40.756	61.135	285.3	81.513	101.89	407.56	61.135	427.94	40.756	224.16	285.3	0	163.03	142.65	0	163.03	0	0	0	101.89	305.67	0	0	81.513	40.756	183.4	0	101.89	142.65	0	0	61.135	40.756	20.378	0	264.92	0	0	0	0	0	0	61.135	0	101.89	0	0	0	0	101.89	0	0	0	0	0	142.65	20.378	713.24	183.4	264.92	61.135	40.756	0	61.135	61.135	0	0	20.378	142.65	0	0	40.756	0	0	0	20.378	0	0	20.378	0	61.135	0	0	0	0	0	20.378	0	244.54	0	0	0	0	20.378	20.378	0	0	40.756	0	0	0	0	0	0	0	40.756	0	20.378	0	101.89	0	0	0	0	0	0	0	20.378	61.135	20.378	0	0	0	0	40.756	0	0	20.378	244.54	0	0	0	0	0	101.89	0	0	61.135	0	0	0	101.89	0	0	0	0	0	0	101.89	0	0	20.378	0	0	0	0	0	0	0	0	0	0	0	0	0	0	0	0	0	20.378	0	0	0	20.378	0	0	0	0	0	305.67	0	0	0	0	0	0	0	40.756	264.92	0	0	0	163.03	0	0	0	0	0	0	40.756	40.756	0	0	0	0	0	0	0	0	0	81.513	163.03	40.756	0	163.03	0	40.756	0	0	0	101.89	61.135	0	0	0	0	0	0	0	0	0	0	0	0	0	0	20.378	0	0	0	0	0	0	0	0	0	0	0	0	0	0	40.756	0	0	0	0	0	0	0	0	0	0	0	20.378	0	20.378	0	0	20.378	20.378	0	20.378	0	0	0	40.756	0	0	61.135	20.378	0	0	0	0	40.756	101.89	0	0	0	40.756	40.756	0	81.513	0	0	0	0	0	0	0	0	0	0	61.135	0	0	0	0	0	0	20.378	0	0	0	0	0	0	0	0	0	81.513	101.89	0	183.4	0	0	0	101.89	0	0	0	183.4	0	0	0	0	101.89	20.378	0	0	0
L129_F01	NF	0	0	0	0	0	0	0	668.9	0	0	1560.8	111.48	0	780.38	0	0	3010	0	0	0	111.48	0	0	0	0	0	111.48	0	0	0	0	0	0	0	1003.3	0	2564.1	0	0	4793.8	0	0	0	0	0	334.45	557.41	1560.8	668.9	0	0	0	557.41	0	780.38	2229.6	2118.2	0	1003.3	1226.3	0	3567.4	222.96	5574.1	111.48	557.41	1226.3	0	8026.8	1560.8	111.48	1003.3	557.41	0	0	0	111.48	1003.3	0	0	780.38	0	1337.8	0	4013.4	222.96	334.45	1114.8	0	0	0	0	222.96	111.48	0	0	0	0	0	0	0	668.9	0	0	0	0	0	0	111.48	334.45	0	0	0	0	0	0	0	334.45	0	0	0	0	0	0	0	0	0	0	0	0	111.48	0	0	0	0	0	0	0	111.48	0	0	0	222.96	111.48	0	0	334.45	111.48	0	0	0	0	334.45	0	0	0	0	0	0	0	0	0	0	0	0	111.48	0	222.96	0	111.48	0	0	111.48	0	0	0	0	0	0	0	0	0	0	0	111.48	0	0	0	0	0	0	111.48	0	0	0	0	0	0	0	0	0	0	0	0	111.48	0	0	0	668.9	0	0	0	0	0	0	0	0	0	0	0	0	0	0	0	0	0	0	0	0	0	0	0	0	0	0	0	0	0	0	0	0	111.48	0	0	0	0	0	0	0	0	0	0	0	0	0	0	0	0	0	0	0	0	0	0	0	0	0	0	0	0	0	0	0	0	0	0	0	0	0	0	0	0	0	0	0	0	0	0	0	0	0	0	0	0	0	0	0	0	0	0	0	0	0	0	0	0	0	0	0	0	0	0	0	0	0	0	0	0	0	0	0	0	0	222.96	0	0	0	0	0	0	0	222.96	0	0	0	0	0	0	0	0	0	0	0	0	0	0	0	0	0	0	0	0	0	0	0	0	0	0	0	0	0	0	0	0	0	0	0	0	0	0	0	0	0	0	0	0	0	0	0	0	0	0	0	0	0	0	0	0	0	0	0	0	0	0	0	0	222.96	0	0	0	0	0	0	0	0	0	0	0	0	0	0	0	0	0	0	0	0	0	0	0	0	0	0	0	0	0	0	0	0	0	0	222.96	0	0	0	0	0	0	0	0	0	0	0	0	0	0	0	0	0	0	0	0
L129_A02	NF	0	0	0	0	0	0	0	521.21	0	0	293.18	0	0	716.66	0	456.06	2638.6	228.03	130.3	0	97.726	0	0	0	0	0	0	32.575	195.45	0	0	0	130.3	0	944.69	0	4397.7	65.151	130.3	879.54	0	0	0	0	325.75	97.726	716.66	2443.2	358.33	0	325.75	390.9	390.9	32.575	2801.5	2117.4	1563.6	162.88	4625.7	65.151	521.21	684.08	32.575	9968.1	97.726	0	293.18	11727	12183	814.39	0	618.93	1433.3	814.39	0	97.726	716.66	390.9	0	32.575	423.48	618.93	651.51	97.726	2182.6	195.45	0	390.9	521.21	97.726	65.151	32.575	97.726	0	293.18	32.575	0	195.45	0	32.575	0	781.81	130.3	32.575	0	358.33	358.33	0	97.726	32.575	0	0	0	130.3	260.6	130.3	195.45	130.3	488.63	32.575	716.66	0	32.575	0	879.54	260.6	0	0	0	293.18	195.45	97.726	0	0	0	0	65.151	0	32.575	325.75	0	0	32.575	195.45	0	0	130.3	0	0	0	0	0	0	0	0	0	0	0	0	0	65.151	0	0	0	0	0	325.75	65.151	195.45	228.03	0	0	32.575	0	0	0	0	0	0	0	0	0	0	0	0	32.575	65.151	0	0	97.726	97.726	97.726	0	0	0	0	0	0	0	32.575	0	0	0	130.3	521.21	0	0	0	32.575	0	0	0	0	0	0	0	0	0	0	0	0	0	0	0	0	0	0	0	0	0	0	0	0	0	0	0	0	0	32.575	260.6	0	0	0	0	0	0	0	0	0	0	0	0	32.575	0	0	0	0	0	0	0	0	0	0	0	0	0	0	0	0	0	0	0	0	0	0	0	0	0	0	0	0	0	0	0	0	0	0	0	0	0	97.726	0	0	0	0	0	0	0	32.575	195.45	0	0	0	0	0	0	0	0	0	0	162.88	0	0	0	0	0	0	0	0	0	0	0	0	0	0	162.88	0	0	0	0	0	0	0	0	0	0	0	0	0	0	0	0	0	0	0	0	0	0	0	0	0	0	0	0	0	0	0	0	0	0	0	0	0	0	0	0	0	0	0	0	0	0	0	0	0	0	0	586.36	0	0	0	0	0	0	0	0	130.3	0	0	0	0	0	0	0	0	0	358.33	0	0	0	65.151	65.151	0	0	0	0	0	0	0	0	0	0	0	0	0	0	0	0	0	0	0	0	0	0	0	0	0	0	0	0	0	97.726	0	0	32.575	0	0	0	0	0	0	0	456.06	0	0	0	32.575	0	0	0	0	0
L129_E02	NF	329.76	0	82.44	659.52	0	82.44	0	1154.2	0	0	329.76	164.88	0	1896.1	123.66	1030.5	2679.3	535.86	0	0	0	164.88	0	41.22	41.22	0	0	0	123.66	0	0	0	0	0	865.62	123.66	4245.7	0	370.98	1896.1	123.66	41.22	0	0	206.1	412.2	494.64	2267.1	659.52	41.22	329.76	1154.2	412.2	82.44	3132.7	1978.6	741.96	1360.3	1483.9	206.1	288.54	494.64	164.88	3792.3	164.88	0	164.88	1772.5	8573.8	164.88	0	659.52	1607.6	206.1	82.44	412.2	1071.7	494.64	288.54	0	370.98	247.32	1731.2	0	370.98	288.54	0	123.66	41.22	0	164.88	0	123.66	41.22	0	0	0	0	0	0	0	577.08	41.22	41.22	0	82.44	41.22	0	0	82.44	0	0	41.22	41.22	0	0	123.66	82.44	82.44	0	41.22	0	0	0	82.44	0	41.22	0	0	41.22	123.66	41.22	0	0	0	0	0	0	82.44	577.08	0	0	206.1	948.06	41.22	0	453.42	123.66	0	0	0	0	0	0	0	41.22	0	0	0	0	0	0	0	0	0	0	370.98	0	0	494.64	0	0	0	0	0	0	0	0	0	41.22	0	0	0	0	0	0	247.32	0	0	0	0	41.22	0	0	0	0	82.44	0	0	0	0	0	0	0	164.88	0	0	0	0	0	41.22	0	164.88	0	0	164.88	0	0	0	0	0	0	0	0	0	0	0	0	0	41.22	0	0	0	82.44	0	41.22	0	0	0	123.66	0	41.22	0	0	0	1772.5	0	0	0	0	0	0	0	0	0	0	0	0	0	123.66	0	0	0	0	0	0	0	0	0	0	0	0	0	0	0	0	0	0	0	0	0	0	0	0	0	0	0	0	0	0	0	0	0	0	0	0	0	0	0	0	0	0	0	0	0	0	0	0	0	0	247.32	0	0	0	0	0	0	0	0	0	0	0	0	0	0	41.22	0	164.88	0	0	0	0	123.66	0	0	0	0	0	0	0	0	0	0	0	0	0	0	0	0	0	0	0	0	0	0	0	0	0	0	0	0	0	0	0	0	0	0	0	0	0	0	0	0	0	0	82.44	412.2	247.32	0	0	0	0	0	0	0	0	0	0	0	0	0	0	0	0	0	41.22	82.44	0	0	0	0	41.22	0	41.22	0	0	0	0	0	0	0	0	0	0	0	0	0	0	82.44	0	0	0	0	0	0	0	0	0	0	0	0	824.4	0	0	0	0	0	0	0	0	0	0	618.3	0	0	0	82.44	0	41.22	0	0	0
L129_D03	NF	428.82	0	0	321.61	21.441	0	0	1865.3	64.323	0	643.22	128.65	42.882	557.46	64.323	321.61	2637.2	364.49	235.85	0	235.85	0	21.441	493.14	85.763	0	0	64.323	0	0	0	0	321.61	171.53	986.28	664.67	4009.4	64.323	536.02	3644.9	107.2	21.441	0	0	321.61	385.93	385.93	1865.3	814.75	0	321.61	364.49	514.58	493.14	1136.4	2272.7	1672.4	407.38	1565.2	450.26	364.49	793.31	85.763	3559.2	621.78	171.53	793.31	107.2	5145.8	42.882	64.323	1222.1	1908.2	428.82	192.97	21.441	1200.7	192.97	85.763	0	171.53	150.09	1994	21.441	664.67	214.41	64.323	107.2	85.763	171.53	64.323	171.53	192.97	64.323	0	42.882	21.441	0	0	0	0	385.93	85.763	64.323	0	64.323	300.17	0	21.441	343.05	21.441	0	192.97	85.763	150.09	428.82	21.441	321.61	0	0	321.61	128.65	21.441	128.65	107.2	0	42.882	0	0	0	150.09	0	0	0	21.441	0	0	0	192.97	128.65	0	0	192.97	728.99	0	0	385.93	150.09	0	0	0	0	0	0	0	107.2	0	0	0	0	0	0	21.441	0	85.763	21.441	64.323	0	64.323	536.02	343.05	0	0	0	107.2	21.441	0	0	0	64.323	0	0	0	0	0	0	171.53	0	0	107.2	21.441	42.882	0	0	0	0	0	0	0	21.441	0	0	0	0	278.73	0	0	21.441	0	0	0	0	21.441	0	0	0	0	0	0	0	0	0	0	0	0	0	0	0	0	64.323	21.441	0	0	0	0	0	0	0	21.441	42.882	0	64.323	0	0	0	107.2	0	0	0	0	0	0	64.323	0	0	0	0	0	0	0	0	0	0	0	0	0	0	0	0	0	0	0	0	0	0	0	0	21.441	0	0	0	0	0	0	21.441	0	0	0	0	0	278.73	0	0	0	0	0	0	0	0	150.09	0	0	0	42.882	0	0	0	0	0	0	321.61	0	0	0	0	0	0	0	0	0	0	0	0	0	0	0	0	21.441	0	0	0	192.97	128.65	0	0	0	0	0	0	0	0	0	0	0	0	0	0	0	0	0	0	0	0	0	0	0	0	0	0	0	0	0	0	0	0	0	0	0	128.65	0	0	0	0	0	0	0	1029.2	42.882	0	0	0	0	150.09	0	0	0	85.763	0	0	0	21.441	0	0	0	0	0	257.29	0	0	0	128.65	0	0	0	0	0	0	0	0	0	0	0	0	0	0	0	0	0	0	0	0	0	64.323	0	0	0	0	0	21.441	0	0	300.17	0	0	128.65	0	0	0	0	0	0	0	214.41	0	0	0	42.882	64.323	171.53	0	0	0
L129_E05	NF	0	0	0	957.85	0	0	0	2394.6	0	0	383.14	0	0	0	0	0	3448.3	383.14	0	0	0	0	0	574.71	0	0	0	0	0	0	0	0	0	0	383.14	0	3352.5	191.57	95.785	1245.2	0	0	0	0	383.14	191.57	478.93	2203.1	95.785	95.785	383.14	0	191.57	383.14	2394.6	0	1436.8	191.57	2011.5	287.36	287.36	191.57	0	6321.8	478.93	0	957.85	0	6130.3	383.14	0	383.14	3735.6	574.71	0	0	574.71	862.07	0	0	0	95.785	2203.1	0	95.785	191.57	574.71	0	95.785	287.36	0	957.85	95.785	95.785	0	0	191.57	0	0	0	0	383.14	0	0	95.785	0	1245.2	0	0	0	0	0	0	0	0	0	191.57	95.785	191.57	191.57	95.785	0	0	0	862.07	0	191.57	0	0	383.14	0	0	0	0	0	0	0	0	95.785	0	0	0	95.785	191.57	0	0	0	95.785	0	0	0	0	0	0	95.785	0	0	0	0	0	0	0	0	0	0	0	95.785	0	383.14	383.14	862.07	0	0	0	0	0	0	0	0	0	0	0	0	0	95.785	0	0	0	0	0	0	0	0	0	0	0	0	0	0	0	0	0	0	0	0	0	0	0	0	0	0	0	0	0	0	0	0	0	0	0	0	0	0	0	0	0	0	0	0	0	0	0	0	0	0	0	0	0	95.785	478.93	0	95.785	0	0	0	0	0	191.57	0	0	0	0	95.785	0	0	0	0	0	0	0	0	0	0	0	0	0	0	0	0	0	0	0	0	0	0	0	0	0	0	0	0	0	0	0	0	0	0	0	0	0	95.785	0	0	0	0	0	0	0	95.785	0	0	0	0	0	0	0	0	0	0	0	287.36	0	0	0	0	0	0	0	0	0	0	0	0	0	0	0	0	0	0	0	0	0	0	0	0	0	0	0	0	0	0	0	0	0	0	0	0	0	0	0	0	0	0	0	0	0	0	0	0	0	0	0	0	0	0	0	0	0	0	0	0	0	0	0	0	0	1724.1	0	0	0	0	0	0	0	0	0	0	0	0	0	0	0	0	0	0	0	383.14	95.785	0	0	95.785	0	0	0	0	0	287.36	0	0	0	0	0	0	0	0	0	0	0	0	95.785	0	0	0	0	0	0	191.57	0	0	0	0	766.28	0	0	0	0	0	0	0	0	0	0	383.14	0	0	0	0	0	0	0	0	0
L129_G05	NF	0	0	201.45	0	125.91	0	25.181	881.35	0	0	276.99	100.72	25.181	629.53	201.45	50.363	1838.2	25.181	0	0	0	0	0	25.181	352.54	0	0	0	0	0	0	0	100.72	0	528.81	251.81	2417.4	100.72	75.544	2946.2	0	0	0	0	251.81	428.08	604.35	1460.5	956.89	25.181	176.27	100.72	125.91	50.363	3198	553.99	1334.6	528.81	5237.7	478.45	1007.3	679.9	352.54	7705.5	201.45	176.27	1611.6	12817	2618.9	1082.8	25.181	604.35	1913.8	528.81	125.91	604.35	428.08	453.26	0	0	1385	125.91	2593.7	75.544	1611.6	428.08	352.54	0	402.9	50.363	50.363	226.63	302.18	0	0	50.363	0	0	0	0	75.544	75.544	0	0	0	75.544	75.544	0	0	251.81	0	0	75.544	100.72	75.544	0	302.18	0	579.17	50.363	428.08	0	50.363	50.363	1838.2	0	0	0	0	830.98	25.181	176.27	0	0	176.27	0	276.99	0	151.09	881.35	50.363	0	151.09	25.181	0	0	805.8	0	50.363	0	0	0	0	151.09	50.363	25.181	0	0	0	0	0	100.72	25.181	0	25.181	0	327.36	276.99	125.91	251.81	453.26	125.91	377.72	0	125.91	0	0	0	0	151.09	0	0	50.363	0	0	0	0	0	0	125.91	0	730.26	0	0	0	0	0	0	25.181	50.363	0	0	0	0	50.363	0	0	25.181	0	0	0	0	0	0	0	0	0	0	0	0	0	0	0	0	0	0	0	0	0	125.91	0	0	0	0	0	0	0	0	0	125.91	0	100.72	25.181	0	0	402.9	0	0	25.181	0	0	0	100.72	0	0	0	0	0	0	705.08	0	0	0	0	0	0	0	0	0	0	0	0	0	0	50.363	0	0	0	0	0	0	0	0	0	0	0	0	0	0	0	0	0	0	0	0	0	0	0	0	75.544	0	0	0	151.09	0	0	0	0	0	0	75.544	0	0	0	0	0	0	0	0	0	0	75.544	0	0	0	151.09	0	0	0	0	0	0	0	0	0	0	0	0	0	0	0	0	0	0	0	0	0	0	0	0	0	0	0	151.09	0	0	0	0	0	0	0	0	25.181	0	0	0	0	0	50.363	0	0	0	0	0	0	0	25.181	0	0	0	0	0	25.181	0	0	75.544	151.09	0	0	0	0	0	0	0	0	0	302.18	50.363	0	0	0	0	0	0	0	0	0	0	0	0	0	0	0	25.181	0	0	0	0	0	0	0	25.181	0	0	0	0	0	0	0	0	0	201.45	0	0	125.91	0	0	0	0	0	0	0	0	0	0	0	25.181	327.36	0	0	0	0
L129_H07	NF	122.13	0	97.705	0	219.84	0	0	1245.7	36.639	0	378.61	219.84	61.066	830.49	85.492	451.89	1453.4	85.492	12.213	0	244.26	219.84	0	12.213	1221.3	24.426	0	36.639	61.066	0	24.426	0	219.84	97.705	818.28	12.213	2650.3	146.56	268.69	1526.6	183.2	61.066	0	0	195.41	415.25	451.89	1893	793.85	61.066	183.2	244.26	146.56	305.33	2528.1	1428.9	1172.5	720.58	3505.2	244.26	879.35	854.92	390.82	5471.5	329.76	146.56	854.92	7926.3	5178.4	683.94	48.853	854.92	3688.4	183.2	170.98	109.92	1074.8	341.97	122.13	0	512.95	806.07	2393.8	0	1111.4	427.46	170.98	73.279	500.74	293.11	207.62	293.11	12.213	183.2	0	0	36.639	0	0	48.853	36.639	48.853	0	0	0	0	61.066	0	305.33	561.8	0	0	73.279	268.69	207.62	36.639	122.13	73.279	317.54	122.13	403.03	207.62	0	170.98	696.15	0	24.426	0	12.213	48.853	24.426	781.64	0	0	122.13	48.853	195.41	0	170.98	170.98	0	0	134.35	0	0	0	451.89	12.213	48.853	0	24.426	0	0	0	109.92	73.279	0	24.426	0	0	0	0	0	0	12.213	158.77	48.853	170.98	622.87	73.279	635.08	0	0	12.213	0	0	0	0	0	244.26	0	24.426	61.066	0	0	122.13	0	0	0	195.41	0	146.56	0	0	0	0	0	0	0	61.066	0	0	0	0	24.426	0	0	0	0	0	0	0	48.853	0	0	12.213	0	0	0	0	36.639	0	0	0	0	0	12.213	0	0	329.76	0	0	0	12.213	0	0	0	0	0	341.97	329.76	24.426	24.426	12.213	0	73.279	12.213	0	73.279	12.213	0	0	24.426	0	0	0	0	0	0	170.98	0	0	0	0	0	61.066	0	0	0	0	0	0	0	0	0	0	0	0	0	0	0	0	0	0	0	0	0	0	0	0	73.279	0	0	0	0	0	0	0	24.426	146.56	0	0	0	0	0	0	0	0	0	0	329.76	0	0	0	0	0	24.426	0	12.213	0	0	85.492	0	0	0	0	0	61.066	24.426	0	0	12.213	12.213	24.426	0	0	0	0	0	0	0	0	0	0	0	0	0	0	0	0	0	0	0	12.213	0	0	0	0	0	0	0	0	0	0	0	0	0	0	0	0	0	0	0	0	0	232.05	0	24.426	0	0	0	0	12.213	0	0	0	244.26	0	0	0	0	0	0	0	0	36.639	183.2	0	0	73.279	0	48.853	0	24.426	0	0	24.426	0	0	0	0	0	0	0	12.213	0	0	0	0	0	0	12.213	0	24.426	0	0	0	0	0	0	0	268.69	24.426	0	122.13	0	0	0	0	0	0	0	134.35	0	0	0	0	0	12.213	0	0	0
L129_B10	NF	325.34	0	0	0	130.14	97.602	0	1626.7	0	0	65.068	0	130.14	260.27	0	0	1171.2	292.81	0	0	260.27	0	32.534	0	0	0	0	0	97.602	0	0	0	97.602	0	325.34	0	2765.4	650.68	0	1594.2	32.534	65.068	0	0	32.534	97.602	227.74	780.82	683.22	0	130.14	162.67	325.34	130.14	2700.3	0	2049.6	553.08	5172.9	520.54	97.602	520.54	162.67	11550	976.02	195.2	878.42	162.67	7743.1	162.67	0	845.89	2277.4	715.75	65.068	520.54	780.82	162.67	0	0	325.34	845.89	2993.1	0	390.41	195.2	0	0	227.74	260.27	0	130.14	162.67	357.88	0	0	65.068	0	0	0	0	422.94	0	0	130.14	65.068	65.068	0	195.2	390.41	130.14	0	0	97.602	162.67	97.602	780.82	260.27	0	65.068	65.068	422.94	32.534	32.534	32.534	0	0	0	0	520.54	845.89	97.602	0	0	390.41	65.068	130.14	0	32.534	195.2	0	0	227.74	618.15	0	130.14	813.35	130.14	227.74	32.534	0	0	0	0	0	130.14	0	0	0	0	97.602	0	65.068	0	227.74	0	65.068	0	455.48	325.34	455.48	0	0	0	0	227.74	0	0	0	32.534	0	0	0	0	0	0	0	0	0	227.74	0	0	0	0	0	0	0	0	0	0	0	0	0	0	0	0	0	0	0	0	0	0	32.534	0	0	0	0	0	97.602	32.534	0	0	0	0	0	0	0	0	0	0	0	0	0	0	0	0	0	0	65.068	32.534	0	65.068	0	0	0	0	0	0	0	0	0	0	0	0	0	0	0	0	0	0	0	0	0	0	0	0	0	0	0	0	0	0	0	0	0	0	0	0	0	0	0	0	0	0	0	0	0	0	0	0	0	0	0	0	0	0	0	0	0	130.14	0	0	0	32.534	0	0	0	0	0	0	32.534	162.67	0	0	0	0	130.14	0	0	0	0	65.068	32.534	162.67	0	32.534	0	0	0	0	0	0	195.2	0	0	0	0	0	0	0	0	0	0	0	0	0	0	0	0	0	0	0	0	0	0	0	0	0	0	0	0	0	0	0	0	0	0	0	0	0	0	0	0	0	0	0	2244.9	0	0	0	0	0	130.14	0	0	0	0	0	0	0	0	0	0	0	0	97.602	97.602	0	0	97.602	32.534	0	162.67	0	0	0	97.602	0	0	0	0	0	0	0	0	0	0	0	0	0	0	0	0	0	0	0	0	0	0	0	0	195.2	0	0	65.068	0	0	0	0	0	0	0	130.14	0	0	0	65.068	65.068	130.14	0	0	0
L129_D10	NF	0	0	0	0	70.384	0	0	1498.2	20.11	0	603.29	251.37	30.164	703.84	90.493	0	1920.5	482.63	20.11	0	211.15	30.164	0	10.055	0	10.055	10.055	20.11	20.11	10.055	160.88	0	30.164	100.55	1166.4	301.64	2584.1	392.14	100.55	3881.1	30.164	20.11	0	0	170.93	452.47	603.29	2071.3	472.58	60.329	472.58	633.45	180.99	241.32	3308	1407.7	2543.9	502.74	2734.9	512.79	703.84	764.16	100.55	9351	1246.8	201.1	1055.8	50.274	5067.6	1126.1	50.274	985.37	2011	251.37	90.493	341.86	834.55	583.18	201.1	170.93	1377.5	462.52	1729.4	120.66	1035.6	291.59	301.64	160.88	382.08	110.6	60.329	160.88	120.66	221.21	50.274	70.384	0	0	0	0	0	492.68	20.11	30.164	0	0	50.274	0	170.93	321.75	0	0	130.71	110.6	180.99	40.219	150.82	120.66	502.74	20.11	321.75	70.384	0	191.04	130.71	0	50.274	0	0	60.329	0	553.01	0	0	0	0	160.88	0	191.04	744.05	0	0	0	0	0	20.11	1126.1	160.88	10.055	0	30.164	40.219	0	110.6	0	110.6	0	0	0	0	10.055	0	10.055	0	70.384	10.055	120.66	221.21	794.33	412.25	311.7	60.329	1649	30.164	10.055	10.055	0	0	40.219	70.384	0	20.11	40.219	0	30.164	90.493	0	0	0	241.32	0	70.384	0	0	0	0	0	50.274	0	10.055	0	0	0	0	10.055	0	0	0	0	0	0	0	80.438	0	0	70.384	0	0	0	10.055	0	0	0	0	0	0	0	0	0	30.164	0	0	0	20.11	0	20.11	0	0	0	90.493	0	0	10.055	0	0	100.55	0	0	10.055	0	0	0	10.055	0	0	0	0	0	0	0	0	0	10.055	40.219	0	0	0	0	0	0	0	0	10.055	0	0	0	0	0	0	0	0	20.11	0	0	0	0	30.164	0	0	0	20.11	0	0	0	0	0	0	0	80.438	170.93	0	0	0	30.164	0	0	0	0	0	0	150.82	0	0	0	0	0	0	0	0	0	0	60.329	0	50.274	0	150.82	0	40.219	10.055	0	0	60.329	180.99	40.219	0	0	0	0	10.055	0	0	0	0	20.11	0	0	0	0	0	0	0	0	0	20.11	0	10.055	0	0	0	0	0	0	0	0	0	0	0	0	0	0	0	10.055	0	0	10.055	0	0	0	0	0	0	0	0	0	0	40.219	0	0	0	10.055	0	0	0	0	0	0	140.77	20.11	0	80.438	30.164	30.164	40.219	0	0	0	0	0	0	10.055	0	0	0	0	10.055	0	0	0	0	30.164	0	100.55	0	0	0	0	0	0	60.329	0	0	40.219	20.11	0	50.274	0	0	0	0	0	0	0	180.99	0	0	0	40.219	20.11	0	0	0	0
L129_G10	NF	0	0	0	0	0	0	0	1040.8	59.476	0	0	0	0	356.86	237.9	0	3330.7	237.9	0	0	0	0	0	89.214	0	0	0	0	267.64	0	297.38	0	0	0	89.214	0	2676.4	29.738	29.738	0	0	0	0	0	178.43	773.19	208.17	416.33	297.38	0	0	386.59	0	297.38	6482.9	118.95	4668.9	1159.8	12609	475.81	1962.7	802.93	29.738	19895	1070.6	237.9	862.4	1843.8	15523	505.55	208.17	654.24	2379	297.38	0	148.69	356.86	386.59	118.95	0	535.28	505.55	2141.1	327.12	446.07	208.17	118.95	535.28	713.71	386.59	0	327.12	29.738	89.214	0	0	0	29.738	0	0	0	0	59.476	148.69	0	59.476	59.476	0	29.738	981.35	0	89.214	208.17	0	267.64	0	89.214	59.476	237.9	0	237.9	29.738	0	267.64	148.69	0	0	0	0	505.55	0	148.69	0	0	297.38	0	178.43	29.738	0	208.17	0	0	118.95	208.17	0	0	118.95	0	0	0	0	267.64	0	148.69	0	356.86	0	0	0	0	267.64	118.95	0	0	0	0	416.33	327.12	1367.9	89.214	178.43	0	89.214	0	0	0	0	0	0	0	0	0	0	0	297.38	0	118.95	0	0	59.476	0	416.33	0	327.12	0	0	29.738	59.476	118.95	0	0	0	0	0	0	0	0	0	0	0	0	0	297.38	0	0	0	0	1516.6	0	0	0	0	0	0	0	0	0	0	0	0	0	0	0	0	0	148.69	0	0	0	29.738	0	475.81	0	0	0	0	0	0	0	0	0	0	29.738	0	0	0	0	0	0	0	0	0	0	0	0	0	0	0	0	0	0	0	0	0	0	0	0	0	0	0	0	0	0	0	0	0	0	0	0	0	0	0	0	0	0	0	0	0	59.476	475.81	0	0	0	29.738	0	0	0	0	0	0	89.214	0	0	0	0	0	0	0	0	0	0	0	0	0	0	237.9	0	0	0	0	0	0	0	0	0	0	0	0	0	0	0	0	0	0	0	0	0	0	0	0	0	0	0	59.476	0	0	0	0	0	0	0	0	0	0	0	0	0	0	0	0	0	0	0	0	89.214	0	0	0	0	0	0	0	0	0	0	0	0	0	0	0	29.738	0	0	0	0	0	118.95	0	0	0	29.738	59.476	0	0	0	0	0	0	0	0	0	0	0	0	0	0	0	0	0	0	0	29.738	0	29.738	0	0	0	0	0	0	0	0	0	0	59.476	0	0	0	0	0	0	0	0	0	0	0	0	0	0	0	0	0
L129_D11	NF	0	0	0	0	104.96	0	0	1364.5	0	0	52.482	157.45	0	472.34	0	367.38	2939	52.482	0	0	0	52.482	0	0	262.41	0	0	0	0	0	0	0	0	0	524.82	997.17	2834.1	367.38	0	2834.1	0	0	262.41	0	0	524.82	104.96	2151.8	52.482	0	0	0	0	52.482	419.86	0	1364.5	104.96	2781.6	629.79	1836.9	262.41	104.96	5720.6	577.31	367.38	472.34	17319	209.93	1836.9	0	997.17	2204.3	262.41	0	157.45	419.86	419.86	52.482	0	1154.6	209.93	1784.4	0	209.93	314.89	0	0	104.96	52.482	367.38	209.93	367.38	52.482	0	0	0	0	0	52.482	0	419.86	0	104.96	0	0	0	0	0	0	0	0	0	0	52.482	0	157.45	0	262.41	262.41	524.82	104.96	0	0	104.96	0	0	0	0	5668.1	262.41	1259.6	0	0	157.45	0	209.93	0	209.93	52.482	0	0	0	367.38	0	0	577.31	0	0	0	52.482	0	157.45	0	0	0	0	0	0	0	0	0	0	0	0	209.93	209.93	0	0	209.93	682.27	104.96	0	0	0	0	0	367.38	0	104.96	0	0	0	0	314.89	52.482	104.96	0	0	262.41	0	104.96	0	0	209.93	0	104.96	52.482	157.45	52.482	0	0	0	0	104.96	0	0	0	0	0	0	0	0	0	0	0	0	0	0	0	0	0	0	0	0	0	0	0	0	0	0	0	0	0	0	0	0	0	0	839.72	0	0	209.93	0	0	0	0	0	0	0	0	0	0	0	0	0	0	0	0	104.96	0	0	0	0	0	0	0	0	419.86	0	0	0	0	0	0	0	0	104.96	0	0	0	0	0	0	0	0	0	0	0	0	104.96	0	0	0	0	0	0	0	0	314.89	0	0	0	52.482	0	0	0	0	0	0	52.482	0	0	0	0	0	0	0	0	0	0	0	0	0	0	472.34	0	0	0	0	0	52.482	104.96	104.96	0	0	0	157.45	0	0	0	262.41	0	0	0	0	0	0	0	0	0	0	0	0	0	0	0	0	0	0	0	0	0	0	0	0	0	0	0	0	0	0	0	0	0	0	944.68	157.45	0	0	0	0	0	0	0	0	0	0	0	0	0	0	0	0	0	0	157.45	104.96	0	0	0	0	0	0	0	0	314.89	0	0	0	0	0	0	0	0	0	0	0	0	0	0	0	0	0	0	0	0	0	0	0	0	52.482	0	0	157.45	0	0	0	0	0	0	0	419.86	0	0	0	0	0	104.96	0	0	0
L130_D01	NF	0	0	0	0	0	0	0	785.7	0	0	0	196.43	98.213	392.85	98.213	196.43	4910.6	0	0	0	0	0	0	0	0	0	0	0	0	98.213	0	0	0	0	196.43	196.43	2357.1	0	0	785.7	0	0	0	0	98.213	491.06	491.06	1866	196.43	0	0	0	687.49	0	4124.9	1866	3142.8	982.12	5008.8	196.43	392.85	1473.2	392.85	8053.4	0	196.43	982.12	19053	1178.6	0	294.64	294.64	294.64	982.12	0	0	294.64	294.64	0	0	392.85	785.7	491.06	98.213	392.85	1080.3	196.43	0	491.06	0	294.64	0	687.49	0	0	0	0	0	0	98.213	98.213	98.213	0	0	0	98.213	294.64	0	294.64	883.91	0	0	0	0	0	0	0	0	0	196.43	294.64	589.28	392.85	0	0	392.85	0	0	0	0	98.213	0	0	0	0	0	98.213	0	98.213	2651.7	0	0	0	98.213	0	0	0	196.43	0	0	0	0	0	0	0	196.43	0	0	0	0	0	0	196.43	0	0	0	98.213	0	196.43	1178.6	0	0	0	0	0	0	0	0	0	0	0	0	0	0	687.49	0	0	0	0	0	0	0	0	0	0	0	0	0	0	0	0	0	0	0	0	0	0	0	0	0	0	0	0	0	0	0	0	0	0	0	0	0	0	0	0	0	0	98.213	0	98.213	0	0	0	0	0	0	0	0	0	2258.9	0	98.213	0	0	0	0	0	0	0	0	0	0	196.43	0	0	0	0	0	0	687.49	0	0	0	0	0	98.213	0	0	0	0	0	0	0	0	0	0	0	0	0	0	0	0	0	0	0	0	0	0	0	0	0	0	0	0	0	0	0	0	0	98.213	0	0	0	0	0	0	0	0	0	0	294.64	0	0	0	0	0	0	0	0	0	98.213	0	0	0	0	392.85	0	0	0	0	0	0	0	0	0	0	0	0	0	0	0	0	0	0	0	0	0	0	0	0	0	0	0	0	0	0	0	0	0	0	0	0	196.43	0	0	0	0	0	0	0	0	0	0	0	98.213	0	0	491.06	0	0	0	0	0	0	0	0	0	0	0	0	0	0	0	0	0	0	196.43	0	0	0	0	0	0	392.85	0	0	0	0	0	0	0	0	0	0	0	0	0	0	0	0	0	0	0	0	0	0	0	0	0	0	0	196.43	0	0	0	0	0	0	0	0	0	0	491.06	0	0	0	98.213	0	0	0	0	0
L130_E10	NF	12.289	0	0	0	0	0	0	307.23	86.025	0	0	0	0	909.4	0	368.68	1118.3	270.36	0	0	0	0	0	12.289	0	0	0	0	147.47	98.314	0	0	36.868	0	614.46	147.47	2986.3	49.157	49.157	61.446	147.47	0	0	12.289	73.735	24.579	98.314	1659.1	319.52	49.157	172.05	958.56	245.79	196.63	6181.5	2715.9	1806.5	540.73	7951.1	970.85	1118.3	1204.3	122.89	10397	614.46	49.157	1425.6	8123.2	5665.3	393.26	73.735	811.09	3195.2	172.05	110.6	73.735	663.62	675.91	0	98.314	479.28	196.63	1204.3	135.18	700.49	98.314	0	319.52	368.68	233.5	0	184.34	147.47	61.446	159.76	147.47	24.579	172.05	0	110.6	0	270.36	196.63	73.735	0	159.76	98.314	0	221.21	1339.5	24.579	0	110.6	405.55	270.36	36.868	282.65	270.36	331.81	98.314	405.55	528.44	0	12.289	589.88	110.6	245.79	0	122.89	49.157	196.63	0	0	0	36.868	0	61.446	0	36.868	0	12.289	0	147.47	565.3	0	12.289	12.289	98.314	12.289	12.289	12.289	12.289	36.868	0	0	208.92	0	0	0	0	0	0	0	0	0	24.579	208.92	49.157	282.65	651.33	208.92	0	110.6	0	24.579	24.579	0	0	0	122.89	0	0	0	0	24.579	36.868	36.868	0	0	98.314	36.868	36.868	0	0	0	0	24.579	12.289	0	0	0	0	0	110.6	872.54	0	0	0	36.868	0	12.289	0	98.314	0	12.289	49.157	0	0	0	0	0	0	0	0	0	0	0	0	0	61.446	0	0	0	0	0	0	0	0	356.39	159.76	12.289	36.868	24.579	0	0	540.73	0	36.868	0	0	0	0	36.868	0	0	0	0	0	0	417.83	0	0	0	0	0	0	0	12.289	61.446	0	0	0	0	0	0	0	0	147.47	0	0	0	0	0	0	0	0	0	0	0	0	159.76	0	0	0	0	0	0	0	12.289	442.41	0	0	0	0	0	0	0	0	0	0	61.446	0	0	0	0	0	0	0	0	0	24.579	0	0	12.289	0	86.025	0	61.446	0	0	0	36.868	86.025	122.89	0	0	0	0	12.289	0	0	0	0	0	0	0	0	0	0	0	0	0	12.289	0	0	12.289	0	0	0	0	0	0	0	0	0	0	0	0	0	0	0	0	0	0	12.289	12.289	0	110.6	0	0	0	12.289	0	0	0	0	0	0	0	0	12.289	0	0	0	0	0	172.05	0	0	0	49.157	172.05	0	0	0	0	0	0	0	0	0	0	0	0	12.289	12.289	0	0	0	24.579	0	0	0	0	0	0	0	0	0	0	0	184.34	12.289	0	159.76	0	0	0	12.289	0	0	0	135.18	0	0	0	12.289	0	12.289	0	0	0
L130_D11	NF	0	0	0	0	0	0	0	1530.3	0	0	158.31	0	0	1002.6	0	158.31	897.1	211.08	52.77	0	0	0	0	52.77	0	0	0	0	316.62	0	0	0	0	0	633.24	369.39	3324.5	316.62	52.77	2744.1	0	105.54	0	0	105.54	527.7	527.7	1266.5	474.93	105.54	0	0	422.16	0	3219	633.24	2796.8	211.08	5118.7	369.39	738.79	422.16	580.47	11029	369.39	52.77	1002.6	8285	6965.7	580.47	158.31	633.24	3271.8	0	0	0	422.16	580.47	0	0	633.24	897.1	1688.7	0	738.79	263.85	0	52.77	422.16	1213.7	158.31	158.31	158.31	1002.6	211.08	0	263.85	52.77	0	0	263.85	158.31	158.31	211.08	0	158.31	263.85	0	211.08	263.85	0	0	105.54	52.77	0	0	369.39	105.54	158.31	0	52.77	52.77	105.54	0	580.47	0	0	0	0	0	263.85	369.39	0	0	633.24	0	158.31	0	105.54	738.79	211.08	0	1424.8	105.54	0	263.85	1213.7	422.16	0	105.54	105.54	0	0	0	0	52.77	0	0	0	0	0	0	0	0	0	0	105.54	0	791.56	1213.7	105.54	52.77	52.77	0	0	0	0	0	0	105.54	0	0	0	0	105.54	52.77	52.77	52.77	0	52.77	263.85	422.16	0	0	52.77	0	0	52.77	0	0	0	0	0	211.08	0	0	0	0	52.77	0	0	0	52.77	0	0	0	0	0	0	0	0	0	0	0	0	0	0	0	0	897.1	0	0	0	0	0	0	0	0	422.16	0	52.77	52.77	0	0	0	0	0	0	0	0	0	0	52.77	0	0	0	0	0	0	0	0	0	0	0	0	0	0	52.77	52.77	0	0	0	0	0	0	0	0	52.77	0	0	0	0	0	0	0	0	0	0	0	0	0	0	0	0	0	0	0	0	52.77	316.62	0	0	0	0	0	0	0	0	0	0	52.77	0	0	0	0	0	0	0	0	0	0	0	0	0	0	105.54	0	633.24	0	0	0	0	0	211.08	0	0	0	0	0	0	0	52.77	0	0	0	0	0	0	0	0	0	0	0	0	0	0	0	0	0	0	0	0	0	0	0	0	0	0	0	0	0	0	0	0	0	0	2005.3	0	0	0	0	0	0	0	0	0	0	0	0	0	105.54	0	0	0	0	0	369.39	0	0	369.39	0	0	0	52.77	0	52.77	0	0	0	0	0	0	0	0	0	0	0	0	0	0	0	0	0	0	0	0	0	0	0	0	0	0	52.77	0	211.08	0	0	0	0	0	0	0	474.93	0	0	0	105.54	105.54	0	0	0	0
L130_F11	NF	0	0	35.89	0	107.67	0	0	1112.6	0	0	179.45	0	35.89	502.46	251.23	0	2978.9	538.35	0	35.89	107.67	0	0	0	215.34	0	0	143.56	0	0	0	0	287.12	179.45	251.23	0	2261.1	323.01	107.67	1902.2	35.89	0	0	0	35.89	71.78	143.56	2261.1	287.12	0	215.34	466.57	0	0	1292	143.56	2368.7	251.23	3947.9	358.9	358.9	323.01	502.46	6388.4	825.47	0	969.03	0	4629.8	861.36	179.45	1004.9	3912	646.02	35.89	0	753.69	610.13	789.58	753.69	358.9	179.45	1363.8	0	358.9	610.13	179.45	646.02	107.67	287.12	71.78	71.78	323.01	215.34	0	0	215.34	0	0	0	0	610.13	35.89	0	0	0	71.78	0	0	753.69	0	0	215.34	287.12	35.89	215.34	143.56	35.89	717.8	107.67	323.01	71.78	0	0	358.9	0	358.9	0	35.89	0	0	1004.9	0	0	1148.5	0	251.23	0	0	789.58	0	0	107.67	861.36	0	0	825.47	0	71.78	466.57	0	0	0	0	0	71.78	0	0	0	0	0	35.89	143.56	0	71.78	0	179.45	0	1579.2	574.24	107.67	0	466.57	0	143.56	0	0	35.89	0	0	0	0	0	0	71.78	179.45	71.78	0	0	0	71.78	71.78	0	0	35.89	0	0	0	71.78	0	0	0	0	0	35.89	0	0	0	0	0	0	0	71.78	0	0	0	0	0	0	0	0	0	0	0	0	0	0	0	0	0	0	0	0	0	0	0	0	0	35.89	394.79	0	143.56	0	0	0	0	0	0	0	0	0	0	71.78	0	0	0	0	0	0	0	0	0	0	0	0	71.78	0	35.89	0	0	0	0	0	0	0	0	0	0	0	0	0	0	0	0	0	0	0	0	0	0	323.01	0	0	0	0	0	0	0	35.89	107.67	0	0	0	0	0	0	0	0	0	0	143.56	0	0	0	0	0	0	0	0	0	0	0	0	35.89	0	215.34	0	0	0	0	0	0	107.67	0	0	0	0	0	0	0	0	0	0	0	0	0	0	0	0	0	0	0	0	35.89	0	0	0	0	0	0	0	0	0	0	0	35.89	0	0	0	0	0	0	0	0	0	0	0	0	0	0	0	0	143.56	0	0	0	0	0	0	0	143.56	0	0	0	0	0	179.45	71.78	0	71.78	0	143.56	0	35.89	0	0	0	0	0	0	0	0	0	0	0	0	0	107.67	35.89	0	0	107.67	0	0	0	0	0	0	0	0	0	107.67	0	0	179.45	0	0	0	0	0	0	0	358.9	0	0	0	215.34	0	0	0	0	0
L141_D01	NF	0	0	0	0	159.15	0	0	572.94	0	0	541.11	0	0	604.77	0	127.32	1846.1	254.64	0	0	31.83	0	127.32	0	0	31.83	0	0	0	0	127.32	222.81	95.49	0	95.49	95.49	7352.7	0	159.15	413.79	31.83	95.49	0	0	445.62	127.32	254.64	541.11	509.28	0	0	63.66	0	0	6747.9	190.98	1464.2	159.15	11904	318.3	1527.8	954.9	254.64	6652.5	318.3	95.49	477.45	827.58	1145.9	541.11	572.94	413.79	1623.3	636.6	190.98	63.66	254.64	318.3	127.32	0	222.81	763.92	1464.2	0	222.81	318.3	0	0	95.49	381.96	95.49	0	31.83	350.13	0	63.66	0	222.81	0	63.66	95.49	31.83	0	63.66	0	63.66	31.83	0	0	381.96	0	0	286.47	127.32	159.15	31.83	127.32	0	732.09	190.98	0	63.66	0	31.83	190.98	31.83	0	0	0	668.43	254.64	31.83	0	0	604.77	0	127.32	0	0	6015.9	95.49	0	159.15	31.83	0	159.15	254.64	31.83	31.83	159.15	0	0	0	0	0	954.9	0	0	0	0	0	0	0	0	318.3	0	31.83	0	159.15	0	0	0	381.96	0	0	190.98	0	0	31.83	350.13	0	0	31.83	0	63.66	127.32	0	127.32	0	859.41	31.83	31.83	63.66	0	254.64	0	0	0	0	190.98	0	0	95.49	95.49	1464.2	0	0	0	159.15	0	31.83	0	95.49	95.49	0	63.66	63.66	0	63.66	350.13	0	0	0	0	0	0	0	0	63.66	604.77	127.32	0	0	0	0	254.64	31.83	0	95.49	1496	222.81	127.32	732.09	0	0	127.32	0	31.83	0	0	190.98	0	954.9	0	0	0	0	0	0	0	0	0	31.83	0	0	0	0	0	95.49	318.3	0	0	222.81	0	0	0	0	0	0	0	0	0	0	350.13	31.83	0	0	0	0	0	31.83	0	0	0	0	0	0	0	63.66	190.98	0	0	0	0	0	0	0	0	0	0	0	0	0	0	0	0	63.66	0	0	0	63.66	0	63.66	190.98	0	159.15	0	95.49	0	0	0	0	0	2769.2	0	63.66	0	127.32	0	0	0	0	0	0	0	31.83	0	0	0	0	0	0	0	95.49	0	0	0	0	0	0	0	0	0	0	0	127.32	0	0	0	127.32	0	0	0	0	190.98	0	127.32	0	0	63.66	0	127.32	127.32	0	0	0	0	0	0	31.83	0	0	0	0	0	0	95.49	0	0	0	350.13	0	127.32	63.66	31.83	31.83	0	0	31.83	95.49	31.83	286.47	0	31.83	222.81	0	0	0	0	0	0	0	63.66	0	0	0	0	0	95.49	0	0	350.13	63.66	0	3023.8	0	0	0	0	0	0	0	31.83	0	0	0	63.66	0	0	0	0	0
L141_E06	NF	0	0	95.42	0.6404	181.87	0	2.5616	1373	13.448	0	321.48	452.12	211.33	505.92	169.07	236.31	3568.3	253.6	16.65	0	315.72	19.853	0	21.774	10.246	8.3252	43.547	21.774	115.91	0.6404	15.37	1.9212	260.64	140.25	733.26	252.96	3374.3	99.262	52.513	4039	15.37	56.355	16.01	0	361.83	583.41	653.21	3617	509.76	78.77	156.26	470.06	1027.8	206.85	3292.9	1775.8	990.7	195.32	3309.6	439.32	1065	702.52	261.28	9634.2	484.14	157.54	568.04	5129.6	8233.7	1174.5	198.52	1090.6	1798.9	282.42	122.32	273.45	1128.4	269.61	97.341	36.503	1467.8	242.71	1450.5	19.853	312.52	93.499	128.72	77.489	98.622	66.602	56.996	56.355	93.499	277.29	70.444	135.76	1.9212	32.66	0	25.616	3.202	377.84	87.095	74.287	0	6.404	33.941	0	16.65	172.27	0	1.9212	70.444	155.62	156.9	58.917	63.4	309.32	541.78	2.5616	197.24	0	3.8424	176.11	372.71	0	18.572	1.2808	17.931	9.606	83.252	171.63	0	0	38.424	0	43.547	0	113.99	279.86	0	0	101.82	10.887	0	0	141.53	60.198	30.099	0	5.1232	0	0.6404	129.36	0	44.828	0	0	0	1.2808	28.818	1.2808	0	0	29.458	12.808	51.873	51.873	502.08	523.21	389.36	23.055	127.44	0	30.739	0	0	0	10.246	68.523	0	0	6.404	0	12.168	4.4828	5.7636	8.3252	0	156.26	24.335	99.903	0	0	0	0	0	14.089	0	6.404	0	0.6404	0	1.2808	8.9656	0	0	0	11.527	0	3.8424	0	12.168	0	0	0	0	6.404	5.1232	5.1232	1.9212	0	0	0	0.6404	0	0	0	2.5616	78.129	14.089	0	0	7.0444	0	8.9656	0	0	0	57.636	0	29.458	5.1232	0	0.6404	64.04	0	0	124.88	0	4.4828	0	17.291	0	0	0	0	0	0	3.202	0	0	0	1.9212	0	0.6404	5.1232	32.02	1.9212	1.9212	0	0	0.6404	1.9212	0	0	0	0	0	0	0	0	0	0	0	0	0	0.6404	3.8424	0	108.87	0	0	0	0	0	0	0	17.931	200.45	0	0	0	49.311	2.5616	0	0	0	0.6404	0	156.9	16.65	0	0	0	0	0	0	0	0	0	73.006	49.951	44.188	0	128.72	0	23.055	3.8424	0	1.2808	15.37	101.18	55.075	0	0	0	34.582	0	0	0	0	0	0	0	0	1.2808	3.8424	0	0.6404	0	0	0	16.65	0	0	0	0	0	0	0	0	1.9212	0	0	0	0	3.202	17.931	0	0	0	0	0	3.202	1.9212	0.6404	8.3252	0	0	0.6404	0	33.301	25.616	0	35.863	0	0	0	2.5616	0	0	0	0	0	0	226.7	0	0	113.35	110.15	1.9212	14.089	4.4828	1.2808	1.9212	1.2808	0	0	0.6404	0	0.6404	0	0	7.0444	2.5616	0	0	0.6404	0.6404	0	0.6404	0	0.6404	0	0	1.9212	0	32.02	0	0	292.02	17.291	0	106.95	0	0	0	3.8424	0	0	0	69.804	0	0	0	53.153	20.493	1.9212	0	0	0
L141_B07	NF	65.892	0	0	53.912	0	0	0	826.65	5.9902	0	239.61	53.912	53.912	1359.8	101.83	413.33	1383.7	71.882	317.48	0	17.971	0	0	101.83	0	0	0	11.98	41.931	149.76	0	0	545.11	77.873	437.29	0	2911.2	59.902	359.41	3102.9	0	0	0	0	317.48	682.88	275.55	3348.5	1287.9	155.75	772.74	227.63	1353.8	473.23	5091.7	2366.1	2222.4	401.34	4235.1	1485.6	1150.1	365.4	323.47	9758.1	431.3	197.68	1006.4	47.922	5612.8	820.66	131.79	1240	2923.2	964.42	47.922	245.6	850.61	467.24	59.902	35.941	1150.1	652.93	1851	0	275.55	209.66	0	652.93	131.79	0	59.902	718.83	287.53	245.6	11.98	0	11.98	0	0	41.931	5.9902	239.61	83.863	71.882	0	23.961	221.64	0	125.79	137.77	0	0	0	287.53	35.941	664.91	41.931	365.4	269.56	125.79	89.853	17.971	35.941	107.82	209.66	0	11.98	0	0	29.951	47.922	0	5.9902	0	95.843	0	41.931	0	5.9902	1150.1	0	0	41.931	71.882	0	11.98	323.47	77.873	0	0	17.971	0	0	0	0	251.59	0	0	0	0	0	0	0	0	29.951	0	209.66	17.971	497.19	173.72	1281.9	5.9902	149.76	0	0	17.971	0	5.9902	0	119.8	0	0	0	0	47.922	0	17.971	0	0	23.961	23.961	137.77	0	0	0	0	0	5.9902	0	0	0	5.9902	5.9902	0	0	0	0	0	0	0	0	0	155.75	0	0	5.9902	0	5.9902	11.98	29.951	0	0	0	0	0	0	0	0	41.931	11.98	0	0	0	0	0	0	0	0	5.9902	89.853	0	29.951	17.971	0	0	47.922	0	0	0	0	0	0	5.9902	0	0	0	0	0	0	0	0	0	0	0	0	0	0	0	0	0	0	0	0	0	0	0	0	0	0	0	0	0	0	0	0	0	0	0	17.971	0	71.882	17.971	0	0	0	0	0	0	0	694.86	0	0	0	0	0	0	0	0	0	5.9902	89.853	17.971	0	5.9902	0	0	0	5.9902	0	0	0	0	0	71.882	0	29.951	0	17.971	47.922	0	0	0	167.73	5.9902	0	0	0	0	0	0	0	0	0	0	0	0	0	0	0	0	0	0	11.98	0	0	0	0	0	0	0	0	0	0	5.9902	0	0	0	0	0	0	0	0	0	0	0	11.98	1377.8	35.941	0	0	0	0	17.971	0	0	41.931	0	0	0	0	29.951	0	0	0	0	0	179.71	0	0	5.9902	221.64	23.961	0	5.9902	0	5.9902	0	0	0	11.98	0	0	0	0	11.98	0	0	0	29.951	0	0	0	0	0	0	0	0	0	17.971	0	0	77.873	113.81	0	281.54	0	0	0	0	0	0	0	143.76	0	0	5.9902	59.902	5.9902	0	0	0	0
L141_C08	NF	240.29	0	7.3558	31.875	262.36	0.81731	13.077	621.16	107.89	0	497.74	456.88	402.93	1172	131.59	586.01	2245.1	253.37	194.52	1.6346	367.79	76.01	59.664	48.221	24.519	55.577	37.596	46.587	144.66	370.24	14.712	0.81731	316.3	69.471	583.56	44.135	3315	131.59	466.68	1889.6	42.5	46.587	0	15.529	570.48	583.56	403.75	2818.1	898.22	63.75	167.55	197.79	830.39	475.67	3662.4	756.01	1631.3	394.76	5149.9	814.86	723.32	755.19	397.21	9028	405.39	84.183	442.16	1776.8	5269.2	688.17	125.05	581.11	3160.5	595.82	177.36	171.63	681.64	617.89	53.942	16.346	630.15	789.52	1803.8	1.6346	464.23	259.9	18.798	161.83	246.01	153.65	45.769	112.79	168.37	101.35	47.404	4.0866	13.894	0	0	89.087	22.067	290.14	83.366	24.519	0	259.09	169.18	0	31.058	271.35	47.404	5.7212	121.78	335.91	48.221	226.4	290.96	416.83	165.91	49.856	313.85	36.779	17.163	170	318.75	5.7212	54.76	36.779	76.01	8.9904	155.29	0.81731	0	0	35.962	0	9.8077	0	122.6	39.231	1.6346	0	109.52	60.481	12.26	1.6346	241.92	58.029	19.615	0	0	89.904	8.9904	0.81731	18.798	111.97	0	0	0	0	2.4519	0	10.625	2.4519	67.019	14.712	170	4.0866	570.48	346.54	178.17	1.6346	0.81731	0	103.8	17.163	0	0	0	232.93	0	0	24.519	0	0	80.914	0	0	0	183.08	1.6346	382.5	0	0	5.7212	0	3.2692	27.788	0	18.798	1.6346	0	5.7212	0	73.558	0	0	0	0	0	4.9039	0	33.51	1.6346	0	2.4519	0	0.81731	0	0.81731	15.529	0	0	0	0	0	0	0	5.7212	32.692	12.26	0	0	0	0	8.9904	0	0	13.077	77.644	0	85	148.75	3.2692	0	335.91	0.81731	0.81731	19.615	0	5.7212	0	13.894	0	0	0	0	0	0	4.0866	0	0	0	0	0	0	0	76.01	8.9904	0.81731	0	0	4.0866	0	0.81731	0	0	100.53	1.6346	0	0	0	0	0	0	0	0	2.4519	0	0	20.433	0	0	0.81731	0	0	0	0	17.981	251.73	0	0	0	4.0866	19.615	0	0	0	0	0	169.18	3.2692	0	0	3.2692	0	22.885	0	0	0	1.6346	33.51	18.798	369.42	0	35.962	0.81731	53.942	4.0866	0	2.4519	50.673	108.7	82.548	1.6346	0	0	0	0	0	0	0.81731	0	0	0	14.712	0	0	0	0	0	0.81731	3.2692	6.5385	0	0	0	0	0	0	0	3.2692	0	0	0	0	0	0	1.6346	0	0	0	0	0	26.971	0	410.29	124.23	0	2.4519	8.1731	17.163	73.558	0	0	27.788	4.9039	0	0	0	67.837	0	0	0	0	0	246.83	18.798	0	62.933	126.68	33.51	3.2692	19.615	0	5.7212	6.5385	0	0	4.0866	0	0	0	0	3.2692	2.4519	0.81731	2.4519	6.5385	9.8077	0	58.846	1.6346	0	0.81731	0	44.952	0	78.462	0.81731	0	286.06	8.9904	0	181.44	0	0	0	0	4.0866	0	0	90.721	0	0	0.81731	37.596	80.914	17.163	0	0	0
L141_E08	NF	7.3769	0	46.106	735.85	106.96	142.01	0	352.25	38.729	0	390.98	226.84	521.92	1089.9	248.97	274.79	826.22	105.12	49.794	0	385.44	9.2212	40.573	0	94.056	0	11.065	70.081	448.15	31.352	3.6885	40.573	55.327	38.729	584.62	14.754	2792.2	276.63	367	1191.4	1.8442	112.5	0	0	621.51	793.02	280.32	1471.7	890.76	82.99	0	881.54	142.01	206.55	2888.1	226.84	2196.5	905.52	4422.5	1112.1	1115.8	582.78	191.8	4287.8	717.41	47.95	848.34	5790.9	112.5	282.17	247.13	389.13	2862.2	540.36	352.25	33.196	304.3	468.43	38.729	0	811.46	472.12	2071.1	23.975	167.82	167.82	1.8442	44.262	258.19	25.819	175.2	103.28	36.885	702.65	0	0	5.5327	0	0	0	70.081	114.34	1.8442	0	0	130.94	250.82	0	680.52	713.72	25.819	0	215.77	143.85	429.7	0	188.11	71.925	134.63	230.53	223.15	38.729	0	12.91	403.89	0	103.28	0	0	9.2212	92.212	106.96	0	0	12.91	14.754	0	0	127.25	883.39	60.86	0	0	0	0	5.5327	18.442	0	9.2212	11.065	0	0	0	0	1.8442	154.91	0	0	0	0	0	0	23.975	11.065	1.8442	27.663	248.97	22.131	796.71	35.04	575.4	0	14.754	0	3.6885	9.2212	1.8442	0	3.6885	182.58	0	0	0	0	25.819	51.638	0	0	0	256.35	0	180.73	0	5.5327	0	0	0	0	0	3.6885	0	5.5327	0	0	138.32	0	3.6885	7.3769	14.754	0	0	0	12.91	1.8442	0	0	0	0	1.8442	1.8442	64.548	0	0	0	0	0	0	0	3.6885	82.99	0	0	0	9.2212	0	20.287	0	0	64.548	1285.4	22.131	44.262	108.81	0	0	60.86	38.729	16.598	35.04	0	3.6885	0	11.065	0	0	0	0	0	0	7.3769	0	0	12.91	0	0	0	9.2212	0	3.6885	0	38.729	0	0	0	0	0	0	12.91	0	0	62.704	0	0	0	0	0	0	0	0	0	40.573	0	0	0	0	0	0	0	12.91	75.613	0	0	0	0	1.8442	0	0	0	0	0	118.03	0	0	0	0	0	59.015	0	0	0	0	51.638	0	99.588	0	51.638	0	0	0	0	0	44.262	0	36.885	3.6885	0	1.8442	0	0	0	0	0	0	0	0	0	1.8442	0	0	0	0	0	0	53.483	0	0	0	0	0	0	0	0	0	0	0	0	0	0	1.8442	0	22.131	0	0	0	0	134.63	0	0	0	0	12.91	3.6885	7.3769	0	0	0	0	0	0	0	0	0	0	0	0	5.5327	33.196	9.2212	0	287.7	260.04	5.5327	0	0	0	11.065	0	0	11.065	3.6885	0	0	0	0	11.065	7.3769	0	0	9.2212	0	0	53.483	0	0	0	0	23.975	0	103.28	0	0	202.87	1.8442	0	201.02	0	0	0	0	0	0	0	7.3769	0	0	0	46.106	33.196	68.237	0	1.8442	0
L141_G10	NF	0	0	0	0	0	0	0	767.8	0	0	165.93	5.6249	2.8124	1074.4	2.8124	1040.6	2418.7	5.6249	0	0	0	0	0	28.125	0	0	0	25.312	78.749	8.4374	0	0	284.06	0	396.55	191.25	3900.9	0	320.62	2601.5	0	16.875	0	0	272.81	135	286.87	4890.9	146.25	0	0	0	784.67	5.6249	2005.3	863.42	1130.6	126.56	3841.8	902.8	514.68	345.93	374.06	9601.7	157.5	89.998	303.74	7616.1	5197.4	0	5.6249	1262.8	1127.8	278.43	0	104.06	660.93	492.18	0	0	458.43	210.93	922.48	0	483.74	219.37	11.25	703.11	104.06	2.8124	202.5	191.25	151.87	604.68	92.811	59.061	75.936	64.686	182.81	87.186	135	264.37	8.4374	388.12	0	42.187	151.87	0	129.37	745.3	25.312	16.875	73.124	47.812	289.68	1060.3	120.93	0	897.17	140.62	683.42	0	39.374	334.68	95.623	376.87	5.6249	2.8124	0	0	182.81	5.6249	0	0	42.187	0	404.99	0	11.25	697.49	2.8124	0	216.56	50.624	5.6249	0	19.687	0	0	0	0	0	0	0	0	42.187	0	0	0	0	53.437	0	0	8.4374	75.936	0	89.998	5.6249	11.25	317.81	334.68	0	28.125	0	0	0	0	0	0	0	0	0	0	0	157.5	5.6249	0	0	0	28.125	0	5.6249	0	0	0	0	0	104.06	2.8124	14.062	0	0	0	579.36	300.93	11.25	0	0	19.687	0	0	0	47.812	0	0	0	0	5.6249	61.874	0	22.5	0	0	0	0	0	0	0	160.31	646.86	0	0	0	0	0	0	0	0	47.812	5051.2	0	8.4374	2.8124	5.6249	0	365.62	0	0	0	0	8.4374	0	42.187	0	0	0	0	0	0	539.99	0	0	0	0	0	0	0	0	2.8124	2.8124	0	0	0	0	0	0	0	163.12	0	0	0	0	0	0	0	0	0	0	0	0	44.999	0	0	0	0	14.062	0	0	106.87	253.12	0	0	0	0	0	0	0	0	0	0	289.68	2.8124	0	0	0	0	0	0	0	0	0	42.187	0	28.125	0	196.87	0	0	0	0	0	0	227.81	33.749	0	0	0	5.6249	0	0	0	0	0	0	0	0	8.4374	0	0	0	0	0	0	135	0	0	0	0	0	0	0	0	28.125	0	0	0	2.8124	0	0	0	0	0	0	0	0	59.061	0	61.874	0	16.875	44.999	0	92.811	0	0	33.749	672.17	0	0	0	0	0	0	0	0	0	331.87	8.4374	0	59.061	944.98	112.5	61.874	11.25	25.312	11.25	33.749	0	0	0	0	0	0	11.25	8.4374	0	0	0	0	0	0	0	14.062	0	0	0	0	0	0	0	0	78.749	19.687	0	89.998	0	0	0	0	0	0	0	337.49	0	0	0	11.25	0	0	0	0	0
L141_A11	NF	0	0	0	77.887	0	19.472	0	631.44	0	0	420.03	539.64	2.7817	806.68	0	27.817	1841.5	801.12	94.577	0	5.5633	333.8	2.7817	0	0	0	30.598	0	264.26	0	36.162	0	144.65	75.105	461.76	100.14	2144.7	89.013	191.93	86.232	25.035	83.45	25.035	0	161.34	653.69	261.48	1580	876.23	86.232	83.45	152.99	372.74	189.15	3955.5	16.69	2431.2	94.577	5107.1	1032	375.53	467.32	559.12	12378	356.05	189.15	934.64	837.28	1766.4	172.46	687.07	467.32	1905.4	968.02	75.105	689.85	929.08	681.51	0	0	489.57	397.78	803.9	0	83.45	286.51	5.5633	378.31	205.84	130.74	0	0	86.232	0	0	0	16.69	0	0	0	41.725	230.88	0	38.943	0	105.7	662.04	0	219.75	122.39	0	0	161.34	294.86	13.908	834.5	44.507	275.39	150.21	161.34	86.232	255.91	0	72.324	200.28	8.345	116.83	0	0	105.7	292.08	706.54	0	0	228.1	0	367.18	0	0	0	0	0	247.57	25.035	0	0	292.08	127.96	86.232	250.35	0	36.162	0	0	119.61	584.15	0	0	2.7817	0	0	0	94.577	0	69.542	0	141.87	0	742.71	486.79	667.6	0	8.345	0	44.507	25.035	0	0	0	147.43	0	61.197	0	0	44.507	0	50.07	0	0	100.14	127.96	58.415	0	0	0	0	0	0	2.7817	0	0	0	0	2.7817	16.69	0	0	0	0	0	47.288	0	38.943	0	0	13.908	0	0	13.908	5.5633	0	0	0	0	0	0	0	0	19.472	16.69	0	0	0	0	0	0	0	0	25.035	186.37	22.253	97.358	13.908	30.598	0	5.5633	0	0	0	0	11.127	0	47.288	0	0	0	0	0	0	19.472	0	0	0	2.7817	0	0	0	0	30.598	0	0	0	0	0	0	0	0	222.53	0	0	0	0	0	0	0	0	0	0	5.5633	0	58.415	0	0	0	0	0	0	0	25.035	130.74	33.38	0	0	80.669	0	0	0	0	0	2.7817	225.32	0	0	0	0	0	22.253	0	11.127	0	2.7817	0	0	169.68	0	13.908	0	86.232	2.7817	0	0	16.69	356.05	94.577	0	0	0	2.7817	0	0	0	0	0	0	0	0	0	0	0	0	0	0	0	0	0	0	0	0	0	0	2.7817	0	0	0	0	0	0	0	0	0	0	0	0	0	0	0	2400.6	13.908	0	0	0	0	425.6	0	0	11.127	2.7817	0	0	0	33.38	0	0	0	0	0	86.232	2.7817	0	0	97.358	11.127	0	2.7817	0	16.69	155.77	0	0	0	0	0	0	0	0	0	0	0	19.472	0	0	0	0	2.7817	0	0	300.42	0	0	0	0	189.15	0	0	161.34	0	0	0	0	0	0	0	180.81	0	0	0	5.5633	11.127	13.908	0	0	0
L141_A12	NF	129.26	0	24.455	1404.4	262.02	17.468	0	1638.5	0	0	143.24	716.18	0	593.91	0	482.11	1760.8	338.88	27.948	3.4936	1586.1	0	132.76	0	517.05	3.4936	220.09	0	136.25	408.75	13.974	0	73.365	0	363.33	0	2228.9	146.73	167.69	1607	76.858	73.365	0	0	317.91	551.98	733.65	1970.4	1023.6	13.974	6.9871	181.66	0	164.2	1041.1	150.22	1579.1	303.94	2829.8	674.26	48.91	454.16	328.39	5932.1	209.61	199.13	656.79	4241.2	129.26	971.21	0	356.34	2421	160.7	164.2	538.01	171.18	754.61	220.09	0	775.57	317.91	1173.8	0	503.07	192.15	0	181.66	83.845	45.416	199.13	370.32	199.13	153.72	0	0	10.481	0	0	0	0	69.871	0	0	0	34.936	192.15	0	143.24	468.14	6.9871	0	13.974	153.72	0	744.13	97.82	52.403	31.442	125.77	482.11	17.468	157.21	41.923	122.28	0	0	0	0	6.9871	66.378	0	0	0	0	0	0	0	13.974	485.61	0	0	0	0	0	0	0	0	3.4936	6.9871	20.961	0	0	0	0	10.481	0	0	0	0	0	41.923	13.974	0	0	0	101.31	0	321.41	10.481	555.48	87.339	0	0	0	0	0	0	0	31.442	0	0	6.9871	0	0	0	0	0	0	6.9871	45.416	20.961	0	0	0	0	0	0	0	13.974	0	0	0	0	171.18	0	0	0	0	0	0	0	0	0	0	230.57	0	0	0	0	0	0	0	0	0	0	0	0	17.468	41.923	13.974	0	0	0	0	0	0	0	0	52.403	0	0	38.429	27.948	0	38.429	0	0	52.403	0	20.961	0	3.4936	0	0	0	0	0	0	3.4936	0	0	0	0	0	13.974	0	0	0	3.4936	0	0	0	0	0	0	0	0	0	0	0	0	27.948	0	0	0	0	0	0	0	0	0	0	0	0	0	0	0	0	41.923	0	0	0	206.12	0	0	0	0	0	0	841.95	0	0	0	0	0	0	0	0	0	0	136.25	0	677.75	0	38.429	0	0	0	0	0	3.4936	6.9871	41.923	0	0	0	62.884	0	0	0	27.948	0	0	0	0	0	0	0	0	0	0	0	0	0	0	0	0	0	0	0	0	0	0	0	0	0	0	17.468	0	0	3.4936	0	0	0	855.92	76.858	0	0	0	0	0	0	0	0	0	0	0	0	0	0	13.974	0	0	0	237.56	136.25	0	0	0	167.69	0	34.936	6.9871	0	3.4936	3.4936	0	0	0	0	0	0	0	13.974	0	3.4936	0	0	0	0	0	0	370.32	0	0	0	0	143.24	0	0	202.63	0	0	758.1	0	0	0	0	0	0	0	97.82	0	0	0	185.16	45.416	48.91	0	0	0
L142_B05	NF	1.2107	0	0	0	25.425	0	0	1109	39.953	6.0535	249.4	462.49	12.107	410.43	151.34	10.896	3529.2	144.07	8.4749	0	354.73	3.6321	0	131.97	0	0	0	0	78.695	2.4214	438.27	0	95.645	112.6	526.65	39.953	3162.3	76.274	69.01	2158.7	128.33	48.428	0	0	234.88	446.75	646.51	2689	843.86	14.528	417.69	501.23	842.65	246.98	1796.7	1555.8	2272.5	399.53	2762.8	943.13	767.58	353.52	546.03	11249	725.21	177.97	395.9	96.856	4037.7	1521.8	85.96	1073.9	1917.8	237.3	67.799	428.59	694.94	401.95	3.6321	21.793	795.43	153.76	1464.9	6.0535	447.96	187.66	135.6	20.582	148.92	139.23	60.535	21.793	228.82	513.34	94.434	49.639	9.6856	0	0	0	27.846	441.9	44.796	38.742	0	10.896	43.585	0	36.321	248.19	14.528	78.695	116.23	18.16	124.7	766.37	31.478	39.953	564.18	4.8428	261.51	131.97	0	55.692	61.746	4.8428	78.695	0	0	32.689	41.164	508.49	0	0	69.01	0	138.02	2.4214	211.87	422.53	39.953	0	205.82	0	0	2.4214	153.76	130.76	18.16	0	0	0	6.0535	104.12	0	23.003	0	0	0	2.4214	89.592	0	2.4214	0	31.478	60.535	204.61	227.61	524.23	724	238.51	0	790.59	0	102.91	2.4214	0	0	10.896	79.906	0	9.6856	0	0	19.371	9.6856	15.739	0	0	20.582	60.535	190.08	1.2107	0	0	0	0	4.8428	0	0	0	0	10.896	3.6321	30.267	0	0	0	7.2642	0	8.4749	1.2107	42.374	0	0	3.6321	0	10.896	9.6856	3.6321	10.896	0	0	0	0	8.4749	0	0	2.4214	7.2642	0	0	0	0	0	43.585	0	0	0	192.5	0	27.846	30.267	0	0	16.95	0	0	0	0	0	0	39.953	0	0	0	0	0	0	13.318	0	0	0	0	0	4.8428	0	0	3.6321	1.2107	0	1.2107	12.107	0	0	0	0	0	0	7.2642	0	1.2107	0	0	0	0	0	30.267	1.2107	0	27.846	0	9.6856	1.2107	0	0	0	0	27.846	110.17	0	0	0	59.324	0	0	0	0	0	0	230.03	1.2107	0	0	0	0	18.16	0	0	0	238.51	15.739	31.478	29.057	0	69.01	0	75.063	3.6321	0	0	52.06	69.01	44.796	1.2107	0	0	0	0	0	0	0	0	0	0	4.8428	2.4214	0	0	0	0	0	19.371	2.4214	0	0	0	0	0	0	0	14.528	9.6856	0	0	0	0	0	0	0	0	0	1.2107	0	23.003	8.4749	6.0535	4.8428	0	0	0	1.2107	10.896	0	0	38.742	1181.6	0	0	1.2107	15.739	0	0	7.2642	0	18.16	179.18	1.2107	0	19.371	196.13	0	0	1.2107	9.6856	13.318	18.16	0	0	3.6321	1.2107	0	1.2107	0	1.2107	2.4214	1.2107	0	1.2107	0	0	93.224	2.4214	0	0	0	1.2107	1.2107	9.6856	0	43.585	147.71	15.739	0	222.77	0	0	0	3.6321	0	0	1.2107	88.381	0	0	3.6321	10.896	26.635	10.896	0	0	0
L142_H05	NF	1.1081	0	0	0	0	0	0	608.36	23.271	0	46.541	82.002	0	439.93	22.163	219.41	4429.2	253.76	3.3244	0	31.028	0	0	4.4325	2.2163	0	44.325	28.811	124.11	29.92	111.92	0	16.622	0	511.95	1021.7	3597	17.73	130.76	182.84	23.271	0	0	0	167.33	427.74	508.63	3096.1	417.76	16.622	278.14	160.68	784.55	653.79	4716.2	2693.9	2593	136.3	7457.7	310.28	804.5	652.69	221.63	21664	306.95	121.89	526.36	8907.1	6584.5	1328.7	293.65	1144.7	2046.7	509.74	114.14	98.623	656.01	304.73	0	24.379	923.07	346.84	1151.3	93.083	291.44	201.68	6.6488	161.79	861.02	99.731	135.19	188.38	208.33	55.406	182.84	19.946	46.541	121.89	3.3244	0	1.1081	326.9	115.25	223.84	0	79.785	178.41	0	11.081	233.82	9.9732	0	192.81	202.79	306.95	262.63	218.3	282.57	306.95	2.2163	239.36	6.6488	34.352	41.001	246	281.46	60.947	0	45.433	69.812	412.22	0	0	0	12.189	0	212.76	0	0	110.81	5.5406	0	13.297	337.98	0	0	292.55	28.811	0	0	0	1.1081	0	8.865	2.2163	114.14	0	0	0	0	0	0	0	4.4325	44.325	0	118.57	60.947	528.58	271.49	63.163	0	160.68	0	111.92	46.541	0	8.865	0	3.3244	0	0	0	0	186.16	1.1081	0	0	0	97.515	22.163	354.6	0	0	0	0	0	22.163	11.081	3.3244	0	1.1081	1.1081	0	50.974	0	0	0	28.811	3.3244	0	0	119.68	1.1081	0	2.2163	0	1.1081	0	1.1081	0	0	0	0	0	0	3.3244	0	11.081	2.2163	0	0	0	0	0	2.2163	0	0	14.406	119.68	0	35.46	5.5406	0	0	13.297	0	0	0	0	0	0	152.92	0	0	0	0	0	0	2.2163	0	1.1081	0	0	0	0	0	0	0	1.1081	0	0	0	0	0	0	0	16.622	1.1081	0	0	4.4325	0	0	0	0	0	0	0	0	70.92	0	7.7569	3.3244	0	0	0	0	0	39.893	0	0	0	4.4325	0	0	0	0	0	0	57.623	5.5406	0	0	0	0	0	0	0	0	0	3.3244	12.189	7.7569	0	94.191	0	14.406	22.163	0	0	42.109	54.298	33.244	0	0	0	34.352	1.1081	2.2163	0	8.865	0	0	0	0	1.1081	0	0	0	0	0	1.1081	4.4325	0	0	0	0	0	0	0	0	0	0	0	0	0	0	1.1081	0	0	1.1081	1.1081	0	12.189	110.81	1.1081	279.25	0	0	2.2163	2.2163	4.4325	0	0	8.865	528.58	0	0	3.3244	0	11.081	0	0	0	0	167.33	0	0	4.4325	366.79	35.46	3.3244	4.4325	0	4.4325	5.5406	0	0	1.1081	2.2163	0	0	4.4325	5.5406	0	0	0	0	0	0	0	3.3244	14.406	0	0	0	1.1081	1.1081	0	0	27.703	2.2163	0	62.055	0	0	0	0	0	0	0	59.839	1.1081	0	0	140.73	0	0	0	0	0
L142_A06	NF	107.86	0	0	0	145.15	0	0	900.15	84.673	0	91.729	324.58	71.569	609.85	302.4	4.0321	3228.7	107.86	0	0	675.37	141.12	0	9.0721	606.82	3.024	87.697	34.272	339.7	0	1.008	8.0641	65.521	119.95	657.22	410.26	4307.2	177.41	181.44	1549.3	202.61	19.152	0	1.008	171.36	211.68	443.52	2377.9	347.76	42.336	461.67	1043.3	0	341.72	3735.7	1578.6	2346.6	198.58	3187.3	1016.1	814.47	776.17	324.58	3938.3	445.54	124.99	547.35	86.689	6052.1	1369.9	418.33	1215.7	2331.5	777.18	162.29	268.13	481.83	480.82	312.48	34.272	1543.3	427.4	1090.7	7.0561	357.84	215.71	177.41	144.15	177.41	280.23	68.545	73.585	228.82	248.98	3.024	45.361	47.376	0	9.0721	26.208	8.0641	451.59	118.94	26.208	0	71.569	45.361	0	79.633	182.45	26.208	17.136	220.76	216.72	36.288	18.144	167.33	281.23	346.76	50.401	132.05	271.15	6.0481	217.73	237.89	0	27.216	5.0401	1.008	21.168	181.44	106.85	0	9.0721	19.152	0	583.64	0	158.26	172.37	3.024	0	346.76	3.024	2.016	2.016	94.753	0	7.0561	0	0	0	3.024	52.417	40.32	122.98	0	0	0	1.008	119.95	0	3.024	0	71.569	23.184	235.88	37.296	1345.7	140.11	379.01	35.28	10.08	0	63.505	22.176	12.096	0	42.336	24.192	0	0	1.008	0	18.144	5.0401	25.2	0	0	192.53	6.0481	256.04	0	0	0	0	6.0481	20.16	1.008	21.168	0	0	1.008	4.0321	44.353	10.08	0	2.016	38.304	0	0	0	11.088	0	0	5.0401	0	4.0321	2.016	13.104	0	0	0	0	0	0	0	0	18.144	31.248	0	0	0	0	0	2.016	0	0	0	126	3.024	0	9.0721	3.024	1.008	317.52	5.0401	0	14.112	0	0	0	47.376	0	0	0	0	0	0	86.689	0	0	0	0	0	19.152	0	0	11.088	9.0721	5.0401	0	2.016	0	0	0	0	38.304	4.0321	0	21.168	0	16.128	0	0	0	0	14.112	0	0	5.0401	0	0	0	0	0	0	0	20.16	208.66	0	0	0	103.82	0	0	0	0	0	0	46.368	0	0	0	0	0	5.0401	1.008	0	0	166.32	103.82	58.465	83.665	37.296	120.96	0	1.008	1.008	0	0	34.272	197.57	39.313	0	0	2.016	6.0481	0	0	0	0	0	0	0	0	0	0	0	0	0	0	0	0	0	0	0	0	0	0	0	3.024	19.152	0	0	0	0	0	0	0	0	0	0	0	25.2	3.024	1.008	0	0	44.353	0	0	12.096	0	0	60.481	2.016	0	0	57.457	9.0721	0	0	0	0	0	124.99	0	0	26.208	175.39	27.216	2.016	11.088	3.024	9.0721	1.008	8.0641	0	11.088	0	0	0	0	1.008	0	0	0	0	19.152	0	18.144	0	0	0	0	2.016	0	31.248	0	0	249.99	12.096	0	158.26	0	0	0	42.336	0	0	0	27.216	0	0	0	18.144	18.144	0	0	0	0
L142_C06	NF	27.493	0	0	3.6657	60.484	0	0	866.94	1.8328	0	113.64	681.82	58.651	320.75	108.14	10.997	2879.4	139.3	0	0	5.4985	21.994	0	0	104.47	1.8328	65.983	0	58.651	3.6657	21.994	1.8328	128.3	34.824	712.98	65.983	3601.6	148.46	16.496	1127.2	1.8328	42.156	0	0	227.27	403.23	683.65	2516.5	309.75	49.487	392.23	212.61	5.4985	218.11	1869.5	2549.5	2052.8	329.91	4803.9	707.48	1297.7	700.15	119.14	9281.6	656.16	130.13	157.63	86.144	8641.9	2252.6	632.33	1088.7	1673.4	797.29	366.57	427.05	339.08	837.61	3.6657	170.46	1094.2	65.983	1686.2	82.478	223.61	548.02	174.12	177.79	223.61	201.61	197.95	100.81	163.12	223.61	0	21.994	122.8	0	1.8328	0	64.15	636	38.49	0	0	32.991	87.977	0	27.493	100.81	62.317	7.3314	14.663	21.994	159.46	287.76	109.97	65.983	289.59	38.49	373.9	3.6657	9.1643	399.56	185.12	0	71.481	0	0	65.983	102.64	262.1	0	0	3.6657	0	34.824	0	20.161	287.76	0	0	450.88	67.815	9.1643	0	559.02	0	0	0	0	0	0	32.991	0	36.657	0	0	0	0	273.1	0	0	16.496	25.66	0	335.41	67.815	647	223.61	452.71	10.997	291.42	0	164.96	29.326	3.6657	0	7.3314	49.487	3.6657	20.161	1.8328	0	69.648	9.1643	69.648	0	1.8328	65.983	21.994	163.12	0	0	0	0	280.43	1.8328	0	93.475	0	0	16.496	0	10.997	32.991	0	0	0	0	0	1.8328	108.14	0	0	0	0	27.493	1.8328	0	0	0	0	0	0	0	0	0	5.4985	9.1643	7.3314	0	0	0	0	5.4985	0	0	0	130.13	45.821	0	5.4985	0	0	23.827	0	0	3.6657	0	34.824	0	25.66	0	0	0	1.8328	0	0	5.4985	0	0	0	0	0	5.4985	1.8328	0	0	62.317	0	0	0	0	1.8328	0	0	0	0	0	36.657	0	0	0	0	0	0	0	1.8328	0	133.8	14.663	0	0	0	5.4985	0	0	21.994	300.59	0	0	1.8328	120.97	0	0	0	0	0	0	95.308	3.6657	0	0	0	0	32.991	0	0	0	1.8328	49.487	53.153	31.159	0	97.141	0	109.97	5.4985	0	0	87.977	34.824	32.991	0	1.8328	0	0	0	0	0	0	1.8328	0	0	0	0	0	0	0	0	0	12.83	16.496	0	0	0	0	0	0	0	9.1643	0	0	0	0	0	1.8328	0	0	0	0	0	0	0	0	9.1643	0	0	0	0	0	9.1643	0	0	38.49	0	0	0	698.32	0	0	0	0	0	0	170.46	21.994	0	12.83	183.29	0	1.8328	7.3314	0	5.4985	0	0	0	0	0	0	1.8328	0	0	1.8328	0	0	14.663	0	0	0	0	0	3.6657	0	7.3314	0	7.3314	0	0	284.09	0	0	142.96	0	0	0	0	0	0	0	51.32	0	0	7.3314	62.317	1.8328	0	0	0	0
L142_F06	NF	0	0	21.178	0	37.372	0	0	1114.9	58.55	0	495.81	753.67	47.338	313.93	186.86	216.76	3002.2	104.64	57.304	0	158.21	7.4745	0	14.949	113.36	0	64.779	16.195	113.36	1.2457	0	4.983	109.63	16.195	332.61	61.041	3385.9	78.482	166.93	2998.5	9.9659	0	0	21.178	211.78	372.48	561.83	2394.3	403.62	17.44	189.35	61.041	521.97	120.84	1599.5	971.68	605.43	284.03	2506.4	492.07	382.44	301.47	234.2	8816.1	342.58	78.482	372.48	7459.5	4578.1	901.92	122.08	911.88	1648.1	470.89	62.287	184.37	857.07	92.185	102.15	0	416.08	90.939	1001.6	46.092	676.44	48.584	209.29	13.703	516.98	88.448	94.676	44.847	128.31	109.63	0	64.779	43.601	0	0	8.7202	9.9659	188.11	1.2457	34.881	0	24.915	42.355	0	100.9	328.88	0	42.355	3.7372	61.041	112.12	269.08	75.99	328.88	590.48	8.7202	274.06	11.212	0	4.983	36.126	0	13.703	0	0	28.652	74.745	80.973	0	0	38.618	6.2287	21.178	0	64.779	2005.7	8.7202	0	381.2	0	33.635	0	272.82	0	31.144	0	0	61.041	0	118.35	0	48.584	0	1.2457	0	0	16.195	41.11	14.949	143.26	73.499	1.2457	78.482	161.95	27.406	656.51	277.8	14.949	95.922	0	61.041	0	0	8.7202	0	107.13	0	0	0	0	305.21	6.2287	46.092	1.2457	0	122.08	0	72.253	0	0	0	0	4.983	8.7202	32.389	18.686	0	0	0	3.7372	156.96	0	0	0	0	0	83.465	0	22.423	12.457	0	0	0	36.126	0	0	0	0	0	0	0	0	0	0	62.287	1.2457	8.7202	0	0	0	0	6.2287	0	1.2457	23.669	199.32	6.2287	2.4915	8.7202	0	2.4915	48.584	0	13.703	0	0	37.372	0	495.81	0	0	0	0	0	0	1016.5	0	0	24.915	0	89.693	24.915	21.178	0	0	19.932	0	2.4915	3.7372	0	18.686	0	0	3.7372	0	0	11.212	0	47.338	0	11.212	0	0	0	1.2457	0	110.87	2.4915	0	6.2287	0	2.4915	0	0	54.813	516.98	0	0	0	72.253	0	0	0	0	0	0	195.58	1.2457	14.949	7.4745	0	1.2457	102.15	0	3.7372	0	2.4915	12.457	4.983	99.659	1.2457	38.618	0	57.304	0	0	0	11.212	87.202	3954	41.11	54.813	24.915	14.949	38.618	0	0	0	0	0	0	0	0	0	0	0	0	0	0	21.178	6.2287	0	0	0	0	23.669	0	392.41	2.4915	0	0	0	0	0	53.567	26.161	23.669	0	0	0	7.4745	66.024	6.2287	112.12	0	2.4915	8.7202	3.7372	17.44	0	0	49.83	0	0	0	0	0	0	0	31.144	0	0	139.52	11.212	0	36.126	193.09	3.7372	17.44	6.2287	0	0	3.7372	0	4.983	36.126	0	0	0	0	0	0	0	0	8.7202	0	0	61.041	11.212	0	0	0	8.7202	0	51.075	0	0	378.71	18.686	2.4915	97.168	0	0	0	0	0	0	0	67.27	0	0	0	9.9659	1.2457	2.4915	0	0	0
L142_B07	NF	0	0	0	0	62.077	7.3032	0	343.25	0	0	233.7	178.93	91.289	522.18	47.471	40.167	368.81	109.55	0	0	131.46	25.561	76.683	7.3032	25.561	0	3.6516	7.3032	233.7	244.66	14.606	14.606	478.36	0	412.63	0	953.06	164.32	32.864	211.79	131.46	0	0	0	306.73	211.79	47.471	533.13	445.49	76.683	0	3.6516	40.167	0	6277.1	32.864	2245.7	660.94	8157.6	1654.2	2997.9	880.03	668.24	5597.9	460.1	83.986	441.84	4294.3	76.683	259.26	434.54	974.97	2541.5	547.74	149.71	343.25	102.24	1855	62.077	32.864	1712.6	343.25	1628.6	0	116.85	361.51	0	7.3032	598.86	237.35	102.24	339.6	157.02	233.7	0	3.6516	29.213	36.516	0	58.425	259.26	58.425	0	14.606	0	29.213	241	0	595.21	744.92	3.6516	0	43.819	157.02	51.122	0	153.37	18.258	233.7	116.85	321.34	14.606	21.91	25.561	321.34	0	7.3032	0	0	1500.8	890.99	361.51	0	0	306.73	0	251.96	0	58.425	547.74	14.606	0	14.606	0	0	58.425	160.67	3.6516	3.6516	0	14.606	21.91	40.167	47.471	109.55	343.25	91.289	7.3032	0	3.6516	0	0	32.864	0	10.955	105.9	146.06	0	105.9	259.26	587.91	3.6516	357.86	0	10.955	7.3032	7.3032	0	0	142.41	0	3.6516	7.3032	0	80.335	226.4	0	7.3032	0	87.638	0	94.941	0	0	14.606	65.729	3.6516	3.6516	62.077	3.6516	0	0	0	0	171.62	0	0	0	0	0	0	32.864	40.167	0	0	0	0	0	189.88	3.6516	25.561	0	0	0	0	0	0	0	29.213	335.95	0	0	0	0	0	40.167	0	0	94.941	1614	0	146.06	1365.7	0	0	248.31	69.38	7.3032	65.729	0	0	0	0	0	0	0	0	0	0	770.48	0	0	14.606	0	0	0	0	0	0	3.6516	3.6516	0	0	0	3.6516	0	0	73.032	3.6516	0	21.91	54.774	0	3.6516	0	0	0	3.6516	7.3032	0	7.3032	0	3.6516	0	0	0	0	0	3.6516	587.91	3.6516	0	0	0	0	0	0	0	0	0	18.258	0	0	0	0	0	87.638	0	0	0	295.78	0	0	32.864	0	21.91	0	29.213	0	0	0	43.819	54.774	10.955	0	0	0	124.15	0	0	0	0	0	0	0	0	0	10.955	0	0	0	0	0	0	0	0	0	0	0	0	0	0	0	0	0	0	0	0	18.258	0	0	0	0	0	18.258	0	266.57	0	0	10.955	0	0	29.213	0	0	0	0	0	7.3032	0	10.955	0	0	0	7.3032	0	836.21	0	0	10.955	292.13	0	10.955	1318.2	102.24	401.67	241	0	10.955	109.55	62.077	69.38	7.3032	10.955	178.93	40.167	10.955	0	295.78	3.6516	0	3.6516	62.077	0	21.91	0	350.55	0	87.638	0	0	544.09	65.729	0	3348.5	0	0	0	18.258	0	0	0	94.941	83.986	0	0	58.425	36.516	255.61	0	0	0
L142_G07	NF	0	0	0	0	0	0	0	146.03	0	0	0	331.88	26.55	66.376	0	26.55	1194.8	212.4	0	0	0	0	0	0	0	0	0	0	0	0	0	0	79.651	0	106.2	0	4208.2	92.926	0	2084.2	0	0	0	0	92.926	544.28	0	1951.4	557.55	0	26.55	0	39.825	0	7407.5	146.03	5018	92.926	5655.2	132.75	1154.9	79.651	0	4407.3	66.376	0	106.2	10063	3756.9	398.25	0	597.38	265.5	199.13	26.55	0	358.43	0	0	0	225.68	411.53	1327.5	0	318.6	318.6	0	0	0	0	1553.2	225.68	0	451.35	0	66.376	0	0	0	0	0	53.1	0	0	0	0	0	0	39.825	0	0	0	0	39.825	0	0	13.275	39.825	185.85	92.926	13.275	132.75	398.25	0	849.61	0	0	0	0	982.36	146.03	13.275	0	0	0	0	159.3	0	26.55	570.83	0	0	0	132.75	0	13.275	331.88	278.78	0	0	0	0	0	0	0	0	0	79.651	0	0	0	0	0	0	66.376	0	0	0	146.03	79.651	172.58	0	0	0	0	0	0	132.75	0	0	0	0	0	0	278.78	0	0	0	0	0	0	0	0	0	0	0	0	0	0	0	0	0	0	106.2	942.53	0	0	0	0	0	0	0	13.275	0	0	0	79.651	0	0	79.651	0	0	0	26.55	0	0	0	0	39.825	0	0	0	0	0	0	0	0	0	119.48	5947.2	0	0	2601.9	0	0	8735	0	0	0	0	0	0	26.55	0	0	0	0	0	0	13.275	0	0	0	0	0	0	0	0	0	0	0	0	0	0	0	0	0	252.23	0	0	0	0	0	0	0	0	0	0	0	0	0	0	0	0	0	0	0	0	0	26.55	0	0	0	0	0	0	0	0	0	0	66.376	0	0	0	0	0	0	0	0	0	0	13.275	0	0	0	159.3	0	13.275	0	0	0	0	53.1	92.926	0	0	0	0	0	0	0	0	0	0	0	0	0	0	0	0	0	0	0	0	0	0	0	0	13.275	0	0	0	0	0	0	0	0	0	0	305.33	0	0	0	0	0	0	26.55	146.03	0	13.275	0	0	92.926	0	0	0	53.1	0	0	0	159.3	0	0	0	0	0	212.4	292.05	0	0	0	66.376	0	0	0	0	0	0	0	0	0	0	0	0	0	0	0	0	0	0	0	0	0	0	0	0	106.2	0	0	0	0	53.1	0	0	212.4	0	0	0	0	0	0	0	0	0	0	0	13.275	0	0	0	0	0
L142_G09	NF	409.54	0	15.807	278.77	242.85	1.437	0	326.19	41.672	0	433.97	218.42	91.966	1189.8	183.93	343.44	731.42	155.19	5.7479	0	1.437	231.35	20.118	53.168	8.6219	0	17.244	1.437	349.18	7.1849	14.37	4.3109	530.24	34.487	508.69	15.807	2490.3	120.71	212.67	540.3	21.555	8.6219	0	0	185.37	610.72	120.71	888.05	1142.4	14.37	183.93	182.5	379.36	567.6	4470.4	193.99	1504.5	794.65	7022.5	807.58	1221.4	1195.6	283.08	5053.8	408.1	133.64	735.73	6897.5	1750.2	159.5	119.27	262.97	4183	518.75	152.32	22.992	214.11	1539	71.849	45.983	1516	1086.3	2338	35.924	219.86	508.69	48.857	248.6	1080.6	201.18	51.731	431.09	68.975	196.87	67.538	0	25.866	2.874	0	21.555	47.42	225.6	126.45	5.7479	0	120.71	201.18	1.437	392.29	744.35	0	15.807	102.03	205.49	2.874	27.302	232.79	136.51	452.65	24.429	183.93	116.39	43.109	541.74	227.04	11.496	117.83	0	182.5	10.059	364.99	100.59	0	0	4.3109	0	142.26	0	17.244	57.479	0	0	41.672	56.042	89.092	0	117.83	172.44	34.487	0	0	50.294	0	0	90.53	208.36	0	0	0	0	0	0	100.59	35.924	24.429	40.235	192.55	0	222.73	244.29	354.93	20.118	4.3109	0	91.966	11.496	11.496	0	0	159.5	11.496	0	1.437	0	96.277	24.429	18.681	0	0	160.94	53.168	321.88	0	0	0	0	20.118	0	0	8.6219	0	0	0	0	139.39	0	0	7.1849	1.437	0	33.05	0	5.7479	0	0	0	0	50.294	1.437	21.555	5.7479	0	0	0	0	0	0	0	7.1849	50.294	0	0	0	0	0	14.37	0	0	4.3109	731.42	204.05	17.244	18.681	0	0	301.77	0	0	64.664	0	0	0	7.1849	0	0	0	0	0	0	0	0	0	21.555	0	0	0	0	0	35.924	0	5.7479	0	0	0	0	0	0	4.3109	4.3109	0	0	5.7479	10.059	4.3109	0	0	0	7.1849	0	0	38.798	5.7479	0	0	0	5.7479	0	0	14.37	133.64	0	0	0	17.244	63.227	0	0	0	2.874	0	76.16	5.7479	0	0	0	0	79.034	14.37	0	0	1.437	58.916	8.6219	45.983	0	10.059	0	104.9	12.933	0	0	0	133.64	38.798	0	0	0	0	0	0	0	0	0	0	0	0	0	0	0	0	0	0	0	15.807	0	0	0	0	0	0	0	4.3109	0	0	0	0	0	0	0	33.05	11.496	0	0	0	15.807	242.85	171	4.3109	0	0	7.1849	0	252.91	0	0	0	0	0	0	0	34.487	0	0	0	0	33.05	237.1	87.656	0	159.5	152.32	64.664	0	12.933	1.437	17.244	0	0	0	2.874	0	2.874	0	0	15.807	0	0	0	22.992	34.487	0	1.437	41.672	0	0	0	7.1849	1.437	15.807	0	0	107.77	31.614	0	155.19	0	0	0	2.874	0	0	0	48.857	0	0	0	12.933	77.597	8.6219	0	0	0
L142_A11	NF	26.441	0	0	386.39	0	0.85295	0	712.22	36.677	0	291.71	386.39	59.707	646.54	38.383	632.04	3073.2	314.74	84.442	0	87.001	14.5	44.354	21.324	9.3825	0	46.912	23.883	237.97	69.942	357.39	0.85295	253.33	11.088	532.24	356.53	3461.3	72.501	417.95	2589.6	79.325	21.324	0	0.85295	352.27	609.86	478.51	3484.3	1181.3	7.6766	209.83	948.48	1895.3	333.5	3413.5	2066.7	2115.3	912.66	4004.6	313.89	903.28	528.83	226.88	9994	562.95	66.53	652.51	88.707	5875.1	649.95	118.56	670.42	1848.3	463.15	84.442	162.91	668.72	649.1	0	41.795	640.57	458.04	1122.5	5.1177	329.24	196.18	19.618	185.94	632.04	154.38	204.71	64.824	247.36	250.77	40.942	15.353	177.41	0	0	101.5	5.9707	670.42	79.325	57.148	0	101.5	266.12	0	116.86	281.47	29.853	4.2648	148.41	104.91	65.677	734.39	20.471	155.24	329.24	145.85	140.74	9.3825	45.207	46.059	250.77	0	62.265	0	77.619	29	130.5	0	0	0	55.442	6.8236	37.53	0	67.383	249.06	1.7059	0	5.1177	198.74	13.647	3.4118	328.39	199.59	0	0	5.9707	37.53	0	0	7.6766	72.501	0	0	0	0	3.4118	0	3.4118	1.7059	0	0	152.68	1.7059	469.98	203.86	215.8	52.03	9.3825	0	2.5589	50.324	0	0	3.4118	121.12	0	0	0	0	4.2648	4.2648	71.648	0	0	79.325	0	191.06	0	0	0	0	5.1177	11.941	3.4118	40.089	0	0	0	2.5589	109.18	0	0	0	0	0	1.7059	0	26.441	5.9707	0.85295	1.7059	0	3.4118	5.9707	2.5589	35.824	0	0	0	0	0	0	0	12.794	25.589	0	0	0	0	0	11.088	0	0	7.6766	253.33	7.6766	75.913	2.5589	0	0	81.883	0	0.85295	28.147	0	0	0	6.8236	0.85295	0	0	0	0	0	2.5589	0	0	0	0	0	18.765	0	0	0	5.1177	0	0	0	0	0	0	0	67.383	6.8236	0	4.2648	0	0	0	0	0	0	10.235	0	101.5	1.7059	0	0	1.7059	0	0	0	0	19.618	113.44	0	0	0	0	2.5589	0	0	0	0	0	281.47	0	0.85295	0	0	0	0	1.7059	0	0	0.85295	71.648	0	22.177	0.85295	75.06	0	52.03	0	0	11.941	38.383	135.62	36.677	0	0	0	0	0.85295	0	0	0	0	0	0	0	0	0	0	0	0	0	5.9707	4.2648	0	0	0	0	0	0	0	0	0	0	0	0.85295	0	0	4.2648	0	0	0	0	0	0.85295	0	1457.7	73.354	0	0.85295	0.85295	43.501	5.9707	0	0	0	4.2648	0	0	0	0	0	0	0	0	0	252.47	0	0.85295	40.942	348.86	45.207	1.7059	0	0	2.5589	3.4118	0	1.7059	0	0	0	0	0	0	5.9707	0	0	40.089	0	0	0	0	0	0	0	3.4118	0	267.83	0	0	328.39	3.4118	0	100.65	0	0	0	0	0	0	0	80.178	0	0	0	102.35	1.7059	0	0	0	0
L142_H12	NF	0	0	0	0	0	285.62	0	722.3	0	0	387.24	179.89	32.957	571.25	48.062	237.56	1485.8	71.406	31.583	0	398.23	16.478	0	0	0	0	15.105	15.105	31.583	0	0	2.7464	41.196	0	293.86	2.7464	1959.6	98.87	179.89	1051.9	0	9.6124	1.3732	0	454.53	282.88	247.18	1822.2	534.17	50.808	0	97.497	0	43.942	3494.8	21.971	1995.3	227.95	6143.7	910.43	736.03	550.65	307.6	10112	351.54	30.21	421.57	13912	46.688	1341.6	138.69	1051.9	5041	741.52	34.33	186.75	243.05	668.74	123.59	19.225	1146.6	270.52	1566.8	26.091	335.06	407.84	2.7464	2.7464	475.13	282.88	159.29	68.66	98.87	457.27	0	0	0	0	0	0	82.392	82.392	0	113.97	0	49.435	42.569	0	130.45	113.97	178.51	0	59.047	61.794	123.59	216.96	28.837	140.07	712.69	146.93	341.92	53.555	19.225	39.823	379	1.3732	72.779	0	113.97	873.35	623.43	135.95	0	0	204.61	0	396.85	0	90.631	1189.2	0	0	90.631	140.07	0	247.18	72.779	4.1196	20.598	1.3732	4.1196	13.732	72.779	13.732	48.062	92.004	59.047	0	0	2.7464	34.33	78.272	20.598	0	0	2.7464	170.28	10.986	282.88	151.05	866.48	8.2392	102.99	76.899	19.225	0	17.851	85.138	0	137.32	0	0	8.2392	0	477.87	146.93	0	32.957	0	111.23	0	46.688	0	0	75.526	32.957	4.1196	38.449	118.1	13.732	0	0	0	0	1.3732	0	0	0	10.986	0	0	0	112.6	17.851	1.3732	0	4.1196	0	6.866	0	2.7464	0	0	0	0	0	0	0	0	120.84	0	0	0	0	1.3732	0	0	0	45.315	258.16	4.1196	89.257	251.29	0	0	127.71	0	0	124.96	0	0	0	9.6124	0	0	0	0	0	0	140.07	0	0	0	0	0	63.167	0	0	23.344	0	0	0	0	0	0	0	0	2.7464	0	0	0	1.3732	0	20.598	0	0	0	0	1.3732	4.1196	39.823	0	0	0	0	0	0	0	17.851	395.48	0	0	0	16.478	0	0	0	0	0	0	98.87	0	0	0	0	0	0	0	10.986	0	17.851	0	0	86.511	0	79.645	0	0	6.866	1.3732	0	8.2392	137.32	23.344	1.3732	0	1.3732	468.26	0	0	0	5.4928	0	0	0	0	0	0	0	0	0	0	0	70.033	20.598	0	0	0	0	0	1.3732	68.66	0	0	0	0	0	0	0	45.315	0	0	9.6124	0	19.225	138.69	1808.5	41.196	0	0	0	0	27.464	0	0	0	0	0	0	19.225	42.569	0	0	0	0	4.1196	21.971	87.884	0	141.44	277.39	52.181	0	9.6124	0	0	8.2392	0	0	0	0	0	0	4.1196	0	0	0	0	0	0	0	28.837	0	0	0	0	67.286	0	4.1196	0	0	192.25	4.1196	0	111.23	0	0	0	0	0	0	0	30.21	0	0	0	6.866	37.076	42.569	0	0	0
L226_B04	NF	0	0	0	34.272	167.47	0	0	660.85	57.534	0	462.67	96.855	160.76	863.17	34.52	300.83	1797.1	688.75	286.92	0	0.082782	33.113	0.24835	32.864	107.2	0	31.209	157.37	206.13	102.98	11.672	0.16556	401.33	53.643	811.35	47.434	3640.5	51.491	220.28	193.05	66.888	14.404	24.835	9.2716	145.28	807.71	247.02	1718.5	541.23	39.487	274.67	712.01	581.54	614.82	5359.6	1464.2	961.76	286.43	5307.2	809.69	744.05	679.23	275.33	6011.3	445.37	222.1	833.86	52.484	7205.7	171.77	275.58	396.36	2918.4	474.51	122.27	1055	1074.3	454.47	83.113	0	917.8	540.73	2384.2	0	242.72	320.95	0	0.082782	319.04	228.4	22.02	54.719	88.825	246.77	29.636	0	0.082782	48.51	0	129.22	44.702	1141	33.278	33.61	0	134.52	252.07	0	327.49	535.52	0	16.142	53.229	296.44	6.5398	37.004	341.48	336.34	352.98	81.127	244.37	46.938	87.252	97.103	363.91	0	15.977	0	0	0.41391	825.34	0.49669	0	0	5.712	0	88.494	0	98.925	127.48	0	0	105.46	102.32	0	0	214.16	133.28	0	42.053	40.48	49.669	0	0	19.288	342.06	0	0	0	0	0	0	106.46	0	28.394	49.255	79.719	39.984	396.53	410.6	408.03	17.55	0.082782	0	52.07	122.02	0	0	0	94.951	0	0	0	0	0	9.6855	0	0	0	108.11	21.606	204.72	0	0	0	0	6.9537	14.818	0.33113	0.49669	0.082782	0	0.49669	0	153.15	1.1589	0	0	0.082782	0	0.57947	0	47.103	1.1589	0	0	0.082782	0	0	0.16556	0	0	0	0	0.082782	0	0	0	0.41391	18.626	0.082782	0	0	0	0	0.74504	0	0	40.894	147.35	0	64.653	0.9106	0	0	202.98	0	0	0.49669	0	0	0	0.33113	0	0	0	0	0	0	0	0	0	0	0.33113	0.66226	0	0	0	0.41391	28.808	0.41391	0	0	0	0.082782	0	0	13.245	0	0	0	0	0	0	0	0	0	0	0	0	34.023	0	0	0	0	0	0	0	14.818	221.44	0	0	0	0	0	0	0	0	0	0	55.381	0.24835	0	0	0	0	0	0.33113	0	0	0	3.9735	9.0232	77.732	0	158.78	0	53.146	19.951	0	5.1325	19.785	503.73	0.57947	0	0	0	20.199	0	0	0	0	0	0	0	34.437	0	0	0	0	0	0	13.742	95.117	0	0	0	0	0	0	0	0	0	0	0	0	0	0	16.888	0	0	0	0	0	60.1	0	834.2	131.79	0	0.41391	0	33.527	103.97	0	0	0	0	0	0	0	358.03	0	0	0	0	45.696	458.28	0	0	44.454	159.19	83.362	42.136	1.4901	0.33113	0.41391	25.414	0	13.576	0.66226	0	0	0	0.41391	0.16556	0	0	0	0	0	0	0	0	0	0	0	61.176	0	0	0	0	159.11	73.345	0	5.8775	0	0	0	0	0	0	0	34.603	0	0	0	57.285	0.82782	59.106	0	0.41391	1.0762
L226_A10	NF	0	0	0	0.11612	49.469	0	0	802.88	0.4645	0	99.402	0	78.848	898.68	0	0	1524.4	266.39	229	0	75.597	58.526	0	0	0	0	31.005	0.11612	298.44	0	71.184	0.23225	84.422	0.11612	534.63	0	2354.2	267.67	340.71	266.39	240.38	0	0	4.7611	57.83	628.69	378.68	1024.2	497.36	116.47	337.34	68.978	714.16	27.289	7492.3	0	1115.6	174.42	17227	1401.8	248.39	1302.1	150.61	7954.7	791.96	31.353	752.02	176.39	9551.6	621.73	199.04	344.65	2545	404.69	80.358	89.648	1145	567.84	0	279.39	884.05	693.61	3084.7	0	228.07	490.74	79.313	39.947	304.13	169.19	29.612	156.88	93.712	301.23	0	0	0.11612	14.051	0	0	0	495.62	44.824	83.957	0	136.68	163.15	0	62.591	915.4	0	0	53.301	172.56	7.8964	104.74	92.086	290.89	68.745	243.74	79.661	38.553	0	99.054	348.72	0	117.17	0	0	2983.8	427.22	215.29	0	0	917.61	24.502	658.31	0	0	98.705	40.411	0	67.468	258.96	0	49.817	320.62	413.29	184.17	125.41	25.896	78.848	0	0	56.901	976.95	0	0	53.185	0	19.277	139.46	54.578	0	65.61	16.374	173.37	0	320.15	464.26	214.36	3.2515	0	0	141.21	625.21	0	87.325	127.04	465.89	0	0	0	0	205.89	2.6709	4.1805	0	0	131.1	111.71	276.49	0	0	0	0	0	24.734	0	0.69674	0	0	0.11612	0	0.81287	0	0	0	0	0	0	0	5.9223	0	0	0	0	0	0	0.4645	0.11612	0	0.4645	0	0	0	0	0	0	0.92899	0	0	0	0	0	1.9741	0	0	0.23225	1.1612	0	50.862	0.23225	34.605	0	78.732	0	0	3.2515	0	0	0	0.34837	0	0	0	0	0	0	0.81287	0	0	0	0	0	0	0	0	0	0	0	0	0	0	0	0	0	0.23225	0	0	0.11612	0	0	0	0	0	0	0	0	0	42.85	0	0	0	0	0	0	0	25.663	203.45	0	20.205	0	21.367	0	0	0	0	0	0	91.389	1.7419	0	0	0	0	0	0	0	0	0	43.662	0	26.941	0	66.423	0	32.166	0	0	11.496	20.322	97.079	0	0	0	0	0	0	0	0	0	0	0	0	0	0	0	0	0	0	0	17.07	0	0	0	0	0	0	0	0	39.366	0	0	0	0	0	0	0	0	0	0	0	0	0	0	207.16	41.456	0	71.3	0	0	0.23225	0	0	0	0	0	0	0	38.205	0	0	0	0	0	130.52	0	0	175.58	101.72	0	0	0.4645	0.11612	0.23225	23.689	0	0.11612	0.11612	0	0.11612	0	0	0	0	0.11612	0	0	0	0	0.11612	1.0451	0	0	0	66.307	0	6.7352	0	0	96.499	58.41	0.23225	3.1353	0	0	0	0	0	0	0	17.999	0	0	0	0.34837	54.346	79.777	0	0	0
L227_C06	NF	0	0	59.144	0	25.041	0	0	820.15	33.388	0	0.23848	138.08	120.91	1270.4	71.069	189.83	1003.5	192.22	151.2	0	0	5.4852	15.263	29.095	0	0	106.13	0	85.378	0.47697	42.212	0	230.38	128.3	753.14	118.53	9882.8	264.96	357.73	204.62	47.936	15.025	0	0	238.72	549.95	157.64	2639.6	523.48	41.496	255.66	378.48	615.29	1502.5	2852.8	2538.4	1048.6	43.643	3237.7	346.76	561.4	513.94	42.927	5219.5	187.21	0	767.68	0.23848	11339	156.21	259.71	323.15	2165.4	403.52	836.84	128.78	1290.9	745.98	0	0	1328.1	356.06	2277.1	16.217	237.53	69.161	9.5394	20.987	235.38	106.13	55.567	65.106	112.33	145.71	25.041	1.1924	135.22	0	109.46	51.513	0	1434	0	0	0	167.42	57.952	0	45.312	191.26	0	0	147.15	56.283	115.9	84.424	286.66	230.38	65.345	0	384.2	49.605	248.02	153.11	170.28	0	0	0	0	0	132.12	0	0	0	124.73	0	10.732	0	55.09	1.1924	0	0	30.049	162.17	0	0	315.99	0	0	0	0	0	0	0	0	69.876	0	0	0	0	0	0	0	0	26.472	59.383	141.18	0	58.667	67.73	123.06	0.95394	0	0	0	12.401	0	0	0	51.513	0	0	0	0	0	16.217	0	0.47697	0	22.656	35.773	40.781	0	0	0	0	0	0.47697	0	0.23848	0	0	0.71546	1.4309	35.534	0.23848	0.71546	0	0.71546	0	0	0	56.283	0	0	83.947	0	0	0	0	0.23848	0	0	0.47697	0.47697	0	0	0	0	11.447	0	0	0	0	0	55.806	0	0	0	275.93	0	29.811	1.4309	0	0	148.82	0	0	30.526	0	0	0	1.1924	0	0	0	0	0	0	0	0	0	0.71546	0	0	0	0	0	0	0	0	0	0.23848	0	0	0	0	18.125	0	0	0.23848	0	0	0	0	0	0	0	0.23848	0	0	0	0	0	0	0	0	0	0	18.363	0	0	0	0	0	0	0	0	0	0	255.66	45.551	0	0	0	0	0	0	0	0	0	54.852	0	377.76	0	69.161	0	0.23848	0	0	0	5.7236	85.378	1.6694	0	0	0	20.033	0	0.47697	0	0	0	0	0	0	0	0	0	0	0	0	0	0	0	0	0	0	0	0	0	0	0	0	0	0	0	0	0	0	0	0	0	0	0.23848	0	453.36	94.44	0	0	12.878	0	157.4	0	0	44.358	0	0	0	0	3.5773	0	0	0	0	0	518.94	0	0	0	108.99	0	0	3.1003	0	0.95394	1.9079	0	0	1.4309	0	0	0	0	0.95394	0	0	0	6.9161	0	0	0	0	0.23848	0	0	0	0	2.8618	0	0	196.75	0	0	25.518	0	0	0	0	0	0	0	82.754	51.036	0	0	167.89	69.161	0	0.23848	0	0
L228_F11	NF	0	0	0	7.3946	0.077838	0	0.077838	1207.6	123.22	0	481.35	189.38	64.294	1294	125.09	75.27	1845.3	381.33	247.14	0	18.214	55.032	15.334	49.661	0.077838	0	31.447	37.596	134.43	161.67	119.87	0	243.63	31.68	1463.4	52.619	3078	235.3	618.19	308.71	120.42	0	0	10.742	293.37	542.38	866.26	2037.5	984.5	58.223	763.52	171.95	682.72	479.95	7447.2	1583.3	1137	491.7	9850.3	731.99	1465.2	1251	374.09	11437	603.09	185.1	895.76	0.15568	7491.6	716.66	354.24	828.35	2578.6	538.33	189.23	252.97	1437.8	1062.7	110.22	28.489	1226.6	1246.1	2860.6	19.927	197.32	430.13	7.7838	48.571	339.61	143.53	43.122	188.91	191.01	180.27	14.167	0	84.532	16.969	0	66.785	49.038	452.86	41.644	22.184	0	392.46	440.02	0	213.59	729.5	0	0	237.1	432.24	85.077	63.516	226.66	548.6	392.15	0	526.89	24.675	41.332	129.13	237.8	0	55.888	15.179	59.936	0	49.894	0	0	0	108.27	0	76.359	0	26.621	1.1676	0	0	58.067	329.8	0	0	153.73	42.577	0	0	0	13.077	0	0	0.077838	226.74	0	0	0	0	10.041	0	33.86	0.077838	45.458	80.173	415.42	34.249	273.06	111.93	208.53	0	13.233	0	64.917	14.4	0	0	0	114.58	0	0	0	0	0	2.1795	23.118	0	0	134.35	3.8141	236.08	0	0	0	0	0	53.397	0.077838	0	0.15568	0	0	0.077838	54.487	0	0	0	20.316	0	0.15568	0	69.043	0	0	18.915	0	3.2692	0	0	0.077838	0	0	0	0	0	0	0	0.46703	0	0	0	0	0	0	0.077838	0	0	0	0.38919	0.077838	42.033	0.077838	5.8379	0	134.89	9.8855	0	0.23351	0	0	0	1.1676	0	0	0	0	0.23351	0	0.077838	0	0	0	0	0.23351	0	0.077838	0	0	0	0	0	0	0	0	0	0	0.077838	0	0	0.77838	0	0	0	0	0	0	0	0	0	38.997	0	0	0	0	0	0	0	11.364	452.24	0	0	0	0	59.391	0	0	0	0	0	257.02	0	0	0	0	0	0	0	0	0	0	51.295	0.23351	47.637	0	44.056	0	0.077838	0	0	0	12.921	53.397	0.38919	0	0	0	0	0	0	0	0	0	0	0	0	0	0	0	0	0	0	10.819	0.23351	0	0	0	0	0	0	0	0	0	0	0	0	0	0	0	0	0	0	0	0	39.23	50.751	195.22	236.32	0	0	0	0	0	0	0	0	0	0	0	0	13.077	0	0	0.23351	0	0	244.88	1.3233	0	27.71	50.751	132.87	20.472	0.38919	0.077838	0.54487	0.15568	0	0.23351	1.0119	0	0	0	5.5265	0	0	0	0	29.423	0	0	0	0	0	0	0	0.077838	0	0.15568	0	0	100.02	12.61	0	10.119	0	0	0	0.31135	0	0	0	101.81	0	0	0	49.505	14.244	0.15568	0	0.077838	0
L281_E04	NF	0	0	0	0	0	0	0	253.54	47.799	0	244.43	112.83	4.0894	1651	0	171.02	929.91	285.32	0	0	0	9.5197	0	26.682	6.8381	0	0	0	96.471	124.96	0	0	0.6704	0	814.07	0	2108	15.151	4.2906	0	38.883	0	0	0	364.36	392.59	0.20112	1442.4	194.15	83.264	129.86	282.91	229.28	137.5	8834.6	656.39	711.09	349.01	13875	564.34	1315.3	1315.2	193.54	11416	297.12	80.18	1142.4	3115.6	8550.8	59.532	331.71	219.62	1015	687.36	27.688	101.23	296.52	953.04	0	0.26816	489.12	800.59	1978.6	91.778	5.8325	233.23	0	214.8	324.21	875.41	192.87	324.27	293.64	19.911	49.945	0	0.46928	0.13408	0	33.252	0.06704	144.14	111.02	46.258	0	189.66	162.97	0	75.286	481.82	6.2347	10.726	366.31	692.12	83.8	96.94	147.35	115.11	787.92	104.85	343.11	57.252	0	27.285	1239.2	166.39	58.258	0	0	0.40224	20.581	12.067	0	0	100.63	0	372.34	0	0.46928	23.397	0	0	78.705	102.57	0	0	72.336	132	0	79.778	0	0	0	0	0	64.962	0	0.3352	0	0	23.062	0	0	7.8437	114.24	0.06704	66.169	34.861	49.744	246.1	276.54	0	15.62	0	0.13408	41.565	39.688	63.688	0	85.878	0	0	0	0	98.281	156.47	44.716	30.503	0	26.079	0	115.58	0	0	0	0	0.20112	60.001	0	0	0	0	0	0	14.682	0	0	0	41.766	0	0	0	78.973	33.185	0	0.06704	0	0	0	0.06704	0.40224	0	0	0	0	0	0	0	0.93856	0	0.6704	0	0	0	0	0.20112	0	0	128.58	4.961	0	32.112	21.252	0	0	29.162	0	0	0	0	0	0	0.6704	0	0	0	0	0	0	0	0	0	0	0	0	0	0	0	0	0.06704	0	0	0	0	0	0	0	0.40224	0	0.40224	0	0.06704	0	0	0	0	0	0	0	0	76.493	0	0	0	0	0	0	0	0	394.53	0	0	0	19.777	0	0	0	0	0	0	80.046	63.755	0	0	0	0	0.60336	0.06704	86.079	0	0	0	0	1.1397	0	301.14	0	29.699	0	0	0	25.944	2.6146	0.20112	0	0	0	2.6146	0	0	0	0	0.06704	0	0	0	0	0	0	0	0	0	0	0.13408	0	0	0	0	0	0	0	0	18.503	0	0	0	0	0	0	0	0	0	0	0	0	0	0	50.548	0	0	0	0	0	0	0	0	0	0	0	0	0	0	0	0	0	0	231.49	0	0	0.40224	47.934	384.34	0	0.60336	0	0	0.60336	0	1.2067	0	0	0.20112	0	0	0.93856	0	0	0	0.60336	0	0	0	0	0	0	0	0	0	0	0	0	171.42	0	0	9.4526	0	0	0	0	0	0	0	50.146	0	0	0	86.616	0	0	0	0	0
L128_E02	NF	0	0	0	237.43	0	0	0	563.9	89.037	0	29.679	0	0	1098.1	89.037	59.358	534.22	296.79	0	0	237.43	0	0	0	474.86	0	0	29.679	0	29.679	0	0	326.47	0	1187.2	89.037	2166.6	29.679	267.11	1335.6	0	0	0	0	237.43	29.679	356.15	1899.4	237.43	89.037	0	118.71	326.47	0	3383.4	2700.8	2997.6	741.97	5282.8	237.43	593.58	682.61	207.75	6054.5	29.679	59.358	504.54	6885.5	7093.3	326.47	296.79	979.4	2700.8	356.15	0	29.679	1009.1	385.83	0	0	1098.1	178.07	1246.5	0	652.93	237.43	0	148.39	385.83	148.39	29.679	89.037	89.037	2433.7	59.358	118.71	89.037	0	178.07	59.358	178.07	860.69	59.358	207.75	89.037	237.43	178.07	0	178.07	1602.7	59.358	0	89.037	356.15	296.79	29.679	385.83	385.83	534.22	296.79	504.54	563.9	0	118.71	474.86	178.07	0	237.43	118.71	178.07	178.07	0	0	0	148.39	0	207.75	0	59.358	118.71	0	0	0	89.037	0	0	29.679	29.679	29.679	0	0	0	0	0	0	89.037	0	0	0	0	0	0	0	0	59.358	0	59.358	0	415.5	29.679	89.037	0	29.679	0	0	59.358	0	0	0	59.358	0	0	296.79	0	415.5	0	0	0	0	0	29.679	59.358	0	0	0	0	0	0	29.679	0	0	0	0	0	1276.2	0	0	0	59.358	0	0	0	29.679	0	0	0	0	0	0	118.71	0	0	0	0	0	0	0	0	207.75	0	29.679	0	0	29.679	0	0	0	0	207.75	237.43	0	59.358	59.358	0	0	296.79	0	0	0	0	0	0	237.43	0	0	0	0	0	0	0	0	29.679	0	0	0	29.679	0	0	0	0	0	0	0	0	59.358	0	0	0	0	0	59.358	0	59.358	0	0	0	0	0	0	0	59.358	0	0	0	0	0	0	0	59.358	29.679	0	0	0	0	0	0	0	0	0	0	0	0	0	0	0	0	0	0	0	0	29.679	59.358	0	118.71	0	29.679	0	0	0	0	0	0	148.39	118.71	0	0	0	0	0	0	0	0	0	0	0	0	0	0	0	0	0	0	29.679	0	0	0	0	0	0	0	0	0	0	0	0	0	0	0	0	0	0	0	0	0	29.679	118.71	0	178.07	0	29.679	29.679	0	29.679	0	0	0	682.61	0	0	118.71	0	0	0	0	0	29.679	296.79	0	29.679	89.037	59.358	296.79	0	89.037	0	89.037	29.679	0	0	0	0	0	0	0	0	29.679	0	0	0	0	0	0	0	0	29.679	0	0	0	0	0	0	29.679	89.037	0	296.79	0	0	0	0	0	0	0	0	0	0	0	29.679	0	0	0	0	0
L128_F06	NF	32.793	0	0	0	0	0	0	491.9	98.38	0	295.14	0	0	1574.1	0	721.45	1967.6	32.793	131.17	0	0	0	0	0	32.793	0	0	32.793	131.17	131.17	0	0	196.76	0	590.28	0	1508.5	32.793	360.73	2328.3	131.17	0	0	0	459.11	65.587	229.55	2590.7	262.35	229.55	0	163.97	0	32.793	688.66	1278.9	2098.8	623.07	1082.2	590.28	459.11	819.83	459.11	1606.9	131.17	32.793	459.11	7772	5476.5	0	0	1016.6	2459.5	295.14	32.793	0	327.93	393.52	0	0	1574.1	360.73	1147.8	0	65.587	98.38	0	0	163.97	196.76	0	65.587	32.793	1016.6	229.55	327.93	229.55	32.793	852.63	98.38	327.93	491.9	0	163.97	0	295.14	196.76	0	557.49	1016.6	0	196.76	229.55	426.31	295.14	196.76	327.93	229.55	327.93	295.14	787.04	557.49	65.587	65.587	131.17	0	32.793	0	0	0	65.587	0	0	0	131.17	0	65.587	0	0	65.587	0	0	32.793	0	0	0	32.793	32.793	0	0	0	0	0	0	0	0	0	0	0	32.793	32.793	0	32.793	0	65.587	32.793	32.793	0	98.38	65.587	98.38	0	0	0	0	65.587	0	0	0	32.793	0	0	0	0	327.93	0	0	65.587	0	131.17	32.793	65.587	0	0	0	0	0	0	0	0	0	0	0	65.587	295.14	0	0	0	0	0	393.52	32.793	65.587	32.793	0	0	0	98.38	65.587	131.17	0	0	0	0	0	0	32.793	0	327.93	623.07	0	0	0	0	0	0	0	0	65.587	8985.4	721.45	131.17	0	0	0	32.793	0	0	32.793	0	0	0	0	0	0	0	0	0	0	98.38	0	0	0	0	0	32.793	0	0	0	0	0	0	0	0	0	0	0	98.38	0	0	32.793	32.793	0	0	0	0	0	0	0	0	0	0	0	0	0	0	0	0	32.793	32.793	0	0	0	0	0	0	0	0	0	0	65.587	0	0	0	0	0	0	0	0	0	0	98.38	0	163.97	0	131.17	0	0	0	0	32.793	0	0	32.793	0	0	0	0	0	0	0	0	0	0	0	0	0	0	0	0	0	0	0	0	0	0	0	0	0	0	0	0	0	0	0	0	0	0	0	0	0	0	0	0	32.793	0	229.55	65.587	0	32.793	163.97	0	426.31	0	0	98.38	32.793	0	0	0	65.587	0	0	0	0	0	196.76	32.793	0	32.793	0	163.97	0	0	0	131.17	0	0	0	32.793	0	0	0	65.587	0	32.793	0	0	0	98.38	0	0	0	0	0	0	0	0	32.793	0	0	196.76	65.587	0	131.17	0	0	0	0	0	0	0	163.97	65.587	0	0	32.793	98.38	0	0	0	0
L128_H08	NF	24.068	0	0	12.034	0	0	0	553.56	24.068	0	312.88	84.238	0	806.28	216.61	481.36	252.71	12.034	156.44	0	216.61	0	0	24.068	240.68	0	0	36.102	72.204	156.44	0	0	336.95	0	1010.8	758.14	2370.7	48.136	613.73	1660.7	72.204	12.034	0	0	204.58	108.31	361.02	2430.9	300.85	60.17	0	192.54	60.17	72.204	3249.2	1287.6	2539.2	866.45	3477.8	914.58	505.43	890.52	288.82	5126.5	240.68	108.31	926.62	5643.9	4861.7	0	60.17	866.45	2479	481.36	60.17	348.99	601.7	373.05	0	0	1540.3	276.78	1275.6	0	697.97	252.71	0	264.75	144.41	120.34	48.136	72.204	108.31	2707.6	361.02	84.238	204.58	336.95	120.34	108.31	180.51	553.56	84.238	84.238	24.068	469.33	276.78	0	144.41	1600.5	72.204	24.068	84.238	517.46	156.44	216.61	601.7	108.31	914.58	108.31	433.22	697.97	48.136	108.31	240.68	12.034	481.36	36.102	60.17	0	144.41	48.136	0	0	132.37	48.136	48.136	0	48.136	36.102	0	0	12.034	24.068	0	60.17	60.17	96.272	24.068	0	0	0	0	0	0	0	0	0	0	0	0	0	0	0	60.17	0	132.37	36.102	589.66	156.44	120.34	12.034	0	0	0	12.034	0	0	0	84.238	0	0	24.068	0	12.034	0	0	0	0	12.034	0	108.31	0	0	0	0	0	48.136	0	12.034	0	0	0	12.034	300.85	0	0	0	60.17	0	0	0	228.65	0	0	0	0	0	24.068	12.034	0	0	0	0	0	0	0	0	24.068	228.65	12.034	0	0	24.068	0	36.102	0	0	24.068	3309.4	12.034	36.102	0	0	0	156.44	0	0	12.034	0	12.034	0	48.136	0	0	0	0	0	0	36.102	0	0	0	0	0	12.034	0	132.37	0	12.034	12.034	0	12.034	0	0	0	0	216.61	12.034	0	12.034	48.136	24.068	0	0	0	0	0	0	12.034	0	0	0	0	0	0	0	0	84.238	240.68	0	0	0	0	0	0	0	0	0	0	72.204	12.034	0	0	0	0	12.034	0	0	0	0	36.102	0	24.068	0	60.17	0	96.272	36.102	0	12.034	0	180.51	0	0	0	0	0	0	0	0	0	0	0	0	0	0	0	0	12.034	0	0	0	12.034	0	0	0	0	0	0	0	0	0	0	0	0	0	0	24.068	0	0	0	0	0	144.41	0	0	48.136	0	48.136	12.034	0	276.78	0	0	48.136	12.034	0	0	0	60.17	0	0	0	0	0	36.102	0	0	12.034	36.102	48.136	0	0	0	24.068	0	0	0	0	0	0	0	0	24.068	0	0	0	36.102	36.102	0	0	0	0	0	0	0	0	12.034	0	0	288.82	24.068	0	84.238	0	0	0	0	0	0	0	324.92	84.238	0	0	36.102	12.034	0	0	0	0
L129_A06	NF	0	0	0	30.995	15.497	0	0	759.37	30.995	0	294.45	0	0	588.9	61.99	573.4	666.39	77.487	170.47	0	30.995	0	0	0	0	0	0	92.984	201.47	0	0	0	139.48	0	201.47	0	2960	61.99	216.96	1162.3	0	77.487	0	0	247.96	123.98	464.92	2603.6	526.91	61.99	0	46.492	402.93	557.91	1549.7	867.85	1038.3	1301.8	4137.8	666.39	898.85	2169.6	340.94	4153.3	263.46	108.48	867.85	19124	7578.2	30.995	185.97	945.34	3037.5	728.38	61.99	0	449.42	371.94	0	0	1689.2	542.41	898.85	0	557.91	139.48	0	61.99	263.46	216.96	0	92.984	216.96	929.84	325.45	77.487	123.98	185.97	340.94	356.44	325.45	604.4	216.96	232.46	0	247.96	232.46	0	418.43	1363.8	77.487	0	278.95	387.43	511.41	15.497	650.89	247.96	278.95	108.48	464.92	185.97	46.492	247.96	325.45	371.94	0	0	61.99	0	371.94	340.94	0	0	30.995	0	92.984	0	61.99	480.42	0	0	15.497	480.42	92.984	0	30.995	30.995	0	0	0	0	0	0	0	0	0	0	0	0	0	0	0	0	154.97	0	201.47	92.984	15.497	154.97	325.45	0	0	0	0	30.995	0	0	0	46.492	0	0	0	0	77.487	0	0	0	0	46.492	0	92.984	0	0	0	0	0	77.487	0	61.99	0	0	0	511.41	1022.8	15.497	0	0	77.487	0	0	0	263.46	0	0	0	0	0	0	0	0	0	0	0	0	0	0	0	263.46	480.42	0	0	0	0	0	61.99	0	0	139.48	8461.6	0	61.99	92.984	0	0	139.48	0	0	0	0	0	0	61.99	0	0	0	0	0	0	0	0	0	0	0	0	0	0	0	0	0	0	0	0	0	0	0	30.995	0	0	0	0	0	0	0	0	0	0	0	0	0	123.98	0	46.492	0	0	0	0	0	123.98	139.48	0	0	0	0	0	0	0	0	0	0	232.46	0	0	0	0	0	0	0	0	0	0	0	0	0	0	46.492	0	61.99	0	0	0	0	216.96	15.497	0	0	0	0	0	0	0	0	0	0	0	0	0	0	0	0	0	0	0	46.492	0	0	0	0	0	0	0	0	61.99	0	0	0	0	0	0	15.497	0	0	0	0	15.497	0	0	170.47	0	0	0	0	573.4	0	0	123.98	170.47	0	0	185.97	46.492	0	0	0	0	77.487	356.44	0	46.492	0	46.492	108.48	108.48	108.48	0	0	92.984	0	0	0	0	0	0	92.984	15.497	0	0	0	0	15.497	0	0	0	0	0	0	0	0	0	0	0	108.48	0	0	139.48	0	0	0	0	0	0	0	61.99	0	0	0	30.995	15.497	0	0	0	0
L129_F12	NF	0	0	0	0	0	0	0	461.31	0	0	118.01	0	0	1330.3	118.01	0	32.185	343.3	96.554	0	0	0	0	10.728	632.97	0	0	0	171.65	0	0	0	0	0	632.97	0	4269.8	42.913	568.6	643.69	21.456	0	0	0	203.84	64.369	268.21	2360.2	654.42	21.456	0	10.728	32.185	85.826	6469.1	289.66	2896.6	557.87	10632	611.51	2188.6	3679.8	160.92	6919.7	321.85	246.75	1105	9301.4	7284.5	85.826	193.11	482.77	3894.4	632.97	85.826	53.641	386.22	622.24	10.728	21.456	2381.7	193.11	3132.6	0	686.61	10.728	10.728	171.65	354.03	128.74	21.456	429.13	21.456	3207.7	53.641	96.554	354.03	10.728	826.07	890.44	514.96	654.42	300.39	107.28	0	579.33	579.33	0	450.59	1094.3	128.74	42.913	364.76	439.86	396.95	0	1008.5	225.29	954.81	193.11	332.58	450.59	193.11	450.59	557.87	278.93	289.66	21.456	354.03	0	461.31	0	0	0	64.369	0	64.369	0	32.185	150.2	10.728	0	53.641	171.65	10.728	214.57	75.098	96.554	0	0	0	0	0	42.913	0	257.48	0	0	0	0	0	0	0	0	203.84	139.47	203.84	10.728	504.23	182.38	96.554	0	53.641	0	0	85.826	10.728	0	0	160.92	32.185	0	10.728	0	85.826	0	75.098	0	0	0	21.456	160.92	0	0	0	0	0	171.65	0	10.728	0	0	0	364.76	836.8	0	0	0	160.92	0	0	0	75.098	21.456	0	10.728	0	0	21.456	42.913	0	0	0	0	0	0	0	0	289.66	343.3	64.369	0	0	10.728	0	10.728	0	0	1201.6	300.39	0	64.369	0	0	0	225.29	0	0	0	0	0	0	2059.8	0	0	0	0	0	0	10.728	0	0	0	0	0	0	0	0	0	0	0	0	0	0	0	0	0	32.185	0	0	96.554	0	0	0	0	0	0	0	0	21.456	85.826	0	0	0	0	0	0	0	85.826	386.22	0	0	0	0	0	0	0	0	0	0	64.369	0	0	0	0	0	0	0	0	0	0	0	0	53.641	0	42.913	0	0	42.913	0	21.456	0	332.58	0	0	0	0	0	0	0	0	0	0	0	0	0	0	0	0	0	0	0	0	42.913	0	0	0	0	0	0	0	0	0	0	0	0	0	0	0	0	0	0	0	0	107.28	0	0	0	0	901.17	53.641	0	429.13	0	0	42.913	0	0	0	708.06	0	21.456	0	32.185	32.185	21.456	214.57	0	225.29	128.74	10.728	214.57	0	0	0	85.826	0	10.728	0	0	0	0	0	42.913	10.728	75.098	0	0	0	0	0	0	0	0	0	0	0	0	0	0	0	0	150.2	0	128.74	0	0	0	0	0	0	0	0	0	0	0	96.554	0	0	0	0	0
L141_A10	NF	10.285	0	3.0856	8.2283	0	0	1.0285	391.88	43.199	0	206.74	12.342	3.0856	736.44	43.199	1.0285	48.341	176.91	52.456	2.0571	0	1.0285	0	30.856	311.65	0	1.0285	39.085	32.913	27.771	1.0285	0	276.68	7.1998	605.81	53.484	3409.6	1.0285	412.45	896.89	6.1712	65.827	0	0	197.48	190.28	457.7	2418.1	270.51	34.97	0	10.285	827.98	9.2569	6750.3	379.53	3446.6	153.25	6993.1	733.35	1599.4	1111.8	471.07	11503	206.74	93.597	514.27	10516	8281.8	7.1998	4.1142	223.19	1506.8	598.61	22.628	8.2283	257.14	652.1	0	4.1142	1304.2	415.53	1583.9	14.4	261.25	147.08	2.0571	375.42	2031.4	236.57	27.771	106.97	126.51	3677	65.827	226.28	69.941	37.028	245.82	343.53	346.62	503.99	97.712	233.48	45.256	98.74	302.39	0	177.94	1127.3	84.34	23.656	114.17	447.42	695.29	99.769	1217.8	206.74	816.66	207.76	433.02	320.9	51.427	150.17	1248.7	683.98	230.39	163.54	127.54	59.655	308.56	5.1427	0	0	328.11	0	264.33	0	81.255	49.37	0	0	21.599	34.97	0	155.31	8.2283	3.0856	10.285	0	0	1.0285	1.0285	76.112	0	77.141	0	0	1.0285	0	0	0	0	1.0285	40.113	40.113	213.94	43.199	374.39	294.16	78.169	0	12.342	0	0	33.942	0	0	0	314.73	19.542	6.1712	0	0	131.65	1.0285	11.314	5.1427	0	11.314	1.0285	202.62	0	0	6.1712	0	44.227	31.885	42.17	0	7.1998	6.1712	9.2569	1099.5	744.66	0	0	4.1142	2.0571	0	9.2569	1.0285	50.399	6.1712	0	6.1712	5.1427	11.314	2.0571	0	0	0	0	0	4.1142	0	0	0	203.65	162.51	1.0285	0	0	9.2569	0	14.4	0	0	256.11	1581.9	5.1427	27.771	12.342	3.0856	0	112.11	2.0571	2.0571	0	0	0	6.1712	429.93	0	3.0856	0	0	0	0	16.457	0	0	0	1.0285	0	2.0571	4.1142	0	0	5.1427	0	2.0571	9.2569	0	0	0	0	1.0285	6.1712	0	0	28.799	80.226	0	0	0	0	0	0	0	51.427	0	0	10.285	0	0	0	0	41.142	83.312	0	1.0285	0	0	0	0	0	0	1.0285	0	40.113	3.0856	0	0	0	0	0	0	0	0	0	1.0285	9.2569	55.541	0	68.912	1.0285	7.1998	13.371	0	0	0	587.3	56.57	0	0	0	4.1142	4.1142	0	0	0	0	0	0	0	0	0	0	0	0	0	0	0	0	0	0	0	0	0	0	0	98.74	0	0	0	0	0	0	33.942	0	0	0	0	32.913	0	11.314	9.2569	0	392.9	18.514	8.2283	334.28	0	0	69.941	2560	0	3.0856	521.47	0	0	0	37.028	0	22.628	150.17	0	243.76	263.31	103.88	239.65	64.798	6.1712	0	103.88	7.1998	0	0	2.0571	0	0	0	3.0856	1.0285	23.656	0	0	1.0285	0	0	0	10.285	0	1.0285	0	1.0285	3.0856	2.0571	0	0	87.426	57.598	0	161.48	0	0	0	0	0	0	0	39.085	3.0856	0	0	50.399	13.371	0	0	0	0
L141_E12	NF	2.9997	0	0	0	0	0	0	482.95	0	1.4998	91.49	157.48	0	1165.4	145.48	205.48	1219.4	77.992	80.991	0	416.95	0	0	109.49	199.48	0	13.499	26.997	64.493	0	0	0	82.491	0	602.93	65.993	4184.5	4.4995	394.46	1823.8	0	49.495	0	0	343.46	139.49	541.44	5125	695.93	55.494	0	149.98	179.98	307.47	4262.5	1777.3	292.47	586.44	3719.6	818.91	815.91	695.93	484.45	7418.2	233.98	56.994	551.94	5357.4	6501.8	0	143.99	860.91	3128.7	800.91	121.49	47.995	616.43	251.97	0	1.4998	761.92	382.46	835.41	11.999	94.49	40.496	0	7.4992	172.48	155.98	14.998	208.48	131.99	2192.8	250.47	302.97	89.99	224.98	7.4992	82.491	226.48	275.97	131.99	232.48	437.95	286.47	154.48	0	140.99	979.4	80.991	20.998	950.9	298.47	185.98	935.9	274.47	173.98	475.45	160.48	560.94	47.995	64.493	47.995	19.498	119.99	61.493	0	61.493	5.9994	403.46	0	0	0	22.498	1.4998	191.98	0	73.492	29.997	0	0	98.989	100.49	0	19.498	26.997	47.995	0	0	2.9997	0	0	0	0	1.4998	0	0	0	0	7.4992	0	0	0	7.4992	0	164.98	37.496	97.49	338.96	154.48	0	10.499	0	28.497	13.499	0	0	0	25.497	10.499	0	37.496	0	82.491	397.46	0	0	0	14.998	10.499	28.497	1.4998	0	0	0	68.993	19.498	0	0	4.4995	0	0	17.998	170.98	0	0	0	0	0	0	0	59.994	8.999	0	0	0	0	1.4998	7.4992	0	0	0	0	0	0	0	0	7.4992	64.493	14.998	0	0	0	0	4.4995	0	0	0	182.98	0	68.993	2.9997	0	0	11.999	25.497	1.4998	16.498	0	22.498	0	13.499	0	0	0	0	0	0	7.4992	0	0	0	0	0	5.9994	0	1.4998	0	0	0	0	0	1.4998	0	0	0	157.48	0	0	4.4995	0	2.9997	0	0	0	0	1.4998	0	0	244.47	0	0	1.4998	0	0	0	0	28.497	605.93	0	0	0	0	0	0	0	0	0	0	86.991	0	0	0	0	0	0	0	23.997	0	17.998	35.996	8.999	50.994	0	91.49	0	16.498	25.497	0	17.998	0	157.48	43.495	0	0	2.9997	0	0	0	0	0	0	0	0	0	0	0	0	0	0	0	0	41.995	0	0	0	0	0	0	0	0	0	0	0	0	0	0	0	0	0	0	0	0	16.498	0	0	46.495	0	0	19.498	0	98.989	0	0	112.49	0	0	0	23.997	0	0	0	4.4995	0	0	92.99	0	0	1.4998	85.491	77.992	34.496	8.999	0	41.995	0	0	0	4.4995	0	0	0	10.499	0	0	0	0	0	2.9997	0	0	0	0	0	0	0	0	1.4998	0	0	203.98	167.98	0	268.47	0	0	0	0	0	0	0	119.99	1.4998	0	0	25.497	22.498	0	0	0	0
L142_H06	NF	0	0	0	0	0	0	0	966.49	16.956	0	236.49	4.4621	0	509.57	5.3545	1534.1	2188.2	82.995	80.318	0	630.05	0	0	25.88	266.83	0	0	22.31	527.42	7.1393	0	0	68.716	0	564.9	149.03	4866.4	56.222	252.55	1933	0	10.709	0	0	250.77	211.5	418.54	4641.5	131.19	0	0	21.418	658.6	182.05	1369.9	2377.4	1095	233.81	1572.4	406.05	243.63	558.65	124.05	5269.7	105.31	37.482	312.35	6092.5	6662.8	17.848	36.589	1615.3	1423.4	562.22	45.513	24.988	520.28	306.1	3.5697	0	416.76	223.1	647.9	2.6773	379.28	24.095	0	97.274	456.03	33.02	1.7848	173.13	82.995	1838.4	272.19	431.93	116.01	15.171	27.665	116.91	221.32	431.04	82.995	127.62	40.159	163.31	362.32	323.06	81.21	330.2	121.37	31.235	225.78	196.33	279.33	1193.2	117.8	351.61	403.37	59.792	203.47	95.489	86.565	157.96	478.34	90.134	17.848	34.804	1.7848	26.773	397.13	3.5697	0	0	13.386	0	58.9	0	96.381	452.46	0	0	114.23	3.5697	0	5.3545	2.6773	189.19	0	0	0	0	0	0	40.159	19.633	0	0	0	57.115	9.8166	10.709	9.8166	1.7848	48.191	0	121.37	67.824	146.36	869.22	47.298	16.956	5.3545	0	2.6773	11.601	0	0	0	49.975	0	0	0	0.89242	82.103	5.3545	7.1393	0	0	10.709	2.6773	33.02	0	0	0	0	6.2469	0	0	0.89242	0	0.89242	4.4621	284.68	330.2	0	0	0	11.601	0.89242	87.457	0	220.43	0	0	25.88	0	3.5697	33.02	7.1393	0	0	0	0	0	0	0	0	132.97	250.77	0	0	0	0	0	19.633	0	0	0.89242	5458	0	53.545	15.171	0	1.7848	64.254	0	0	0	0	3.5697	0	8.9242	0	0	0	0	0	0	7.1393	0	0	2.6773	2.6773	0	13.386	16.956	0	0	0	0	0	0	0	7.1393	0	0	211.5	0	0	5.3545	1.7848	0	0	0	0	0	1.7848	0.89242	5.3545	0.89242	0.89242	0	0	0	0	0	0	47.298	182.05	0	0	0	0	0	0	0	0	0	0.89242	65.147	26.773	0	0	0	0	0	0	2.6773	0	10.709	18.741	6.2469	95.489	0	75.856	0	49.975	0	0	11.601	0	59.792	20.526	0.89242	0	0.89242	0.89242	0	0	0	0	0	0	0	0	0	0	0	0	0	0	0	9.8166	1.7848	0	0	0	0	0	0	183.84	34.804	0	0	0	0	0	10.709	0	0	0	0	0	9.8166	33.912	7.1393	176.7	0	0	33.912	5.3545	28.557	5.3545	0	122.26	0.89242	0	0	0	3.5697	0	0	0	0	0	229.35	0	111.55	0	208.83	41.944	15.171	9.8166	0	405.16	0	0	0	0.89242	0	0	0	0	4.4621	0	0	0	0	10.709	0	0	0	0	0	0	2.6773	0.89242	5.3545	0	0	249.88	59.792	0	87.457	0	0	0	0	0	0	0	117.8	0	0	0	49.083	0	0	0	0	0
L142_C08	NF	0	0	0	1.0584	10.584	0	0	195.81	29.636	0	564.14	106.9	1.0584	723.97	92.083	998.1	2467.2	8.4674	166.17	0	47.629	0	0	91.025	41.279	1.0584	1.0584	52.922	63.506	11.643	4.2337	1.0584	438.19	0	555.68	637.17	3070.5	28.578	356.69	1704.1	0	19.052	0	0	314.35	280.48	229.68	2906.4	265.67	63.506	0	128.07	303.77	97.376	2670.4	766.3	1033	180.99	3057.8	757.84	563.09	1205.6	115.37	5471	82.558	61.389	308	12789	7708.5	12.701	157.71	640.35	1435.2	635.06	51.863	80.441	295.3	359.87	0	0	990.69	206.39	628.71	0	285.78	79.382	0	31.753	198.99	33.87	39.162	64.564	32.811	2799.6	94.2	161.94	275.19	21.169	86.791	283.66	183.11	651.99	76.207	68.798	53.98	214.86	240.26	0	138.65	632.94	127.01	83.616	71.973	169.35	247.67	1142.1	464.65	220.15	192.63	75.148	338.7	22.227	83.616	189.46	259.32	38.104	63.506	173.58	6.3506	29.636	547.21	0	0	0	14.818	0	8.4674	0	32.811	1037.3	1.0584	1.0584	26.461	16.935	0	3.1753	0	21.169	0	0	23.285	0	260.37	46.571	0	11.643	0	14.818	0	0	9.5259	0	28.578	5.2922	13.76	0	153.47	3.1753	180.99	256.14	136.54	4.2337	21.169	0	4.2337	22.227	0	0	0	58.214	0	0	0	1.0584	38.104	0	0	0	0	47.629	9.5259	4.2337	1.0584	0	0	0	8.4674	0	6.3506	4.2337	2.1169	0	9.5259	58.214	478.41	0	0	16.935	14.818	0	45.513	0	226.5	0	0	28.578	0	7.409	56.097	4.2337	0	0	0	0	0	0	0	0	450.89	696.45	4.2337	0	0	0	0	11.643	0	0	7.409	6123	109.02	34.928	24.344	0	0	45.513	0	0	5.2922	0	0	0	9.5259	0	0	0	0	0	0	195.81	0	0	0	2.1169	0	41.279	0	0	5.2922	0	0	0	19.052	0	0	0	0	2.1169	0	0	0	12.701	0	0	0	0	0	0	0	2.1169	10.584	0	0	0	0	0	1.0584	0	51.863	160.88	0	1.0584	0	2.1169	32.811	0	0	0	158.76	1.0584	174.64	60.331	0	0	0	0	0	0	0	0	0	8.4674	0	52.922	0	39.162	0	52.922	0	0	1.0584	0	30.694	31.753	0	21.169	0	0	0	0	0	0	0	0	17.993	0	0	0	0	0	0	0	0	3.1753	0	0	0	0	0	3.1753	1.0584	0	0	0	0	0	0	0	84.674	0	0	0	0	0	3.1753	177.82	4.2337	81.499	0	3.1753	42.337	0	464.65	0	0	83.616	0	0	0	0	71.973	0	1.0584	0	12.701	0	143.95	0	0	14.818	363.04	29.636	26.461	14.818	2.1169	299.54	0	0	0	2.1169	0	10.584	0	0	5.2922	0	0	0	0	12.701	0	1.0584	14.818	0	0	0	0	0	12.701	0	4.2337	436.07	43.396	0	130.19	0	0	0	17.993	5.2922	0	0	46.571	43.396	0	0	64.564	9.5259	0	0	0	0
L142_F09	NF	0	0	0	2.9395	0	0	0	360.57	14.697	0	145.01	120.52	2.9395	458.56	96.022	549.68	312.56	75.446	69.567	1.9596	5.8789	0	2.9395	69.567	522.24	0	32.334	2.9395	57.809	3.9193	0	0	36.253	0.97982	677.05	0.97982	4282.8	28.415	346.86	1099.4	1.9596	47.031	0	0	377.23	357.63	265.53	3253	304.72	42.132	0	60.749	226.34	289.05	3668.4	1858.7	1978.3	83.285	5437	662.36	881.84	1224.8	181.27	13367	195.96	38.213	618.27	11494	6250.3	118.56	129.34	1189.5	3073.7	253.77	115.62	210.66	296.89	610.43	0	0	940.63	396.83	972.96	11.758	431.12	98.962	0.97982	82.305	345.88	293.95	77.406	301.78	96.022	2238.9	175.39	517.34	285.13	137.18	7.8386	206.74	194	514.41	80.345	160.69	34.294	227.32	152.85	0	90.143	319.42	152.85	161.67	351.76	108.76	289.05	1249.3	445.82	213.6	841.66	124.44	272.39	52.91	104.84	136.2	1207.1	184.21	268.47	82.305	90.143	20.576	457.58	31.354	0	0.97982	49.971	0	267.49	0	19.596	127.38	0	0	63.688	4.8991	0	0	43.112	115.62	0	0	10.778	0	0	0	0	69.567	0	5.8789	0	0.97982	17.637	0	5.8789	0	8.8184	56.829	67.608	16.657	275.33	103.86	178.33	0	30.374	0	7.8386	30.374	0	0	0	58.789	0	0	0	0	179.31	0.97982	0	0	0	67.608	0	118.56	0	0	0	0.97982	3.9193	38.213	0	9.7982	0	0.97982	0	1.9596	424.26	0	0	0	14.697	0	10.778	0	113.66	0	0	3.9193	0	0	7.8386	18.617	0	0	0	0	0	102.88	0	0	22.536	86.224	0	0	0	0	0	9.7982	0	0	22.536	242.01	0.97982	64.668	26.455	0	0	81.325	0	0	0	0	4.8991	0	15.677	0	0	0	0	0	0	125.42	0	0	0	0	0	0	0.97982	121.5	0	1.9596	0	0	0	0.97982	0	0	0	134.24	4.8991	0.97982	1.9596	351.76	7.8386	0	0	0	0	0	0	0	25.475	0	0	1.9596	0	3.9193	0	0	26.455	196.94	0	0	0.97982	0	0	0	0	0	0	0	151.87	1.9596	0	0	0	0	0	0	0.97982	0	0.97982	9.7982	0	91.123	0	22.536	0	81.325	0	7.8386	18.617	26.455	269.45	35.273	0	0	0	0.97982	0	6.8587	0	0	0	0.97982	0	101.9	0	0	0	0	0	0	1.9596	0.97982	0	0	0	0	0	0	0	0.97982	33.314	0	0	0	0	0	0	0	0	0	0	0	1.9596	88.184	3.9193	28.415	0	32.334	6.8587	1.9596	97.002	0	0	73.487	0	0	0	0	17.637	0	0	0	0	0	223.4	0	0	0	111.7	70.547	13.717	4.8991	7.8386	126.4	0	0	0	0	0	0	0	16.657	13.717	2.9395	0	0	0	30.374	0	0	9.7982	71.527	0	0	2.9395	0	8.8184	0	0	166.57	92.103	0	131.3	0	0	0	0	0	0	0	106.8	0	0	0	25.475	1.9596	0	0	0	0
L227_D06	NF	0	0	0	0	0	0	0	1027.9	0	0	212.72	21.332	0	1691.4	59.011	352.87	1214.5	159.69	159.29	0	0	0	0	11.962	96.092	0	0	16.547	72.966	0.19936	0	0	475.68	0	1230.5	0.79745	5029.5	52.831	704.94	242.42	0	0	0	0	318.38	355.46	265.95	3105.7	516.15	143.94	0	65.191	126.4	51.834	2403.5	1559	817.58	509.57	3162.5	402.71	401.91	1029.1	126.79	4015.9	18.939	19.338	420.85	734.65	9177.8	0.39872	78.15	514.75	1472.3	430.62	60.805	32.895	566.19	555.42	0	0	1283.5	1090.5	2022.5	0	100.28	226.28	0	85.128	218.3	160.49	0	29.506	10.367	2419.7	152.11	34.29	180.42	366.63	123.6	362.04	254.59	824.96	30.502	176.63	4.984	96.092	767.94	0	320.77	885.97	15.151	41.866	82.735	249.6	383.57	189.39	1211.9	171.65	736.24	530.7	650.12	245.41	0	204.35	144.94	0	18.142	0	7.9745	1.1962	256.78	115.83	0	0	174.24	19.538	10.367	0	76.754	44.856	0	0	0	1.7943	0	33.493	25.917	208.33	0	0	0	0	0	22.528	0	438	0	0	0	0	13.357	0	0	0.19936	127.79	0	114.83	2.3923	48.445	565.19	44.458	9.9681	0	0	0	27.113	0	0	0	70.175	0	0	0	0	0.19936	0	0	0	0	17.943	0	8.5726	0	0	0	0	0	0	0	0.19936	0	0	0.19936	0	582.14	0	0	0.19936	136.56	0	176.43	0	149.12	0	0	37.281	0	0.39872	17.743	0.79745	0.19936	0	0	0	0	0	0	0	522.73	182.42	22.129	0	0	46.651	0	27.113	0	0	27.911	1802.4	0.39872	73.963	0.19936	0	0	87.52	0	23.525	0.99681	0	0	0	1.1962	0	0	0	0	0	0	10.167	0	0	0.59809	0	0.79745	17.344	0	0	0	0	0	0	0	0	22.528	0	0	62.799	26.116	0	197.17	0	0	0	0	0	0	0	0	0	49.84	0	0	0	0	0	0	0	25.718	143.94	0	0	0	0	0	0	0	0	0	0	91.707	0	0	0	0	0	0	0	0	0	0	103.87	0.59809	190.99	0	102.67	0	14.753	0	0	0	81.938	32.695	0.99681	0	0	0	0	0	0	0	0	0	0	0	0	0	0	0	0	0	0	0	98.485	0	0	0	0	0	0	0	0	0	0	0	0	0	0	0	14.952	0	0	0	0	8.9713	19.139	0	20.335	0	38.876	96.491	0	964.51	0	0	28.509	0	0	0	0	62.6	0	0	0	0	0	118.82	0	16.148	175.84	229.27	298.45	0	0.19936	0	92.105	0.39872	0	0.39872	1.9936	0	0	0	0	0.59809	0.79745	0	0	0	0	0	0.39872	0	0.19936	0	0	0	0	6.3796	0	0	275.12	35.885	0	3.9872	0	0	0	0	0	0	0	112.44	44.856	0	0	12.161	28.708	0	0	0	0
L228_C05	NF	0	0	0.53232	0	35.311	0	0	169.37	19.873	0	95.818	0	0.70976	1774.8	68.403	158.19	2564	192.43	112.23	0	18.542	0	0	40.989	71.864	0	0	0.8872	62.282	0.26616	0	0	37.706	0.17744	682.53	18.188	6085.9	8.6059	508.28	26.616	0	26.35	0	0	48.885	68.315	174.34	2524.6	347.61	51.724	6.1217	51.724	110.1	415.92	2684.5	1053	519.37	126.25	4390.7	577.75	1285.3	1276.9	32.383	2663.6	261.28	43.473	830.69	1209.3	17957	36.996	229.34	209.38	1452.3	761.93	51.635	53.232	256.67	515.38	0	25.64	1135.6	224.2	1402.1	3.5488	253.92	35.311	0	133.61	403.32	99.722	0	208.05	22.89	3317.5	189.06	306.08	120.66	584.05	0	226.68	153.31	1296.7	169.46	77.719	2.1293	348.05	214.26	0	307.77	1170.6	122.7	204.94	142.4	501	245.67	20.228	700.98	107.71	548.2	347.61	690.78	118.53	140	122.43	583.07	199.53	152.24	65.742	94.842	28.923	480.42	0.35488	0	0	113.03	0	153.13	0	200.51	22.446	0	0	45.247	106.2	22.446	4.436	44.094	125.18	0	0	0.97592	0	0	0	0	236.26	0	0	0	0	15.437	0	0	0	89.43	3.9037	167.77	90.317	111.7	43.029	67.073	15.171	0	0	0	18.099	0	0	0	167.86	0	0	14.106	0	89.607	0.26616	5.0571	0	0	0	20.761	84.373	0	0	0	0	0	17.123	0	0.53232	19.785	0	0	650.23	412.82	0	0	0	50.216	0	0	0	63.79	0.17744	0	0	0	0	0	0.08872	0.35488	0	0	0	0	0	0	0	0.53232	22.358	32.472	0	0	25.108	0	0	0	0	267.23	3.0165	0	57.934	0.08872	0	0	149.49	0	0	0	0	0	0	1.9519	0	0	0	0	0	0	0.08872	0	0	0	0	0	34.246	0	0	12.864	0	0	0	0	0	1.4195	0	0	114.63	25.285	0	0	0	14.106	0	0	0	0	10.469	0	0	160.49	0	0	0	0	0	0	0	27.681	273.08	0	0	0	0	0	0	0	0	0	0	40.013	0.17744	0	0	0	0	0	7.0089	0	0	0	38.238	27.237	55.45	0	117.64	0	21.293	0	0	0	6.2104	470.13	0.17744	0	0	0	0	0	0	0	0	0	0	0	0	0	0	0	0	0	0	0	19.696	0	0	0	0	0	0	0	0	0	0	0	0	0	0	0	3.2826	0	0	0	0	67.516	0	0	16.147	0	0	0	0	321.43	0	0	29.987	22.358	0	0	32.649	0	0	0	0.62104	0	10.114	122.35	0	0	9.2269	112.94	80.913	0.26616	0.79848	0.17744	40.457	0.26616	0	0.17744	0.26616	0	0	0	0.08872	0	0	0	0	0.17744	39.037	0	0.17744	0	0	0	0	0	0	0.35488	0	0	80.558	26.261	0	8.6059	0	0	0	0	0	6.3879	0	0.70976	0	0	0	94.753	46.667	0.26616	0	0	0
L128_C04	NF	0	0	0	33.721	0	0	0	977.91	0	0	67.442	33.721	0	438.38	0	0	134.88	236.05	168.61	0	0	0	0	0	0	0	0	0	134.88	0	168.61	33.721	67.442	33.721	134.88	0	2090.7	303.49	134.88	202.33	0	33.721	0	0	33.721	101.16	134.88	303.49	236.05	0	0	67.442	0	0	2259.3	67.442	4721	370.93	2664	134.88	202.33	269.77	438.38	2596.5	505.82	67.442	1079.1	0	2090.7	1011.6	0	809.31	3372.1	236.05	168.61	741.86	1922.1	606.98	0	0	303.49	944.19	2360.5	0	809.31	134.88	0	33.721	33.721	269.77	0	0	0	33.721	0	0	33.721	0	0	0	67.442	134.88	0	67.442	0	168.61	67.442	0	168.61	472.1	0	0	168.61	0	0	0	0	0	505.82	67.442	0	33.721	0	0	505.82	0	0	0	0	5867.5	640.7	2394.2	0	0	1551.2	101.16	472.1	67.442	168.61	1551.2	101.16	0	505.82	168.61	0	33.721	370.93	101.16	0	337.21	0	33.721	0	67.442	134.88	1180.2	33.721	0	101.16	0	101.16	0	33.721	236.05	168.61	168.61	370.93	337.21	741.86	269.77	674.42	101.16	236.05	0	0	101.16	404.65	202.33	33.721	33.721	33.721	0	67.442	0	606.98	67.442	33.721	0	0	101.16	33.721	236.05	202.33	0	0	33.721	101.16	101.16	0	0	0	0	0	0	33.721	0	0	0	33.721	0	0	0	67.442	33.721	0	0	0	0	0	0	0	0	0	0	0	0	0	0	33.721	101.16	33.721	0	0	0	0	0	0	0	0	337.21	0	134.88	0	33.721	0	0	33.721	0	33.721	0	0	0	33.721	0	0	0	0	0	0	67.442	0	0	0	0	33.721	0	0	0	0	0	0	0	0	0	0	0	0	33.721	0	0	0	0	33.721	0	0	0	0	0	0	0	134.88	0	0	0	0	0	0	0	269.77	337.21	0	0	0	0	0	0	0	0	0	0	101.16	33.721	0	0	0	0	0	0	0	0	0	33.721	0	202.33	0	33.721	0	33.721	0	0	0	0	67.442	168.61	0	33.721	0	0	0	0	0	0	0	33.721	0	0	0	0	0	0	0	0	0	0	0	0	0	0	0	0	0	0	0	0	0	0	0	0	0	0	0	0	0	0	33.721	0	0	33.721	0	0	0	0	0	0	0	0	0	0	0	101.16	101.16	0	0	33.721	0	0	269.77	0	0	67.442	33.721	67.442	0	0	0	0	0	0	0	0	0	0	0	0	0	0	0	33.721	0	0	33.721	0	33.721	0	0	0	0	0	0	0	0	0	0	0	303.49	0	0	0	0	0	0	0	202.33	0	0	0	101.16	101.16	33.721	0	0	0
L128_D05	NF	0	0	0	0	0	0	0	275.06	0	0	0	0	0	660.14	0	55.012	1705.4	385.08	55.012	0	0	0	0	55.012	0	0	55.012	0	0	0	0	0	55.012	55.012	220.05	0	2090.4	330.07	0	0	0	0	0	0	165.04	220.05	385.08	110.02	110.02	0	0	0	0	0	2420.5	550.12	2420.5	660.14	2695.6	0	495.1	605.13	440.09	1980.4	385.08	0	1760.4	880.18	2035.4	825.17	0	880.18	2090.4	330.07	110.02	0	1485.3	220.05	0	0	385.08	605.13	2035.4	0	2420.5	440.09	110.02	55.012	0	55.012	110.02	440.09	220.05	0	0	0	0	0	0	0	220.05	385.08	0	110.02	0	165.04	220.05	0	1100.2	3685.8	0	0	550.12	165.04	110.02	0	0	0	440.09	55.012	55.012	770.16	0	0	165.04	0	330.07	0	0	5556.2	935.2	880.18	0	0	1815.4	0	330.07	55.012	330.07	1870.4	165.04	0	220.05	55.012	110.02	110.02	495.1	165.04	55.012	605.13	0	0	110.02	55.012	55.012	1540.3	275.06	0	0	0	220.05	55.012	0	110.02	385.08	110.02	165.04	165.04	3300.7	165.04	550.12	165.04	55.012	0	55.012	0	0	0	0	110.02	0	0	55.012	0	110.02	0	55.012	110.02	0	165.04	110.02	275.06	55.012	0	0	0	275.06	0	0	0	0	0	0	55.012	0	0	0	55.012	0	0	0	0	55.012	0	0	0	0	0	55.012	55.012	0	0	0	0	0	0	55.012	0	0	0	0	0	0	0	0	275.06	0	0	0	55.012	0	110.02	0	0	0	0	0	0	0	0	0	0	55.012	0	0	0	0	0	0	660.14	0	110.02	0	0	0	0	0	0	0	0	0	0	55.012	0	0	0	0	55.012	0	0	165.04	0	0	0	0	0	0	0	0	0	0	0	0	0	0	0	0	0	660.14	330.07	0	0	0	55.012	110.02	0	0	0	0	0	55.012	0	0	0	0	0	0	0	0	0	0	110.02	0	55.012	0	0	0	0	110.02	0	0	0	0	5776.2	0	0	0	110.02	0	0	0	0	0	0	0	0	0	0	0	0	0	0	0	0	0	0	0	0	0	0	0	110.02	0	0	0	0	0	0	0	0	0	0	0	0	275.06	0	0	0	0	0	0	0	0	0	0	0	0	0	0	0	0	0	0	0	0	0	55.012	0	0	0	220.05	55.012	0	0	0	0	0	0	0	0	0	0	0	0	0	0	0	0	0	0	0	0	0	0	0	0	0	0	0	0	0	55.012	0	0	330.07	0	0	0	0	0	0	0	55.012	0	0	0	0	0	0	0	0	0
L129_A01	NF	0	0	0	0	0	0	0	1026.7	0	0	0	0	0	513.33	0	0	2292.9	171.11	0	0	0	0	0	0	0	0	0	34.222	68.444	0	0	0	855.55	273.78	102.67	171.11	2464	0	0	136.89	68.444	68.444	0	0	0	308	136.89	752.88	205.33	0	0	0	0	102.67	1608.4	34.222	3148.4	615.99	3182.6	136.89	410.66	923.99	308	2053.3	444.89	0	821.33	2429.8	5372.9	650.22	0	684.44	2635.1	410.66	102.67	239.55	752.88	513.33	0	0	102.67	136.89	1745.3	0	376.44	205.33	68.444	342.22	615.99	205.33	34.222	308	136.89	34.222	0	0	0	0	0	0	239.55	410.66	0	34.222	0	0	68.444	0	0	787.1	0	0	205.33	34.222	102.67	102.67	0	0	171.11	102.67	0	102.67	0	0	308	239.55	0	0	0	1403.1	1300.4	1711.1	0	34.222	889.77	68.444	273.78	205.33	1403.1	2806.2	136.89	239.55	136.89	444.89	410.66	752.88	513.33	136.89	205.33	34.222	0	205.33	308	171.11	102.67	342.22	205.33	68.444	0	34.222	171.11	0	444.89	273.78	171.11	34.222	855.55	444.89	787.1	1300.4	650.22	205.33	136.89	0	342.22	68.444	68.444	0	0	171.11	0	34.222	34.222	0	376.44	34.222	444.89	0	0	68.444	136.89	581.77	34.222	0	0	136.89	0	0	0	0	0	0	34.222	0	0	0	0	0	0	0	0	0	34.222	0	0	0	0	0	0	0	0	0	0	0	0	0	0	0	0	0	0	0	0	0	0	0	0	0	0	0	0	34.222	0	0	0	547.55	0	0	0	0	0	0	0	0	0	0	0	0	0	444.89	0	0	0	0	0	0	0	0	0	0	0	0	0	0	0	0	0	0	0	0	0	0	0	0	0	0	0	0	34.222	0	136.89	0	0	0	0	0	0	0	444.89	615.99	0	0	0	68.444	0	0	0	0	0	0	239.55	68.444	0	0	0	0	0	0	0	0	0	34.222	0	0	0	0	0	239.55	0	0	0	0	0	855.55	0	0	34.222	0	0	0	0	0	0	0	0	0	0	0	0	0	0	0	0	0	0	0	0	0	0	0	0	171.11	0	0	0	0	0	0	0	0	0	0	0	0	102.67	0	0	0	0	0	0	0	0	0	0	0	34.222	0	0	0	68.444	0	0	0	0	0	444.89	0	0	68.444	68.444	0	0	0	0	0	0	68.444	0	0	0	0	0	0	0	0	0	0	0	0	0	0	0	0	0	0	0	0	0	0	0	205.33	0	0	68.444	0	0	0	0	0	0	0	102.67	0	0	0	0	0	0	0	0	0
L129_C04	NF	0	0	0	0	0	0	0	230.34	0	0	230.34	287.92	0	115.17	0	0	2418.5	115.17	0	0	0	0	0	0	0	0	0	0	0	0	0	0	115.17	230.34	460.67	1554.8	2015.4	230.34	0	863.76	0	0	0	0	57.584	0	287.92	172.75	0	0	0	230.34	0	57.584	172.75	863.76	1612.3	806.17	2360.9	403.09	57.584	287.92	115.17	2073	403.09	57.584	1497.2	4894.6	12035	460.67	0	57.584	2130.6	345.5	230.34	0	403.09	0	57.584	0	172.75	806.17	1900.3	0	287.92	345.5	230.34	57.584	172.75	287.92	0	115.17	115.17	57.584	0	0	57.584	0	0	115.17	0	345.5	0	0	0	0	0	0	57.584	57.584	0	0	57.584	57.584	0	0	518.25	0	172.75	57.584	0	0	0	172.75	115.17	0	0	0	0	2821.6	2476.1	3800.5	0	115.17	518.25	0	403.09	0	1266.8	1497.2	403.09	518.25	460.67	230.34	172.75	172.75	748.59	0	230.34	0	0	57.584	0	0	0	403.09	0	0	0	57.584	518.25	0	172.75	0	172.75	172.75	345.5	575.84	978.92	1900.3	1151.7	115.17	57.584	0	0	0	0	0	0	1094.1	115.17	0	57.584	0	172.75	57.584	0	0	0	115.17	230.34	0	0	0	0	115.17	0	0	0	0	0	0	0	633.42	57.584	0	0	0	172.75	0	0	0	115.17	0	0	0	0	0	0	0	0	0	0	0	0	0	0	0	0	0	57.584	0	0	0	0	172.75	0	0	0	172.75	0	0	57.584	0	0	287.92	0	0	0	0	0	0	172.75	0	0	0	0	0	0	2476.1	0	0	0	0	0	0	0	0	0	0	0	0	0	0	0	0	0	0	0	0	0	0	0	0	0	0	0	0	0	0	230.34	0	0	0	0	0	0	0	345.5	403.09	0	57.584	0	0	0	0	0	0	0	0	230.34	0	0	57.584	0	0	0	0	0	0	0	0	0	691.01	0	0	0	230.34	0	0	0	0	0	3455	0	0	115.17	0	0	115.17	0	0	0	0	0	0	0	0	0	0	0	0	0	0	0	0	0	0	0	0	0	575.84	0	0	0	0	0	0	0	0	0	0	0	0	0	0	2360.9	0	0	0	0	0	0	0	0	57.584	0	0	0	0	0	0	0	0	0	0	57.584	0	0	0	287.92	0	0	0	0	0	0	0	0	0	0	0	0	0	230.34	0	0	0	0	0	0	0	0	0	0	0	0	0	0	57.584	0	287.92	0	0	345.5	0	0	0	0	0	0	0	172.75	0	0	0	0	0	0	0	0	0
L129_D05	NF	0	0	0	0	0	514.87	0	1158.4	0	0	128.72	257.43	0	557.77	0	0	1072.6	214.53	85.811	0	0	0	0	0	0	0	0	0	0	0	0	0	300.34	171.62	257.43	0	2703.1	85.811	0	0	0	42.906	0	0	0	171.62	1072.6	386.15	300.34	0	0	42.906	0	0	986.83	0	1244.3	300.34	2188.2	643.58	42.906	257.43	729.4	4376.4	514.87	42.906	772.3	386.15	7723	1158.4	0	1930.8	1373	0	0	42.906	1415.9	128.72	0	0	0	557.77	3346.6	0	257.43	429.06	0	0	0	0	0	85.811	128.72	0	0	0	0	0	0	0	0	257.43	0	214.53	0	85.811	386.15	0	0	1501.7	0	0	0	0	85.811	42.906	0	0	128.72	0	0	643.58	0	0	429.06	128.72	0	0	0	5835.2	471.96	514.87	0	0	858.11	85.811	257.43	42.906	600.68	901.02	729.4	257.43	257.43	300.34	0	686.49	2359.8	600.68	0	42.906	0	42.906	85.811	128.72	0	557.77	0	128.72	0	0	0	85.811	42.906	42.906	42.906	42.906	257.43	257.43	1673.3	943.92	1029.7	0	643.58	0	0	42.906	0	128.72	0	0	0	0	42.906	0	386.15	0	257.43	0	0	128.72	0	0	0	0	42.906	0	42.906	0	0	0	0	0	0	42.906	85.811	42.906	0	0	0	0	0	0	0	0	0	0	0	0	0	0	0	0	0	0	0	0	0	0	0	0	0	0	0	0	0	0	0	0	42.906	85.811	0	42.906	0	0	0	85.811	0	0	0	0	0	0	0	0	0	0	0	0	0	0	0	0	0	0	0	0	0	0	0	0	0	0	0	0	0	0	0	0	0	0	0	0	0	0	0	0	0	0	0	0	42.906	0	0	0	0	0	0	0	772.3	85.811	0	0	0	214.53	0	0	0	0	0	0	171.62	0	0	0	0	0	0	0	0	0	0	42.906	0	42.906	0	0	0	0	0	0	0	0	0	2231.1	0	0	42.906	85.811	0	0	0	0	0	0	0	0	0	0	0	0	0	0	0	0	0	0	0	0	0	0	42.906	0	0	0	0	0	0	0	0	0	0	0	0	0	85.811	0	0	0	0	0	0	0	0	0	0	85.811	0	0	0	0	0	0	0	0	0	0	300.34	0	0	0	0	0	0	0	0	42.906	0	0	0	0	0	0	0	0	42.906	0	0	0	0	0	0	0	0	0	0	0	0	0	0	0	0	0	0	0	214.53	0	0	0	0	0	0	0	0	0	0	0	85.811	42.906	42.906	0	0	0
L129_F11	NF	0	0	0	1224.1	0	0	0	673.28	0	0	122.41	0	0	734.48	0	0	2019.8	856.9	0	0	183.62	0	0	0	0	0	0	0	550.86	0	0	0	183.62	244.83	244.83	0	2754.3	183.62	0	0	0	0	0	0	61.207	61.207	1713.8	979.31	0	0	0	0	0	0	489.66	244.83	306.04	306.04	2081	244.83	428.45	122.41	183.62	3121.6	489.66	0	673.28	5508.6	12915	2570.7	0	550.86	2142.3	122.41	0	61.207	795.69	244.83	0	0	61.207	122.41	2448.3	0	61.207	306.04	0	0	795.69	61.207	0	0	0	0	0	0	0	0	0	0	0	244.83	0	122.41	0	0	0	0	0	183.62	0	0	61.207	0	0	0	0	0	0	244.83	0	0	0	0	612.07	0	0	0	0	6794	1591.4	61.207	0	306.04	61.207	244.83	306.04	0	856.9	122.41	918.1	0	244.83	306.04	183.62	367.24	244.83	244.83	0	0	0	0	0	122.41	367.24	0	0	0	61.207	0	183.62	0	61.207	183.62	0	0	61.207	0	1224.1	306.04	979.31	0	0	0	0	0	0	0	0	244.83	0	0	0	0	612.07	0	0	306.04	0	183.62	0	428.45	0	0	0	0	183.62	0	0	0	0	0	0	183.62	61.207	0	0	0	0	0	0	0	61.207	0	0	0	0	0	0	0	0	0	0	0	0	0	0	0	0	0	0	0	0	0	0	122.41	0	0	0	122.41	0	244.83	0	0	0	61.207	0	0	0	0	0	0	0	0	0	0	0	0	0	2387.1	0	0	0	0	0	0	183.62	0	0	0	0	0	0	0	0	0	0	0	0	0	0	0	0	0	0	0	0	0	0	0	428.45	0	0	0	0	0	0	0	183.62	61.207	0	0	0	0	0	0	0	0	0	0	428.45	0	0	0	0	0	122.41	0	0	0	0	0	0	183.62	0	0	0	0	0	0	0	0	0	7773.3	0	0	61.207	0	0	0	0	0	0	183.62	0	0	0	0	0	0	0	0	0	0	0	0	0	0	0	0	0	244.83	0	0	0	0	0	0	0	0	0	0	0	0	0	0	1836.2	122.41	0	0	0	0	0	0	0	0	0	0	0	0	0	0	0	61.207	0	0	61.207	0	0	0	0	244.83	122.41	0	0	0	0	0	0	0	0	0	0	0	0	0	0	0	0	0	0	0	0	0	0	0	0	0	0	0	0	61.207	0	0	183.62	0	0	0	0	0	0	0	0	0	0	0	0	0	0	0	0	0
L130_H02	NF	0	0	0	0	0	0	0	1107.5	0	0	0	82.038	0	328.15	0	0	3773.7	123.06	82.038	0	0	0	41.019	328.15	0	0	0	0	123.06	0	1107.5	0	123.06	164.08	0	328.15	2953.4	82.038	0	287.13	0	0	0	0	0	164.08	328.15	123.06	246.11	0	0	0	0	0	1271.6	287.13	1230.6	41.019	2256	205.1	205.1	246.11	246.11	861.4	328.15	41.019	615.28	4266	5004.3	2338.1	0	1394.6	3404.6	246.11	0	41.019	1148.5	0	0	0	164.08	451.21	1599.7	0	615.28	205.1	0	1599.7	123.06	0	205.1	0	82.038	0	0	0	0	0	0	0	41.019	287.13	0	0	0	41.019	0	0	0	779.36	0	0	41.019	0	0	0	82.038	0	246.11	0	0	0	0	0	164.08	0	82.038	0	0	3732.7	779.36	1271.6	0	0	1189.6	0	41.019	0	615.28	3568.6	533.25	287.13	205.1	328.15	0	1353.6	2789.3	615.28	0	451.21	0	82.038	0	287.13	0	287.13	0	287.13	0	0	41.019	615.28	41.019	164.08	123.06	0	697.32	328.15	1763.8	328.15	615.28	0	820.38	0	0	41.019	0	82.038	0	0	0	0	0	0	451.21	0	41.019	164.08	0	164.08	0	82.038	41.019	0	0	41.019	0	41.019	0	0	0	0	0	287.13	41.019	0	0	0	0	0	0	0	41.019	0	0	0	0	0	0	0	0	0	0	0	0	0	0	0	0	82.038	41.019	0	0	0	0	287.13	0	0	0	246.11	0	123.06	0	0	0	0	0	0	0	0	41.019	0	41.019	0	0	0	0	0	0	0	0	0	0	0	0	0	0	0	0	0	0	0	41.019	0	0	0	0	0	0	0	0	0	0	0	0	0	0	0	0	0	0	0	0	0	0	0	0	0	246.11	0	0	0	0	0	0	0	0	0	0	0	0	41.019	0	0	0	0	0	0	0	0	0	0	0	123.06	0	82.038	0	0	41.019	0	0	0	0	11444	0	0	0	0	0	0	0	0	0	0	0	0	0	0	0	0	0	0	0	0	0	0	0	0	0	0	0	0	0	0	0	0	0	0	0	0	0	0	0	0	779.36	0	0	0	0	0	0	0	0	0	0	0	0	0	0	0	82.038	0	0	0	0	0	328.15	0	0	0	41.019	0	0	0	0	0	0	0	0	0	0	0	0	0	0	0	0	0	0	0	0	0	0	0	0	0	0	0	41.019	0	0	0	0	0	123.06	0	0	0	0	0	0	0	0	0	0	0	164.08	41.019	0	0	0	0
L130_B03	NF	0	0	0	0	0	0	0	782.59	0	0	0	0	0	0	0	0	469.56	0	0	0	0	0	0	0	0	0	0	0	0	0	0	0	0	0	0	0	2347.8	156.52	0	0	0	0	0	0	0	156.52	469.56	0	469.56	0	0	0	0	0	626.08	156.52	313.04	0	1252.2	0	782.59	0	0	1565.2	0	0	156.52	0	3443.4	1252.2	0	939.11	469.56	156.52	0	0	1878.2	0	0	0	0	0	4069.5	0	0	0	0	0	0	0	0	0	0	0	0	0	0	0	0	0	0	469.56	0	0	0	626.08	0	0	0	156.52	0	0	0	0	313.04	0	0	0	156.52	313.04	0	0	0	0	626.08	0	0	0	0	4226	782.59	1408.7	0	0	2347.8	0	469.56	0	313.04	4069.5	469.56	156.52	782.59	469.56	156.52	0	313.04	0	469.56	1721.7	0	0	0	0	313.04	0	0	0	156.52	0	0	0	0	626.08	156.52	0	0	313.04	469.56	1408.7	313.04	0	469.56	0	0	0	0	156.52	0	469.56	0	0	626.08	0	1408.7	156.52	0	0	0	0	0	0	0	0	0	0	0	782.59	0	0	0	0	0	0	0	0	0	0	0	0	0	0	0	0	0	0	0	0	0	0	0	0	0	0	0	0	0	0	0	0	0	0	0	0	0	0	0	0	0	313.04	0	313.04	0	0	0	0	0	0	0	0	0	0	156.52	0	0	0	0	0	0	156.52	0	0	0	0	0	0	0	0	0	0	0	0	0	0	0	0	0	0	0	0	0	0	0	0	0	0	0	0	0	0	1252.2	0	0	0	0	0	0	0	0	0	0	0	0	0	0	0	0	0	0	0	0	0	0	0	0	0	0	0	0	0	0	0	0	0	0	0	0	0	0	0	0	0	0	5947.7	0	0	0	0	0	0	0	0	0	0	0	0	0	0	0	0	0	0	0	0	0	0	0	0	0	0	0	0	0	0	0	0	0	0	0	0	0	0	0	0	0	0	0	0	0	0	0	0	0	0	0	0	0	0	0	0	0	0	0	0	0	0	469.56	0	0	0	0	0	0	0	0	0	0	0	0	0	0	0	0	0	0	0	0	0	313.04	0	0	0	0	0	0	0	0	0	0	0	0	0	0	0	0	0	0	0	0	0	0	0	0	0	0	0	0	0	0	0	0	0
L130_E03	NF	0	0	0	0	0	0	0	693.09	0	0	315.04	63.008	0	126.02	0	0	1071.1	126.02	0	0	0	0	0	0	0	0	0	0	0	0	0	0	126.02	0	252.03	0	3402.4	189.02	315.04	0	0	0	0	0	126.02	63.008	504.06	441.06	0	0	0	0	0	0	756.1	252.03	3780.5	0	1197.2	63.008	0	126.02	0	1386.2	1071.1	0	441.06	11215	7182.9	1134.1	0	945.12	1071.1	504.06	252.03	0	567.07	126.02	0	0	441.06	189.02	1260.2	0	0	189.02	0	0	0	63.008	0	63.008	63.008	0	0	0	0	0	0	0	63.008	693.09	0	63.008	0	0	0	0	0	819.1	0	0	0	63.008	0	0	0	0	189.02	0	63.008	63.008	0	0	315.04	0	315.04	0	0	3591.5	1701.2	4977.6	0	0	1134.1	0	315.04	63.008	504.06	1134.1	441.06	504.06	315.04	63.008	126.02	63.008	945.12	252.03	0	0	0	189.02	0	189.02	126.02	504.06	0	63.008	0	0	63.008	0	0	63.008	63.008	0	63.008	126.02	1953.3	3528.4	315.04	0	63.008	0	0	0	0	0	0	567.07	0	0	0	0	0	63.008	252.03	0	0	378.05	0	252.03	0	0	0	0	63.008	0	0	0	0	0	0	0	63.008	0	0	0	0	0	0	0	0	0	0	0	0	0	0	0	63.008	0	0	0	0	0	0	0	0	0	0	0	0	0	0	0	0	0	0	252.03	0	63.008	0	0	0	0	0	63.008	0	0	0	0	63.008	0	0	0	0	0	0	4473.6	0	0	0	0	0	0	0	0	63.008	0	0	0	0	0	0	0	0	0	0	0	0	0	0	0	0	0	0	63.008	0	0	126.02	0	0	0	0	0	0	0	189.02	189.02	0	0	0	0	0	0	63.008	0	0	0	0	126.02	0	0	0	0	0	0	0	0	0	0	126.02	126.02	0	0	0	0	0	0	0	0	0	14114	0	0	0	0	0	0	0	0	0	0	63.008	0	0	0	0	0	0	0	0	0	0	0	0	0	0	0	0	189.02	0	0	0	0	0	0	0	0	0	0	0	0	0	0	1008.1	63.008	0	63.008	0	0	0	0	0	0	0	0	0	0	0	0	0	0	0	0	63.008	0	0	0	63.008	0	0	0	0	63.008	0	0	0	0	0	0	0	0	0	0	0	0	189.02	0	0	0	0	63.008	0	0	0	0	0	0	0	63.008	189.02	0	252.03	0	0	0	0	0	0	0	567.07	0	0	0	0	0	0	0	0	0
L130_E06	NF	0	0	0	0	0	46.258	0	740.12	0	0	0	92.516	0	508.83	0	0	878.9	323.8	0	0	0	0	0	138.77	0	0	0	277.55	46.258	0	46.258	0	46.258	185.03	92.516	0	2775.5	46.258	0	0	0	0	0	0	46.258	185.03	925.16	323.8	462.58	0	0	231.29	0	0	4440.7	462.58	1711.5	185.03	1850.3	231.29	231.29	92.516	462.58	1850.3	693.87	0	1017.7	4764.5	4533.3	971.41	0	971.41	2682.9	231.29	138.77	323.8	1341.5	231.29	0	0	231.29	1249	2081.6	0	740.12	231.29	0	0	0	92.516	185.03	231.29	92.516	0	46.258	0	0	0	0	0	46.258	0	0	0	0	185.03	0	0	0	601.35	0	0	0	508.83	277.55	0	46.258	0	185.03	138.77	0	277.55	0	0	3099.3	0	0	0	0	3746.9	1249	1896.6	0	0	1850.3	46.258	1017.7	0	832.64	1480.3	1017.7	0	1665.3	185.03	92.516	462.58	462.58	185.03	0	92.516	277.55	185.03	92.516	138.77	231.29	2590.4	185.03	0	92.516	0	46.258	0	231.29	0	138.77	92.516	416.32	277.55	1896.6	647.61	647.61	46.258	92.516	0	0	185.03	277.55	92.516	92.516	416.32	0	46.258	0	0	0	0	0	0	0	462.58	138.77	138.77	46.258	0	0	185.03	46.258	46.258	0	0	0	0	0	0	0	0	0	0	0	0	0	0	0	0	0	0	0	0	0	0	0	0	0	0	0	0	0	0	0	0	0	0	0	0	0	0	0	0	832.64	185.03	0	231.29	0	0	0	0	0	0	0	0	0	0	0	0	0	0	0	0	0	0	0	0	0	0	0	0	0	0	0	0	0	0	0	0	0	0	0	92.516	0	0	0	0	0	0	0	0	0	0	0	0	46.258	0	0	0	0	0	0	0	46.258	231.29	0	0	0	92.516	0	0	0	0	0	0	46.258	0	0	0	0	0	0	0	0	0	0	0	0	0	0	0	0	0	0	0	0	46.258	0	10686	0	0	0	0	0	0	0	0	0	92.516	0	0	0	0	0	0	0	0	46.258	0	0	0	0	0	0	0	0	46.258	46.258	0	0	0	0	0	0	0	0	0	0	0	92.516	0	0	138.77	0	0	0	0	0	0	0	0	0	0	0	0	185.03	0	0	0	0	0	0	0	0	92.516	92.516	0	0	0	0	0	0	0	0	0	0	0	0	0	0	0	0	0	0	0	0	0	0	0	0	0	0	0	0	0	0	0	0	0	323.8	0	0	0	0	0	0	0	185.03	0	0	46.258	46.258	0	46.258	0	0	0
L130_D08	NF	0	0	0	0	0	0	0	1192.3	0	0	298.06	0	0	0	0	0	2583.2	99.354	99.354	0	794.83	99.354	0	0	0	0	0	0	99.354	0	0	0	99.354	496.77	0	0	2483.9	1490.3	0	0	198.71	0	0	0	99.354	99.354	794.83	397.42	198.71	0	0	0	0	0	1689	397.42	4470.9	0	2185.8	0	397.42	0	0	2881.3	794.83	0	993.54	3974.2	3974.2	1192.3	0	1291.6	4073.5	0	0	0	1391	794.83	0	0	198.71	695.48	1391	0	2881.3	0	0	0	198.71	0	0	0	0	0	0	0	0	0	99.354	0	99.354	496.77	0	0	0	99.354	198.71	0	0	198.71	0	0	0	0	0	0	0	0	298.06	596.13	0	0	0	0	794.83	99.354	0	0	0	3775.5	993.54	6160	0	0	596.13	1391	496.77	99.354	596.13	1589.7	298.06	397.42	198.71	596.13	0	99.354	596.13	0	99.354	0	0	298.06	298.06	0	99.354	99.354	0	198.71	0	0	198.71	1192.3	99.354	198.71	0	794.83	198.71	99.354	2185.8	397.42	894.19	99.354	99.354	0	0	99.354	0	0	0	0	0	0	0	0	894.19	0	298.06	0	0	0	0	298.06	298.06	0	0	0	0	0	0	0	0	0	0	0	0	0	0	0	0	0	0	0	0	0	0	0	0	0	0	0	0	0	0	0	0	0	0	0	99.354	99.354	0	0	0	0	0	0	0	0	0	198.71	0	0	0	0	0	0	0	0	0	0	0	0	99.354	0	0	0	0	0	0	596.13	0	0	0	0	0	0	0	0	0	0	0	0	0	0	0	0	0	0	0	0	0	0	0	0	0	0	0	0	0	0	0	0	0	0	0	0	0	0	0	0	0	0	0	0	0	0	0	0	0	0	99.354	0	0	0	0	0	0	0	0	0	0	0	99.354	198.71	0	0	0	0	0	0	0	0	0	4371.6	0	0	0	0	0	0	0	0	0	0	0	0	0	0	0	0	0	0	0	0	0	0	0	0	0	0	0	397.42	0	0	0	0	0	0	0	0	0	0	0	0	99.354	0	0	0	0	0	0	0	0	0	0	0	0	0	0	0	0	0	0	0	0	0	198.71	0	0	0	0	0	0	0	0	0	0	0	0	0	0	0	0	0	0	0	0	0	0	0	0	99.354	0	0	0	0	0	0	0	0	0	0	0	0	0	0	0	0	0	0	0	0	0	0	0	0	0	1092.9	0	0	0	0
L141_F10	NF	0	21.84	0	0	8.7361	0	0	733.83	0	0	401.86	0	0	1196.8	0	4.368	1721	257.71	157.25	0	0	0	0	65.521	0	0	0	0	82.993	13.104	4.368	0	56.784	218.4	43.68	0	3201.8	165.99	8.7361	52.416	0	34.944	0	0	152.88	323.23	301.39	423.7	594.05	0	0	4.368	0	0	2961.5	43.68	2917.9	262.08	3044.5	406.23	192.19	331.97	196.56	3682.3	506.69	8.7361	2070.4	2389.3	2756.2	1563.8	0	1537.6	2996.5	301.39	65.521	4.368	1607.4	572.21	0	13.104	515.43	441.17	2070.4	0	165.99	262.08	52.416	122.31	589.68	91.729	174.72	0	279.55	0	0	0	0	0	0	0	13.104	91.729	0	13.104	0	358.18	78.625	0	109.2	279.55	0	0	17.472	196.56	39.312	524.16	0	0	270.82	458.64	13.104	65.521	0	13.104	1533.2	0	0	0	0	3603.6	768.77	244.61	0	43.68	1161.9	17.472	2406.8	0	755.67	3149.4	607.16	13.104	227.14	419.33	100.46	100.46	148.51	231.51	48.048	157.25	91.729	8.7361	0	34.944	126.67	681.41	13.104	61.153	144.15	39.312	56.784	48.048	161.62	253.35	240.24	91.729	310.13	96.097	2083.6	908.55	877.97	4.368	0	0	52.416	100.46	0	113.57	96.097	432.43	43.68	0	235.87	0	87.361	17.472	104.83	56.784	0	257.71	0	310.13	34.944	0	0	0	104.83	4.368	0	0	4.368	0	0	30.576	4.368	0	0	0	0	8.7361	4.368	0	0	0	0	0	0	0	4.368	0	0	0	0	0	0	0	0	0	0	8.7361	26.208	0	0	17.472	0	0	0	0	39.312	170.35	8.7361	262.08	21.84	0	0	152.88	69.888	0	0	0	0	0	0	0	0	0	0	0	0	4.368	0	0	4.368	4.368	0	4.368	0	0	0	0	0	0	0	0	0	0	0	0	0	0	0	0	0	0	0	0	0	0	0	0	39.312	0	0	0	0	0	0	0	148.51	122.31	0	0	0	13.104	26.208	0	0	0	0	0	139.78	0	0	0	0	0	0	0	0	0	4.368	13.104	74.257	48.048	0	65.521	0	0	0	0	0	0	170.35	1498.2	0	0	0	0	48.048	0	0	0	0	0	8.7361	0	0	0	0	0	0	0	0	0	0	0	0	0	0	0	0	0	0	0	0	0	0	0	0	0	0	4.368	0	0	170.35	0	0	0	0	0	0	0	13.104	0	0	0	0	0	0	0	0	0	0	0	0	0	0	0	0	0	52.416	21.84	0	21.84	0	0	17.472	0	0	0	0	0	0	0	0	0	0	0	4.368	0	0	0	0	0	4.368	0	0	0	0	0	0	74.257	0	0	205.3	0	0	0	0	0	0	0	100.46	0	0	0	4.368	30.576	0	0	0	0
L141_B12	NF	0	0	0	0	0	0	0	923.55	0	0	12.046	8.0309	0	232.9	0	0	28.108	196.76	116.45	0	4.0154	0	0	0	0	0	0	28.108	4.0154	0	1007.9	0	345.33	72.278	112.43	0	3196.3	281.08	44.17	333.28	0	0	0	0	88.34	409.57	60.231	1192.6	413.59	0	0	0	8.0309	0	1574.1	152.59	2389.2	281.08	1349.2	20.077	313.2	84.324	248.96	2999.5	357.37	0	445.71	40.154	1614.2	405.56	0	469.81	1678.4	281.08	12.046	104.4	1786.9	96.37	0	4.0154	405.56	128.49	1112.3	0	92.355	216.83	0	36.139	96.37	4.0154	0	0	140.54	0	0	0	0	0	0	0	36.139	16.062	0	16.062	0	64.247	32.124	0	0	614.36	0	0	216.83	8.0309	0	0	40.154	0	28.108	224.86	0	4.0154	0	44.17	333.28	0	505.95	0	0	2264.7	550.11	674.59	0	0	787.03	0	281.08	550.11	513.98	1517.8	453.74	0	1734.7	325.25	0	317.22	694.67	148.57	0	329.27	28.108	44.17	0	136.52	84.324	622.39	140.54	0	20.077	200.77	36.139	0	309.19	425.64	168.65	212.82	28.108	156.6	1831	1112.3	401.54	0	68.262	16.062	0	160.62	72.278	16.062	112.43	277.07	0	24.093	52.201	0	48.185	0	265.02	196.76	0	297.14	273.05	220.85	999.84	0	16.062	0	120.46	0	52.201	12.046	0	0	0	144.56	4.0154	0	0	0	0	0	0	0	0	0	0	0	0	0	0	0	0	0	0	0	0	0	0	0	8.0309	0	0	0	0	0	0	12.046	0	0	4.0154	84.324	0	48.185	8.0309	0	0	52.201	0	0	36.139	0	8.0309	0	20.077	0	0	0	0	0	0	433.67	0	0	0	0	0	0	8.0309	0	0	0	0	0	0	0	0	0	0	0	0	0	0	0	4.0154	0	0	0	0	0	0	0	40.154	0	0	0	0	0	0	0	505.95	513.98	0	0	0	0	0	0	0	0	0	0	36.139	44.17	0	0	0	0	0	0	0	0	0	88.34	100.39	64.247	0	48.185	0	0	4.0154	0	0	0	0	64.247	0	0	40.154	60.231	16.062	0	0	0	0	0	0	0	0	0	0	4.0154	0	0	16.062	0	0	0	0	0	0	0	0	0	0	0	0	0	0	0	4.0154	0	0	0	0	0	68.262	0	0	0	0	0	0	0	0	0	0	0	0	0	0	0	0	0	0	0	0	120.46	244.94	0	0	0	64.247	0	0	16.062	0	0	0	0	0	8.0309	0	0	0	0	0	0	0	0	0	0	0	0	0	0	0	0	0	4.0154	0	0	0	20.077	0	0	184.71	0	0	0	0	0	0	0	164.63	16.062	0	0	0	120.46	88.34	0	0	0
L141_F12	NF	0	0	0	0	0	0	0	474.76	7.4766	0	22.43	7.4766	0	530.84	0	0	48.598	299.06	7.4766	0	7.4766	22.43	0	0	0	0	0	3.7383	97.195	7.4766	0	0	314.02	0	437.38	0	2485.9	0	48.598	3.7383	437.38	26.168	0	0	119.63	14.953	108.41	2000	325.23	97.195	0	0	314.02	0	2743.9	385.04	2504.6	927.09	2687.8	142.05	328.97	680.37	758.87	3928.9	418.69	26.168	837.37	3652.3	5319.6	198.13	194.39	807.47	2803.7	441.12	112.15	3.7383	381.3	295.32	0	0	1147.7	669.15	5151.3	0	142.05	18.691	48.598	14.953	392.52	157.01	18.691	145.79	41.121	11.215	14.953	0	0	882.23	0	0	841.11	160.75	0	26.168	0	3.7383	29.906	0	0	538.31	11.215	0	41.121	0	0	0	142.05	0	601.86	508.41	0	82.242	0	18.691	1125.2	3.7383	0	0	0	2343.9	777.56	115.89	0	0	1211.2	41.121	186.91	0	822.42	1304.7	250.46	0	257.94	179.44	3.7383	605.6	515.88	112.15	370.09	67.289	44.859	26.168	0	482.24	168.22	153.27	11.215	0	56.074	0	0	0	44.859	89.719	1013.1	3.7383	280.37	201.87	1771.9	571.96	553.27	123.36	33.645	0	37.383	100.93	0	37.383	0	74.766	0	0	0	0	549.53	22.43	0	0	0	403.73	67.289	228.04	18.691	0	41.121	48.598	138.32	0	7.4766	0	0	11.215	0	414.95	0	0	0	0	0	0	11.215	0	0	0	0	33.645	0	0	0	0	74.766	0	0	0	0	0	0	0	0	89.719	0	0	0	0	0	89.719	0	0	26.168	56.074	0	104.67	7.4766	7.4766	0	71.027	0	0	3.7383	14.953	0	0	26.168	0	0	0	0	0	0	0	0	0	0	0	0	0	0	0	18.691	0	0	0	0	0	0	0	0	0	7.4766	0	41.121	0	0	0	0	0	0	0	0	0	85.98	0	0	0	0	0	0	0	41.121	85.98	0	0	0	22.43	0	0	0	0	0	0	29.906	0	0	0	0	0	0	0	0	0	0	48.598	37.383	11.215	0	52.336	0	18.691	0	0	71.027	0	205.6	11.215	0	0	0	0	0	0	0	0	0	0	0	0	0	44.859	0	0	0	0	0	18.691	29.906	0	0	0	0	0	0	0	340.18	0	0	0	0	0	0	0	3.7383	0	0	0	37.383	0	1962.6	0	0	142.05	0	0	0	0	0	0	14.953	0	0	0	18.691	0	18.691	0	0	0	29.906	11.215	0	3.7383	41.121	7.4766	198.13	11.215	0	0	0	0	0	0	0	0	0	0	11.215	0	0	0	37.383	0	0	0	0	7.4766	0	0	0	3.7383	0	0	0	52.336	0	0	112.15	0	0	0	0	0	0	0	171.96	0	0	0	153.27	0	0	0	0	0
L142_E02	NF	0	0	0	0	0	0	0	1246.3	0	0	76.211	394.5	0	300.36	0	58.279	2371.5	484.16	219.67	0	0	0	22.415	0	0	0	0	0	62.762	0	0	17.932	107.59	49.313	67.245	0	3218.8	80.694	0	40.347	0	112.07	0	0	264.5	295.88	443.82	1031.1	156.9	0	0	0	13.449	0	1497.3	564.86	919.02	76.211	2604.6	107.59	44.83	138.97	161.39	4209.5	618.65	85.177	385.54	1335.9	3945	1923.2	4.483	833.84	2541.9	587.27	53.796	255.53	1412.1	0	17.932	0	26.898	53.796	1708	0	331.74	304.84	0	85.177	161.39	134.49	22.415	40.347	26.898	35.864	0	0	0	0	0	0	62.762	188.29	0	22.415	0	183.8	17.932	0	0	739.7	0	13.449	318.29	0	0	1300.1	237.6	0	376.57	242.08	0	470.71	0	26.898	336.23	49.313	17.932	0	4.483	3241.2	1286.6	968.33	0	0	197.25	2532.9	1847	174.84	130.01	3330.9	381.05	282.43	1170.1	484.16	76.211	260.01	457.27	53.796	0	0	0	0	0	40.347	49.313	67.245	4.483	0	0	0	192.77	0	62.762	138.97	233.12	103.11	80.694	156.9	771.08	1663.2	605.21	112.07	502.1	0	233.12	49.313	0	237.6	0	58.279	4.483	0	0	0	1362.8	22.415	62.762	0	0	0	0	89.66	0	0	17.932	31.381	26.898	134.49	0	0	0	4.483	0	842.8	8.966	17.932	0	0	0	0	13.449	0	17.932	0	0	0	0	0	0	0	0	0	0	0	0	0	0	0	0	0	0	0	0	0	0	0	0	0	0	107.59	13.449	170.35	4.483	0	0	17.932	0	0	0	0	0	0	4.483	0	0	0	0	0	0	0	0	0	0	0	0	0	0	0	0	0	0	0	0	0	0	0	0	31.381	0	0	0	4.483	0	0	0	0	0	0	0	0	0	0	0	0	0	0	0	0	555.89	201.74	0	0	0	31.381	8.966	0	0	0	0	0	35.864	0	0	0	0	0	0	0	0	0	0	0	0	636.59	0	0	0	0	0	0	0	0	40.347	2936.4	0	0	13.449	0	0	0	0	0	0	0	0	0	0	0	0	0	0	0	0	0	0	0	0	0	0	0	0	0	0	0	0	0	0	0	0	0	0	4.483	4.483	0	17.932	0	0	0	0	0	0	0	0	0	0	8.966	0	0	0	8.966	0	0	0	0	0	0	699.35	0	0	0	80.694	0	0	0	0	0	0	0	8.966	13.449	0	0	0	0	13.449	17.932	0	0	0	0	0	0	4.483	22.415	8.966	0	0	0	0	0	0	26.898	0	0	138.97	0	0	0	0	0	0	0	121.04	0	0	0	94.143	89.66	4.483	0	0	0
L142_E03	NF	0	0	0	0	0	0	0	678.82	0	0	133.58	114.5	0	130.86	13.631	507.07	1665.7	158.12	5.4524	0	0	0	0	46.345	8.1786	0	2.7262	0	49.071	0	0	0	463.45	280.8	398.02	177.2	1545.8	19.083	24.536	1671.2	2.7262	2.7262	0	0	38.167	59.976	613.39	3037	182.65	24.536	0	8.1786	10.905	16.357	618.85	1166.8	553.42	425.29	1586.6	196.29	27.262	460.73	299.88	2720.7	272.62	0	204.46	11117	7647	1616.6	2.7262	869.66	796.05	428.01	2.7262	2.7262	417.11	49.071	0	0	1185.9	89.964	1153.2	0	190.83	149.94	10.905	231.73	19.083	376.21	40.893	92.69	280.8	40.893	0	10.905	0	35.44	2.7262	24.536	106.32	845.12	0	141.76	0	0	5.4524	0	141.76	38.167	0	0	209.92	2.7262	21.809	0	147.21	2.7262	471.63	163.57	144.49	43.619	21.809	5.4524	3342.3	0	428.01	0	0	796.05	1965.6	218.1	0	215.37	438.92	0	864.2	0	556.14	2987.9	158.12	0	253.54	327.14	10.905	0	122.68	288.98	89.964	133.58	204.46	32.714	362.58	81.786	16.357	62.702	0	0	0	185.38	79.06	144.49	313.51	100.87	95.417	35.44	193.56	40.893	785.14	1483.1	556.14	89.964	2.7262	0	65.429	2.7262	0	0	0	70.881	2.7262	0	0	0	160.85	21.809	0	0	0	29.988	0	95.417	0	0	21.809	40.893	0	8.1786	32.714	5.4524	0	0	10.905	207.19	122.68	0	0	0	5.4524	0	5.4524	0	27.262	5.4524	0	0	10.905	0	0	19.083	10.905	0	2.7262	0	0	0	0	0	27.262	5.4524	51.798	0	0	0	0	29.988	0	0	0	316.24	0	49.071	119.95	0	0	0	0	0	13.631	0	8.1786	0	16.357	0	0	0	0	0	0	2494.5	0	0	0	0	2.7262	0	0	5.4524	46.345	0	0	0	5.4524	0	0	0	0	0	0	0	0	13.631	0	0	0	0	0	0	0	0	32.714	13.631	0	0	0	0	0	0	359.86	79.06	5.4524	0	0	8.1786	0	0	0	0	0	0	139.04	5.4524	0	0	0	0	0	0	0	0	0	16.357	0	111.77	0	10.905	0	76.333	13.631	0	0	0	0	6322	0	5.4524	237.18	5.4524	0	0	0	87.238	0	477.08	0	92.69	0	0	0	0	0	0	32.714	0	0	0	0	0	0	0	0	92.69	2.7262	0	0	0	0	2.7262	2.7262	10.905	0	0	0	0	32.714	0	4893.5	0	0	0	0	0	16.357	0	0	0	0	0	0	87.238	2.7262	0	0	54.524	0	0	190.83	0	0	0	509.8	0	0	8.1786	5.4524	16.357	5.4524	0	10.905	0	2.7262	0	0	8.1786	8.1786	0	0	0	59.976	73.607	0	32.714	139.04	5.4524	0	0	0	0	19.083	10.905	0	68.155	35.44	0	318.96	0	0	0	0	0	0	0	0	16.357	0	0	155.39	0	5.4524	0	0	0
L226_B11	NF	0	0	0	0	0	0	0	351.17	0	0	22.754	159.28	28.868	1124.8	0	181.02	3229.4	0	0	0	0	201.73	0	0	100.87	0	0	0	53.32	700.63	0	0	192.56	384.11	98.829	306.68	1320.8	0	579.05	164.04	0	0	0	0	305.66	239.43	110.38	1219.2	392.26	0	0	0	449.66	0	2436.8	25.132	732.22	759.39	5282.1	96.112	347.43	67.245	3.0566	2132.8	246.56	0	760.07	69.962	3201.9	1652.6	0	797.77	2064.2	13.585	91.697	0	4854.5	585.16	0	0	208.87	175.24	906.78	0	8.8301	221.43	327.73	10.868	441.84	75.735	283.92	22.754	204.79	102.22	0	0	0	0	0	0	0	623.54	0	417.39	0	0	605.2	0	17.66	74.716	0.33962	0	0	0	18	0	0	0	291.39	639.16	416.71	0.33962	0	0	163.7	0	12.566	0	0	1569.4	1098	784.52	0	0	858.9	0	204.11	16.641	143.32	30.226	33.622	32.603	0	83.886	0	147.05	152.15	166.41	289.36	160.3	0	0.67924	0.33962	0	78.792	188.15	0	0.67924	0	323.66	23.434	53.32	8.1509	0	0	83.886	50.603	17.321	422.83	0	434.37	0	170.15	0	0	0	0	0	0	0	13.585	0	115.13	0	163.36	0	4.4151	0	0	45.849	0	0	0	0	0	0	0	0	198.68	0	0	0	0	0	1.6981	0	0	0	0	0	0	0	0	0	0	0	0	0	0	0	0	0	0	0	0	0	0	0	0	0	139.24	0	0	0	0	13.585	0	0	0	214.98	0	385.13	0	0	0	0	0	0	0	0	0	0	0	0	0	0	0	0	0	211.58	0	0	0	0	0	0	0	0	0	0	0	0	181.36	0	0	0	0	0	0	0	0	0	0	0	0	0	0	0	0	0	0	0	0	0	0	0	0	0	207.85	12.906	0	0	0	0	0	0	0	0	0	0	25.811	0	0	0	0	0	0	0	159.96	0	0	0	0	1.6981	0	225.17	0	0	0	0	0	19.698	0	0.33962	0.33962	0	334.18	0	0	35.32	0	101.89	0	155.88	0	0	0	0	0	0	0	0	0	1064	0	0	0	0	0	0	0	204.79	0	0	0	0	0	0	580.75	0	0	0	0	0	192.9	0	0	1026.7	0	0	0	0	0	0	0	0	3017.9	0	0	0	48.905	0	0	0	0	6.7924	150.11	0	0	0	0	0	0	0	0	0	0	0	0	0.33962	0	0	0	0	202.75	0	0	0	0	0	0	0	0	0	0	0	126.34	0	0	0	0	64.188	0	0	1.3585	0	0	0	0	0	0	0	121.92	0	0	0	0	185.43	50.603	0	0	0
L226_E12	NF	0	0	0	0	0	0	0	2195.4	0	0	0	0	0	365.9	0	0	731.8	0	0	0	0	0	0	0	0	0	0	0	0	0	0	0	0	731.8	0	0	7318	0	0	0	0	0	0	0	0	731.8	365.9	731.8	0	0	0	0	0	0	731.8	365.9	0	0	10245	0	0	0	365.9	2195.4	365.9	0	1097.7	0	10977	731.8	0	1463.6	1097.7	365.9	0	0	1463.6	0	0	0	365.9	1097.7	365.9	0	0	0	0	0	0	0	0	0	0	0	0	0	0	0	0	0	731.8	2561.3	0	0	0	0	0	0	0	0	0	0	0	0	0	0	0	0	365.9	0	0	0	0	0	0	0	0	0	0	1463.6	3659	0	0	0	365.9	0	0	0	731.8	0	0	0	0	1097.7	0	365.9	365.9	0	0	0	365.9	731.8	0	365.9	0	0	0	0	0	0	0	0	365.9	0	365.9	0	365.9	0	0	0	365.9	0	365.9	0	0	0	0	0	0	365.9	0	0	0	0	0	0	0	0	0	0	0	0	0	0	365.9	0	0	0	0	0	0	0	0	0	0	0	0	0	0	0	0	0	0	0	0	0	0	0	0	0	0	0	0	0	0	0	0	0	0	0	0	0	0	0	0	0	0	0	0	0	0	0	0	0	0	0	0	0	0	0	0	0	731.8	0	0	0	0	0	0	0	0	0	0	0	0	0	0	0	0	0	0	0	0	0	0	0	0	0	0	0	0	0	0	0	0	0	0	0	0	0	0	0	0	0	0	0	0	0	365.9	0	0	0	0	0	0	0	0	0	0	0	0	0	0	0	0	0	0	0	0	0	0	0	0	365.9	0	0	0	0	0	0	0	0	0	365.9	0	0	0	0	0	0	0	0	0	0	0	0	0	0	0	0	0	0	0	0	0	0	0	0	0	0	0	0	0	0	0	0	0	0	0	0	0	0	0	0	0	0	0	0	0	0	0	0	0	0	0	0	0	0	0	0	0	0	0	0	0	0	365.9	0	0	0	0	0	0	0	0	0	0	0	0	0	0	0	0	0	0	0	0	0	0	0	0	0	0	0	365.9	0	365.9	0	0	0	0	0	0	0	365.9	0	0	0	0	0	0	0	731.8	0	0	0	365.9	0	0	0	0	0
L227_E12	NF	0	0	0	0	0	0	0	1341.4	0	0	0	121.75	0	227.12	0	0	1991.2	426.4	10.919	3.8218	0	0	0	0	0	0	0	0	0	0	0	0	200.92	352.15	54.597	0	5678.6	124.48	41.494	0	0	0	0	0	24.569	205.83	765.45	846.8	275.71	0	0	0	0	0	1150.3	196.55	248.41	115.2	4157.5	193.82	310.66	70.43	49.137	2845.6	1093	0	423.13	210.74	8988.8	1435.3	23.477	369.62	851.16	248.41	0	33.304	3035.6	194.91	0	0	58.965	410.02	1070.1	0	191.09	204.74	0	0	56.235	207.47	28.39	499.56	0	0	0	0	0	0	0	0	715.22	789.47	0	0	0	122.3	0	0	0	177.44	59.511	0	69.338	55.689	0.54597	0	60.056	0	48.591	441.14	0	18.017	0	0	565.08	0	0	0	0	3102.2	4959.6	295.92	377.26	0	343.96	0	192.73	123.93	689.01	150.14	458.07	130.49	0	1846.5	97.728	288.82	515.94	88.447	61.148	67.154	608.75	361.43	0	107.56	0.54597	187.27	0	36.034	0	0	0	99.366	755.62	117.93	157.24	45.861	219.48	174.16	281.17	23.477	372.35	149.05	308.47	0	56.235	26.206	16.379	116.84	0	434.05	0	212.38	0	0	61.694	0	75.344	0	0	0	0	115.2	0	0	86.809	0	0	0	0	0	0	0	0	773.64	3.8218	1.6379	0	0	0.54597	0	0	0	0	0	0	0	0	0	0	0	0	0	0	0	0	0	0	0	0	0	0	0	0	0	0	0	0	0	0	0	0	72.614	0	0	0	88.447	0	0	0	0	0	0	0	0	0	0	0	0	0	0	0	0	0	0	0	0	0	0	0	0	0	0	0	0	0	0	0	0	0	0	0	0	0	0	0	0	0	0	0	0	126.67	0	0	0	0	0	0	0	657.89	50.229	0	0	0	0	0	0	0	0	0	0	115.75	0	0	0	0	0	0	0	0	0	0	12.557	0	652.43	0	86.263	0	93.36	0	0	0	0	89.539	598.38	0	0	0	266.43	0	0	0	0	0	0	0	0	0	0	0	0	0	0	0	0	0	0	0	0	0	0	0	0	0	0	0	0	0	0	0	0	0	0	0	0	2.7298	0	0	0	0	0.54597	0	0	0.54597	0	0	0	0	0	0	0	28.39	0	0	0	0	0	249.51	0	0	0	85.717	0	0	0	0	0	0.54597	0	0	0	0	0	0	0	0	0	0	0	81.895	0	0	0	0	0	0	0	0	0	0	0	0	52.413	0	0	1.0919	0	0	0	0	0	0	0	216.75	0	0	0	0	296.46	0	0	0	0
L228_D04	NF	0	0	0	0	3.5245	0	0	2019.6	0	0	4.2294	321.44	0.7049	309.45	0	0	2665.9	606.22	0	0	0	0.7049	11.983	0	0	1.4098	140.28	0	126.88	1.4098	0	0	114.19	109.26	4.9343	0	4305.5	243.19	2.8196	9.1637	54.278	0	0	0	332.01	234.73	1801	438.45	396.15	0	0	0	0	0	1670.6	0	1.4098	257.29	3686.6	372.89	2.8196	286.9	241.78	3890.4	751.43	0	403.91	162.13	9610.7	809.93	0	1342.1	1285.7	981.22	66.966	2.8196	2228.9	4.9343	0	0	26.786	158.6	3267.9	0	279.14	94.457	0	34.54	57.097	15.508	0	0	0	0	0	0	0	0	0	6.3441	115.6	1989.9	0	35.95	0	281.26	0	0	0	246.01	0	0	0	0	39.475	146.62	256.58	0	148.74	107.14	1.4098	21.852	0	0	316.5	0	121.95	0	0	3487.1	3097.3	0	0	0	1441.5	0	531.5	0	588.59	180.46	122.65	508.94	162.13	25.376	228.39	0.7049	617.49	100.1	350.34	53.573	0	0	0	226.27	0	182.57	227.68	342.58	7.049	0	0	23.262	3.5245	0	201.6	57.802	136.05	391.93	325.67	117.72	538.55	95.162	496.25	0	0	121.24	0	0	0	262.22	0	69.785	0	0	0	0	170.59	0	0	0	0	99.391	254.47	0	0	0	566.74	0	0	0	0	0	0	0	2.8196	0	0	0	0	0	0	0	0	0	0	0	0	0.7049	0.7049	0	0	0	0	0	0	0	0	0	0	0.7049	2.1147	0	0	0	0	0	0	0	0.7049	5.6392	0	155.08	0	0	0	2.8196	0	0	4.2294	0	34.54	0	1.4098	0	0	0	0	0	0	0	0	0	0	0	0	0	0.7049	0	0	0	0	0	0	0	0	0	0	0	0	0	0	0	0	0	0	0	0	0	0	0	2.8196	0	0	0	0	0	0	0	594.94	393.34	0	0	0	0	100.1	0	0	0	0	0	0	101.51	0	0	0	0	0	0	0	0	0	0	0	308.75	0	0	0	4.2294	0	0	0	0	162.13	4.2294	0	0	16.213	69.08	0	0	0	0	0	0	0	0	0	0	0	0	0	0	0	0	0	0	0	0	0	0	0	0	0	0	0	0	0	0	1.4098	0.7049	0	0	0	0	1.4098	0	0	0	0	0	0	0	0	0	0	0	0	0	0	0	0	0	0	0	0	0	90.933	0	0	0	112.08	74.72	0	4.9343	4.9343	0	4.2294	0	0	0.7049	0	0	0	0	0	0.7049	0	0	0	0	0	0	0	0	0	0	0	0.7049	0	0	0	18.327	0	0	47.933	0	0	0	0	1.4098	0	0	7.7539	0	0	0	8.4588	3.5245	0	0	0	0
L228_E06	NF	0	0	0	0	0	0	0	686.35	0	0	2.0078	162.3	0	655.23	0	86.672	2767.8	250.65	0	0	0	0	0	60.905	0	0	0	74.96	82.991	0	0	0	556.51	919.59	367.1	0	1445	0	0.66928	150.25	0	0	0	0	135.53	98.385	181.38	2551.6	280.43	95.707	0	0	0	0	1933.6	581.27	1283.3	333.64	5241.5	645.19	661.59	405.25	2.0078	2874.6	307.54	0	677.32	870.4	13912	803.14	0	470.51	1359.3	574.91	209.15	0	82.657	494.93	57.224	0	1433.6	438.71	3723.9	0	268.72	58.228	0	47.519	164.98	393.87	0	624.44	54.547	0	0	0	162.64	61.239	0	0	117.12	784.73	0	106.42	0	0	0	0	204.13	1193.7	0	0	135.2	87.676	0	0	398.89	0	737.89	277.08	225.88	0.33464	0	298.5	327.28	0	144.9	14.724	0	1562.4	929.3	421.65	0	159.29	164.98	10.039	436.71	0	250.98	797.78	12.382	195.1	81.318	235.25	0.33464	20.748	182.71	333.97	265.04	67.263	0	78.306	373.8	222.54	0	443.4	0.66928	0	0	61.239	171	28.11	0	86.338	100.73	0	161.97	37.145	88.345	34.468	509.66	207.81	0	0	26.437	83.66	0	0	0	172.68	91.022	0	0	0	123.48	0	0	0	0	185.73	0	225.88	0	0	0	57.224	0	107.42	0	0	0	0	0	38.149	0.33464	0	0	0	0	0	0	0	0	0	0	0	0	0	0	0.33464	0	0	0	0	0	0	0	0	2.0078	0	0	0	0	0	0	0	0	0	63.917	14.39	0	20.079	186.4	0	0	325.27	0	0	43.503	0	0	0	1.3386	0	0	0	0	0	0	196.77	0	0	0	0	0	0	0	0	0	0	0	0	0	0	0	0	0	0	0	0.33464	100.73	0	1.0039	0	0	0	0	0	0	0	16.397	0	0	0	0	0	0	0	101.73	537.43	0	0	0	0	0	0	0	0	0	0	34.803	0	0	0	0	0	0.33464	0	0	0	0	2.0078	0	573.91	0	155.94	0	99.054	0	0	0	0	164.98	624.44	0	0	101.4	0	0	0	0	0	0	0	0	11.378	0	0	0	0	0	0	0	0	0	0	0	0	0	0	0	0	0	0	0	0	0	0	78.306	0	0	0	0	0	284.45	0	510.33	0	0	0	0	0	0	0	0	166.65	0	0	0	51.869	80.649	0	0	0	0	0	179.03	0	0	0	184.72	0	0	0.33464	0	0	0.66928	0	0	1.3386	0	0	0	51.869	0	0	0	0	0	0	0	0	0	0	0	0	0	0	0	0	0	192.75	0	0	11.043	0	0	0	3.0118	0	0	0	76.968	0	0	0	48.858	0.66928	0	0	0	0
L228_D08	NF	0	0	0	0	0	0	0	858.14	0	0.49234	86.159	484.46	0	189.06	0	90.59	2397.7	77.297	0	0	0	0	0	0	0	0	0	0	24.125	0	0	0	847.8	743.43	122.1	0	5037.1	0	553.39	0	0	0	0	0	66.465	8.862	1196.9	786.26	399.78	0	0	0	87.143	226.47	1063.4	652.84	851.74	115.7	2202.2	989.1	113.24	378.11	185.61	691.24	0	0	780.35	704.53	10150	423.9	0	748.35	2022.5	376.64	430.79	105.85	968.92	74.343	0	0	400.76	947.25	2680.8	0	18.216	376.14	0	28.556	13.293	66.465	0	304.26	0	0	0	0	0	0.49234	0	0	1.9693	1061	0	0	0	0	110.28	0	67.942	37.417	0	0	208.75	64.496	110.28	3.4464	63.511	0	569.14	331.34	1.477	144.75	0	0	1769.9	0	0	0	0	3137.2	2032.8	4.9234	0	180.69	955.62	0	482	0	220.57	132.93	532.71	307.71	0	840.91	0	0.49234	0	43.818	43.326	323.96	81.728	253.55	191.52	75.82	114.22	228.94	148.19	0	289.99	0	544.03	0	210.72	0	121.61	1.477	702.07	262.91	518.92	216.63	690.75	0	67.942	0	0	0	0	0	9.8467	55.142	0	68.435	0	0	0	282.6	0.49234	0	0	9.3544	0	138.84	0	0	0	63.511	0	0	0	0	0	0	0	0	0.98467	0	0	0	0	0	0	0	144.25	0	0	0	0	0	0.49234	0	0	0	0	0	0	0	0	0	0	0	0	0	0	0.98467	0	0	0	0	0	3.4464	0	0	0.98467	0	0	0.49234	0	0	80.251	0	0	0	7.385	0	0	0	0	0	0	1.9693	0	0	0	0	0	0.49234	1.477	0	0	0	0	0	0	0	0.49234	0	0	0	0	0	0	0	0	0	0	0	0	0	0	0	0	0	0	1.9693	0	0	0	0	181.18	449.99	0	0	0	0	0	0	0	0	0	0	453.93	0	0	0	0	0	0	0	0	0	0	0.98467	0	159.52	0	170.35	0	0	0	0	0	133.91	0	2361.7	0	20.186	0	0	0	0	0	0	0	0	0	0	0	0	0	0	0	0	32.986	77.297	0	0	0	0	0	0	0	33.971	0	0	0	0	0	0	0	33.479	0	0	0	0	105.36	0	0	0	0	0	0	0	0	0	0	0	0	0	0	0	61.542	0	0	4.9234	0	0	316.57	0	0	0	62.034	1.9693	0	0.98467	0	0	0	0	0.49234	0	0	0	0	0	0	0	0	0	39.387	0	0	0	0.98467	0	0	0	0	0	0.49234	0	0	118.65	0	0	9.3544	0	0	0	0	0	0	0	1.9693	0	0	0	0.49234	0	0	0	0	0
L128_D01	NF	0	0	0	0	0	0	0	2035.4	0	0	0	0	156.57	626.27	0	156.57	0	939.41	0	0	0	0	0	0	0	0	0	156.57	0	0	313.14	0	156.57	0	0	0	2035.4	469.7	156.57	0	0	469.7	0	0	0	0	313.14	0	782.84	0	0	0	0	0	3131.4	0	2974.8	626.27	3914.2	0	939.41	469.7	469.7	2661.7	156.57	0	313.14	0	1096	156.57	0	313.14	1096	626.27	0	0	626.27	313.14	0	0	0	313.14	1409.1	0	0	156.57	0	156.57	156.57	156.57	156.57	313.14	0	0	0	0	0	0	0	0	0	626.27	0	0	0	0	156.57	0	0	2191.9	0	0	0	0	0	0	156.57	0	0	156.57	0	156.57	0	0	0	0	0	0	0	5479.9	156.57	313.14	0	0	1878.8	0	0	0	0	5793	0	0	313.14	313.14	0	313.14	782.84	0	0	313.14	0	0	0	0	626.27	1565.7	0	0	0	0	313.14	0	0	0	313.14	0	0	156.57	2818.2	0	469.7	0	626.27	0	156.57	782.84	0	156.57	156.57	1252.5	0	0	0	0	0	0	0	0	0	0	0	0	156.57	156.57	0	0	0	156.57	0	0	0	0	0	313.14	0	0	0	0	0	0	0	0	0	0	0	0	0	0	0	0	0	0	0	0	0	0	0	0	0	0	0	0	0	0	0	0	0	0	0	626.27	0	0	156.57	0	0	313.14	0	0	0	0	0	0	156.57	0	0	0	0	0	0	0	0	0	0	0	0	0	0	156.57	0	0	0	0	0	0	0	0	0	0	0	0	0	0	0	0	0	0	0	0	0	0	0	0	0	0	0	0	0	0	0	469.7	0	0	0	0	0	0	0	0	0	0	156.57	0	0	0	0	0	0	0	0	0	0	0	0	156.57	0	0	0	0	0	0	0	0	313.14	156.57	0	0	0	0	0	0	0	0	0	0	0	0	0	0	0	0	0	0	0	0	0	0	0	0	0	0	0	0	0	0	0	0	0	0	0	0	0	0	0	0	0	0	0	0	0	0	0	0	0	0	0	0	0	0	0	0	0	0	0	0	0	0	0	0	0	0	0	0	0	0	0	0	0	0	0	0	0	0	0	0	0	0	0	0	0	0	0	0	0	0	0	0	0	0	0	0	0	0	0	0	156.57	0	0	0	0	0	0	0	156.57	0	0	0	0	0	0	0	0	0
L128_B02	NF	0	0	0	0	0	0	0	962.98	0	0	60.187	0	0	782.43	0	0	180.56	300.93	0	0	0	0	0	0	0	0	0	0	240.75	0	0	0	0	120.37	180.56	0	1625	240.75	60.187	120.37	0	0	0	0	0	240.75	120.37	60.187	421.31	0	0	120.37	0	0	4814.9	0	1685.2	842.61	6259.4	180.56	361.12	541.68	60.187	5477	782.43	0	1685.2	240.75	541.68	421.31	120.37	1083.4	2648.2	541.68	180.56	0	782.43	541.68	0	60.187	60.187	662.05	902.8	0	421.31	722.24	0	0	421.31	60.187	180.56	120.37	0	0	0	0	0	0	0	0	0	421.31	0	0	0	421.31	0	0	0	481.49	0	0	120.37	60.187	60.187	0	0	60.187	180.56	180.56	120.37	0	0	0	240.75	0	180.56	0	0	3912.1	421.31	722.24	0	0	1083.4	0	120.37	0	0	4995.5	662.05	0	60.187	180.56	0	662.05	662.05	300.93	0	0	0	0	0	60.187	0	722.24	120.37	0	0	0	0	0	60.187	361.12	60.187	180.56	481.49	361.12	3551	481.49	180.56	0	421.31	0	240.75	240.75	60.187	0	60.187	842.61	60.187	180.56	481.49	0	120.37	180.56	421.31	0	0	0	601.87	1023.2	60.187	0	361.12	120.37	361.12	60.187	0	0	0	120.37	120.37	60.187	361.12	0	0	0	60.187	0	0	0	60.187	0	0	0	0	0	60.187	0	0	0	0	0	0	0	0	0	0	0	60.187	0	0	0	0	120.37	0	0	0	722.24	0	120.37	60.187	0	0	180.56	0	0	60.187	0	0	0	300.93	0	0	0	0	0	0	0	0	0	0	0	0	0	0	0	0	60.187	0	0	60.187	0	0	0	0	0	0	0	0	0	0	0	0	0	0	0	0	0	0	0	0	0	0	0	0	0	120.37	662.05	0	0	0	60.187	60.187	0	0	0	0	0	180.56	0	0	0	0	0	0	0	0	0	60.187	0	0	0	0	0	0	0	0	0	0	0	60.187	300.93	0	0	0	0	0	0	0	0	0	0	0	0	0	0	0	0	0	0	0	0	0	0	0	0	0	0	0	0	0	0	0	0	0	0	0	0	0	0	0	0	0	0	0	0	0	0	0	0	0	0	0	0	0	0	0	0	60.187	0	0	0	0	0	180.56	0	0	0	120.37	0	60.187	120.37	0	0	0	0	0	0	0	0	0	60.187	60.187	60.187	60.187	0	0	0	0	0	0	60.187	0	0	0	0	0	0	0	120.37	0	0	481.49	0	0	0	0	0	0	0	300.93	0	0	0	0	0	0	0	0	0
L128_C02	NF	19.889	0	0	238.66	0	0	0	1093.9	0	0	0	0	99.443	596.66	0	0	1630.9	477.33	0	0	417.66	0	0	0	0	0	0	19.889	198.89	0	755.77	0	99.443	59.666	676.21	0	2346.9	119.33	19.889	914.88	59.666	39.777	0	0	198.89	59.666	218.77	1233.1	218.77	59.666	0	19.889	39.777	0	3798.7	656.33	3619.7	457.44	6324.6	119.33	417.66	835.32	437.55	7319	1153.5	0	1173.4	79.554	4474.9	417.66	0	1372.3	1730.3	417.66	39.777	99.443	357.99	596.66	0	0	1173.4	855.21	1630.9	0	517.1	19.889	0	39.777	477.33	377.88	0	79.554	159.11	119.33	0	0	39.777	0	0	39.777	79.554	318.22	79.554	159.11	0	218.77	59.666	0	19.889	1451.9	0	0	159.11	59.666	19.889	0	99.443	39.777	556.88	19.889	79.554	397.77	0	179	1093.9	0	238.66	0	0	4693.7	258.55	1213.2	0	0	1710.4	39.777	238.66	0	139.22	1372.3	119.33	0	636.44	556.88	0	159.11	656.33	139.22	0	59.666	0	59.666	19.889	39.777	0	278.44	59.666	0	0	0	0	79.554	0	0	198.89	19.889	238.66	119.33	1551.3	159.11	99.443	19.889	954.65	0	59.666	139.22	59.666	357.99	0	159.11	39.777	19.889	0	0	99.443	19.889	0	79.554	0	258.55	0	457.44	0	0	278.44	39.777	79.554	39.777	0	19.889	19.889	0	0	119.33	39.777	0	0	0	0	0	19.889	0	0	0	0	19.889	0	0	39.777	0	19.889	0	0	0	0	0	0	0	19.889	39.777	59.666	0	0	0	0	39.777	0	0	59.666	198.89	0	99.443	99.443	39.777	0	59.666	19.889	0	0	0	0	0	59.666	0	0	0	0	0	0	19.889	0	0	0	0	0	0	0	0	0	0	0	0	0	0	0	0	0	0	0	0	0	0	0	0	0	0	0	0	0	0	99.443	0	0	0	0	0	0	0	19.889	179	0	0	0	0	0	0	79.554	0	0	0	119.33	0	0	0	0	0	0	0	0	0	0	0	0	99.443	0	19.889	0	19.889	39.777	0	19.889	0	19.889	39.777	0	0	59.666	0	0	0	0	19.889	0	0	0	0	0	0	0	0	0	0	0	0	0	0	0	0	0	0	0	0	0	0	0	0	0	0	0	0	0	0	0	0	19.889	0	0	19.889	0	0	0	0	0	0	0	19.889	0	0	0	0	0	0	0	0	0	0	238.66	0	0	79.554	0	0	19.889	19.889	0	0	0	0	0	0	0	19.889	0	19.889	19.889	19.889	0	0	0	0	0	0	0	0	0	0	39.777	0	19.889	0	0	59.666	0	0	218.77	0	0	0	0	0	0	0	218.77	0	0	0	19.889	39.777	0	0	0	0
L128_G04	NF	20.231	0	0	20.231	0	60.692	0	1193.6	0	0	20.231	101.15	0	708.07	0	0	263	526	0	20.231	0	0	0	20.231	0	0	20.231	0	141.61	0	40.461	0	0	20.231	161.85	182.08	1861.2	283.23	242.77	20.231	101.15	121.38	40.461	0	182.08	384.38	80.923	445.07	161.85	20.231	141.61	222.54	0	0	5927.6	40.461	3398.8	343.92	12300	222.54	890.15	424.84	505.77	6635.6	1355.4	80.923	1274.5	80.923	1476.8	869.92	101.15	890.15	3075.1	465.3	80.923	566.46	950.84	485.54	0	20.231	101.15	708.07	2528.8	0	343.92	222.54	182.08	20.231	222.54	283.23	80.923	263	60.692	0	0	0	20.231	0	0	0	101.15	101.15	0	0	0	445.07	141.61	0	60.692	1193.6	0	0	40.461	121.38	141.61	40.461	80.923	20.231	263	0	0	182.08	0	121.38	1982.6	0	40.461	0	0	3762.9	161.85	2549.1	0	0	2104	121.38	222.54	20.231	424.84	2387.2	202.31	40.461	161.85	364.15	0	526	404.61	343.92	0	80.923	40.461	60.692	20.231	60.692	40.461	890.15	20.231	20.231	101.15	0	20.231	0	20.231	161.85	101.15	40.461	222.54	384.38	1274.5	161.85	526	40.461	1739.8	0	121.38	384.38	40.461	101.15	0	343.92	182.08	60.692	40.461	20.231	80.923	80.923	80.923	80.923	0	303.46	182.08	1982.6	0	101.15	0	0	141.61	222.54	40.461	0	0	0	0	0	0	20.231	0	0	40.461	0	20.231	0	0	60.692	0	20.231	40.461	0	0	60.692	0	0	0	0	0	0	0	0	20.231	0	0	0	0	40.461	0	60.692	0	0	20.231	242.77	0	141.61	40.461	20.231	0	121.38	60.692	0	80.923	0	0	0	80.923	0	0	0	0	0	0	0	0	0	0	0	0	20.231	0	0	0	0	0	0	0	0	0	0	0	0	0	20.231	0	0	0	0	0	0	0	0	0	0	303.46	0	0	0	0	0	0	0	121.38	465.3	0	0	0	0	0	0	0	0	0	0	0	0	0	0	0	0	0	0	0	0	0	0	40.461	222.54	0	0	20.231	60.692	0	0	0	0	0	0	0	0	40.461	0	0	0	0	20.231	0	0	0	0	0	0	0	0	0	0	0	0	0	0	0	0	0	0	0	0	0	0	0	0	0	0	0	0	0	0	0	0	40.461	0	0	0	0	0	0	0	0	0	0	0	0	0	0	0	121.38	0	0	0	0	0	161.85	0	0	20.231	60.692	0	0	20.231	0	0	0	0	0	0	0	0	0	0	20.231	0	0	0	0	0	0	20.231	0	0	0	0	0	0	0	0	0	0	0	0	263	0	0	0	0	0	0	0	101.15	0	0	0	20.231	20.231	0	0	0	0
L128_B05	NF	0	0	0	0	0	26.482	0	1059.3	0	0	79.447	26.482	0	662.06	0	0	264.82	105.93	132.41	0	0	0	0	0	105.93	26.482	0	79.447	26.482	0	26.482	0	211.86	185.38	158.89	1138.7	1271.2	370.75	132.41	52.965	79.447	79.447	0	0	211.86	397.23	344.27	370.75	503.17	0	0	0	0	0	2145.1	26.482	2462.9	317.79	3045.5	79.447	0	132.41	105.93	3442.7	370.75	0	1059.3	105.93	1297.6	1138.7	0	1271.2	2383.4	662.06	52.965	397.23	1721.3	450.2	0	0	52.965	264.82	2648.2	0	741.51	926.88	26.482	79.447	185.38	105.93	26.482	79.447	132.41	105.93	0	0	0	52.965	0	0	52.965	529.65	0	26.482	0	423.72	132.41	0	0	767.99	0	0	79.447	26.482	52.965	52.965	26.482	0	132.41	26.482	26.482	79.447	0	0	635.58	0	26.482	0	0	4184.2	423.72	1324.1	0	0	1509.5	52.965	185.38	26.482	158.89	4184.2	158.89	211.86	397.23	79.447	0	211.86	1059.3	158.89	0	52.965	0	52.965	0	26.482	132.41	820.95	79.447	0	79.447	0	26.482	105.93	79.447	238.34	158.89	185.38	52.965	344.27	2118.6	158.89	450.2	26.482	211.86	0	211.86	132.41	0	79.447	0	344.27	52.965	0	52.965	0	291.31	0	132.41	0	0	238.34	158.89	238.34	105.93	0	0	158.89	105.93	79.447	79.447	26.482	0	26.482	0	0	158.89	0	0	0	79.447	0	26.482	0	26.482	0	0	0	0	370.75	0	26.482	0	0	0	0	0	0	0	0	0	26.482	0	0	0	0	0	79.447	0	0	26.482	264.82	0	158.89	132.41	0	0	105.93	132.41	0	0	0	0	0	52.965	0	26.482	0	0	0	0	0	0	0	0	0	0	0	0	0	0	0	0	0	0	0	0	0	0	0	0	0	0	0	0	0	26.482	0	0	0	0	0	79.447	0	0	0	0	0	0	0	397.23	238.34	0	0	0	26.482	0	0	0	0	0	0	0	132.41	0	0	0	0	0	0	0	0	0	0	0	26.482	0	52.965	0	26.482	26.482	0	0	0	26.482	0	0	0	26.482	52.965	0	0	0	0	0	0	0	0	0	0	0	0	0	0	0	0	0	0	0	0	0	0	0	0	0	0	0	0	0	0	0	0	0	0	0	0	132.41	0	0	0	0	0	0	0	0	0	0	0	0	0	0	0	132.41	0	0	0	0	0	105.93	0	0	52.965	52.965	0	0	52.965	0	0	0	26.482	0	0	0	0	0	0	0	0	0	0	26.482	0	0	26.482	0	0	0	26.482	0	0	0	0	0	26.482	26.482	0	264.82	0	0	0	26.482	0	0	0	185.38	0	0	0	26.482	132.41	0	0	0	0
L129_B01	NF	0	0	0	0	0	0	0	763.04	0	0	164.98	0	0	288.72	0	0	2433.5	556.82	41.246	0	453.7	0	0	20.623	0	0	0	20.623	206.23	0	0	0	61.868	61.868	164.98	41.246	2289.1	226.85	0	103.11	0	144.36	0	0	20.623	206.23	268.1	701.18	185.6	0	0	0	0	0	1917.9	0	1691.1	928.03	2660.3	639.31	123.74	1113.6	123.74	3444	164.98	20.623	989.9	82.491	3299.6	824.91	247.47	433.08	2165.4	515.57	123.74	144.36	701.18	247.47	0	0	206.23	226.85	2495.4	0	721.8	536.19	103.11	41.246	123.74	20.623	0	433.08	0	20.623	0	0	0	82.491	0	20.623	144.36	247.47	0	61.868	0	164.98	0	0	61.868	1546.7	61.868	0	41.246	0	0	0	268.1	0	206.23	103.11	0	61.868	0	0	474.33	0	0	0	0	4165.8	1072.4	928.03	0	0	618.68	0	639.31	0	164.98	1526.1	845.53	556.82	20.623	515.57	0	164.98	1423	144.36	144.36	41.246	0	123.74	0	371.21	206.23	144.36	0	123.74	82.491	0	103.11	41.246	0	123.74	288.72	144.36	206.23	494.95	639.31	164.98	639.31	41.246	2598.5	0	144.36	144.36	0	82.491	20.623	206.23	103.11	0	164.98	0	288.72	61.868	371.21	103.11	0	268.1	144.36	20.623	41.246	0	20.623	164.98	20.623	20.623	0	0	0	0	41.246	0	0	0	0	0	0	0	0	0	41.246	0	0	0	0	0	0	0	0	0	0	0	0	0	0	0	0	20.623	0	0	0	0	0	123.74	0	0	0	103.11	0	206.23	20.623	0	0	164.98	61.868	0	0	0	0	0	20.623	0	0	0	0	0	0	20.623	0	0	0	0	0	0	0	0	0	0	0	0	0	0	0	0	0	61.868	0	0	0	0	0	0	0	0	0	0	0	0	123.74	0	0	0	0	0	0	0	164.98	412.46	0	0	0	0	0	0	0	0	0	0	103.11	0	0	0	0	0	0	41.246	0	0	0	0	0	20.623	0	61.868	0	0	0	0	0	20.623	41.246	20.623	0	20.623	0	0	0	0	0	0	0	0	0	0	0	0	0	0	0	0	0	20.623	0	0	0	0	0	0	0	0	0	0	0	0	0	0	0	0	0	0	0	0	41.246	0	0	20.623	0	0	0	0	0	0	0	103.11	0	0	0	20.623	20.623	0	0	0	0	0	371.21	0	0	82.491	82.491	0	41.246	0	0	0	0	0	0	0	0	0	0	0	0	0	0	0	0	0	0	0	0	0	0	0	123.74	0	0	0	0	103.11	0	0	103.11	0	0	0	0	0	0	0	41.246	0	0	0	0	103.11	0	20.623	0	0
L129_D01	NF	0	0	0	0	0	0	0	1468.4	0	0	209.78	0	0	629.33	0	0	4615.1	1258.7	0	0	0	0	0	0	0	0	0	0	0	0	0	209.78	419.55	0	0	0	2936.9	0	0	0	0	419.55	0	0	209.78	0	209.78	839.1	1258.7	0	0	0	0	0	1258.7	0	2727.1	209.78	1678.2	0	1048.9	0	839.1	839.1	0	0	0	0	6503	629.33	419.55	0	1048.9	1468.4	0	0	0	839.1	0	0	209.78	629.33	1258.7	0	419.55	419.55	1048.9	0	209.78	209.78	0	0	0	0	0	0	0	0	0	0	0	0	0	0	0	209.78	209.78	0	0	419.55	0	0	0	0	0	0	0	209.78	419.55	0	0	209.78	0	0	839.1	0	0	0	0	5034.6	1678.2	0	0	0	2517.3	419.55	0	0	629.33	1048.9	209.78	0	0	1048.9	0	1888	419.55	209.78	0	0	0	209.78	0	0	0	839.1	0	0	0	0	0	0	209.78	0	0	0	0	209.78	1258.7	0	839.1	0	209.78	0	209.78	0	0	0	0	209.78	0	839.1	0	0	629.33	0	0	0	0	419.55	209.78	0	0	0	0	0	1468.4	0	0	0	0	0	0	419.55	0	0	0	0	0	0	0	0	0	0	0	0	0	0	0	0	0	0	0	0	0	0	0	0	0	0	0	0	0	0	0	0	0	0	0	839.1	0	209.78	209.78	0	0	1048.9	0	0	0	0	0	0	209.78	0	0	0	0	0	0	0	0	0	0	0	0	0	0	0	0	0	0	0	0	0	0	0	0	0	0	0	0	0	0	0	0	0	0	0	0	0	0	0	0	0	0	0	0	0	0	0	0	0	0	0	0	0	0	0	0	0	0	209.78	0	0	0	0	0	0	0	0	0	0	0	0	0	629.33	0	0	0	0	0	0	0	0	0	0	0	0	0	0	0	0	0	0	0	0	0	0	0	0	0	0	0	0	0	0	0	0	0	0	0	0	0	0	0	0	0	0	0	0	0	0	0	0	0	0	0	0	0	0	0	0	0	0	0	0	0	0	0	0	0	0	0	0	0	0	209.78	0	0	0	0	0	0	0	0	0	0	0	0	0	0	0	0	0	0	0	0	0	0	0	0	0	0	0	0	0	0	0	0	0	0	0	0	0	1048.9	0	0	0	0	0	0	0	209.78	0	0	0	0	0	0	0	0	0
L129_A05	NF	0	0	0	0	30.398	0	0	1671.9	0	0	0	0	0	425.58	0	0	1337.5	942.35	0	0	15.199	45.598	0	106.39	0	60.797	15.199	0	425.58	0	303.98	0	45.598	0	30.398	0	1671.9	744.76	227.99	15.199	30.398	258.39	0	0	258.39	547.17	151.99	151.99	531.97	15.199	197.59	0	0	0	7812.4	0	2477.5	334.38	11612	319.18	1048.7	1155.1	136.79	15579	1003.2	197.59	562.37	30.398	3754.2	638.37	212.79	805.56	2523.1	319.18	45.598	91.195	851.15	425.58	0	15.199	0	759.96	2188.7	15.199	167.19	91.195	91.195	75.996	303.98	182.39	106.39	91.195	60.797	136.79	0	45.598	106.39	0	0	106.39	91.195	91.195	197.59	30.398	0	349.58	106.39	0	30.398	1139.9	0	0	151.99	0	167.19	0	45.598	0	151.99	0	0	30.398	0	136.79	1048.7	0	136.79	0	0	2416.7	182.39	167.19	0	0	1322.3	30.398	60.797	0	0	1063.9	303.98	0	471.17	349.58	0	288.79	1656.7	258.39	0	0	0	60.797	0	45.598	91.195	471.17	15.199	0	0	0	45.598	0	91.195	0	15.199	0	288.79	577.57	2903	288.79	227.99	0	1975.9	243.19	243.19	577.57	182.39	15.199	243.19	379.98	197.59	60.797	0	0	364.78	243.19	334.38	303.98	0	425.58	197.59	440.78	15.199	0	75.996	15.199	75.996	182.39	212.79	15.199	0	0	0	212.79	0	0	0	0	45.598	0	0	60.797	15.199	0	0	0	0	15.199	0	0	0	0	0	0	0	0	0	0	0	0	0	0	0	0	0	0	0	0	0	106.39	0	182.39	15.199	0	0	45.598	0	0	0	0	0	0	0	0	0	0	0	0	0	15.199	0	0	0	0	0	15.199	0	0	0	0	0	0	0	0	0	0	0	45.598	0	0	0	0	0	0	0	0	0	0	0	0	0	0	0	0	0	0	0	0	15.199	729.56	0	0	0	0	0	0	0	0	0	0	106.39	0	0	0	0	0	0	0	0	0	0	15.199	0	167.19	0	15.199	0	0	0	0	0	0	75.996	30.398	0	0	0	0	0	0	0	15.199	0	0	0	0	0	0	0	0	0	0	0	0	0	0	0	0	0	15.199	0	0	0	0	0	30.398	0	0	0	0	0	0	0	0	151.99	0	0	0	0	0	0	0	0	0	0	0	0	0	0	349.58	91.195	0	0	0	0	30.398	303.98	0	0	0	30.398	0	0	0	0	0	0	0	0	0	0	0	0	0	0	0	0	0	0	0	0	0	0	0	0	0	0	0	0	0	0	0	0	0	45.598	0	0	0	0	0	0	0	106.39	0	0	0	0	0	30.398	0	0	0
L129_E06	NF	0	0	0	0	0	0	0	1965.2	0	0	17.239	0	17.239	534.4	0	0	0	930.89	17.239	0	51.716	0	0	0	0	0	0	0	68.955	0	241.34	0	51.716	0	137.91	637.83	2534.1	275.82	172.39	51.716	120.67	344.77	0	0	155.15	534.4	206.86	396.49	172.39	0	0	51.716	0	0	2568.6	17.239	1965.2	103.43	3861.5	137.91	913.65	1155	172.39	9498.5	1396.3	86.193	965.37	51.716	4654.5	948.13	17.239	1637.7	2241	327.54	155.15	137.91	1723.9	448.21	0	17.239	0	551.64	2551.3	34.477	465.45	103.43	34.477	0	344.77	327.54	103.43	17.239	224.1	0	17.239	17.239	0	0	0	189.63	34.477	120.67	17.239	17.239	0	155.15	103.43	0	86.193	586.12	0	0	17.239	0	0	34.477	34.477	0	137.91	0	0	241.34	0	241.34	379.25	0	0	0	0	3930.4	362.01	189.63	0	0	293.06	0	17.239	0	34.477	3034	655.07	241.34	362.01	379.25	0	86.193	3137.4	17.239	0	17.239	17.239	68.955	0	34.477	0	396.49	51.716	17.239	0	0	51.716	0	137.91	86.193	34.477	51.716	482.68	775.74	2447.9	1155	293.06	0	3016.8	810.22	224.1	206.86	68.955	34.477	155.15	189.63	34.477	241.34	930.89	0	603.35	275.82	379.25	17.239	0	189.63	155.15	103.43	17.239	17.239	241.34	0	137.91	103.43	68.955	17.239	0	0	0	206.86	34.477	0	0	0	34.477	0	0	0	0	34.477	0	0	0	0	0	0	0	0	0	0	0	0	0	0	0	0	17.239	0	0	0	0	0	0	0	0	206.86	0	51.716	34.477	0	0	86.193	155.15	17.239	0	0	0	0	51.716	0	0	0	0	0	0	0	0	0	0	0	0	0	0	0	0	0	0	0	0	0	0	0	0	0	0	0	0	0	0	0	0	0	0	0	0	0	241.34	0	0	0	0	0	0	0	68.955	327.54	0	0	0	103.43	0	0	0	0	0	0	155.15	0	0	0	0	0	0	0	0	0	51.716	0	34.477	68.955	0	17.239	0	51.716	0	0	0	0	51.716	17.239	0	0	0	0	0	0	0	0	0	0	0	0	0	0	0	0	0	0	0	0	0	0	0	0	0	0	0	0	17.239	0	0	0	0	0	0	0	0	0	0	0	155.15	0	0	0	0	0	0	0	0	0	0	0	0	0	0	17.239	86.193	0	0	0	0	0	293.06	0	0	0	34.477	0	0	0	0	0	0	0	0	0	0	0	0	0	0	0	0	0	0	0	0	0	0	0	0	0	17.239	0	0	0	0	0	17.239	0	68.955	0	0	0	0	0	0	0	68.955	0	0	0	0	103.43	0	0	0	0
L130_H04	NF	27.265	0	0	0	0	27.265	0	927.01	0	0	327.18	81.795	0	599.83	0	0	1117.9	408.98	136.32	0	0	27.265	0	0	0	0	0	0	0	0	354.45	0	27.265	0	136.32	27.265	2235.7	218.12	27.265	136.32	0	0	0	0	163.59	136.32	163.59	354.45	436.24	0	0	0	0	0	3053.7	109.06	1499.6	381.71	4580.5	163.59	109.06	736.16	218.12	3489.9	627.1	0	1363.3	109.06	1445.1	1172.4	27.265	736.16	3162.8	354.45	27.265	54.53	1090.6	518.04	0	0	54.53	736.16	1690.4	0	490.77	436.24	27.265	81.795	299.92	190.85	0	245.38	354.45	0	27.265	0	0	0	0	0	81.795	463.51	0	54.53	0	272.65	299.92	0	27.265	2835.6	0	0	163.59	0	0	0	109.06	0	136.32	27.265	0	0	0	109.06	354.45	0	81.795	0	0	1935.8	490.77	6161.9	0	0	1336	27.265	572.57	27.265	354.45	2699.2	354.45	327.18	381.71	545.3	136.32	599.83	1117.9	81.795	81.795	163.59	0	0	54.53	0	27.265	627.1	218.12	54.53	27.265	0	0	272.65	54.53	490.77	354.45	27.265	245.38	327.18	2426.6	1363.3	518.04	27.265	627.1	0	272.65	381.71	1908.6	408.98	81.795	545.3	27.265	54.53	190.85	0	163.59	136.32	109.06	0	0	327.18	163.59	0	0	0	27.265	81.795	27.265	190.85	54.53	0	0	0	0	0	54.53	0	0	0	0	0	54.53	0	54.53	0	0	0	0	0	0	0	0	0	0	0	0	0	0	0	0	0	0	0	0	0	0	0	0	0	0	245.38	27.265	54.53	0	0	0	54.53	0	0	0	0	0	0	54.53	0	0	0	0	0	0	0	0	0	0	0	0	27.265	0	0	0	0	0	0	0	0	0	0	0	0	0	0	0	0	0	0	0	0	0	0	0	0	0	0	0	0	0	0	0	0	136.32	436.24	0	0	0	27.265	0	0	0	0	0	0	27.265	27.265	0	0	0	0	0	0	0	0	0	0	0	54.53	0	54.53	0	27.265	0	0	0	0	0	2317.5	0	0	0	0	0	0	0	0	0	0	0	0	0	0	0	0	0	0	27.265	0	0	0	0	0	0	0	0	0	27.265	0	0	0	0	0	0	0	0	0	0	0	109.06	0	0	0	0	0	0	0	0	0	0	0	0	0	0	0	109.06	0	27.265	27.265	0	0	272.65	0	0	0	0	0	0	0	0	27.265	0	0	0	0	27.265	0	0	0	0	0	0	0	81.795	0	0	0	0	0	0	0	27.265	0	0	0	0	0	0	0	190.85	0	0	0	0	0	0	0	0	0	0	0	0	0	0	0	0	0
L130_B06	NF	0	0	0	0	0	38.036	0	494.47	0	0	38.036	0	0	304.29	0	0	1635.5	228.21	152.14	0	0	0	0	0	0	0	0	0	0	0	0	0	38.036	114.11	76.072	0	2092	114.11	0	76.072	0	0	0	0	38.036	0	342.32	380.36	152.14	0	0	0	0	0	1863.8	228.21	3879.6	988.93	3385.2	266.25	304.29	228.21	228.21	2776.6	456.43	38.036	304.29	3309.1	3803.6	988.93	38.036	608.57	3689.5	494.47	0	152.14	608.57	266.25	0	0	342.32	304.29	2320.2	0	456.43	494.47	0	0	38.036	304.29	38.036	152.14	76.072	0	0	0	152.14	0	0	0	152.14	228.21	0	38.036	0	114.11	38.036	0	190.18	1787.7	0	0	0	304.29	0	0	114.11	38.036	76.072	228.21	0	0	0	0	304.29	0	266.25	0	0	3727.5	722.68	2776.6	0	0	2130	38.036	266.25	38.036	532.5	2738.6	304.29	304.29	0	760.72	266.25	836.79	646.61	76.072	228.21	608.57	38.036	114.11	38.036	76.072	0	532.5	114.11	0	76.072	0	228.21	494.47	152.14	0	0	0	152.14	418.39	2396.3	304.29	722.68	76.072	684.65	0	152.14	152.14	0	266.25	228.21	266.25	190.18	76.072	0	0	646.61	1217.2	152.14	0	38.036	190.18	0	646.61	38.036	0	0	0	114.11	0	0	0	0	0	0	38.036	38.036	0	0	38.036	0	0	0	38.036	0	0	0	0	0	0	0	0	0	0	0	0	0	0	0	0	0	0	0	0	0	0	0	0	0	0	0	152.14	0	190.18	0	0	0	76.072	0	0	0	0	0	0	190.18	0	0	0	0	0	0	38.036	0	0	0	0	0	0	0	0	0	0	0	0	0	0	0	0	0	0	0	0	0	0	0	0	0	0	0	0	0	0	114.11	0	0	0	0	0	0	0	114.11	152.14	0	0	0	0	76.072	0	0	0	0	0	38.036	0	0	0	0	0	0	0	0	0	0	0	0	38.036	0	0	0	0	0	38.036	0	0	114.11	18181	0	0	38.036	0	38.036	0	0	0	0	0	0	0	0	0	0	0	0	0	0	0	0	0	0	0	0	0	0	0	0	0	0	38.036	0	0	0	0	0	0	0	0	190.18	38.036	0	0	0	0	0	0	0	0	0	266.25	0	0	0	0	0	0	0	0	0	38.036	266.25	0	0	0	0	0	0	0	0	0	0	0	0	0	0	0	0	0	0	0	0	0	0	0	0	0	0	0	0	0	0	0	0	0	0	76.072	0	0	76.072	0	0	0	0	0	0	0	76.072	0	0	0	0	76.072	0	0	0	0
L130_D07	NF	0	0	0	0	27.34	0	0	2105.1	0	0	27.34	0	0	218.72	0	0	218.72	464.77	0	0	27.34	0	0	0	0	0	0	0	164.04	0	27.34	0	164.04	0	82.019	218.72	2542.6	355.42	109.36	82.019	0	109.36	0	0	109.36	355.42	218.72	136.7	82.019	0	0	0	0	0	3718.2	54.679	2241.9	328.08	5413.2	273.4	601.47	410.09	273.4	6834.9	1011.6	0	1066.2	0	2077.8	956.89	27.34	1038.9	2761.3	246.06	273.4	0	1312.3	273.4	0	27.34	164.04	683.49	2023.1	0	683.49	300.73	136.7	82.019	328.08	355.42	136.7	109.36	109.36	0	0	0	0	27.34	0	0	54.679	273.4	0	54.679	0	464.77	109.36	0	0	2241.9	0	0	0	0	54.679	54.679	0	0	136.7	0	0	54.679	0	109.36	546.79	0	0	0	0	3144.1	136.7	328.08	0	0	1312.3	0	246.06	0	27.34	5549.9	328.08	82.019	136.7	218.72	0	191.38	1749.7	218.72	0	0	0	27.34	27.34	382.75	27.34	902.21	0	0	0	54.679	0	0	54.679	82.019	54.679	54.679	82.019	300.73	2323.9	164.04	464.77	0	1749.7	0	164.04	136.7	27.34	109.36	54.679	410.09	82.019	27.34	0	0	355.42	54.679	82.019	27.34	0	136.7	27.34	0	54.679	27.34	54.679	136.7	136.7	136.7	0	54.679	0	0	0	54.679	0	0	0	0	0	0	0	0	0	0	0	0	0	54.679	0	0	0	0	0	0	0	0	0	0	0	0	0	0	0	0	0	0	0	0	0	218.72	0	382.75	54.679	0	0	54.679	0	0	0	0	0	0	0	0	27.34	0	0	0	0	0	0	0	0	0	0	0	0	0	0	0	0	0	0	0	0	0	0	27.34	0	0	0	0	0	0	0	0	0	0	0	0	27.34	0	0	0	0	0	0	0	109.36	382.75	0	0	0	0	82.019	0	0	0	0	0	27.34	0	0	0	0	0	0	0	0	0	0	0	0	27.34	0	109.36	0	0	27.34	0	0	0	0	164.04	0	0	0	0	0	0	0	0	0	0	0	0	0	0	0	0	0	0	0	0	0	0	0	0	0	0	0	0	27.34	0	0	437.43	0	0	0	0	0	0	0	0	0	0	54.679	0	0	0	0	0	0	0	0	0	0	0	0	54.679	0	0	0	0	0	0	191.38	0	0	27.34	27.34	0	0	27.34	0	0	0	0	0	0	0	0	0	0	0	0	27.34	0	0	0	0	0	0	0	0	0	0	0	0	0	0	0	0	0	27.34	0	0	0	0	0	0	0	218.72	0	0	0	0	0	0	0	0	0
L130_E09	NF	0	0	0	0	0	0	0	851.99	0	0	39.627	0	0	534.97	0	0	1525.7	317.02	178.32	0	19.814	0	0	0	0	0	0	0	59.441	0	0	0	39.627	79.255	99.069	19.814	2278.6	435.9	138.7	99.069	0	79.255	0	0	138.7	317.02	317.02	138.7	396.27	0	19.814	0	19.814	0	4755.3	59.441	2139.9	257.58	3843.9	376.46	376.46	158.51	217.95	3883.5	574.6	0	1545.5	79.255	1565.3	871.8	39.627	1149.2	7152.8	435.9	138.7	336.83	1248.3	396.27	0	0	118.88	1010.5	2655	0	396.27	871.8	0	178.32	336.83	198.14	39.627	99.069	19.814	0	0	0	19.814	0	0	0	277.39	396.27	0	39.627	0	614.23	257.58	0	0	1228.4	0	0	19.814	19.814	59.441	19.814	138.7	0	673.67	0	0	59.441	0	19.814	1050.1	0	118.88	0	0	3170.2	634.04	1704	0	0	1921.9	39.627	495.34	0	277.39	2556	1030.3	79.255	455.72	237.76	0	871.8	2100.3	356.65	138.7	416.09	0	99.069	39.627	79.255	19.814	554.78	39.627	39.627	39.627	0	0	178.32	198.14	158.51	217.95	138.7	118.88	515.16	2021	475.53	713.29	39.627	832.18	0	19.814	416.09	79.255	0	19.814	475.53	19.814	79.255	19.814	0	911.43	39.627	99.069	138.7	0	356.65	99.069	277.39	99.069	0	19.814	0	277.39	138.7	19.814	19.814	0	0	0	59.441	39.627	0	0	19.814	0	0	0	0	19.814	0	0	0	0	0	0	0	0	0	0	0	0	0	0	0	0	19.814	0	0	0	0	0	0	0	0	0	297.21	0	99.069	0	0	0	257.58	19.814	19.814	0	0	0	0	79.255	0	0	0	0	0	0	0	0	0	0	0	0	0	118.88	0	0	0	0	0	0	0	0	0	0	0	0	0	0	0	0	19.814	0	0	0	0	0	0	79.255	0	0	0	0	0	0	0	396.27	594.41	0	0	0	0	0	0	0	0	0	0	158.51	0	0	0	0	0	0	0	0	0	0	19.814	0	158.51	0	0	0	19.814	0	0	0	0	19.814	19.814	0	0	118.88	19.814	19.814	0	0	0	0	0	0	0	0	0	0	0	0	0	0	0	39.627	0	0	0	0	0	0	0	0	0	0	0	0	0	0	0	0	0	0	0	99.069	0	19.814	0	0	0	0	0	0	0	0	59.441	0	0	0	0	59.441	0	0	0	0	0	217.95	0	0	0	178.32	0	0	0	0	19.814	19.814	19.814	0	0	0	0	0	0	0	0	0	0	59.441	0	0	0	0	0	0	0	0	0	0	0	0	0	59.441	0	217.95	0	0	0	0	0	0	0	39.627	0	0	0	39.627	39.627	0	19.814	0	0
L130_F09	NF	0	0	0	230.65	0	0	0	1672.2	0	19.221	96.106	0	0	384.42	0	0	1845.2	326.76	19.221	0	76.885	0	0	19.221	0	0	0	0	96.106	0	0	19.221	19.221	0	845.73	19.221	3382.9	249.87	19.221	480.53	19.221	19.221	0	0	0	19.221	192.21	1287.8	211.43	0	0	0	153.77	0	2479.5	999.5	2518	307.54	3229.1	38.442	115.33	326.76	211.43	8072.9	595.86	0	1230.2	2960.1	7015.7	1076.4	0	1076.4	1134.1	172.99	76.885	96.106	634.3	192.21	19.221	19.221	557.41	442.09	1633.8	0	1556.9	115.33	38.442	96.106	269.1	96.106	57.664	115.33	115.33	38.442	0	0	96.106	0	0	0	0	557.41	38.442	153.77	0	0	38.442	0	19.221	153.77	0	0	307.54	76.885	38.442	96.106	76.885	0	230.65	38.442	38.442	365.2	0	19.221	653.52	0	134.55	0	0	3844.2	326.76	749.63	0	0	672.74	19.221	76.885	0	384.42	2229.6	230.65	0	76.885	538.19	0	57.664	2748.6	115.33	19.221	595.86	0	19.221	0	153.77	96.106	134.55	0	0	19.221	0	153.77	0	0	0	96.106	76.885	115.33	172.99	1057.2	1210.9	211.43	0	461.31	0	57.664	38.442	0	115.33	0	76.885	76.885	19.221	0	0	96.106	0	0	76.885	0	76.885	96.106	269.1	57.664	0	19.221	38.442	19.221	19.221	0	19.221	0	0	19.221	19.221	19.221	0	0	0	0	0	19.221	0	0	0	0	0	0	0	0	0	0	0	0	0	0	0	0	0	0	0	0	0	0	0	0	38.442	0	0	57.664	172.99	0	57.664	0	0	0	0	0	0	76.885	0	0	0	38.442	0	0	0	0	0	0	0	0	0	0	0	0	0	0	0	0	0	0	0	0	0	0	0	0	0	0	0	19.221	0	0	0	0	0	0	0	0	0	192.21	0	0	0	0	0	0	0	57.664	153.77	0	0	0	0	0	0	0	0	0	0	57.664	0	0	0	0	0	0	19.221	0	0	0	0	19.221	19.221	0	57.664	0	0	0	0	0	0	38.442	134.55	0	0	57.664	0	0	0	0	19.221	0	0	0	0	0	0	0	0	0	0	0	0	19.221	0	0	0	0	0	0	38.442	0	0	0	0	0	0	0	0	0	0	0	0	38.442	0	0	0	0	0	0	0	0	0	0	0	0	0	0	38.442	0	0	0	0	0	0	96.106	0	0	0	153.77	0	134.55	0	0	0	0	0	0	0	0	0	0	19.221	0	0	0	0	0	0	0	0	0	0	0	0	0	0	0	0	0	0	38.442	0	288.32	0	0	0	0	0	0	0	288.32	0	0	0	38.442	0	0	0	0	0
L130_B12	NF	19.489	0	38.977	0	0	0	0	1247.3	0	0	77.954	116.93	0	331.31	0	0	38.977	409.26	58.466	0	0	0	0	0	0	0	0	0	58.466	0	896.48	0	97.443	38.977	38.977	0	2631	760.06	38.977	0	0	155.91	0	0	0	331.31	545.68	97.443	428.75	0	0	0	19.489	0	2377.6	19.489	2494.5	760.06	3020.7	58.466	116.93	97.443	272.84	4053.6	311.82	58.466	1383.7	19.489	721.08	643.12	19.489	623.64	2416.6	175.4	0	233.86	1773.5	331.31	0	19.489	38.977	526.19	3352	0	760.06	155.91	97.443	136.42	136.42	311.82	19.489	116.93	97.443	0	19.489	0	19.489	0	0	0	58.466	233.86	0	19.489	0	487.21	253.35	0	38.977	584.66	0	58.466	19.489	0	38.977	0	116.93	0	58.466	116.93	0	38.977	0	0	1695.5	0	0	0	0	2319.1	311.82	2143.8	0	0	2533.5	0	253.35	0	155.91	2007.3	818.52	253.35	565.17	292.33	0	409.26	2572.5	116.93	0	0	0	19.489	0	58.466	97.443	545.68	0	38.977	0	19.489	0	0	116.93	116.93	77.954	116.93	311.82	721.08	2182.7	1071.9	526.19	19.489	389.77	38.977	19.489	311.82	0	19.489	77.954	233.86	38.977	0	0	0	1539.6	19.489	272.84	97.443	0	214.38	58.466	292.33	77.954	0	77.954	77.954	116.93	136.42	19.489	19.489	19.489	0	0	19.489	0	0	0	0	19.489	0	19.489	0	38.977	0	0	0	0	19.489	0	0	0	0	0	0	0	0	0	0	0	0	0	0	0	0	0	38.977	0	0	19.489	155.91	0	77.954	0	19.489	0	0	0	19.489	0	0	0	0	38.977	0	0	0	0	0	0	0	0	0	0	0	0	0	0	0	19.489	0	0	0	0	0	0	0	0	0	0	0	0	0	0	19.489	0	0	0	0	0	0	97.443	0	0	0	0	0	0	0	292.33	389.77	0	0	0	19.489	0	0	0	0	0	19.489	155.91	19.489	0	0	19.489	0	19.489	0	0	0	0	19.489	38.977	0	0	0	0	77.954	0	0	0	0	0	350.8	0	0	0	0	0	0	0	0	0	0	0	0	0	0	0	19.489	0	0	0	0	0	0	0	0	0	0	0	0	0	0	0	0	0	0	0	0	0	0	0	0	38.977	0	0	0	0	0	0	0	0	0	0	0	0	0	0	0	58.466	0	0	0	0	77.954	214.38	0	0	38.977	0	0	0	38.977	19.489	0	0	0	0	0	0	0	0	0	0	0	0	0	38.977	0	0	58.466	0	0	0	0	0	0	0	0	0	0	0	0	38.977	0	0	0	0	0	0	0	253.35	0	0	0	58.466	58.466	0	0	0	0
L130_D12	NF	0	0	0	0	0	0	0	1547.7	0	0	14.881	74.407	0	386.92	0	0	1503	446.44	14.881	0	238.1	0	0	0	0	14.881	29.763	0	59.526	0	922.65	0	148.81	74.407	163.7	223.22	2663.8	654.78	74.407	0	59.526	133.93	0	0	208.34	476.2	372.04	461.32	223.22	0	29.763	14.881	0	0	6384.1	44.644	3244.1	654.78	6726.4	267.86	431.56	535.73	372.04	9360.4	997.05	89.288	758.95	14.881	3541.8	714.31	29.763	1131	1919.7	416.68	14.881	252.98	1235.2	401.8	0	14.881	0	535.73	1889.9	0	848.24	193.46	14.881	59.526	223.22	446.44	0	44.644	119.05	0	0	0	0	0	0	29.763	89.288	14.881	0	29.763	0	208.34	59.526	0	476.2	1116.1	0	0	104.17	0	44.644	0	74.407	14.881	327.39	0	29.763	476.2	0	59.526	1071.5	0	148.81	0	0	2812.6	193.46	580.37	0	0	1919.7	163.7	119.05	0	119.05	1517.9	476.2	104.17	491.09	372.04	0	818.48	3854.3	178.58	0	0	14.881	29.763	0	119.05	29.763	238.1	29.763	0	0	0	59.526	0	14.881	89.288	74.407	29.763	252.98	267.86	2842.4	982.17	431.56	119.05	2336.4	44.644	223.22	148.81	163.7	193.46	14.881	595.26	0	59.526	14.881	74.407	1369.1	223.22	148.81	14.881	0	282.75	14.881	133.93	44.644	223.22	193.46	74.407	119.05	133.93	223.22	14.881	0	0	0	44.644	14.881	0	14.881	44.644	14.881	0	14.881	0	14.881	0	0	0	0	342.27	0	14.881	0	0	0	0	0	0	0	0	0	0	0	0	0	0	0	14.881	0	0	14.881	193.46	0	119.05	0	0	0	59.526	0	0	14.881	0	0	0	44.644	0	0	0	0	0	0	0	0	0	0	0	0	14.881	0	0	0	0	0	0	0	0	0	0	0	0	0	0	0	0	14.881	0	0	0	0	0	0	0	0	0	0	0	0	0	0	0	74.407	297.63	0	0	0	74.407	0	0	0	0	0	0	193.46	29.763	0	0	0	0	0	0	0	0	0	0	0	29.763	0	74.407	0	29.763	44.644	0	0	0	14.881	59.526	0	0	0	0	0	0	0	0	0	0	0	0	0	0	0	0	0	0	0	0	0	0	0	0	0	0	59.526	44.644	0	0	0	0	0	0	0	0	0	0	0	0	44.644	0	14.881	0	0	0	0	0	0	0	0	0	0	0	0	14.881	74.407	0	0	0	0	0	282.75	0	0	14.881	14.881	0	0	0	0	0	14.881	0	0	0	0	0	0	0	0	0	0	0	0	0	0	44.644	0	0	0	0	0	0	0	0	0	0	0	0	119.05	0	0	0	0	0	0	0	119.05	0	0	0	14.881	0	14.881	0	0	0
L141_F06	NF	0	0	0	0	0	60.512	0	216.83	0	0	55.469	5.0427	0	438.71	0	10.085	589.99	201.71	45.384	0	50.427	0	0	0	0	0	0	5.0427	0	20.171	80.683	0	398.37	5.0427	171.45	15.128	2768.4	25.213	15.128	10.085	5.0427	0	0	0	75.64	695.89	317.69	317.69	247.09	0	0	0	20.171	0	3156.7	151.28	2531.4	549.65	4301.4	484.1	1195.1	660.59	247.09	5113.3	262.22	0	1038.8	1991.8	1376.7	852.21	15.128	564.78	3676.1	1290.9	257.18	181.54	221.88	584.95	0	0	700.93	141.2	1417	0	237.01	252.13	0	418.54	468.97	428.63	30.256	398.37	0	0	0	0	0	0	0	0	20.171	50.427	0	0	0	85.725	35.299	0	0	1164.8	0	0	196.66	20.171	5.0427	0	438.71	0	413.5	110.94	0	156.32	0	136.15	368.11	0	0	0	0	2077.6	1043.8	610.16	0	0	1775	55.469	600.08	35.299	433.67	1568.3	226.92	161.37	1033.8	352.99	257.18	458.88	494.18	131.11	0	25.213	0	842.12	0	0	25.213	600.08	35.299	0	0	0	358.03	70.597	151.28	100.85	287.43	30.256	363.07	262.22	2027.2	10.085	1159.8	206.75	25.213	0	95.811	110.94	0	0	35.299	499.22	40.341	0	0	0	0	156.32	35.299	25.213	0	630.33	5.0427	0	115.98	0	0	216.83	287.43	5.0427	0	0	5.0427	0	0	0	0	0	0	0	0	0	5.0427	0	115.98	0	0	0	0	10.085	0	0	0	0	0	0	0	0	0	0	15.128	0	0	0	0	0	0	121.02	0	0	25.213	231.96	0	327.77	10.085	0	0	15.128	0	0	0	0	80.683	0	5.0427	0	0	0	0	0	0	0	0	0	0	0	0	0	0	0	0	0	0	0	20.171	0	0	0	0	0	0	0	0	0	0	0	0	0	0	0	0	0	15.128	0	0	0	0	20.171	0	0	75.64	423.58	0	0	0	0	0	0	0	0	0	0	146.24	0	0	0	0	0	0	0	0	0	0	0	5.0427	917.76	0	0	0	30.256	0	0	191.62	0	0	973.23	5.0427	10.085	40.341	0	0	5.0427	0	0	0	0	0	0	0	0	0	0	0	0	0	0	0	0	0	0	0	0	0	15.128	0	0	0	0	0	0	5.0427	0	0	0	0	0	75.64	0	0	0	0	15.128	0	20.171	20.171	0	0	0	45.384	0	0	80.683	0	0	0	10.085	0	0	337.86	0	0	40.341	0	50.427	0	0	0	5.0427	10.085	0	0	0	0	10.085	0	10.085	0	0	0	0	15.128	0	0	80.683	0	0	0	0	0	0	20.171	0	0	5.0427	0	0	297.52	0	0	0	0	0	0	0	55.469	0	0	5.0427	0	231.96	0	0	0	0
L141_D07	NF	0	0	0	14.953	0	0	0	962.99	0	0	17.944	0	29.906	478.5	0	0	1103.6	616.07	0	0	116.64	0	0	0	8.9719	0	0	0	50.841	0	119.63	0	149.53	0	194.39	0	1588	212.34	281.12	2.9906	0	77.757	0	0	577.2	388.78	0	430.65	412.71	77.757	8.9719	0	59.813	0	11613	14.953	3618.7	98.691	11418	723.74	544.3	1375.7	239.25	16395	1609	122.62	771.59	77.757	2766.4	230.28	2.9906	1366.7	1653.8	263.18	74.766	116.64	723.74	1315.9	0	0	867.29	789.53	2021.7	0	143.55	74.766	140.56	59.813	666.91	119.63	284.11	65.794	8.9719	5.9813	20.934	0	23.925	59.813	2.9906	92.71	320	53.832	53.832	62.804	0	290.09	89.719	0	23.925	983.92	0	0	128.6	0	77.757	541.31	233.27	0	352.9	0	0	149.53	0	248.22	427.66	0	26.916	2.9906	0	1964.8	68.785	185.42	0	0	1405.6	0	35.888	0	47.85	1315.9	481.49	5.9813	314.02	137.57	0	469.53	708.78	110.65	0	41.869	0	125.61	110.65	116.64	86.729	711.77	0	0	0	0	53.832	0	149.53	101.68	65.794	0	466.54	197.38	2377.6	607.1	140.56	128.6	415.7	44.86	544.3	538.32	53.832	0	77.757	194.39	95.701	0	50.841	0	346.92	74.766	236.26	224.3	0	493.46	254.21	197.38	197.38	0	158.5	26.916	128.6	98.691	221.31	0	0	0	0	185.42	14.953	0	0	26.916	0	0	8.9719	0	20.934	0	0	0	0	0	0	0	0	0	0	0	0	0	0	0	5.9813	14.953	0	0	0	47.85	0	53.832	0	0	5.9813	137.57	41.869	8.9719	83.738	44.86	0	17.944	0	2.9906	0	0	89.719	0	35.888	0	0	0	0	17.944	0	2.9906	0	0	2.9906	0	0	125.61	0	0	0	0	0	0	0	0	0	0	0	0	0	0	0	0	0	0	0	0	0	0	0	0	0	0	0	0	0	0	0	0	53.832	1297.9	0	0	0	29.906	0	0	0	0	0	0	59.813	0	0	0	89.719	0	0	0	0	0	2.9906	0	122.62	35.888	0	8.9719	0	0	140.56	0	0	0	104.67	44.86	0	0	0	0	0	0	0	0	0	0	0	0	0	0	0	0	0	0	0	0	0	0	0	0	0	65.794	0	2.9906	0	0	0	0	0	0	89.719	2.9906	0	0	0	0	0	0	0	0	0	0	0	0	0	0	0	0	0	0	0	2.9906	284.11	0	0	0	0	0	0	0	0	29.906	62.804	0	0	50.841	0	2.9906	8.9719	0	0	0	0	0	0	0	0	0	0	0	44.86	0	0	0	14.953	0	0	0	5.9813	0	0	0	0	2.9906	0	0	128.6	0	0	0	0	0	0	0	0	0	0	0	0	0	0	0	0	0
L141_H08	NF	7.5177	0	0.53698	0.53698	0.53698	0	0	1104	1.6109	0	18.794	0	3.2218	1231.3	0	0	1120.7	481.13	3.2218	0	10.203	0.53698	0	6.9807	0	72.492	10.74	0.53698	125.11	0.53698	220.16	0	52.087	0.53698	95.582	1.074	2337.4	350.64	112.23	22.553	14.498	216.94	0	0	352.26	492.94	120.28	54.771	467.7	74.103	285.67	37.588	53.16	0	21759	5.9067	1627.6	276.54	26138	465.02	2953.9	2116.8	643.3	10384	996.63	119.21	1018.1	30.071	2597.9	668	421.52	1337.1	2806.8	738.88	200.83	251.3	984.28	1000.4	160.56	37.588	322.72	593.36	1870.3	3.2218	129.41	189.01	155.72	62.826	620.74	347.42	125.65	119.21	68.196	45.106	5.3698	0	6.4437	67.659	0	67.659	228.75	84.842	158.95	1.074	0	378.03	110.62	0	114.38	1422.4	2.6849	0	313.06	43.495	145.52	23.627	104.71	16.646	271.71	0	1.6109	156.26	0	207.27	699.14	3.7588	76.787	0	0	3207.4	263.12	548.25	1.074	0	1096.5	25.775	121.89	0	30.608	645.44	38.662	0	168.61	335.61	0.53698	433.34	630.41	378.03	11.814	12.35	37.588	11.814	5.9067	93.434	48.328	1555.1	103.64	0	0	0	80.009	0	33.292	64.974	193.31	49.402	503.15	404.88	936.48	132.63	388.23	48.865	816.2	97.192	163.78	548.79	67.122	31.681	306.08	565.43	57.993	18.257	92.897	0	457.5	119.21	26.312	169.68	0	649.74	115.45	208.35	115.99	55.845	141.76	28.997	240.57	288.36	211.57	4.8328	0.53698	2.6849	5.3698	30.608	4.2958	0	0	0	45.643	0	1.074	0.53698	35.44	0.53698	0	4.2958	0	0	2.1479	1.6109	0	0	0	0	0	0	0	0	4.8328	12.35	17.183	0	0	3.2218	0	13.424	0	0	2.1479	54.235	0	80.009	8.0546	0	0.53698	86.453	0	0	59.604	0	1.6109	0	4.2958	0	0	0	0	0	0	5.3698	0	0	0	0	0	0	0	22.016	6.9807	0.53698	7.5177	0	0	0	0	0	0	0	0	0	0	1.6109	0	0	0	0	0	0	0.53698	0	29.534	2.6849	0	0	0	1.074	0	0	12.887	763.04	0.53698	0	0	11.814	0	0	0	0	0	1.074	71.418	26.849	0	0	52.624	0	1.074	0	0	0	36.514	1.6109	44.032	132.1	0	61.215	0	2.6849	27.386	0	5.9067	0	17.72	39.736	0	0.53698	0	0.53698	0	0	0.53698	0	0	2.6849	0	0	0	0.53698	0	0	0	0	0	0	0.53698	0	0	0	0	0	0.53698	21.479	0	0	0	13.961	0	0	2.6849	0	0	4.8328	0.53698	0	13.424	0	1.074	1.6109	0	3.7588	0	0	1.074	0	0	0	1.6109	0	0	159.48	42.421	0	0	0	0	2.1479	112.76	0	0	30.071	61.752	6.4437	0	4.2958	0.53698	2.1479	0	0	0	3.2218	0	0	0	0	3.2218	0.53698	0	0	0	0	0	10.203	0.53698	1.074	0	0	0	0	1.6109	0	0	5.3698	0.53698	0	80.546	0	0	0	0	0	0	0	2.6849	0.53698	0	0	1.6109	1.074	0.53698	0	0.53698	0
L141_E10	NF	3.4616	0	0	1.1539	16.154	0	0	2636.6	5.7693	0	9.231	3.4616	0	481.16	0	2.3077	290.77	651.94	3.4616	0	2.3077	2.3077	0	5.7693	1.1539	0	27.693	4.6155	126.93	1.1539	371.55	3.4616	56.54	5.7693	90.002	8.0771	3505.4	274.62	63.463	13.846	0	175.39	0	0	108.46	391.16	384.24	1418.1	405.01	0	20.77	66.924	42.693	0	4910.9	109.62	927.71	20.77	6927.8	106.16	708.47	493.86	162.7	11466	1278.5	84.232	312.7	27.693	6391.3	2377	42.693	1074.3	1142.3	602.32	0	245.77	1239.3	260.77	0	4.6155	28.847	180	1007.3	0	574.63	86.54	125.77	111.93	241.16	213.47	233.08	503.09	53.078	18.462	10.385	3.4616	3.4616	0	0	2.3077	109.62	150	5.7693	72.694	1.1539	124.62	32.308	0	2.3077	444.24	2.3077	0	250.39	26.539	93.463	183.46	28.847	0	244.62	2.3077	1.1539	211.16	0	90.002	290.77	0	85.386	1.1539	0	5113.9	503.09	83.078	0	0	675.01	33.462	41.539	0	135	3038.1	242.31	0	216.93	228.47	0	180	1373.1	116.54	0	3.4616	36.924	40.385	23.077	288.47	17.308	326.55	15	0	56.54	0	16.154	40.385	138.46	98.079	106.16	6.9232	181.16	245.77	1662.7	733.86	436.16	31.154	2521.2	99.233	214.62	273.47	36.924	115.39	116.54	131.54	24.231	109.62	24.231	0	431.55	9.231	163.85	83.078	0	346.16	73.848	211.16	94.617	131.54	62.309	0	48.463	48.463	227.31	1.1539	0	0	15	155.77	20.77	0	0	0	1.1539	0	2.3077	0	15	0	1.1539	0	0	9.231	0	6.9232	0	3.4616	0	0	0	0	0	0	3.4616	8.0771	2.3077	0	0	3.4616	0	3.4616	0	0	0	83.078	1.1539	98.079	19.616	0	0	6.9232	0	0	0	0	2.3077	0	20.77	0	0	0	0	0	0	3.4616	0	1.1539	0	2.3077	0	5.7693	0	3.4616	0	0	0	0	0	0	0	0	0	0	2.3077	0	0	2.3077	0	0	0	0	0	0	0	0	49.616	1.1539	0	0	0	4.6155	0	0	78.463	227.31	0	0	0	25.385	0	0	0	0	0	0	57.693	0	0	8.0771	4.6155	0	0	1.1539	0	0	0	0	16.154	70.386	0	136.16	0	0	2.3077	0	1.1539	0	3.4616	28.847	0	0	12.693	38.078	0	0	0	9.231	0	0	0	0	0	0	0	0	0	0	4.6155	0	0	0	0	0	0	0	0	0	0	0	0	20.77	0	0	3.4616	0	0	0	0	0	55.386	0	2.3077	10.385	0	0	0	0	0	2.3077	0	0	1.1539	0	2.3077	0	6.9232	0	0	0	0	42.693	309.24	0	0	3.4616	107.31	0	0	10.385	0	10.385	1.1539	0	2.3077	2.3077	0	13.846	1.1539	0	9.231	2.3077	0	0	0	0	0	66.924	2.3077	0	1.1539	0	3.4616	0	3.4616	0	0	23.077	2.3077	0	120	0	0	0	2.3077	0	0	0	166.16	0	3.4616	0	6.9232	0	0	0	0	0
L142_E01	NF	0	0	0	0	0	0	0	508.33	0	0	14.12	0	0	1468.5	0	0	3643	338.89	0	0	0	0	0	28.241	0	0	0	0	0	0	0	0	141.2	310.65	338.89	14.12	607.17	0	0	0	0	0	0	0	14.12	0	14.12	1115.5	494.21	0	0	14.12	0	0	1214.3	3967.8	3078.2	0	4687.9	0	762.5	14.12	56.481	310.65	578.93	0	776.62	4546.7	5605.8	70.602	0	706.02	2541.6	42.361	0	98.842	169.44	28.241	0	14.12	1609.7	169.44	2951.1	0	0	0	0	0	70.602	0	0	0	70.602	0	0	0	0	0	0	0	0	381.25	0	0	0	0	14.12	0	0	635.41	0	0	0	0	0	0	0	56.481	169.44	211.8	70.602	0	0	0	1030.8	0	536.57	0	0	409.49	240.04	0	0	353.01	14.12	0	268.29	0	0	889.58	0	0	0	84.722	0	0	0	56.481	127.08	282.41	0	0	0	508.33	14.12	564.81	0	0	0	0	409.49	409.49	0	0	0	268.29	550.69	0	833.1	0	818.98	0	14.12	0	127.08	0	0	0	0	423.61	141.2	0	0	0	0	0	0	0	0	310.65	0	1609.7	0	0	0	0	0	0	437.73	0	0	0	0	56.481	84.722	0	0	0	0	0	42.361	0	0	0	0	0	0	0	0	0	0	0	0	0	0	0	0	0	0	0	0	0	0	0	0	14.12	0	0	0	240.04	0	0	0	0	0	889.58	42.361	0	0	0	0	0	0	0	0	0	0	0	0	98.842	0	0	0	0	0	0	0	0	0	211.8	0	0	0	0	0	0	0	0	0	0	0	0	0	0	0	0	0	0	0	0	0	0	0	0	0	0	0	0	98.842	0	0	0	0	0	0	0	0	0	0	0	0	0	0	0	0	0	0	0	0	0	42.361	211.8	0	0	0	0	0	0	0	0	0	0	0	98.842	0	0	0	0	0	0	0	0	0	0	0	0	0	0	0	0	0	0	0	0	0	0	0	0	0	0	0	0	0	0	0	0	0	0	0	0	0	0	0	14.12	98.842	0	0	0	0	0	0	0	0	0	0	0	0	0	0	0	338.89	0	0	0	0	0	56.481	0	0	0	28.241	70.602	0	0	0	0	0	0	0	0	0	0	0	0	14.12	0	0	0	0	0	0	0	0	0	0	0	0	14.12	0	0	0	282.41	0	0	296.53	0	0	0	0	0	0	0	0	0	0	0	0	0	0	0	0	0
L142_G04	NF	0	0	0	0	14.717	0	0	1534.7	0	0	23.711	33.522	0	252.64	0	2.4528	3385.7	418.61	0	0	63.773	4.088	0	1.6352	4.9056	4.088	17.17	0	97.295	0.81761	18.805	0	7.3585	35.157	128.36	18.805	2948.3	156.16	18.805	15.535	48.239	130.82	0	0.81761	190.5	591.95	272.26	1531.4	412.07	0	22.075	177.42	17.987	0.81761	7748.5	120.19	1987.6	117.74	12321	224.02	965.59	614.84	192.96	15681	867.48	52.327	676.98	345.03	5657	1833.1	91.572	1288.6	2303.2	405.53	105.47	302.51	959.05	539.62	0	60.503	77.673	168.43	910.81	15.535	324.59	116.1	94.025	74.402	222.39	165.97	166.79	94.025	107.11	8.1761	80.126	0.81761	0.81761	6.5409	1.6352	25.346	68.679	30.251	53.144	34.34	0	84.214	50.692	0	35.157	611.57	0	4.088	54.78	12.264	349.12	229.75	54.78	0	665.53	1.6352	88.301	86.666	0	61.32	255.91	3.2704	72.767	0	62.956	3113.4	502.83	372.01	0	0	627.92	6.5409	195.41	6.5409	69.497	4676.7	179.87	0	212.58	298.43	0	320.5	1160.2	199.5	8.9937	35.975	3.2704	49.056	35.975	299.24	4.9056	301.7	52.327	8.1761	0	3.2704	22.893	59.685	56.415	130.82	170.88	15.535	273.08	269.81	1210.1	268.99	564.97	0	2411.1	15.535	174.97	103.02	44.151	129.18	0	327.04	31.887	80.943	100.57	0	536.35	112.83	89.937	40.063	44.968	94.025	22.893	1132.4	232.2	71.132	390	32.704	162.7	76.855	304.97	14.717	0	0	3.2704	509.37	13.899	0	0	3.2704	0	0	1.6352	0.81761	53.144	0	0	0	6.5409	4.088	9.8113	17.17	0	0	0	0	0	0	0	0	18.805	0	1.6352	0	0	4.088	0	38.428	0	0.81761	0	85.849	5.7232	48.239	71.132	0	0	40.88	138.99	1.6352	0.81761	0	0	0	26.163	0	0	0	0	0	0	2.4528	0	0	0	0	0	0	0	0	1.6352	0	0	0	0	0	0	0	0	0	0	0	3.2704	0	0	0	0	0.81761	0	8.1761	0	5.7232	120.19	3.2704	0	0	0	0	0	0	35.975	385.91	0	0	0	20.44	0	0	0	0	0	0.81761	121.01	112.01	0	0	0	0	0	0	8.1761	0	193.77	0	13.899	138.18	0	77.673	0	9.8113	17.987	0	4.088	0	58.868	31.069	0	0	11.446	31.887	0	0	0	16.352	0	0	0	0	0	0	0	0	0	0	0.81761	0	0.81761	0	0	0	0	0	0	1.6352	0	0	0	0	0	0	0	0	0	3.2704	0	0	35.975	3.2704	1.6352	21.258	0	3.2704	0	0	7.3585	0	0	0.81761	0	0	0	0	20.44	0	0	0	0	0	313.96	0	0	19.623	80.943	0	0.81761	8.1761	3.2704	2.4528	4.088	0	0	6.5409	0	0	0	1.6352	2.4528	0	0	0	35.975	0	0	0.81761	3.2704	58.868	1.6352	0	0.81761	0	1.6352	0	7.3585	80.126	3.2704	0	122.64	0	0	0	0	0	0	0.81761	35.975	0	0	0	4.9056	14.717	8.1761	0	0	0
L142_H04	NF	0	0	0.68121	1.3624	2.0436	6.1309	0	1184.6	4.0873	0	132.15	95.37	0.68121	367.17	0	11.581	3200.3	291.56	10.218	0	147.14	2.0436	4.0873	2.0436	5.4497	4.7685	16.349	2.7248	147.14	2.0436	0	2.7248	80.383	7.4933	339.24	42.916	4062.1	129.43	170.3	306.55	42.235	92.645	0	0	100.14	221.39	283.38	1763	353.55	0	8.8558	27.249	7.4933	0	4087.9	71.527	1414.9	31.336	4853.6	305.86	767.04	284.07	183.93	10671	441.42	61.99	658.73	14357	2892.4	3047.7	169.62	2375.4	1387.6	361.72	68.121	182.57	572.22	299.05	110.36	18.393	480.94	197.55	1063.4	29.292	373.3	171.66	165.53	6.8121	213.9	226.84	205.73	574.26	158.04	3.4061	0	0	1.3624	0.68121	1.3624	0	66.759	208.45	0	22.48	0	112.4	58.584	0	8.8558	534.07	0	0	46.322	67.44	186.65	150.55	76.977	4.0873	157.36	28.611	100.82	128.07	0	57.903	71.527	0.68121	10.218	0	0	3476.9	824.95	349.46	0	0	371.26	15.668	159.4	0	132.84	2034.8	144.42	0	186.65	109.68	23.842	472.76	987.08	154.63	9.537	28.611	9.537	35.423	91.282	134.2	54.497	279.3	24.524	0	2.0436	0	40.192	19.074	11.581	90.601	59.947	7.4933	130.79	311.31	569.49	533.39	580.39	4.7685	1905.3	14.987	195.51	2.0436	0	178.48	5.4497	153.95	10.218	89.92	0	10.218	361.72	61.309	26.567	31.336	101.5	100.14	20.436	83.789	45.641	21.799	170.3	33.379	166.9	49.047	145.78	2.7248	0	0	2.0436	320.17	23.161	0	0	0	1.3624	0	0.68121	0.68121	1.3624	0	0	12.262	0.68121	336.52	2.0436	2.7248	2.0436	0	0	0	0.68121	0	0	0	12.262	27.249	0	0	0	8.8558	0	58.584	0	0	0	78.339	6.8121	177.8	401.92	0	1.3624	25.886	13.624	0	53.816	0	0	0	29.292	0	0	0	0	0	0	4.0873	0	0	0	0	0	0	0	0	65.396	0	1.3624	0	0.68121	0	0	0	1.3624	14.987	0	0	2.0436	0	55.178	0.68121	0	0	0	0.68121	0.68121	0	25.886	0	0	0	0	1.3624	0	0	49.729	611.73	0	0	0	25.886	0	0	0	0	0	2.0436	66.078	0	0	0	0	0	2.7248	0	0	0	12.943	8.8558	0	32.017	0	91.964	0	9.537	6.8121	0	0	0	45.641	35.423	0	0	21.118	28.611	0	0	0	0	0	0	0	0	0	0	0	2.7248	0	0	2.0436	0	0	0	0	0	0	0	0	2.0436	0	0	0	0	0	0	0	14.987	0	0	0	0	10.899	0	0.68121	53.134	0	0	0.68121	0.68121	6.1309	0	0	0	0	0	0	0	0.68121	0	0	0	0	0	173.03	3.4061	0	20.436	113.76	0	1.3624	3.4061	4.0873	10.899	1.3624	0	0	4.7685	0	0.68121	0	0	10.899	29.292	6.1309	0	0.68121	10.218	0.68121	0.68121	2.0436	0	0	0	46.322	0	2.7248	0	0	162.81	8.8558	0	148.5	0.68121	0	0	0	1.3624	0	0	89.239	0	0	0	27.93	13.624	0	0	0	0
L142_G06	NF	2.9413	0	0	1.4706	1.4706	0	0	2164	1.4706	0	63.237	313.25	0	276.48	3.6766	8.8238	128.68	273.54	0	0	123.53	9.5591	0	5.1472	5.8825	8.0885	0	0	64.708	43.384	433.84	83.826	35.295	5.1472	34.56	19.854	2985.4	204.42	20.589	20.589	47.06	90.444	0	0	57.355	372.07	291.92	312.51	292.66	25.736	17.648	22.06	98.533	0	4058.2	66.914	775.76	38.237	6609	227.95	442.66	461.05	197.07	15146	1166.9	102.21	308.1	101.47	2614.8	2772.9	17.648	1652.3	850.76	233.83	51.472	49.266	1333.1	389.72	6.6179	0	15.442	261.77	1016.2	1.4706	402.22	92.65	93.385	10.295	525.02	205.89	177.95	188.98	47.796	25.001	0	8.8238	9.5591	15.442	3.6766	1.4706	58.826	319.86	11.03	71.326	0	123.53	42.648	0	20.589	511.78	0.73532	0	15.442	0.73532	26.472	206.62	97.062	1.4706	333.1	4.4119	2.206	38.972	0	22.795	244.86	0	7.3532	0	3.6766	5389.9	458.1	108.83	0	0	236.04	6.6179	78.679	38.972	123.53	2465.5	146.33	32.354	344.13	153.68	7.3532	25.736	2811.9	78.679	0	15.442	2.206	0.73532	1.4706	99.268	44.854	289.71	5.1472	61.031	2.206	0.73532	15.442	0	51.472	33.825	58.826	71.326	163.24	234.57	1083.9	113.97	227.95	0	2493.5	169.86	269.13	136.03	29.413	148.53	58.826	110.3	71.326	88.974	2.206	104.42	1155.9	164.71	150.74	41.913	0	68.385	125	44.119	197.07	2.206	375.01	41.178	127.21	66.914	355.16	2.206	0.73532	0	5.1472	109.56	44.119	1.4706	0	0	2.206	0	8.0885	0	27.942	2.206	0	4.4119	0	5.8825	4.4119	13.236	11.765	0	0.73532	0	0	0	0	0	2.206	19.118	0	1.4706	0	0	0	19.118	0	0	3.6766	101.47	4.4119	72.061	100	2.9413	0	44.854	0	0	0	0	9.5591	0	27.207	0	0	0	0	0	0	6.6179	0	0	5.1472	0	0.73532	0	0	1.4706	0	0.73532	0	0	0	0	0	0	0	1.4706	1.4706	0.73532	31.619	0	22.06	0	0	0	0	0	1.4706	0	13.236	0	0	0	0	0	0	0	41.913	450.02	0	0	0	26.472	0	0	0	0	0	0.73532	152.95	2.206	0	0	0	0	12.5	1.4706	0	0	108.09	7.3532	27.207	25.001	0	33.825	0	30.148	16.912	0	0	0	52.208	48.531	0	0	0	1.4706	0	0	0	0	0	0.73532	0	0	0	0	0	0	0	0	0	0	0	0	0	0	0	22.06	0	0	0	0	0	0	0	0	0	9.5591	0	0.73532	0	0	41.913	4.4119	2.206	0.73532	0	1.4706	0	0	26.472	0	0	0	0.73532	0	0	122.06	24.265	0	0	13.971	0	6.6179	390.45	0	0	15.442	134.56	0	0	3.6766	0	5.1472	5.1472	0	1.4706	3.6766	0	0	0	0	20.589	1.4706	4.4119	0	25.001	0	0	14.706	1.4706	2.206	0	0	12.5	0	8.0885	0.73532	3.6766	74.267	31.619	0	168.39	0	0	0	0	0	4.4119	0	67.649	0	0	0	15.442	1.4706	0	0	0	0
L227_D05	NF	0	0	0	0	28.977	123.15	0	842.42	0	0	0	0	0.57191	1064.5	0	0	995.69	441.32	7.0535	0	0	0	0.19064	0.38127	0	19.826	0	0	92.649	0	33.552	0	0	0	0	0	3859.4	489.93	51.09	0.76254	0	135.54	0	0	190.64	503.85	271.08	333.99	593.07	18.301	106.18	31.836	61.957	0	15995	0	1845	294.91	26816	691.63	2364.5	1697.4	405.1	14087	1518.8	182.06	899.8	0	5199.8	1193.2	228.95	486.88	2956.9	424.74	8.1973	281	1119.6	967.29	2.2876	5.9097	262.7	1110.8	4597.6	15.632	58.907	369.83	50.137	69.391	541.02	409.49	229.91	166.81	55.284	46.896	8.5786	0	0	0	0	54.903	245.73	394.43	22.114	1.1438	0	182.25	285.95	0	304.26	2642.2	0	0	337.62	37.365	53.187	25.164	212.37	0	549.03	0	19.445	259.45	0	269.75	608.89	0	13.154	0	0	2814.7	354.58	592.69	0	0	2016.2	21.923	99.702	0	39.271	375.55	244.97	72.823	193.11	607.37	0	425.5	731.66	224.95	93.983	124.1	18.682	33.743	8.0067	145.65	59.86	1535.6	188.35	0	0	0	31.074	0.19064	0.95318	170.24	239.25	112.67	398.43	965.57	961.19	163.76	392.33	72.823	566.19	30.692	304.26	643.78	44.418	73.395	240.39	677.33	74.348	16.204	594.02	0	23.639	147.17	88.455	136.49	0	316.84	173.48	204.17	165.47	65.007	51.472	35.649	212.94	301.01	0	0	0.19064	0	0.95318	0.76254	1.1438	0.19064	0	0	0	0	0	0	72.251	0	0	0.19064	23.448	0.38127	0.19064	0	0	0	0	0	0	0	0	0	0.57191	1.5251	0	0	0	54.903	0	41.749	0	0	0	2.097	0	163.76	29.739	0	0	123.15	40.224	0	0	0	0	0	1.3345	0	0	0	0	0	0	0	0	0	0	0.19064	0.19064	0	0.38127	0	0	0	0	0	0	0	0	0	0	0.19064	0	0	0	0	0.19064	0	0	0	0	0	0	0	41.559	0	0	0	0	0	0	0	34.696	368.69	0	0	0	45.562	95.508	0	0	0	0	0	114.95	0	0	0	0	0	0	0.38127	0.57191	0	39.271	0.19064	20.97	120.86	0	62.719	0	0.19064	0	0	0	16.204	0.95318	0.19064	0	0	0	0	0	0.19064	0	0	0	0	0	0	0	0	0	0	0	0	0	0.19064	0	0.19064	0	0	0	0	0	0	20.017	0	0	0	0	0	0.19064	0	0	0	0	0	26.88	0	0	0	0	0.19064	0	0	0	0	0	0	0	0	0	36.602	373.07	0	0	0	0	0	131.92	0	0	85.405	75.11	80.83	0	0.19064	0	0	0	0	0	0.76254	0	0	0	0	0.38127	0	0	0	0	0	0	62.338	0	0	0	0	86.167	0	0	0	0	0	0	0	4.0033	0	0	0	0	0	0	0	62.147	0	0	0	7.8161	9.7224	0.57191	0	0	0.19064
L228_B03	NF	0	0	0	0	0	0	0	2889.7	0	0	0	23.558	0	475.86	0	0	1265.5	300.14	0	0	0	0	0	25.128	0	28.793	0	0	102.08	0.1745	42.229	37.867	117.61	0	33.33	0	4081.6	309.91	154.26	1.5705	0.1745	35.424	0	0	213.41	728.37	543.74	460.33	243.6	10.819	8.027	64.216	0	0	6860.1	0	1219.2	107.32	15955	255.12	1043.3	1093.6	290.89	8076.1	1375.4	59.505	759.78	0	9919.5	342.37	45.719	638.15	1259.2	292.81	55.142	1.5705	1257.3	399.61	0	0	8.376	282.34	2565.7	19.195	79.049	94.056	8.376	14.658	351.27	29.316	278.5	63.169	76.431	0	15.88	0	39.437	51.652	0	67.357	249.19	501.86	0	86.378	0	219.52	91.613	0	61.25	1246.1	8.2015	0	56.538	38.914	76.257	0	99.814	0	322.48	98.768	0.1745	87.599	0	230.52	290.02	0.349	0	0.1745	0	3729.3	129.3	190.03	0	0	948.41	0	57.76	0	84.284	507.27	461.73	0	418.98	454.23	0	73.814	1098.7	268.21	0	73.116	21.115	7.5035	302.06	247.09	126.69	419.85	1.9195	0	0	0	35.075	0	0.5235	51.478	168.39	0	153.91	451.26	882.63	111.16	229.29	27.92	2208.5	261.58	301.89	219.52	28.618	153.56	29.665	331.73	40.659	162.98	0	0	147.45	146.93	249.88	59.156	0	119.53	123.72	422.99	9.772	144.31	206.09	58.109	185.49	235.23	63.169	0	0	0	0	51.303	0.698	0	0	0	0	0	0	0	0	0	0	0	0	0	0	1.047	0	0	0	0	0	0	0	0	0	0	0	0	0	0	0	0	0	0	0	3.3155	0	121.45	54.444	0	0	1.2215	0	0	0	0	0	0	0.698	0	0	0	0	0	0	0	0	0	0	0	0	30.014	0	0	0	0	0	0	0	0	0	0	0	0	0	0	0	0	0	0	0	0	0	0	0	0	47.988	0	0.1745	0.1745	0	0	0	0	398.56	413.04	0	0	0	0	0	0	0	0	0	0	142.39	0	0	0	0	0	9.9466	0	0	0	0	0	0	1.9195	0	190.55	0	0	0	0	0	0	0	0.349	0	0	0	0	0	0	0	0	0	0	0	0	0	0	0	0	0	0	0	0.1745	0	0	0	0	0	0	0	0	0	0	0	0	0	0	0	0	0	0	0	0	48.86	0	0	0	0	0.349	0	0	0	0	0	0	0	0	0	0	45.021	0	0	0.349	0	0	326.49	0	0	0.349	79.398	52.874	0	0.698	0	0	1.047	0	0.1745	0.1745	0	0	0	0	0.1745	0	0	0	0	0	0	25.477	0.698	0	0	0	0	0	0.8725	0	0	1.5705	0	0	9.772	0	0	0	0	0	0	0	52.699	0	0	0	4.537	0	0	0	0	0
L128_G07	NP	0	0	0	0	0	0	0	0	0	173.87	434.67	0	0	0	0	0	173.87	0	0	0	260.8	0	0	0	0	0	0	0	86.934	0	0	0	0	0	0	0	86.934	0	0	0	0	0	0	0	86.934	86.934	0	0	347.73	0	0	0	0	0	608.54	0	0	0	521.6	86.934	0	173.87	0	1651.7	0	0	0	86.934	0	0	0	0	1043.2	0	0	0	0	86.934	0	0	86.934	0	260.8	0	0	0	0	0	0	0	0	0	0	86.934	0	0	0	0	86.934	0	0	0	0	0	0	0	0	0	86.934	0	0	0	0	0	0	0	173.87	0	86.934	0	86.934	86.934	0	0	0	0	86.934	0	0	0	86.934	0	0	0	0	0	0	0	260.8	0	86.934	0	0	0	0	0	0	0	0	0	0	0	0	0	0	0	0	0	0	0	0	0	0	0	0	0	0	0	86.934	608.54	0	0	0	0	0	0	0	0	0	0	0	0	0	0	0	0	0	0	0	0	0	0	0	0	0	0	0	0	0	1912.5	347.73	86.934	1043.2	86.934	12258	260.8	0	2781.9	86.934	86.934	1304	173.87	956.27	434.67	0	521.6	86.934	1390.9	434.67	956.27	173.87	0	0	0	260.8	0	0	0	434.67	2173.4	608.54	0	0	434.67	0	1217.1	0	0	0	4433.6	347.73	695.47	1912.5	86.934	0	5650.7	173.87	260.8	173.87	0	86.934	0	260.8	0	0	0	0	0	0	0	0	0	0	0	0	0	0	0	0	0	0	0	347.73	0	0	0	0	86.934	0	173.87	86.934	0	0	0	0	0	0	0	0	0	86.934	0	0	0	0	0	0	0	0	86.934	0	0	0	0	0	0	0	0	0	0	1390.9	0	0	0	0	0	0	0	0	0	86.934	0	0	521.6	0	0	0	869.34	86.934	0	0	0	0	5563.8	0	0	0	0	0	0	0	0	0	86.934	0	0	0	0	0	0	0	0	0	0	0	0	0	0	0	0	0	0	0	0	0	0	0	0	0	0	0	0	0	0	0	0	0	0	0	0	0	0	0	0	0	0	0	0	0	0	0	0	0	0	0	0	0	0	0	0	0	260.8	0	0	0	0	0	0	0	0	0	0	0	0	0	0	0	0	0	0	0	0	0	0	0	0	0	0	0	0	0	869.34	0	0	3477.4	0	0	0	0	0	0	0	260.8	0	0	0	0	0	86.934	0	0	0
L129_C03	NP	0	0	0	0	0	0	0	232.4	0	0	0	0	0	0	0	154.93	0	0	0	0	0	0	0	0	0	0	0	0	697.19	0	0	309.86	0	0	0	0	232.4	0	0	0	0	0	0	0	232.4	0	0	0	154.93	0	0	0	0	0	0	0	154.93	0	154.93	0	0	0	0	309.86	0	0	77.465	0	154.93	0	0	154.93	387.33	0	0	0	0	0	0	0	464.79	232.4	0	0	77.465	0	0	0	0	0	0	0	0	0	0	0	0	0	0	0	154.93	0	0	0	0	0	0	0	0	0	0	0	0	0	77.465	0	0	0	0	0	0	0	0	0	0	0	0	0	0	0	0	232.4	0	0	0	0	0	0	0	0	0	0	0	0	0	0	0	0	0	0	0	0	0	0	0	0	0	0	0	0	0	0	0	0	0	0	0	0	0	697.19	0	0	0	0	0	0	0	0	0	0	0	0	0	0	0	0	0	0	0	0	0	0	0	0	0	0	0	0	0	4493	154.93	0	774.65	464.79	9140.9	1007	0	232.4	77.465	0	697.19	232.4	1007	1626.8	0	852.12	0	619.72	232.4	1007	0	0	542.26	0	0	387.33	0	0	774.65	3021.1	154.93	0	0	309.86	0	309.86	0	0	0	16887	232.4	1239.4	774.65	232.4	0	2866.2	0	0	77.465	0	0	0	1316.9	0	0	0	0	0	0	0	0	0	0	0	0	0	0	0	0	77.465	0	0	232.4	0	0	0	0	77.465	77.465	0	154.93	0	0	0	0	0	0	0	0	0	77.465	0	0	0	0	0	0	0	0	0	0	0	0	0	0	0	0	0	0	0	1084.5	0	0	0	0	0	0	464.79	0	0	0	0	0	232.4	0	0	0	0	0	0	0	0	0	77.465	0	0	0	0	0	0	0	0	0	0	0	0	0	0	0	0	0	0	0	0	0	0	0	0	0	0	0	0	0	0	0	0	0	0	0	0	0	0	0	0	0	0	0	0	0	0	0	0	0	0	0	0	0	0	0	0	0	0	0	0	0	0	0	0	0	0	77.465	0	0	0	0	0	0	0	0	0	0	0	0	0	0	0	0	0	0	0	0	0	0	0	0	0	0	0	0	0	0	542.26	0	0	13789	0	0	0	0	0	0	0	2169	0	0	0	309.86	0	0	0	0	0
L129_E03	NP	0	0	0	0	0	0	0	82.183	0	0	205.46	0	0	0	0	0	0	0	41.091	0	410.91	0	0	0	0	0	0	0	246.55	0	0	0	0	0	0	0	0	0	0	0	0	0	0	0	0	82.183	82.183	0	164.37	0	0	0	0	0	410.91	0	205.46	0	410.91	41.091	0	0	0	1150.6	0	0	123.27	123.27	123.27	0	0	0	328.73	0	0	0	0	123.27	0	0	287.64	0	41.091	0	862.92	41.091	0	41.091	0	41.091	0	41.091	0	0	0	0	0	0	0	0	41.091	41.091	0	0	0	0	0	0	0	0	0	0	0	205.46	0	0	0	0	0	0	0	41.091	0	0	0	0	41.091	0	0	0	0	328.73	0	0	0	0	0	0	123.27	0	0	0	0	0	0	0	0	0	0	0	0	0	0	0	0	0	0	0	0	0	0	0	0	0	0	0	0	0	452.01	0	0	0	0	0	0	0	0	0	0	0	0	0	0	0	82.183	0	0	0	0	0	0	0	0	0	0	0	0	0	0	3410.6	123.27	164.37	328.73	493.1	12451	493.1	82.183	1438.2	287.64	0	657.46	82.183	1068.4	82.183	0	328.73	0	82.183	287.64	1150.6	0	0	0	0	123.27	0	0	41.091	1232.7	1438.2	82.183	0	82.183	410.91	0	575.28	0	0	616.37	19190	328.73	493.1	1972.4	410.91	41.091	1890.2	0	82.183	123.27	0	0	0	1232.7	0	0	0	0	0	0	0	0	0	123.27	0	0	369.82	82.183	0	0	82.183	0	0	328.73	0	41.091	0	0	369.82	0	0	164.37	0	0	0	0	0	0	0	0	0	0	0	0	0	0	0	0	0	0	41.091	0	0	0	0	0	0	0	0	0	41.091	493.1	0	0	0	0	0	0	246.55	0	0	0	0	0	0	0	41.091	0	0	0	205.46	0	0	0	1643.7	0	0	0	0	0	0	0	0	0	0	0	0	0	0	0	0	0	0	0	0	0	0	0	0	0	0	0	0	0	0	0	0	0	0	0	0	0	0	0	0	0	0	0	0	0	0	0	0	41.091	0	41.091	0	0	0	0	0	0	0	0	0	0	0	41.091	0	0	0	0	0	0	0	0	0	0	0	0	0	0	0	0	0	0	0	0	0	0	0	0	0	0	41.091	0	0	0	0	0	0	0	246.55	0	0	11958	0	0	0	41.091	0	0	0	164.37	0	0	0	0	0	0	0	0	0
L129_B04	NP	0	0	0	0	0	0	0	89.932	0	0	629.53	0	0	0	0	89.932	269.8	0	44.966	0	0	0	0	0	0	0	0	0	0	0	0	0	44.966	0	0	0	44.966	0	0	0	0	0	0	0	134.9	44.966	44.966	0	269.8	0	0	0	0	0	44.966	44.966	494.63	0	359.73	0	89.932	0	0	1528.8	0	0	0	134.9	269.8	0	0	0	674.49	0	0	0	0	0	0	0	269.8	0	44.966	0	0	0	0	0	89.932	0	0	44.966	0	0	0	0	0	0	0	0	44.966	0	0	0	0	0	0	0	0	0	0	0	44.966	0	0	0	44.966	0	179.86	0	0	179.86	0	0	0	0	44.966	0	0	0	0	359.73	0	0	0	0	0	0	0	0	0	0	0	0	0	0	0	0	0	0	0	0	0	0	0	0	0	0	0	0	0	0	0	0	0	0	0	134.9	404.69	134.9	0	0	0	0	0	0	0	0	0	0	0	0	0	0	44.966	0	0	0	0	0	0	0	0	0	0	0	0	0	0	3552.3	134.9	314.76	629.53	314.76	9352.9	449.66	0	224.83	134.9	44.966	764.42	494.63	989.25	584.56	44.966	224.83	494.63	0	1483.9	2068.4	269.8	44.966	0	0	44.966	44.966	0	0	764.42	1079.2	224.83	0	0	134.9	0	1169.1	0	0	0	18346	134.9	809.39	1798.6	44.966	0	674.49	0	0	134.9	0	0	0	629.53	0	0	0	0	0	0	44.966	0	0	0	0	449.66	44.966	44.966	0	0	0	0	0	1034.2	0	0	0	0	44.966	0	0	134.9	44.966	0	44.966	0	0	0	44.966	44.966	0	44.966	44.966	0	0	0	0	0	0	0	0	0	0	0	0	0	0	0	0	0	0	584.56	0	0	0	0	0	0	89.932	89.932	0	0	0	44.966	269.8	0	44.966	0	404.69	0	0	0	0	44.966	44.966	0	44.966	0	0	0	0	0	0	0	0	0	0	0	0	0	0	0	0	0	0	0	0	0	0	0	0	0	0	44.966	0	0	0	0	0	0	0	0	0	0	0	0	0	0	44.966	0	0	0	0	89.932	0	0	0	0	0	0	0	0	0	0	0	0	0	224.83	0	0	0	179.86	0	0	0	0	44.966	0	0	0	0	0	0	0	0	0	0	0	0	0	0	0	0	0	0	0	0	0	0	0	0	0	44.966	0	0	8813.3	0	0	0	0	0	0	0	809.39	0	0	0	179.86	0	269.8	0	0	0
L129_B06	NP	0	0	0	0	0	0	0	0	0	28.944	347.33	0	0	0	0	0	0	0	0	0	0	0	0	28.944	0	0	0	0	28.944	0	0	57.889	0	0	0	28.944	28.944	0	0	376.28	0	0	0	0	28.944	115.78	28.944	0	781.5	0	0	0	0	0	57.889	0	636.78	0	868.33	28.944	144.72	28.944	0	3183.9	0	0	144.72	86.833	0	0	0	0	289.44	0	0	0	0	0	0	0	86.833	0	289.44	0	57.889	0	0	0	0	0	0	0	0	0	0	0	0	0	0	0	0	0	0	0	0	0	0	0	0	0	0	0	0	0	231.55	0	0	0	28.944	0	0	86.833	0	0	0	0	0	0	0	28.944	0	694.67	0	0	0	0	0	0	202.61	0	0	0	0	0	0	0	0	0	0	144.72	0	0	0	57.889	0	0	0	0	0	0	0	0	0	0	0	0	0	0	376.28	0	173.67	0	0	0	0	0	0	0	0	0	0	0	0	0	0	0	0	0	0	0	0	0	0	0	0	0	0	0	0	4341.7	231.55	260.5	897.28	434.17	8567.5	492.05	0	578.89	1215.7	57.889	810.44	173.67	1794.6	578.89	86.833	578.89	115.78	144.72	1331.4	1707.7	376.28	0	0	0	0	0	28.944	28.944	752.55	1852.4	202.61	231.55	28.944	318.39	0	1389.3	0	0	897.28	8509.7	202.61	984.11	2373.4	28.944	0	926.22	86.833	173.67	347.33	0	0	0	578.89	0	0	0	0	0	0	0	0	0	0	0	28.944	0	0	0	0	28.944	0	0	202.61	0	0	0	0	434.17	28.944	28.944	28.944	115.78	0	0	0	28.944	28.944	0	86.833	0	0	0	0	0	0	0	0	0	0	57.889	0	0	0	0	0	0	0	0	0	0	752.55	57.889	0	0	0	0	28.944	0	115.78	0	0	0	0	694.67	0	0	0	434.17	57.889	144.72	0	28.944	0	1099.9	0	0	0	0	0	0	0	0	0	86.833	0	0	0	0	0	0	0	0	0	0	0	0	0	0	0	0	0	0	0	0	0	0	0	0	0	0	0	0	0	0	115.78	0	57.889	0	0	0	0	0	984.11	0	0	0	0	0	0	0	0	0	0	0	0	0	28.944	0	0	0	0	0	0	0	0	28.944	0	0	0	0	0	86.833	0	0	0	0	0	0	0	0	0	0	0	0	0	0	0	0	0	0	0	173.67	376.28	0	7294	0	0	0	0	0	0	0	694.67	0	0	0	0	0	0	0	0	0
L129_C09	NP	0	0	0	0	0	0	0	92.366	0	0	738.93	0	0	92.366	0	92.366	138.55	0	0	0	0	0	0	0	0	0	0	0	46.183	0	0	0	0	0	0	0	0	46.183	0	0	0	0	0	0	0	0	0	46.183	554.2	0	0	0	0	0	0	0	138.55	0	554.2	46.183	0	0	0	1754.9	0	0	92.366	0	0	0	0	0	508.01	0	0	0	46.183	0	0	0	230.91	0	323.28	0	0	46.183	0	0	92.366	46.183	0	0	0	0	0	46.183	0	0	0	0	0	0	0	0	0	0	0	0	0	92.366	0	0	0	0	46.183	0	277.1	0	230.91	0	0	0	0	0	0	0	0	0	0	46.183	0	0	0	0	0	0	0	0	46.183	0	0	0	0	0	0	0	0	0	0	46.183	0	0	0	0	0	0	0	0	0	0	0	0	0	0	0	0	0	0	0	0	0	0	0	0	0	0	0	0	0	0	138.55	0	0	0	0	0	0	0	0	0	0	0	0	0	0	0	46.183	0	0	3371.4	600.38	0	1108.4	461.83	10853	92.366	46.183	1154.6	184.73	184.73	508.01	46.183	877.48	369.46	0	461.83	230.91	277.1	1016	1616.4	230.91	138.55	46.183	92.366	46.183	0	138.55	0	831.29	923.66	46.183	184.73	0	184.73	0	1200.8	92.366	0	184.73	12100	184.73	554.2	1339.3	46.183	0	461.83	138.55	0	646.56	0	0	0	646.56	0	0	0	0	0	0	277.1	0	0	0	184.73	46.183	0	46.183	0	0	0	0	0	230.91	0	0	0	0	46.183	0	46.183	230.91	230.91	0	0	0	0	0	0	46.183	0	508.01	0	0	0	0	0	0	0	92.366	0	0	0	0	0	0	0	0	0	0	0	831.29	46.183	0	0	0	0	0	138.55	0	0	0	0	46.183	230.91	0	0	0	1108.4	0	0	0	0	369.46	1431.7	0	0	0	0	0	0	0	0	0	0	0	0	0	0	0	0	0	0	0	0	0	0	0	0	0	0	0	0	0	0	0	0	0	0	0	0	0	0	0	0	0	0	0	0	0	0	0	0	92.366	0	0	0	0	0	0	46.183	0	0	0	0	0	0	138.55	0	0	0	0	323.28	0	0	0	46.183	0	0	0	0	0	0	0	0	0	0	0	0	0	0	0	0	0	0	0	0	0	0	0	0	0	0	0	0	7804.9	0	0	0	138.55	0	0	46.183	0	0	0	0	0	0	0	0	0	0
L129_E10	NP	0	0	0	0	0	0	0	0	0	0	105.89	0	0	0	0	0	52.946	0	0	0	105.89	0	0	0	0	0	0	0	105.89	0	0	0	0	0	0	476.52	211.79	0	0	476.52	0	0	0	0	0	0	105.89	105.89	105.89	0	0	0	0	0	105.89	158.84	52.946	52.946	582.41	105.89	0	158.84	0	1694.3	0	0	0	211.79	158.84	0	0	0	1217.8	105.89	0	211.79	0	370.63	0	0	264.73	0	582.41	0	105.89	0	0	0	105.89	0	0	0	0	0	0	0	0	0	0	0	0	0	0	0	0	52.946	0	0	0	0	0	0	52.946	52.946	105.89	0	317.68	0	105.89	0	0	0	0	0	0	0	0	0	0	52.946	158.84	105.89	0	0	0	0	0	0	0	0	0	0	0	0	0	0	52.946	0	0	0	0	0	0	0	0	0	0	0	0	0	0	0	0	0	52.946	0	0	0	1164.8	370.63	105.89	0	0	0	0	0	0	0	0	0	0	0	0	0	0	0	0	0	0	0	0	0	0	0	105.89	0	0	0	0	4394.6	0	0	1535.4	211.79	12442	0	105.89	211.79	635.36	105.89	476.52	0	1641.3	317.68	0	105.89	0	9795.1	741.25	1694.3	52.946	0	0	0	52.946	0	0	0	847.14	688.3	423.57	52.946	0	529.47	0	847.14	0	0	105.89	11542	105.89	423.57	476.52	0	0	211.79	52.946	476.52	1111.9	0	0	0	1800.2	0	0	0	0	0	0	0	0	0	0	0	0	0	0	0	0	1429.6	0	0	1270.7	0	211.79	0	0	529.47	0	0	0	0	0	0	0	0	0	0	0	52.946	264.73	0	0	0	0	0	0	0	105.89	105.89	0	0	0	0	0	0	0	0	0	0	1217.8	0	0	0	0	0	0	52.946	0	0	0	0	0	1111.9	0	0	0	158.84	211.79	0	0	0	0	529.47	0	0	0	0	0	0	0	0	0	0	0	0	0	0	0	0	0	0	0	0	0	0	0	0	0	0	0	0	0	0	0	0	0	0	0	0	0	0	0	0	0	0	0	0	0	0	0	0	105.89	0	0	0	0	0	0	52.946	0	0	0	0	0	0	317.68	0	0	0	105.89	0	0	0	0	0	0	0	0	105.89	0	0	0	0	0	105.89	0	0	0	0	0	0	0	0	0	0	0	0	0	0	0	264.73	0	0	6618.3	0	0	0	0	0	0	0	317.68	0	0	0	0	0	0	0	0	0
L129_H10	NP	0	0	0	0	261.51	0	0	0	0	0	1176.8	0	0	0	0	0	0	0	0	0	0	0	0	0	0	0	0	0	0	0	130.75	0	0	0	0	0	130.75	0	0	0	0	0	0	0	0	0	0	0	653.77	0	0	0	0	0	0	0	0	0	130.75	0	0	0	0	2484.3	0	0	0	0	0	0	0	0	261.51	0	0	0	130.75	0	0	0	0	0	0	0	0	0	0	0	0	0	0	0	0	0	0	0	0	0	0	0	0	0	0	130.75	0	0	0	0	130.75	0	0	0	0	0	261.51	0	0	0	0	0	0	0	0	0	0	0	0	0	0	130.75	0	130.75	0	0	0	0	0	0	0	0	0	0	0	0	0	0	0	0	0	0	0	0	0	0	0	0	0	0	0	0	0	0	0	0	0	0	0	0	0	523.01	130.75	0	0	0	0	0	0	0	0	0	0	0	0	0	0	0	0	0	0	0	0	0	0	0	0	0	0	0	0	4837.9	0	261.51	784.52	0	1176.8	2092.1	0	784.52	130.75	0	261.51	130.75	130.75	0	0	1046	261.51	0	915.27	130.75	0	0	0	0	130.75	0	0	0	1046	1961.3	0	0	0	0	0	392.26	0	0	0	8106.7	0	261.51	653.77	1176.8	0	261.51	130.75	0	0	0	0	0	653.77	0	0	0	0	0	0	653.77	0	0	392.26	523.01	130.75	0	261.51	0	0	0	0	0	653.77	0	0	0	0	0	0	0	0	0	0	0	0	0	0	0	0	0	0	0	0	0	0	0	0	0	0	0	0	0	0	0	0	0	0	0	0	0	1438.3	0	0	0	0	0	0	0	0	0	0	0	0	0	0	0	0	261.51	0	0	0	0	0	0	0	0	0	0	0	0	0	0	0	0	0	0	0	0	0	0	0	0	0	0	0	0	0	0	0	0	0	0	0	0	0	0	0	0	0	0	0	0	0	0	0	0	0	0	0	0	0	0	130.75	0	0	0	0	0	0	0	0	0	0	0	0	0	0	0	0	0	0	0	0	0	0	0	523.01	0	0	0	0	0	0	0	261.51	0	0	0	0	0	0	0	0	0	0	0	0	0	0	0	0	523.01	0	0	9937.2	0	0	0	0	0	0	0	0	0	0	0	0	0	0	0	0	0
L129_E11	NP	0	0	0	0	0	0	0	0	0	0	1016.7	0	0	0	0	0	0	0	0	0	0	0	0	0	0	0	0	889.57	0	0	0	0	0	0	0	0	508.32	0	0	381.24	0	0	0	0	508.32	127.08	0	127.08	127.08	0	0	0	0	0	635.41	0	254.16	0	635.41	0	127.08	0	0	1397.9	0	0	0	127.08	127.08	0	0	0	254.16	0	0	0	0	0	0	0	0	0	762.49	0	0	0	0	0	0	0	0	0	0	0	0	0	0	0	0	0	0	0	0	0	0	0	0	0	0	127.08	0	0	0	0	0	0	0	0	0	0	0	0	0	0	0	0	0	0	0	0	0	0	0	0	0	0	254.16	0	0	0	0	0	0	0	0	0	0	0	0	0	0	0	0	0	0	0	0	0	0	0	0	0	0	0	0	0	0	0	508.32	0	0	0	381.24	0	0	0	0	0	0	0	0	0	0	0	0	0	0	0	0	0	0	0	0	0	0	0	0	0	0	1906.2	0	0	381.24	254.16	7497.8	381.24	0	0	508.32	0	127.08	0	1779.1	0	0	1525	254.16	127.08	508.32	889.57	127.08	0	0	0	0	254.16	0	0	381.24	0	127.08	0	0	0	0	381.24	0	0	0	10675	0	508.32	762.49	0	381.24	254.16	0	0	0	0	0	0	508.32	0	0	0	0	0	0	0	0	0	889.57	0	508.32	254.16	0	0	0	0	0	0	0	0	0	0	0	0	0	127.08	0	0	0	0	0	0	0	0	0	0	0	0	0	0	0	0	0	0	0	0	0	0	0	0	0	0	0	0	0	0	254.16	0	0	0	0	0	0	0	0	0	0	0	0	762.49	0	0	0	1397.9	0	0	0	0	0	381.24	0	0	0	0	0	0	0	0	0	0	0	0	0	0	0	0	0	0	0	0	0	0	0	0	0	0	0	0	0	0	0	0	0	0	0	0	0	0	0	0	0	0	0	0	0	0	0	0	0	0	0	0	0	0	0	0	0	0	0	0	0	0	0	0	0	0	254.16	0	0	0	0	0	0	0	0	0	0	0	0	0	0	0	0	0	0	0	0	0	0	0	0	0	0	0	0	0	0	0	0	0	8641.5	0	0	0	0	0	0	0	0	0	0	0	0	0	0	0	0	0
L130_C01	NP	0	0	0	0	0	0	0	0	0	0	126.44	0	0	0	0	126.44	0	0	0	0	0	0	0	0	0	0	0	0	126.44	0	0	0	0	0	0	1643.7	252.88	0	0	1517.3	0	0	0	0	0	0	0	0	252.88	0	0	0	0	0	126.44	0	252.88	126.44	379.32	252.88	0	0	0	1896.6	0	0	0	252.88	0	0	0	0	758.63	0	0	0	126.44	0	0	0	126.44	0	126.44	0	379.32	0	0	0	0	0	0	0	0	0	0	0	0	0	0	0	0	126.44	0	0	0	0	0	0	0	0	0	0	0	0	0	0	126.44	0	252.88	0	0	0	126.44	0	0	0	0	0	0	0	0	0	0	0	0	0	0	0	0	0	0	0	0	0	0	0	0	0	0	0	0	0	0	0	0	0	0	0	0	0	0	0	0	0	0	0	126.44	0	3919.6	126.44	0	0	0	0	0	0	0	0	0	0	0	0	0	0	0	0	0	0	0	252.88	0	0	0	0	0	0	0	0	0	2023	0	252.88	505.75	252.88	2402.3	0	0	1643.7	126.44	0	379.32	0	1137.9	0	0	379.32	0	0	632.19	1517.3	252.88	0	0	0	126.44	0	0	0	1264.4	1137.9	1643.7	0	0	0	0	505.75	0	0	252.88	37679	0	758.63	1137.9	126.44	0	12770	0	0	632.19	0	0	0	1137.9	0	0	0	379.32	0	0	0	0	0	379.32	0	126.44	0	0	0	0	379.32	0	0	0	0	0	0	0	0	252.88	0	0	0	0	0	0	0	252.88	0	0	0	0	0	0	0	126.44	0	0	0	0	0	0	0	0	0	0	0	0	0	0	0	379.32	126.44	0	0	0	0	0	0	0	0	0	0	0	126.44	0	126.44	0	0	0	0	0	0	0	0	0	0	0	0	0	0	0	0	0	0	0	0	0	0	0	0	0	0	0	0	0	0	0	0	0	0	0	0	0	0	0	0	0	0	0	0	0	0	0	0	0	0	0	0	0	0	0	0	0	0	0	0	0	0	0	0	0	0	0	0	0	0	0	0	0	0	0	0	0	0	0	0	126.44	0	0	0	0	0	0	0	0	0	0	0	0	0	0	0	0	0	0	0	0	0	0	0	0	126.44	379.32	0	4804.6	0	0	0	0	0	0	0	1011.5	0	0	0	0	0	0	0	0	0
L130_A04	NP	0	0	0	0	0	0	0	0	0	0	257.92	0	0	0	0	64.479	257.92	0	64.479	0	0	0	0	0	0	0	0	0	0	451.35	0	128.96	0	0	0	0	64.479	0	0	64.479	0	0	0	0	0	128.96	64.479	0	193.44	0	0	0	0	0	0	0	128.96	0	515.83	0	0	64.479	0	967.18	0	0	0	0	0	0	0	0	967.18	0	0	64.479	0	0	0	0	0	0	322.39	0	0	0	0	0	0	0	0	0	0	0	0	0	0	0	0	0	0	0	0	0	0	0	0	0	0	0	0	0	0	0	128.96	0	0	0	64.479	0	0	0	0	0	0	0	0	0	0	0	0	128.96	0	0	0	0	0	0	0	0	0	0	0	64.479	0	0	0	0	0	0	0	0	0	0	0	0	0	0	0	0	0	0	0	0	0	0	0	0	580.31	128.96	128.96	0	0	0	0	0	0	0	0	0	0	0	0	0	0	0	0	0	0	0	0	0	0	0	0	0	0	0	0	3868.7	0	128.96	838.22	193.44	14185	580.31	0	1289.6	64.479	0	838.22	0	967.18	709.27	0	709.27	0	644.79	451.35	386.87	193.44	0	0	0	0	0	0	0	580.31	2385.7	580.31	0	257.92	193.44	0	193.44	0	0	0	40170	386.87	451.35	2063.3	0	128.96	128.96	128.96	0	128.96	0	0	0	1096.1	0	0	0	0	0	0	0	0	0	0	0	64.479	0	0	0	0	0	0	0	322.39	0	0	0	0	64.479	0	0	967.18	0	0	64.479	0	0	0	0	0	0	0	0	0	0	0	0	0	0	0	0	0	0	0	0	0	0	0	0	0	0	257.92	0	0	0	0	0	0	0	64.479	0	128.96	0	0	193.44	128.96	0	0	64.479	257.92	0	0	0	64.479	3352.9	0	0	0	0	0	0	0	0	0	0	0	0	0	0	0	0	0	0	0	0	0	0	0	0	0	0	0	0	0	0	0	0	0	0	0	0	0	0	0	0	386.87	0	0	0	0	0	0	0	0	0	0	0	0	0	0	0	0	0	0	64.479	0	0	64.479	0	0	0	0	64.479	0	0	0	64.479	0	0	0	0	0	0	0	0	0	0	0	0	0	0	0	0	64.479	0	0	0	0	0	0	0	0	451.35	0	0	8575.7	0	0	0	0	0	0	0	580.31	0	0	0	0	0	0	0	0	0
L130_D04	NP	0	0	0	0	0	0	0	0	0	0	0	0	0	0	0	0	0	0	0	0	0	0	0	0	0	0	0	0	0	0	0	391.54	0	0	0	0	0	0	0	391.54	0	0	0	0	0	0	0	0	0	0	0	0	0	0	0	0	0	0	783.09	0	0	0	0	391.54	0	0	0	391.54	391.54	0	391.54	0	1566.2	0	0	0	0	0	0	0	0	0	1566.2	0	0	0	0	0	0	0	0	0	0	0	0	0	0	0	0	0	0	0	0	391.54	0	0	0	0	0	0	0	0	0	0	0	0	0	0	0	0	0	0	0	0	0	0	0	0	0	391.54	0	0	0	0	0	0	0	0	0	0	0	0	391.54	0	0	0	391.54	0	0	0	0	0	0	0	0	0	0	0	0	0	0	0	0	0	0	0	0	0	7047.8	391.54	0	0	0	0	0	0	0	0	0	0	0	0	0	0	0	0	0	0	0	0	0	0	0	0	0	0	0	0	0	1174.6	0	391.54	0	0	0	0	0	0	0	0	783.09	0	2349.3	0	0	1174.6	0	0	391.54	0	0	0	0	0	0	0	0	0	0	1174.6	391.54	0	0	0	0	783.09	0	0	0	25059	391.54	1957.7	0	0	391.54	0	0	0	0	0	0	0	2349.3	0	0	0	0	0	0	0	0	0	1174.6	0	391.54	0	0	0	0	391.54	0	0	0	0	0	0	0	0	0	0	0	0	0	0	0	0	0	0	0	0	391.54	0	0	0	0	0	0	0	0	391.54	0	0	0	0	0	0	0	0	0	0	783.09	0	0	0	0	0	0	0	0	0	0	0	0	391.54	0	0	0	0	0	0	0	0	0	0	0	0	0	0	0	0	0	0	0	0	0	0	0	0	0	0	0	0	0	0	0	0	0	0	0	0	0	0	0	0	0	0	0	0	0	0	0	0	0	0	0	0	0	0	0	0	0	0	0	0	0	0	0	0	0	0	0	0	0	0	0	0	0	0	0	0	0	0	0	0	0	0	783.09	0	0	0	0	0	0	0	0	0	0	0	0	0	0	0	0	0	0	0	0	0	0	0	0	0	0	0	8222.4	0	0	0	0	0	0	0	0	0	0	0	0	0	0	0	0	0
L130_F04	NP	0	0	0	0	0	0	0	0	0	0	356.25	0	0	0	152.68	0	101.79	0	0	0	101.79	0	0	0	0	0	0	0	152.68	50.893	0	0	0	0	0	0	101.79	0	50.893	50.893	0	0	0	0	50.893	0	0	0	0	0	0	0	0	0	50.893	0	101.79	0	712.5	50.893	101.79	50.893	50.893	1272.3	0	0	203.57	0	0	0	0	0	661.61	0	0	152.68	50.893	305.36	0	0	50.893	50.893	254.47	0	50.893	0	0	0	0	50.893	0	0	0	50.893	0	0	0	0	0	0	0	0	0	0	0	50.893	0	0	0	0	0	0	0	0	0	0	203.57	0	2595.6	0	0	50.893	0	0	50.893	0	0	0	0	50.893	50.893	254.47	0	0	0	50.893	0	0	0	0	0	0	0	0	0	50.893	0	0	0	0	0	0	0	0	0	0	0	0	0	50.893	0	0	0	0	0	0	0	0	203.57	814.29	152.68	0	101.79	0	0	0	0	0	0	0	0	0	0	0	0	0	0	0	0	50.893	0	0	0	0	0	0	0	0	0	2392	0	254.47	763.4	356.25	8193.8	305.36	0	610.72	1526.8	0	661.61	0	356.25	508.93	0	508.93	50.893	254.47	559.83	1781.3	50.893	0	50.893	0	50.893	0	0	0	508.93	1119.7	916.08	0	50.893	865.18	0	559.83	0	0	458.04	37203	3257.2	254.47	1017.9	356.25	0	610.72	50.893	152.68	305.36	0	50.893	0	356.25	0	0	0	50.893	0	0	50.893	0	0	407.14	0	610.72	0	101.79	0	254.47	50.893	0	0	458.04	0	0	0	0	101.79	0	152.68	254.47	0	0	0	0	0	0	0	0	0	0	0	0	0	0	0	0	0	50.893	0	0	0	0	0	0	0	0	0	0	0	712.5	0	0	0	0	0	0	101.79	0	0	0	0	0	356.25	0	101.79	0	101.79	0	0	0	0	50.893	11451	0	0	0	0	0	0	0	0	0	0	0	0	0	0	0	0	0	0	0	0	0	0	0	0	0	0	0	0	50.893	0	0	0	0	0	50.893	0	0	0	0	0	0	0	0	0	0	0	0	0	0	0	0	0	0	0	0	0	0	0	0	0	0	0	0	0	0	0	152.68	0	0	50.893	0	0	101.79	0	0	0	0	0	0	0	50.893	50.893	0	0	0	0	0	50.893	0	0	0	0	50.893	0	0	0	0	254.47	0	0	4834.9	0	0	0	0	0	0	0	101.79	0	0	0	0	0	0	0	0	0
L130_A05	NP	0	0	0	0	0	0	0	0	33.081	0	496.21	0	33.081	0	0	0	529.29	0	33.081	0	66.162	66.162	66.162	0	0	0	0	33.081	33.081	0	0	132.32	165.4	0	33.081	694.7	132.32	0	33.081	330.81	0	0	0	0	231.57	33.081	99.242	529.29	264.65	0	0	0	0	0	66.162	0	132.32	0	198.49	33.081	33.081	33.081	0	595.46	0	0	66.162	33.081	99.242	0	0	0	496.21	0	0	33.081	0	99.242	0	0	99.242	0	198.49	0	132.32	99.242	0	0	99.242	0	0	0	33.081	0	0	0	0	0	0	0	0	0	0	0	0	0	66.162	0	0	33.081	0	0	0	33.081	0	0	33.081	0	132.32	0	99.242	132.32	0	0	0	0	0	0	0	132.32	0	33.081	0	0	0	0	0	0	430.05	33.081	0	0	0	0	0	0	0	0	0	0	0	0	0	0	0	33.081	0	0	0	0	0	562.37	0	132.32	66.162	0	0	0	430.05	198.49	33.081	0	0	0	0	0	0	0	0	0	0	0	0	0	860.1	0	0	0	0	0	0	0	0	0	33.081	0	0	0	0	1422.5	99.242	132.32	463.13	99.242	4862.9	165.4	99.242	66.162	99.242	66.162	165.4	132.32	727.78	165.4	0	165.4	0	132.32	198.49	496.21	66.162	0	0	0	165.4	33.081	0	0	793.94	198.49	0	0	0	99.242	0	198.49	0	0	463.13	28813	66.162	562.37	727.78	33.081	0	430.05	0	33.081	430.05	0	0	0	231.57	0	0	0	0	0	0	66.162	0	0	33.081	99.242	330.81	33.081	0	0	0	33.081	0	0	132.32	0	33.081	0	0	132.32	66.162	0	0	66.162	0	99.242	0	33.081	33.081	0	0	0	0	0	0	0	0	0	0	0	0	0	0	0	0	0	0	0	0	0	0	0	264.65	33.081	0	0	0	0	0	0	0	0	0	0	0	132.32	0	0	0	33.081	33.081	0	0	0	0	5458.3	0	0	0	0	0	0	0	0	0	0	0	0	0	0	0	0	0	0	0	99.242	0	0	0	0	0	0	0	0	0	0	0	0	0	0	0	0	0	0	0	0	0	66.162	0	33.081	0	0	0	0	0	0	0	0	0	0	0	0	0	0	0	0	0	0	727.78	0	0	66.162	0	0	0	694.7	33.081	165.4	198.49	33.081	66.162	165.4	0	0	0	0	264.65	132.32	0	0	66.162	0	0	165.4	33.081	0	0	0	33.081	0	66.162	33.081	0	330.81	231.57	0	11281	0	0	0	0	0	0	0	1587.9	0	0	0	165.4	132.32	33.081	0	0	0
L130_C06	NP	0	0	0	0	0	0	0	71.195	0	0	142.39	0	0	0	0	0	71.195	0	0	0	427.17	0	0	0	0	0	0	0	0	284.78	0	71.195	0	0	0	0	0	0	0	142.39	0	0	0	0	142.39	71.195	0	0	284.78	0	0	0	0	0	71.195	0	355.97	0	427.17	0	0	0	0	1281.5	0	0	0	213.58	0	0	0	0	996.72	0	0	0	71.195	0	0	0	640.75	0	284.78	0	0	0	0	0	71.195	0	0	0	0	0	0	0	0	0	0	0	0	0	0	0	0	0	0	0	0	0	0	0	0	0	71.195	0	71.195	0	142.39	0	0	427.17	0	0	0	0	0	0	0	0	142.39	0	0	0	0	0	0	0	71.195	0	355.97	0	0	0	0	0	0	0	0	71.195	0	0	0	0	0	0	0	0	71.195	0	0	0	0	0	0	0	0	0	569.56	2563	142.39	0	0	0	0	0	0	0	0	0	0	0	0	0	0	0	0	0	0	0	0	0	0	0	0	0	0	0	0	4485.3	142.39	71.195	284.78	355.97	8970.5	0	0	1495.1	71.195	0	925.53	71.195	1210.3	498.36	0	355.97	213.58	0	498.36	711.95	71.195	0	0	0	0	0	142.39	71.195	427.17	355.97	71.195	71.195	0	213.58	0	1139.1	0	0	427.17	25701	711.95	711.95	427.17	71.195	71.195	1423.9	71.195	142.39	284.78	0	0	0	4058.1	0	0	0	0	0	0	783.14	0	0	142.39	71.195	925.53	0	0	0	71.195	0	0	0	213.58	0	0	0	0	355.97	0	0	0	142.39	0	0	0	0	0	0	0	0	0	0	0	0	0	0	0	0	142.39	0	0	0	0	0	0	0	0	0	0	0	569.56	71.195	0	0	0	0	0	0	0	0	0	142.39	0	71.195	0	0	0	284.78	0	0	0	0	142.39	7617.8	0	0	0	0	0	0	0	0	0	0	0	0	0	0	0	0	0	0	0	0	0	0	0	0	0	0	0	0	0	0	0	0	0	0	0	0	0	71.195	0	0	0	0	0	0	0	0	0	0	0	0	0	0	0	0	0	0	0	0	0	0	0	0	71.195	0	0	0	142.39	0	0	0	0	0	0	0	0	0	0	0	0	0	0	0	0	0	0	0	0	0	0	0	0	0	0	0	0	0	0	142.39	0	0	6478.7	0	0	0	142.39	0	0	0	2847.8	0	0	0	0	0	0	0	0	0
L130_F06	NP	0	0	0	0	0	0	0	85.58	0	0	0	0	0	85.58	0	0	0	0	0	0	0	0	0	0	0	0	0	0	0	0	0	0	0	0	0	0	0	0	0	85.58	0	0	0	0	256.74	0	0	0	256.74	0	0	0	0	0	342.32	0	2225.1	0	513.48	0	85.58	0	0	684.64	0	0	0	85.58	85.58	0	0	85.58	256.74	0	0	0	0	0	0	0	0	0	85.58	0	0	0	0	0	0	85.58	0	0	0	0	0	0	0	0	0	0	0	0	0	0	0	0	0	0	0	0	0	0	0	85.58	0	0	0	0	0	0	0	0	0	0	0	85.58	0	0	0	0	85.58	0	0	0	0	0	0	0	0	0	0	0	0	0	0	0	0	0	0	0	0	0	0	85.58	0	0	0	0	0	0	0	0	0	0	0	0	0	0	770.22	0	0	0	0	0	0	0	0	0	0	0	0	0	0	0	0	0	0	0	0	0	0	0	0	0	0	0	0	0	0	3166.4	342.32	85.58	513.48	513.48	7188.7	770.22	85.58	427.9	256.74	85.58	1369.3	0	427.9	427.9	0	599.06	0	1198.1	256.74	342.32	85.58	0	0	0	256.74	0	0	85.58	1027	1027	256.74	0	0	85.58	0	770.22	0	0	1454.9	42790	6589.6	941.38	1283.7	0	0	256.74	0	85.58	427.9	0	0	0	0	0	0	0	0	0	0	0	0	0	0	0	0	0	0	0	0	0	0	0	513.48	0	0	0	0	0	0	0	0	171.16	0	0	0	0	0	0	0	0	0	0	0	0	85.58	0	0	0	0	0	0	0	0	0	0	0	0	0	0	0	342.32	0	0	0	0	0	0	171.16	0	0	0	0	0	342.32	0	171.16	85.58	0	0	0	0	0	85.58	941.38	0	0	0	0	0	0	0	0	0	0	0	0	0	0	0	0	0	0	0	0	0	0	0	0	0	0	0	0	0	0	0	0	0	0	0	0	0	0	0	0	0	0	0	0	0	0	0	0	0	0	0	0	0	0	0	0	0	0	0	0	0	0	0	0	0	0	0	0	0	0	0	0	0	0	0	0	0	0	0	0	0	0	0	0	0	0	0	0	0	0	0	0	0	0	0	0	0	171.16	0	0	10954	0	0	0	0	0	0	0	599.06	0	0	0	0	0	0	0	0	0
L130_B07	NP	0	0	0	0	0	0	0	0	0	0	0	0	0	0	0	0	0	0	209.21	0	0	0	0	0	0	0	0	0	0	104.6	0	0	0	0	0	0	104.6	0	0	0	0	0	0	0	209.21	104.6	0	0	0	0	0	0	0	0	209.21	0	313.81	0	104.6	0	0	0	0	209.21	0	0	0	104.6	209.21	0	0	0	418.41	0	0	0	0	104.6	0	0	104.6	0	0	0	0	0	0	0	0	0	0	0	0	0	0	0	0	0	0	0	0	104.6	0	0	0	0	0	0	0	0	0	0	0	104.6	0	0	0	0	0	0	0	0	0	0	0	0	0	0	0	0	0	523.01	0	0	0	732.22	0	0	104.6	0	0	0	0	0	0	0	0	0	0	0	0	104.6	0	0	0	0	0	0	0	0	0	0	0	0	0	0	0	0	1464.4	104.6	0	0	0	0	0	0	0	0	0	0	0	0	0	0	0	0	0	0	0	0	0	0	0	0	0	0	0	0	0	3451.9	104.6	104.6	1150.6	0	11716	418.41	209.21	418.41	627.61	0	418.41	0	836.82	1046	0	1255.2	0	0	104.6	1046	104.6	313.81	0	0	0	0	0	0	523.01	2196.6	1569	0	0	0	0	941.42	0	0	209.21	56067	104.6	1046	1255.2	104.6	0	418.41	104.6	104.6	104.6	0	0	0	836.82	0	0	0	0	0	0	0	0	0	0	0	0	104.6	0	0	0	0	0	0	418.41	0	0	0	0	209.21	0	0	209.21	0	0	0	0	0	0	209.21	0	0	0	0	0	0	0	0	0	0	0	104.6	0	0	0	0	0	0	0	0	0	0	418.41	104.6	0	0	0	0	0	0	0	0	0	0	0	104.6	0	0	0	0	0	0	0	0	0	1882.8	0	0	0	0	0	0	0	0	0	0	0	0	0	0	0	0	0	0	0	0	0	0	0	0	0	0	0	0	104.6	0	0	0	0	0	0	0	0	0	0	0	0	0	0	0	0	0	0	0	0	0	0	0	0	0	0	0	0	0	0	0	0	0	104.6	0	0	0	104.6	0	0	0	0	0	0	0	0	0	0	0	0	0	0	0	0	0	0	0	0	0	0	0	0	0	0	0	0	0	0	104.6	0	0	7845.2	0	0	0	0	0	0	0	418.41	0	0	0	0	0	0	0	0	0
L130_E07	NP	0	0	0	0	0	0	0	0	0	0	0	0	0	0	0	0	0	0	0	0	0	0	0	0	0	0	0	0	0	0	0	0	0	0	0	243.07	0	243.07	0	0	0	0	0	0	0	0	0	0	243.07	0	0	0	0	0	0	0	0	0	0	0	0	0	0	1944.6	0	0	0	486.14	0	0	0	0	0	0	0	0	0	1215.4	0	0	0	0	1215.4	0	972.29	0	0	0	0	0	0	0	0	0	0	0	0	0	0	0	0	0	0	0	0	0	0	0	0	0	0	0	0	0	0	0	0	0	0	0	0	0	0	0	0	0	0	0	0	243.07	0	0	0	0	0	0	0	0	0	0	0	0	0	0	0	0	0	0	0	0	0	0	0	0	0	0	0	0	0	0	0	0	0	0	0	0	0	0	1458.4	0	0	0	0	0	0	0	0	0	0	0	0	0	0	0	0	0	0	0	0	0	0	0	0	0	0	0	0	0	0	6563	486.14	486.14	486.14	243.07	7292.2	0	0	243.07	243.07	0	243.07	0	972.29	486.14	0	972.29	0	0	486.14	243.07	0	0	0	0	0	0	0	0	0	729.22	0	0	0	0	0	4375.3	0	0	0	36461	0	243.07	729.22	0	0	0	0	0	0	0	0	0	972.29	0	0	0	0	0	0	0	0	0	0	0	0	0	0	0	0	0	0	0	729.22	0	0	0	0	0	0	0	0	243.07	0	0	0	0	0	0	243.07	0	0	0	0	0	0	0	0	0	0	0	0	0	0	0	0	0	0	0	0	0	243.07	0	0	0	0	0	0	0	0	0	0	0	0	486.14	0	0	0	243.07	0	0	0	0	0	15557	0	0	0	0	0	0	0	0	0	0	0	0	0	0	0	0	0	0	0	0	0	0	0	0	0	0	0	0	0	0	0	0	0	0	0	0	0	0	0	0	0	0	0	0	0	0	0	0	0	0	0	0	0	0	0	0	0	0	0	0	0	0	0	0	0	0	0	0	0	0	0	243.07	0	0	0	0	0	0	0	0	0	0	0	0	0	0	0	0	0	0	0	0	0	0	0	0	0	0	0	0	4861.5	0	0	0	0	0	0	0	1701.5	0	0	0	0	0	0	0	0	0
L130_H07	NP	0	0	0	0	0	0	0	131.79	0	0	0	0	0	65.894	0	131.79	461.26	0	65.894	0	0	0	0	0	0	0	0	0	0	131.79	0	0	0	0	0	0	65.894	0	0	0	0	0	0	0	263.57	0	65.894	0	131.79	0	0	0	0	0	0	0	263.57	65.894	395.36	0	0	0	0	1252	0	0	0	65.894	65.894	0	0	0	527.15	65.894	0	0	0	263.57	0	0	263.57	0	65.894	0	593.04	0	0	0	0	0	0	65.894	0	65.894	0	0	131.79	0	0	0	0	0	0	0	0	65.894	0	0	0	0	0	0	0	131.79	0	0	0	65.894	263.57	0	0	0	0	0	0	0	0	0	0	0	0	527.15	0	0	0	0	0	0	65.894	0	0	0	0	0	0	0	65.894	0	0	0	0	0	0	0	0	0	0	0	0	0	0	0	0	0	0	0	0	0	461.26	0	131.79	0	0	0	0	0	0	0	0	0	0	0	0	0	0	65.894	0	0	0	0	0	0	0	0	0	0	0	0	0	3821.8	131.79	0	1120.2	329.47	15353	395.36	131.79	263.57	856.62	0	329.47	131.79	658.93	263.57	0	461.26	0	65.894	197.68	527.15	197.68	0	0	0	0	0	0	0	724.83	593.04	263.57	0	0	131.79	0	197.68	0	0	0	32486	10082	395.36	3821.8	0	0	922.51	0	65.894	329.47	0	0	0	527.15	0	0	0	0	0	0	0	0	0	131.79	0	0	0	0	0	0	0	0	0	988.4	0	0	0	0	329.47	0	0	65.894	0	0	0	0	0	0	0	131.79	0	197.68	0	0	0	131.79	0	0	0	0	0	0	0	0	0	0	0	0	0	0	0	65.894	0	0	0	0	0	0	0	65.894	0	0	0	0	1054.3	0	197.68	0	197.68	65.894	0	0	0	65.894	131.79	0	0	0	0	0	0	0	0	0	0	0	0	0	0	0	0	0	0	0	0	0	0	0	0	0	0	0	0	0	0	0	0	0	0	131.79	0	0	0	0	0	65.894	0	0	0	0	0	0	0	0	0	0	0	0	0	0	0	0	0	0	0	0	0	65.894	0	0	0	0	0	0	0	0	0	0	0	0	0	0	0	0	0	0	0	0	0	0	0	0	0	65.894	0	0	0	0	0	0	0	0	461.26	65.894	0	7907.2	0	0	0	0	0	0	0	131.79	0	0	0	0	0	0	0	0	0
L130_A08	NP	0	0	0	0	0	0	0	130.89	0	0	785.34	0	0	65.445	0	0	0	0	0	0	0	0	0	0	0	0	0	327.23	0	0	0	327.23	0	0	65.445	0	0	0	0	0	0	0	0	0	196.34	130.89	0	0	130.89	0	0	0	0	130.89	65.445	0	196.34	0	458.11	0	65.445	130.89	0	392.67	0	0	65.445	0	130.89	0	0	130.89	1308.9	0	0	0	0	0	0	0	130.89	0	196.34	0	0	0	0	0	0	0	0	0	0	0	0	0	0	0	0	0	0	0	0	0	0	0	0	0	0	0	0	0	0	0	0	0	0	0	65.445	0	0	65.445	0	0	0	0	0	0	0	0	0	0	0	0	130.89	0	0	0	0	65.445	65.445	0	0	0	0	0	196.34	0	0	0	0	0	0	0	0	0	0	0	0	0	0	0	0	0	0	0	0	0	392.67	327.23	130.89	0	0	0	0	0	0	0	0	0	0	0	0	0	0	0	0	0	0	0	0	0	0	0	0	0	0	0	0	3206.8	0	196.34	1178	523.56	9358.6	392.67	65.445	1439.8	327.23	0	1112.6	0	1243.5	327.23	0	719.9	0	196.34	785.34	1636.1	0	0	0	0	0	0	65.445	0	327.23	1832.5	196.34	0	0	65.445	0	1178	0	0	196.34	45550	0	719.9	2159.7	196.34	392.67	2290.6	261.78	0	130.89	0	0	0	654.45	0	0	0	0	0	0	0	0	0	0	0	196.34	0	65.445	0	0	0	0	0	327.23	0	392.67	0	0	523.56	0	0	196.34	0	0	0	0	0	0	0	130.89	0	0	0	0	0	0	0	0	0	0	0	0	0	0	0	0	0	0	0	0	0	981.67	0	0	0	0	0	0	392.67	0	0	0	0	0	392.67	0	65.445	0	196.34	0	0	0	0	0	2028.8	0	0	0	0	0	0	0	0	0	0	0	0	0	0	0	0	0	0	0	0	0	0	0	0	0	0	0	0	0	0	0	0	0	0	0	0	0	0	0	0	0	0	0	0	0	0	0	0	0	0	0	0	0	0	0	0	0	0	0	0	0	0	65.445	0	0	0	65.445	0	0	0	0	0	0	0	0	0	0	0	0	0	0	65.445	0	0	0	0	0	0	0	0	0	0	0	0	0	0	0	196.34	65.445	0	8704.2	0	0	0	0	0	0	0	654.45	0	0	0	0	0	0	0	0	0
L130_B08	NP	0	0	0	0	0	0	0	0	0	0	0	0	0	0	0	0	0	0	0	0	0	0	0	968.21	0	0	0	0	0	0	0	0	0	0	0	0	0	0	0	0	0	0	0	0	161.37	161.37	0	0	0	0	0	0	0	0	0	161.37	322.74	0	806.84	0	0	0	0	322.74	0	0	0	0	0	0	0	0	1936.4	0	0	0	0	0	0	0	322.74	0	0	0	161.37	968.21	0	0	0	0	0	0	0	0	0	0	0	0	0	0	0	0	0	0	0	0	0	0	0	0	0	0	0	0	484.11	0	0	0	0	0	0	0	0	0	0	0	0	0	0	0	0	0	0	0	0	0	0	0	0	0	0	0	0	0	0	0	0	0	0	0	0	0	0	0	0	0	0	0	0	0	0	0	0	0	0	0	0	0	161.37	0	0	0	0	0	0	0	0	0	0	0	0	0	0	0	968.21	0	0	0	0	0	0	0	0	0	0	0	0	0	0	2420.5	1129.6	161.37	1452.3	0	12425	0	0	161.37	484.11	0	161.37	0	645.47	0	0	322.74	161.37	0	322.74	322.74	0	0	0	0	0	0	0	0	161.37	645.47	1775.1	0	0	806.84	0	484.11	0	0	0	32435	0	161.37	1936.4	0	0	0	161.37	0	161.37	0	0	0	0	0	0	0	0	0	0	0	0	0	0	0	0	0	0	1452.3	0	968.21	0	0	0	0	0	0	0	0	0	0	0	0	0	0	0	0	0	0	0	0	0	0	0	0	0	0	0	0	0	0	0	0	0	0	0	0	0	0	0	0	0	0	0	0	0	0	0	0	0	0	0	0	0	322.74	0	0	0	0	0	0	0	0	0	14039	0	0	0	0	0	0	0	0	0	0	0	0	0	0	0	0	0	0	0	0	0	0	0	0	0	0	0	0	0	0	0	0	0	0	0	0	0	0	0	0	0	0	0	0	0	0	0	0	0	0	0	0	0	0	0	0	0	0	0	0	0	0	161.37	0	0	0	0	0	0	0	0	0	0	0	0	0	0	0	0	0	0	0	0	0	0	0	0	0	0	0	0	161.37	0	0	0	0	0	161.37	0	0	7423	0	0	0	0	0	0	0	0	0	0	0	0	0	0	0	0	0
L130_G08	NP	0	0	0	0	68.185	0	0	0	0	0	0	0	0	0	0	0	204.55	0	0	0	0	0	0	0	0	0	0	0	0	0	0	0	0	0	0	0	0	0	0	272.74	0	0	0	0	0	68.185	0	0	204.55	0	0	0	0	0	0	68.185	0	0	272.74	68.185	0	0	0	1841	0	0	68.185	136.37	0	68.185	0	0	340.92	0	0	0	0	0	0	0	0	0	204.55	0	340.92	0	0	0	0	0	0	0	0	0	0	0	0	0	0	0	0	0	0	0	0	0	68.185	0	0	0	0	0	0	0	204.55	0	136.37	0	0	0	0	0	0	0	0	0	0	0	0	0	0	545.48	0	0	0	0	0	0	0	68.185	0	0	0	0	0	0	0	0	0	0	0	0	0	0	0	0	0	0	0	0	0	0	0	0	0	0	0	0	886.4	68.185	0	0	0	0	0	0	0	0	0	0	0	0	0	0	0	0	0	0	0	0	0	0	0	0	0	0	0	0	0	3750.2	0	613.66	1568.3	0	6409.4	272.74	0	1909.2	136.37	272.74	1772.8	613.66	1363.7	272.74	0	1022.8	136.37	2045.6	1091	818.22	340.92	0	68.185	68.185	136.37	954.59	68.185	0	272.74	4295.6	0	0	0	68.185	0	340.92	0	0	340.92	31297	340.92	681.85	3136.5	68.185	68.185	409.11	0	0	340.92	68.185	0	0	818.22	0	0	0	0	0	0	0	0	0	613.66	0	272.74	0	0	0	136.37	0	0	0	0	0	0	0	0	204.55	340.92	136.37	0	0	0	0	0	0	0	68.185	0	0	0	0	0	0	0	0	0	0	0	0	0	0	0	0	0	0	0	0	0	0	750.03	0	0	0	0	0	0	204.55	0	0	136.37	0	0	818.22	0	68.185	0	340.92	0	0	0	0	68.185	1636.4	0	0	0	0	0	0	0	0	0	0	0	0	0	0	0	0	0	0	0	0	0	0	0	0	0	0	0	0	0	0	0	0	0	0	0	0	0	0	0	0	0	0	0	68.185	0	0	0	0	0	0	0	0	0	0	0	0	0	0	0	0	0	0	0	0	0	0	68.185	0	0	0	0	68.185	0	0	0	0	0	0	0	0	0	0	0	0	0	0	0	0	0	0	0	0	0	0	0	0	0	409.11	0	0	6954.9	0	0	0	0	0	0	0	1159.1	0	0	0	0	0	0	0	0	0
L130_G09	NP	0	0	0	0	0	0	0	73.481	0	0	183.7	0	0	0	0	73.481	73.481	0	0	0	0	0	0	0	0	0	0	257.18	0	0	0	0	0	0	0	0	36.74	0	0	36.74	0	0	0	0	146.96	110.22	36.74	0	110.22	0	0	0	0	0	73.481	0	146.96	0	404.14	0	0	0	0	477.63	0	0	36.74	73.481	36.74	0	0	36.74	918.51	0	0	0	110.22	73.481	0	0	440.89	0	587.85	0	0	0	0	0	36.74	0	0	36.74	0	0	0	0	0	0	0	0	0	0	0	0	0	0	0	0	0	36.74	0	0	0	0	146.96	0	73.481	0	0	0	0	36.74	0	0	36.74	0	36.74	0	0	0	0	0	0	0	0	0	0	0	0	0	0	0	0	36.74	0	0	0	0	0	0	0	0	0	0	0	0	0	0	0	0	0	0	0	0	0	0	0	0	73.481	73.481	183.7	0	0	0	0	0	0	0	0	0	0	0	0	0	36.74	0	73.481	0	0	0	0	0	0	0	0	0	0	0	0	3086.2	146.96	73.481	808.29	146.96	12859	698.07	73.481	257.18	220.44	0	991.99	0	881.77	661.33	0	808.29	73.481	73.481	587.85	1543.1	220.44	0	146.96	0	110.22	0	257.18	0	698.07	1690.1	587.85	36.74	0	0	0	257.18	73.481	0	1065.5	52759	183.7	440.89	3784.3	330.66	0	514.36	0	36.74	367.4	0	0	0	1212.4	0	0	0	0	0	0	551.11	0	0	220.44	0	146.96	330.66	0	0	0	0	0	0	73.481	0	0	0	0	146.96	0	0	110.22	36.74	0	0	0	0	0	0	0	0	0	0	0	0	0	0	0	0	0	0	0	0	0	0	0	0	0	0	0	0	220.44	0	0	0	0	0	36.74	146.96	0	0	0	0	0	514.36	0	146.96	36.74	36.74	36.74	36.74	36.74	0	146.96	3600.6	0	0	0	0	0	0	0	0	0	0	0	0	0	0	0	0	0	0	0	0	0	0	0	0	0	0	0	0	0	0	0	0	0	0	0	0	0	0	0	0	146.96	0	0	0	0	0	0	0	0	0	0	0	0	0	0	0	0	0	0	0	0	0	36.74	0	0	0	146.96	0	0	73.481	0	0	36.74	0	0	0	0	0	0	0	0	0	36.74	0	0	0	0	0	36.74	0	0	0	0	0	0	0	0	367.4	440.89	0	8082.9	0	0	0	0	0	0	0	73.481	0	0	0	110.22	0	146.96	0	0	0
L130_A10	NP	0	0	0	53.302	0	0	0	0	0	0	213.21	0	0	0	0	0	53.302	0	0	0	0	0	0	0	0	0	0	53.302	0	53.302	0	0	53.302	0	0	0	53.302	0	0	53.302	0	0	0	0	106.6	0	0	53.302	586.32	0	0	0	0	0	159.91	0	1705.7	0	533.02	106.6	53.302	0	0	746.23	0	0	266.51	0	53.302	53.302	53.302	0	1279.3	0	0	0	106.6	0	0	0	213.21	213.21	319.81	0	0	53.302	0	0	0	0	0	0	0	0	0	0	0	0	0	0	0	53.302	0	0	0	0	0	0	0	0	0	0	0	319.81	53.302	0	0	0	0	0	266.51	0	0	0	0	0	0	0	0	53.302	0	159.91	0	0	0	0	0	0	0	53.302	0	0	0	0	0	0	0	0	0	0	0	0	0	0	0	0	0	0	0	0	0	0	0	0	0	0	0	0	479.72	426.42	159.91	0	0	0	0	0	0	0	0	53.302	0	0	0	0	319.81	0	159.91	0	0	0	0	0	0	0	0	0	0	0	0	2665.1	53.302	159.91	266.51	586.32	7515.6	266.51	0	426.42	692.93	53.302	426.42	0	533.02	213.21	0	852.83	159.91	53.302	586.32	906.14	479.72	0	0	0	53.302	0	53.302	0	533.02	799.53	53.302	106.6	0	159.91	0	479.72	0	0	53.302	42428	106.6	106.6	3411.3	53.302	53.302	3891.1	213.21	106.6	586.32	0	0	0	639.63	0	0	0	0	0	0	586.32	0	0	106.6	0	53.302	159.91	53.302	0	0	53.302	0	0	586.32	0	0	0	0	159.91	0	106.6	0	53.302	0	0	0	0	0	0	0	0	0	0	0	0	0	0	0	0	0	53.302	0	0	0	0	0	0	0	0	0	0	213.21	53.302	0	0	0	0	0	0	0	0	0	0	0	53.302	0	53.302	0	0	0	0	0	0	0	4690.6	0	0	0	0	0	0	0	0	0	0	0	0	0	0	0	0	0	0	0	0	0	0	0	0	0	0	0	0	0	0	0	53.302	0	0	53.302	0	0	0	0	0	0	0	0	0	0	0	0	0	0	0	0	0	0	0	0	0	0	0	0	0	0	0	53.302	0	0	0	0	0	0	0	0	53.302	53.302	0	0	53.302	53.302	0	0	0	0	0	0	0	0	0	0	0	0	0	0	0	0	0	0	0	0	1012.7	0	0	5756.6	0	0	0	0	0	0	0	53.302	0	0	0	0	0	0	0	0	0
L130_B10	NP	42.198	0	0	42.198	0	0	0	42.198	0	0	253.19	0	0	0	0	84.395	84.395	0	0	0	84.395	0	0	0	0	0	0	0	0	0	0	42.198	0	0	0	0	0	42.198	0	210.99	0	0	0	0	84.395	84.395	0	0	42.198	0	0	42.198	0	0	168.79	42.198	126.59	0	421.98	126.59	0	126.59	0	1814.5	0	0	42.198	42.198	126.59	0	0	42.198	421.98	0	0	0	84.395	42.198	0	0	84.395	42.198	210.99	0	42.198	42.198	0	0	0	0	0	0	0	0	0	42.198	0	0	0	0	0	0	0	0	0	0	0	0	0	42.198	0	0	0	0	42.198	0	42.198	0	337.58	0	0	0	0	0	0	0	0	0	0	0	42.198	42.198	0	0	0	0	0	0	0	42.198	42.198	0	0	0	0	0	0	0	0	0	42.198	0	0	0	0	0	0	0	0	0	0	0	0	0	0	0	0	0	1012.7	1054.9	84.395	0	0	0	0	0	0	0	0	0	0	0	0	0	168.79	0	0	0	0	0	0	0	0	0	0	0	0	0	0	2996	379.78	253.19	548.57	295.38	10507	675.16	126.59	928.35	168.79	253.19	632.97	84.395	970.55	84.395	0	253.19	84.395	0	717.36	1097.1	0	0	42.198	0	0	84.395	0	168.79	548.57	1730.1	210.99	0	84.395	42.198	0	632.97	0	210.99	210.99	24348	506.37	675.16	2489.7	42.198	42.198	843.95	0	42.198	295.38	42.198	0	0	464.17	0	0	0	0	0	0	0	0	0	0	84.395	295.38	210.99	0	0	84.395	84.395	42.198	0	675.16	0	0	0	0	295.38	84.395	0	0	42.198	0	0	0	0	0	0	42.198	0	42.198	0	0	0	0	0	0	0	0	0	0	0	0	0	0	0	0	0	0	0	717.36	42.198	0	0	0	0	0	84.395	42.198	0	84.395	0	0	42.198	0	42.198	84.395	801.76	0	0	0	0	168.79	2067.7	0	0	0	0	0	0	0	0	0	0	0	0	0	0	0	0	0	0	0	0	0	0	0	0	0	0	0	0	0	0	0	0	0	0	0	0	0	0	0	0	0	0	0	0	0	0	0	0	0	42.198	0	0	0	0	0	0	0	0	0	0	0	0	337.58	0	0	0	42.198	0	0	126.59	0	0	0	0	0	0	0	0	0	0	0	0	0	0	0	0	0	0	0	0	0	0	0	0	0	0	0	126.59	0	0	6667.2	0	0	0	0	0	0	0	1181.5	0	0	42.198	42.198	0	0	0	0	0
L130_C11	NP	0	0	0	0	0	0	0	132.64	0	0	530.57	0	0	0	0	0	0	0	132.64	0	0	0	0	0	0	0	0	0	132.64	0	0	0	0	0	0	0	0	0	0	0	0	0	0	0	132.64	132.64	0	0	0	0	0	0	0	0	0	0	397.93	0	132.64	0	0	0	0	928.51	0	0	0	0	0	0	0	0	530.57	0	0	0	132.64	0	0	0	0	0	132.64	0	132.64	0	0	0	132.64	0	0	0	0	0	0	0	0	0	397.93	0	0	0	0	0	0	0	132.64	0	0	0	0	0	0	0	0	0	530.57	0	0	0	0	0	0	0	0	0	0	0	0	132.64	0	397.93	0	0	0	0	0	0	0	0	0	0	0	0	0	0	0	0	0	0	0	0	0	0	0	0	0	0	0	0	0	0	0	0	0	0	0	0	265.29	1061.2	0	0	0	0	0	0	0	0	0	0	0	0	0	0	0	0	0	0	0	0	0	0	0	0	0	0	0	0	0	3183.4	265.29	0	265.29	132.64	13928	1061.2	132.64	3979.3	0	132.64	1724.4	132.64	2254.9	530.57	0	530.57	0	1857	1061.2	0	397.93	0	0	0	0	0	0	265.29	265.29	663.22	0	0	0	0	0	265.29	0	132.64	0	45099	2918.2	132.64	1724.4	0	0	0	0	0	0	0	0	0	530.57	0	0	0	0	0	0	530.57	0	0	0	397.93	265.29	0	0	0	0	397.93	0	0	265.29	0	0	0	0	0	0	0	0	0	0	0	0	0	0	0	0	0	132.64	0	0	0	0	0	0	0	0	0	0	0	0	0	0	0	0	0	0	0	265.29	0	0	0	0	0	0	0	0	0	0	0	0	265.29	0	0	132.64	0	0	0	0	0	0	265.29	0	0	0	0	132.64	0	0	0	0	0	0	0	0	0	0	0	0	0	0	0	0	0	0	0	0	0	0	0	132.64	0	0	0	0	0	132.64	0	0	0	0	0	0	0	0	0	0	0	0	0	0	0	0	0	0	0	0	0	0	0	0	0	0	0	0	0	0	0	0	0	0	0	0	0	0	0	0	0	0	0	0	0	0	0	0	0	0	0	0	0	132.64	0	0	0	0	0	0	0	0	0	0	0	8091.3	0	0	0	0	0	0	0	0	0	0	0	132.64	0	0	0	0	0
L141_B04	NP	11.744	0	0	0	2.9359	0	0	35.231	0	0	199.64	8.8077	0	5.8718	0	41.103	155.6	0	64.59	0	366.99	0	0	0	2.9359	0	0	11.744	38.167	0	0	61.654	17.615	11.744	2.9359	158.54	44.039	0	2.9359	35.231	0	2.9359	0	0	102.76	299.46	5.8718	11.744	299.46	14.679	0	0	0	0	85.141	11.744	76.334	2.9359	334.69	0	38.167	23.487	0	2510.2	17.615	0	52.846	93.949	61.654	2.9359	0	14.679	120.37	0	0	2.9359	0	20.551	0	0	152.67	2.9359	176.15	0	14.679	23.487	0	0	2.9359	2.9359	0	0	0	2.9359	0	0	0	0	0	0	32.295	0	0	0	0	2.9359	2.9359	0	0	132.12	0	0	0	29.359	29.359	0	5.8718	0	76.334	0	0	52.846	0	0	14.679	0	0	0	0	11.744	26.423	296.53	0	0	2.9359	0	0	0	82.205	0	0	0	0	0	0	0	0	0	0	29.359	0	0	0	0	0	0	0	0	0	0	0	0	0	0	5.8718	0	5.8718	0	1406.3	208.45	0	0	0	0	0	0	0	0	0	0	0	0	0	0	5.8718	0	0	0	0	0	5.8718	0	0	0	0	0	61.654	0	0	939.49	114.5	522.59	957.11	1931.8	4809	23.487	64.59	91.013	907.2	93.949	1526.7	155.6	1265.4	267.17	0	707.55	11.744	8.8077	249.55	519.66	49.91	29.359	0	0	26.423	0	0	67.526	742.78	2897.7	317.08	205.51	0	628.28	0	918.94	132.12	249.55	96.885	6873	126.24	907.2	8470.1	58.718	0	281.85	149.73	20.551	91.013	0	14.679	0	123.31	0	0	0	0	0	0	302.4	0	0	49.91	0	123.31	23.487	0	0	0	17.615	0	5.8718	458	0	111.57	0	0	91.013	155.6	0	155.6	20.551	0	0	0	0	0	70.462	293.59	0	231.94	0	0	0	0	0	0	0	20.551	29.359	0	0	0	0	0	0	0	0	0	0	801.5	67.526	5.8718	0	0	0	0	52.846	0	0	2.9359	0	11.744	1130.3	0	129.18	26.423	411.03	17.615	0	0	0	111.57	898.39	5.8718	0	0	0	0	0	0	0	0	0	0	0	0	0	0	0	0	0	0	0	0	0	0	0	0	0	0	0	0	0	0	0	0	0	0	0	0	0	0	0	2.9359	0	2.9359	0	0	0	0	0	402.22	0	0	0	0	0	0	0	0	14.679	0	29.359	0	0	23.487	0	0	0	331.76	0	0	0	2.9359	0	0	0	0	0	0	0	0	0	0	0	0	0	108.63	0	0	0	0	0	0	5.8718	0	0	0	0	0	243.68	11.744	0	13887	0	0	0	14.679	0	0	0	287.72	0	0	0	2.9359	0	0	0	0	0
L141_C04	NP	3.786	0	3.786	7.5721	1.893	0	3.786	17.037	0	0	450.54	1.893	0	15.144	0	3.786	54.897	0	106.01	0	0	1.893	0	15.144	0	0	7.5721	17.037	71.935	64.363	1.893	24.609	3.786	0	28.395	128.73	126.83	0	1.893	43.539	0	0	0	0	123.05	172.26	20.823	90.865	547.08	0	0	1.893	0	0	126.83	24.609	70.041	11.358	736.38	174.16	208.23	17.037	18.93	1934.7	5.679	0	56.79	66.256	143.87	7.5721	0	0	615.23	11.358	1.893	0	39.753	37.86	0	0	452.43	7.5721	79.507	0	1.893	90.865	0	0	18.93	7.5721	0	0	1.893	7.5721	0	0	1.893	0	0	0	0	9.4651	0	0	0	0	0	0	1.893	13.251	0	0	0	106.01	7.5721	1.893	369.14	0	193.09	11.358	5.679	9.4651	0	5.679	7.5721	0	0	0	0	3.786	17.037	87.079	0	0	0	0	1.893	0	9.4651	17.037	37.86	0	13.251	5.679	0	1.893	3.786	0	0	0	0	0	0	0	30.288	5.679	0	0	0	0	0	0	0	1.893	0	0	1.893	0	327.49	9.4651	357.78	0	0	0	5.679	0	0	0	0	5.679	0	0	0	0	28.395	0	9.4651	0	0	0	0	0	0	0	0	0	0	0	0	844.28	138.19	208.23	692.84	965.44	4316.1	62.47	13.251	422.14	170.37	79.507	263.13	136.3	1232.3	916.22	0	649.3	200.66	0	766.67	282.06	128.73	90.865	0	0	0	0	77.614	22.716	1101.7	1616.6	124.94	24.609	30.288	181.73	0	577.37	0	13.251	365.35	8529.9	247.99	545.19	3905.3	159.01	3.786	270.7	1.893	39.753	473.25	0	0	0	620.91	0	0	0	0	0	0	5.679	18.93	0	94.651	0	0	83.293	60.576	0	0	87.079	0	0	670.13	0	9.4651	0	0	329.39	20.823	20.823	13.251	62.47	0	0	0	0	0	0	115.47	5.679	123.05	1.893	0	0	0	0	0	0	18.93	22.716	0	0	0	3.786	0	0	0	0	0	35.967	723.13	32.181	0	0	0	0	0	62.47	0	0	3.786	7.5721	47.325	520.58	0	56.79	11.358	325.6	132.51	0	0	0	90.865	9590	0	0	0	0	0	0	0	0	0	0	0	0	0	0	0	0	0	1.893	0	1.893	0	0	0	0	0	0	0	3.786	0	0	0	0	0	0	0	0	0	0	0	0	0	30.288	0	0	0	41.646	0	13.251	0	0	0	0	1.893	0	0	1.893	0	0	0	0	0	0	259.34	0	0	0	60.576	51.111	0	0	0	18.93	0	0	0	18.93	0	0	0	0	0	0	0	0	0	0	0	0	1.893	0	0	0	9.4651	0	0	1.893	0	403.21	1.893	0	13240	0	0	0	13.251	0	0	0	132.51	0	0	0	51.111	0	0	0	0	0
L141_D04	NP	0	0	87.795	0	0	0	0	21.949	0	603.59	241.44	76.821	0	0	0	0	109.74	0	54.872	0	0	0	0	0	0	0	0	0	0	0	0	0	0	0	21.949	0	131.69	10.974	21.949	76.821	0	0	0	0	43.898	87.795	0	43.898	32.923	0	0	0	0	0	131.69	43.898	142.67	0	998.67	0	54.872	10.974	0	2249.8	10.974	0	0	87.795	219.49	21.949	0	10.974	120.72	65.846	0	21.949	10.974	32.923	0	0	10.974	21.949	274.36	0	0	76.821	0	0	10.974	10.974	0	0	0	0	0	0	0	0	0	0	0	0	0	0	0	0	0	0	0	21.949	0	0	482.87	0	10.974	0	0	0	219.49	0	0	0	0	21.949	0	0	0	0	0	43.898	109.74	109.74	0	0	10.974	0	0	0	0	0	0	0	0	10.974	0	0	0	10.974	0	0	0	0	0	0	0	0	0	0	0	0	0	0	0	0	0	0	0	10.974	197.54	0	43.898	0	0	0	0	0	0	0	0	43.898	0	0	0	0	0	0	0	0	0	0	0	0	0	0	0	0	0	0	0	1657.1	54.872	0	1338.9	976.72	3544.7	65.846	10.974	340.21	285.33	76.821	219.49	406.05	592.62	87.795	0	1086.5	351.18	0	482.87	680.41	0	0	0	0	0	0	0	0	713.34	21.949	142.67	0	0	0	0	0	428	0	373.13	4422.7	131.69	362.16	3950.8	0	21.949	3709.4	0	0	263.39	0	0	0	307.28	0	0	0	0	0	0	21.949	0	0	0	0	0	0	0	0	0	0	0	0	296.31	0	0	0	0	0	98.77	0	0	32.923	0	131.69	32.923	0	0	0	120.72	0	76.821	0	0	0	0	0	0	0	0	0	0	0	0	0	0	0	0	0	0	0	504.82	32.923	0	0	0	0	0	0	0	0	0	0	0	32.923	0	10.974	0	691.39	54.872	186.57	43.898	0	0	2743.6	10.974	0	0	0	0	0	0	0	0	0	0	0	0	10.974	0	0	0	0	0	0	0	0	0	0	0	0	0	0	0	0	0	0	0	0	0	0	0	0	0	0	0	0	21.949	0	0	0	0	0	0	0	0	0	10.974	0	0	0	0	0	0	0	0	0	109.74	0	0	0	0	0	0	0	0	208.51	0	0	0	0	0	0	0	0	21.949	0	0	0	0	0	0	0	0	0	0	0	0	0	0	0	0	197.54	0	0	14354	0	0	0	0	0	0	0	186.57	0	0	0	0	0	0	0	0	0
L141_A05	NP	0	0	0	0	0	0	0	20.287	0	2.8982	753.53	5.7964	0	0	57.964	84.048	75.353	14.491	0	0	0	0	0	75.353	0	0	0	69.557	121.72	0	0	0	26.084	0	0	0	101.44	0	17.389	28.982	0	5.7964	0	0	234.76	0	2.8982	23.186	223.16	0	0	11.593	0	0	170.99	34.778	95.641	118.83	698.47	191.28	60.862	11.593	26.084	2118.6	0	0	101.44	34.778	69.557	23.186	0	26.084	553.56	8.6946	2.8982	0	63.761	185.49	0	0	115.93	0	411.55	0	60.862	113.03	0	0	66.659	0	5.7964	0	2.8982	0	0	2.8982	0	14.491	0	0	0	0	0	0	0	2.8982	0	0	0	28.982	49.27	0	0	127.52	78.252	0	313.01	0	179.69	0	0	0	0	0	0	0	0	0	2.8982	5.7964	40.575	176.79	0	0	5.7964	0	0	0	5.7964	0	60.862	0	0	0	0	0	0	5.7964	0	0	0	0	0	0	0	14.491	0	0	0	0	0	0	0	0	40.575	0	0	0	628.91	139.11	115.93	0	0	0	0	0	0	0	0	14.491	0	8.6946	0	0	0	0	43.473	0	0	11.593	0	0	0	0	0	0	0	0	0	956.41	0	98.539	898.44	768.03	1220.1	37.677	0	594.13	579.64	170.99	1263.6	0	959.31	597.03	0	959.31	370.97	0	446.32	750.64	26.084	0	0	0	95.641	115.93	0	2.8982	226.06	1446.2	199.98	75.353	2.8982	147.81	0	579.64	0	0	495.59	9155.4	263.74	449.22	2550.4	295.62	197.08	1617.2	0	37.677	75.353	0	0	0	1144.8	0	0	0	217.37	0	0	515.88	0	0	486.9	202.87	0	130.42	228.96	0	37.677	194.18	8.6946	0	573.84	0	0	0	0	228.96	31.88	156.5	11.593	0	0	0	0	95.641	0	0	2.8982	0	20.287	0	0	0	0	0	0	0	8.6946	110.13	0	0	0	0	0	0	0	0	0	0	1272.3	147.81	0	0	0	0	0	55.066	0	0	310.11	0	0	275.33	0	220.26	0	466.61	0	60.862	0	0	8.6946	3318.4	0	0	0	0	0	0	0	0	0	0	0	0	0	0	0	0	0	0	0	0	0	0	0	0	0	0	0	0	2.8982	0	0	0	0	0	0	2.8982	0	0	0	0	43.473	0	14.491	5.7964	0	0	0	0	0	0	0	0	0	0	0	0	0	0	0	0	0	0	72.455	0	0	0	92.743	8.6946	0	0	0	11.593	20.287	0	0	0	8.6946	0	0	0	89.844	185.49	0	0	8.6946	0	0	0	5.7964	0	0	0	5.7964	0	2.8982	11.593	0	133.32	2.8982	0	7375.9	0	0	0	0	0	0	0	272.43	0	0	0	14.491	0	2.8982	0	0	0
L141_E05	NP	0	0	0	0	0	0	0	0	0	0	575.5	0	0	0	0	7.2849	36.424	0	0	0	0	0	0	0	0	0	0	0	0	36.424	0	0	0	0	0	0	29.139	0	0	0	0	0	0	0	0	58.279	21.855	14.57	903.32	0	0	0	0	0	72.849	21.855	14.57	7.2849	699.35	349.67	123.84	7.2849	0	786.77	0	0	72.849	43.709	43.709	0	0	0	1056.3	0	21.855	0	0	87.418	0	0	597.36	0	138.41	0	0	0	0	0	50.994	284.11	0	0	0	0	0	0	0	0	0	0	0	0	0	0	0	0	0	0	0	0	0	0	0	101.99	58.279	0	211.26	0	7.2849	80.133	0	0	0	0	0	0	0	0	0	0	87.418	29.139	0	0	0	0	0	0	0	0	72.849	0	0	0	0	0	0	0	0	0	0	0	0	0	0	0	0	0	0	0	0	0	0	0	0	0	0	0	1792.1	203.98	0	0	0	0	0	0	0	0	0	0	0	0	0	0	21.855	0	0	0	0	0	0	0	0	0	0	0	0	0	0	1005.3	58.279	196.69	1333.1	21.855	1835.8	109.27	0	123.84	415.24	152.98	182.12	0	451.66	444.38	0	1682.8	0	14.57	1697.4	837.76	327.82	0	0	0	0	0	0	94.703	888.75	1755.7	240.4	371.53	58.279	50.994	0	167.55	0	0	211.26	8006.1	0	582.79	1697.4	94.703	415.24	509.94	94.703	29.139	21.855	0	0	0	276.83	0	0	0	0	0	0	116.56	0	0	58.279	87.418	0	109.27	0	0	80.133	131.13	0	0	0	0	58.279	0	0	611.93	50.994	7.2849	101.99	116.56	0	0	0	0	0	0	29.139	0	94.703	0	0	0	0	0	0	0	29.139	160.27	0	0	0	0	0	0	0	0	0	0	779.48	0	0	0	0	0	0	109.27	0	0	0	0	0	167.55	0	0	0	7.2849	0	0	0	0	167.55	29.139	0	0	0	14.57	14.57	0	0	0	0	0	0	0	0	0	0	0	0	0	0	0	0	0	0	0	0	0	0	0	0	0	0	7.2849	0	0	0	0	0	0	7.2849	0	0	0	0	7.2849	0	0	0	0	0	0	0	0	0	0	0	0	0	0	0	0	0	0	43.709	0	0	0	0	0	0	0	0	0	87.418	0	0	0	0	0	0	0	0	0	0	0	0	0	0	0	0	0	0	0	0	0	0	0	0	116.56	0	0	13426	0	0	0	72.849	0	0	0	225.83	0	0	0	72.849	0	0	0	0	0
L141_H05	NP	0	0	0	0	0	0	0	10.5	0	0	619.48	0	0	48.999	0	143.5	34.999	0	0	0	626.48	0	0	0	0	0	0	181.99	24.499	0	3.4999	6.9998	0	0	0	14	38.499	20.999	0	34.999	0	0	0	0	101.5	97.997	24.499	10.5	199.49	6.9998	0	0	0	6.9998	174.99	3.4999	55.999	41.999	605.48	6.9998	0	0	31.499	2708.9	0	0	6.9998	45.499	24.499	14	3.4999	24.499	388.49	10.5	3.4999	0	409.49	97.997	0	0	69.998	0	31.499	0	325.49	31.499	0	0	80.498	0	0	0	0	3.4999	0	0	0	0	0	0	0	0	0	6.9998	0	6.9998	3.4999	0	0	0	45.499	0	3.4999	0	62.998	0	321.99	0	20.999	0	0	0	0	0	0	14	0	0	0	3.4999	52.499	38.499	0	0	14	0	0	0	90.997	0	10.5	0	0	0	0	0	0	0	0	3.4999	0	0	0	0	34.999	20.999	0	0	0	0	0	0	0	0	0	0	0	0	69.998	0	48.999	0	20.999	0	0	24.499	3.4999	0	0	0	0	0	0	0	0	0	0	0	0	0	0	0	0	0	0	0	0	0	0	1270.5	0	251.99	1029	1690.4	1739.4	136.5	188.99	66.498	157.5	14	531.99	52.499	822.48	136.5	0	570.48	332.49	0	388.49	1032.5	174.99	0	0	0	531.99	10.5	0	0	689.48	157.5	192.49	76.998	0	80.498	0	874.98	0	0	119	6716.3	206.49	251.99	6719.8	87.498	286.99	237.99	143.5	27.999	133	0	3.4999	0	311.49	0	0	0	0	0	0	0	0	0	1039.5	55.999	108.5	55.999	38.499	0	94.497	55.999	0	0	174.99	0	0	0	0	59.498	17.5	52.499	3.4999	34.999	10.5	0	0	0	27.999	3.4999	0	0	10.5	0	0	0	0	0	0	0	41.999	97.997	0	0	0	0	0	0	0	0	0	0	867.98	0	0	20.999	0	0	0	6.9998	0	0	402.49	0	0	780.48	0	154	0	381.49	0	0	3.4999	0	41.999	815.48	0	0	0	0	0	59.498	0	0	0	0	0	0	0	0	0	0	0	0	0	0	0	0	0	0	0	0	0	0	0	0	0	0	0	3.4999	0	0	0	0	0	0	0	0	0	0	0	10.5	0	0	0	0	0	0	10.5	0	0	0	0	0	0	0	0	0	140	0	0	0	122.5	0	0	6.9998	3.4999	223.99	209.99	0	0	0	0	0	0	0	0	0	0	0	0	0	0	0	0	0	0	0	3.4999	0	0	0	0	433.99	0	0	7202.8	0	0	0	0	0	0	0	248.49	0	0	0	164.5	0	27.999	0	0	0
L141_A07	NP	0	0	0	0	1.6715	0	0	93.604	0	0	521.51	0	3.343	3.343	0	158.79	46.802	0	48.473	0	0	0	0	26.744	1.6715	0	0	0	75.217	1.6715	0	125.36	0	0	15.043	0	28.416	16.715	1.6715	625.14	0	0	0	0	30.087	51.817	63.517	33.43	239.02	1.6715	0	0	10.029	0	335.97	21.729	36.773	1.6715	585.03	130.38	78.561	43.459	3.343	1982.4	15.043	10.029	90.261	38.444	86.918	1.6715	5.0145	3.343	352.69	3.343	1.6715	0	41.787	193.89	43.459	0	53.488	6.686	601.74	0	10.029	80.232	0	1.6715	51.817	33.43	0	0	0	11.7	0	0	0	1.6715	0	1.6715	6.686	5.0145	0	0	0	10.029	5.0145	0	0	50.145	5.0145	0	10.029	3.343	118.68	0	93.604	0	63.517	0	18.386	120.35	0	0	0	0	0	0	0	6.686	5.0145	38.444	0	0	1.6715	0	0	0	26.744	1.6715	0	0	0	0	0	0	3.343	0	0	21.729	0	0	0	0	0	1.6715	0	0	0	5.0145	3.343	0	0	0	8.3575	0	6.686	0	1445.8	230.67	41.787	0	11.7	0	0	8.3575	0	0	0	0	0	0	0	0	1.6715	0	0	0	0	18.386	0	0	3.343	0	0	0	0	0	0	1028	158.79	63.517	859.15	583.35	2654.3	140.41	10.029	272.45	242.37	160.46	631.83	53.488	593.38	631.83	33.43	569.98	83.575	875.87	1165	670.27	384.45	61.846	43.459	10.029	25.073	0	162.14	36.773	1007.9	1377.3	113.66	23.401	10.029	185.54	0	785.6	0	40.116	715.4	8091.7	207.27	463.01	4208.8	91.933	193.89	411.19	88.59	85.246	402.83	1.6715	0	0	803.99	0	0	0	0	0	0	8.3575	0	0	36.773	35.102	0	55.16	6.686	0	16.715	138.74	0	0	272.45	0	5.0145	0	0	623.47	16.715	1.6715	28.416	11.7	16.715	1.6715	0	0	0	5.0145	0	0	70.203	0	0	3.343	0	0	0	0	60.174	25.073	0	0	0	3.343	0	0	0	33.43	0	0	451.3	48.473	0	0	0	0	0	33.43	113.66	0	249.05	0	0	635.17	0	51.817	21.729	103.63	3.343	0	5.0145	66.86	78.561	4240.6	0	0	0	0	6.686	0	0	0	0	0	0	0	0	0	0	0	0	0	25.073	10.029	0	0	0	0	0	0	0	0	0	0	0	0	0	0	0	0	0	0	0	0	0	158.79	1.6715	40.116	0	3.343	0	0	21.729	0	0	0	1.6715	0	0	0	0	0	0	0	0	0	105.31	0	0	0	416.2	63.517	0	6.686	15.043	88.59	0	0	0	8.3575	0	0	0	0	11.7	1.6715	0	0	0	0	0	16.715	5.0145	0	0	0	0	0	3.343	0	0	132.05	95.275	3.343	12309	0	0	0	35.102	0	0	0	282.48	0	0	0	55.16	0	1.6715	0	0	0
L141_E07	NP	0	0	0	19.41	0	0	0	135.87	0	0	135.87	0	0	19.41	0	0	0	0	0	0	0	0	0	0	0	0	0	0	0	0	0	0	0	0	19.41	0	368.78	0	0	58.229	0	0	0	0	174.69	0	0	0	174.69	0	19.41	0	77.638	0	194.1	0	504.65	0	368.78	19.41	0	0	0	2232.1	77.638	0	0	19.41	194.1	0	0	19.41	77.638	0	0	0	0	582.29	0	0	0	38.819	194.1	0	0	0	0	0	0	0	0	19.41	0	0	0	0	0	0	0	77.638	0	0	0	0	0	0	0	0	0	0	0	0	0	0	0	0	329.96	0	0	0	0	174.69	0	0	0	0	0	0	0	0	38.819	38.819	0	0	0	0	0	0	446.42	1319.8	0	0	0	0	0	0	19.41	0	0	0	0	0	0	0	0	0	0	0	0	0	0	0	0	0	0	0	0	0	0	0	0	0	0	0	0	0	0	0	0	0	0	0	0	0	0	0	0	0	0	0	0	0	0	0	0	0	0	0	0	0	271.73	194.1	582.29	77.638	3202.6	0	0	0	252.32	0	0	213.51	0	446.42	0	3649	0	0	562.88	0	0	0	0	0	0	0	310.55	0	679.34	1416.9	0	0	0	0	0	873.43	0	0	19.41	5939.3	0	1416.9	10035	0	0	97.048	0	0	0	0	0	0	174.69	0	0	0	0	0	0	0	0	0	0	0	0	0	0	0	0	329.96	0	0	116.46	0	0	0	0	0	0	0	77.638	19.41	0	0	0	0	0	0	0	19.41	582.29	0	0	58.229	0	0	0	0	58.229	0	0	0	0	0	0	0	0	0	0	0	427.01	135.87	0	0	0	0	0	0	0	0	0	0	0	310.55	0	19.41	0	0	19.41	0	0	0	0	38.819	0	0	0	38.819	0	0	0	0	0	0	0	0	0	0	0	0	0	0	0	0	0	0	0	0	0	0	0	0	0	0	0	0	0	0	0	0	0	0	0	0	0	0	0	0	0	19.41	0	0	0	0	0	0	0	0	0	38.819	0	0	0	0	0	0	0	0	0	0	0	0	0	0	0	0	0	0	0	0	0	0	0	0	0	0	0	0	0	0	0	0	0	0	0	0	0	0	0	0	0	912.25	0	0	14771	0	0	0	0	0	0	0	1048.1	0	0	0	38.819	0	0	0	0	0
L142_G01	NP	0	0	0	0	0	0	0	77.391	0	0	245.07	5.1594	0	0	113.51	5.1594	56.753	2.5797	61.912	0	15.478	0	2.5797	2.5797	0	0	0	0	229.59	0	20.638	28.377	0	0	2.5797	0	108.35	0	0	64.492	0	0	0	0	10.319	23.217	0	77.391	214.11	0	0	0	12.898	0	85.13	33.536	123.82	0	487.56	61.912	25.797	33.536	7.7391	1594.3	30.956	0	77.391	118.67	159.94	36.116	2.5797	30.956	923.53	15.478	0	0	61.912	49.014	0	0	830.66	7.7391	459.18	0	77.391	51.594	0	0	23.217	103.19	2.5797	2.5797	2.5797	12.898	0	0	0	0	20.638	0	90.289	10.319	0	0	0	0	0	0	28.377	0	41.275	0	0	121.25	0	5.1594	113.51	0	252.81	0	0	0	0	0	7.7391	0	0	0	0	20.638	113.51	180.58	0	0	2.5797	0	0	0	25.797	0	0	0	0	2.5797	0	0	23.217	0	0	92.869	0	0	0	0	0	0	0	0	0	0	7.7391	0	0	2.5797	0	0	2.5797	7.7391	484.98	92.869	0	0	20.638	0	0	0	0	0	0	0	0	0	0	0	18.058	0	0	0	0	0	0	0	0	0	0	0	20.638	0	0	539.15	131.56	77.391	828.08	2904.7	3673.5	0	74.811	330.2	536.58	98.028	1153.1	92.869	972.54	882.25	0	513.36	977.7	95.448	833.24	1612.3	64.492	30.956	7.7391	12.898	0	41.275	0	12.898	1049.9	621.7	224.43	167.68	12.898	110.93	0	660.4	2.5797	2.5797	363.74	14281	69.651	503.04	5468.9	185.74	41.275	583.01	69.651	118.67	789.38	0	0	0	201.22	0	0	0	0	0	0	0	0	0	79.97	0	141.88	7.7391	0	2.5797	5.1594	0	0	79.97	817.76	0	23.217	0	0	944.16	7.7391	0	0	12.898	0	25.797	0	2.5797	0	0	2.5797	0	28.377	0	0	0	0	0	0	0	0	30.956	0	0	0	7.7391	0	0	0	0	0	0	428.23	7.7391	77.391	0	0	0	0	15.478	0	0	152.2	2.5797	0	701.67	0	25.797	0	118.67	33.536	183.16	0	2.5797	23.217	59.333	0	0	0	0	0	0	0	0	0	0	0	0	0	0	0	0	0	0	0	0	0	0	0	0	0	0	0	0	0	0	0	0	0	0	0	0	0	0	0	0	0	0	7.7391	0	0	0	0	15.478	41.275	0	0	5.1594	0	0	0	0	0	0	0	0	0	0	92.869	2.5797	0	0	319.88	30.956	0	10.319	5.1594	0	0	0	10.319	0	0	0	0	0	0	33.536	0	0	7.7391	0	0	7.7391	0	7.7391	5.1594	0	0	0	0	0	0	606.23	46.434	0	11905	0	0	0	25.797	0	0	0	239.91	0	0	0	10.319	0	0	0	0	0
L142_C02	NP	0	0	0	0	0	0	0	94.562	0	0	223.96	19.908	0	44.792	0	54.746	134.38	0	14.931	0	0	0	0	0	0	0	0	29.862	9.9539	0	0	0	0	0	19.908	9.9539	174.19	14.931	0	104.52	0	0	0	0	19.908	49.769	24.885	69.677	527.55	0	4.9769	0	19.908	0	94.562	64.7	821.19	19.908	592.26	19.908	4.9769	29.862	0	1219.3	29.862	0	0	159.26	129.4	0	0	44.792	701.75	14.931	0	9.9539	34.839	0	0	0	806.26	9.9539	164.24	0	0	4.9769	0	0	174.19	44.792	0	0	0	54.746	0	14.931	4.9769	0	0	0	0	0	0	0	0	0	9.9539	0	0	0	69.677	0	0	0	9.9539	0	14.931	0	184.15	9.9539	0	0	0	0	0	0	0	0	0	34.839	39.815	4.9769	0	0	4.9769	0	4.9769	0	0	79.631	4.9769	0	79.631	0	0	0	0	0	0	0	14.931	0	0	0	0	0	0	0	0	0	0	0	0	0	29.862	0	0	0	552.44	104.52	0	0	24.885	0	0	0	0	0	0	14.931	0	0	14.931	0	0	0	4.9769	0	0	0	0	0	0	0	0	0	0	0	0	1259.2	0	109.49	1124.8	3697.9	5041.6	0	44.792	144.33	99.539	114.47	3409.2	189.12	1373.6	338.43	0	293.64	9.9539	2548.2	1159.6	134.38	129.4	14.931	59.723	0	19.908	0	228.94	0	607.19	24.885	393.18	0	84.608	129.4	0	796.31	84.608	0	836.13	12801	1005.3	358.34	3877	104.52	0	114.47	4.9769	0	413.08	0	9.9539	0	223.96	0	0	0	0	0	0	24.885	0	0	24.885	0	0	0	39.815	0	228.94	0	0	0	268.75	0	14.931	0	0	612.16	9.9539	0	89.585	890.87	0	134.38	0	0	0	0	9.9539	0	0	0	0	0	0	0	0	0	0	39.815	0	0	0	0	0	0	24.885	0	0	0	358.34	159.26	4.9769	0	0	0	0	94.562	0	0	711.7	0	0	194.1	0	24.885	19.908	9.9539	124.42	0	0	19.908	0	2443.7	0	0	0	74.654	0	4.9769	0	0	0	0	4.9769	0	0	0	0	0	0	0	0	9.9539	0	0	0	0	0	0	0	0	0	0	0	0	0	0	0	0	0	0	0	0	4.9769	0	29.862	44.792	0	44.792	0	0	44.792	0	0	0	0	0	0	14.931	0	0	0	0	0	0	174.19	0	0	0	617.14	49.769	0	0	0	14.931	0	0	0	19.908	0	0	0	44.792	0	4.9769	0	0	9.9539	0	0	0	0	4.9769	19.908	0	24.885	0	29.862	0	0	522.58	0	0	11238	0	0	0	4.9769	0	0	0	562.39	0	0	0	0	4.9769	0	0	0	0
L142_B03	NP	0	0	0	0	0	0	0	60.236	0	0	748.65	0	0	0	0	490.5	34.421	25.816	0	0	0	0	0	0	0	0	0	0	17.21	0	0	0	0	0	17.21	0	60.236	0	8.6052	77.447	0	0	0	0	25.816	180.71	8.6052	8.6052	395.84	0	0	0	0	0	172.1	8.6052	8.6052	0	77.447	111.87	25.816	0	8.6052	1454.3	0	0	137.68	111.87	8.6052	17.21	0	0	25.816	0	0	8.6052	0	0	0	0	17.21	25.816	60.236	0	0	0	0	0	0	0	0	0	0	8.6052	0	77.447	0	0	0	0	0	17.21	0	0	0	0	0	0	0	0	0	0	0	0	103.26	17.21	17.21	0	0	0	0	0	0	0	0	0	0	0	0	25.816	34.421	0	0	0	0	0	0	0	0	0	0	0	0	0	0	0	0	0	0	0	0	0	0	0	0	0	0	0	0	0	0	0	0	0	0	0	0	0	0	120.47	0	0	0	0	0	0	0	8.6052	0	0	0	0	0	0	0	0	43.026	0	0	0	0	0	25.816	0	94.657	0	0	0	0	1548.9	0	232.34	1531.7	4965.2	3140.9	17.21	215.13	524.92	344.21	0	1557.5	378.63	1600.6	17.21	0	1153.1	301.18	0	636.78	3769.1	0	0	0	0	0	490.5	8.6052	0	473.29	120.47	154.89	0	43.026	94.657	0	240.95	0	0	34.421	15920	0	628.18	8536.3	8.6052	0	215.13	0	34.421	490.5	0	0	0	301.18	0	0	0	0	0	0	0	0	0	197.92	0	0	0	0	0	0	533.52	0	0	301.18	0	0	0	0	920.76	0	8.6052	309.79	0	0	0	0	0	0	0	0	0	223.74	0	0	0	0	0	0	0	77.447	17.21	0	0	0	0	0	0	0	0	0	0	1144.5	0	0	0	0	0	0	0	0	0	0	0	0	60.236	0	17.21	0	146.29	0	0	0	0	154.89	5145.9	0	0	0	0	0	0	0	0	0	0	0	0	0	0	0	0	0	0	0	0	0	0	0	0	0	0	0	0	0	0	0	0	0	0	0	0	0	0	0	0	0	0	0	0	0	0	0	0	0	0	0	0	17.21	0	0	0	0	0	0	0	0	0	430.26	0	0	0	653.99	0	0	0	0	0	0	0	0	0	0	0	0	0	0	68.841	0	0	0	0	0	0	0	0	0	0	0	0	0	43.026	0	1196.1	0	0	13708	0	0	0	0	0	0	0	215.13	0	0	0	0	0	0	0	0	0
L142_E04	NP	1.7923	0	0	0	0	0	0	14.338	0	64.521	539.47	3.5845	1.7923	12.546	7.169	51.975	16.13	0	19.715	1.7923	0	1.7923	0	51.975	0	0	0	59.144	17.923	12.546	7.169	132.63	3.5845	0	3.5845	0	184.6	10.753	23.299	37.637	7.169	0	0	0	86.028	68.105	14.338	35.845	340.53	0	0	0	0	1.7923	30.468	43.014	89.613	32.261	655.96	37.637	55.56	21.507	1.7923	1668.6	0	1.7923	80.651	114.7	41.222	14.338	0	3.5845	89.613	16.13	0	1.7923	21.507	12.546	0	0	326.19	94.989	277.8	0	23.299	28.676	0	0	25.091	5.3767	0	10.753	1.7923	23.299	0	0	0	0	0	0	0	0	0	0	0	19.715	12.546	0	0	19.715	0	0	0	55.56	73.482	1.7923	170.26	0	64.521	17.923	19.715	0	0	0	0	1.7923	0	0	1.7923	37.637	141.59	141.59	0	0	0	0	3.5845	0	30.468	26.884	0	0	0	0	0	0	16.13	12.546	0	0	0	0	0	7.169	8.9613	0	0	0	0	0	0	0	0	0	0	0	0	0	397.88	98.574	109.33	0	8.9613	0	0	0	0	0	0	0	0	0	0	0	3.5845	0	0	0	0	0	0	14.338	1.7923	0	0	0	0	0	3.5845	1806.6	150.55	159.51	623.7	2978.7	3848	227.62	73.482	349.49	603.99	188.19	1946.4	91.405	1419.5	996.49	0	564.56	114.7	589.65	921.22	2679.4	141.59	0	39.43	0	105.74	86.028	134.42	7.169	912.26	1039.5	227.62	28.676	26.884	173.85	0	607.57	0	0	116.5	11307	281.38	740.2	5950.3	127.25	258.08	125.46	225.82	71.69	263.46	0	19.715	0	595.03	0	0	0	0	0	0	26.884	0	0	69.898	0	0	5.3767	8.9613	0	3.5845	14.338	0	0	781.42	0	23.299	0	0	213.28	51.975	16.13	25.091	5.3767	0	1.7923	0	0	0	0	7.169	0	102.16	0	0	0	0	0	0	0	5.3767	16.13	0	0	0	0	0	0	0	0	0	0	496.45	21.507	0	0	0	0	0	75.274	0	0	5.3767	0	62.729	225.82	0	25.091	19.715	465.98	17.923	14.338	1.7923	8.9613	80.651	3383.8	0	0	0	1.7923	0	0	0	0	0	0	0	0	0	0	0	0	0	0	0	0	0	0	0	0	0	0	0	0	0	0	0	0	0	0	0	10.753	0	0	0	0	41.222	0	0	17.923	0	0	0	0	0	0	0	0	0	0	0	0	0	0	0	0	0	0	150.55	0	0	0	41.222	1.7923	3.5845	3.5845	0	32.261	0	0	0	0	0	0	0	19.715	5.3767	0	0	0	0	0	0	0	5.3767	0	0	0	1.7923	0	1.7923	0	0	532.3	16.13	0	12044	0	0	0	21.507	0	0	0	195.35	0	0	0	35.845	0	1.7923	0	0	0
L142_F05	NP	0	0	0	0	0	0	0	20.201	0	0	264.85	0	0	2.2445	0	6.7335	83.046	0	40.401	0	639.68	0	0	0	8.978	0	0	0	58.357	42.646	0	40.401	15.712	0	6.7335	0	33.667	0	0	6.7335	0	4.489	0	0	65.09	24.69	2.2445	42.646	224.45	0	0	0	11.222	0	125.69	15.712	141.4	0	448.9	80.802	190.78	8.978	0	1351.2	13.467	0	2.2445	71.824	56.112	143.65	0	0	525.21	20.201	0	0	20.201	4.489	0	0	127.94	0	152.63	0	148.14	107.74	0	0	13.467	2.2445	0	0	0	0	0	33.667	2.2445	0	0	0	2.2445	2.2445	0	0	0	0	0	0	0	11.222	0	6.7335	0	0	35.912	0	4.489	0	76.313	0	0	0	0	0	0	0	0	0	0	11.222	29.178	0	0	0	4.489	0	0	0	17.956	15.712	0	0	0	0	0	2.2445	0	0	0	0	0	0	0	0	0	0	0	0	0	0	0	0	0	0	0	0	0	0	783.33	363.61	15.712	2.2445	4.489	0	0	0	0	0	0	0	0	0	0	0	141.4	0	0	0	0	0	0	13.467	0	0	8.978	0	15.712	0	0	1088.6	159.36	161.6	1097.6	1007.8	4397	136.91	53.868	184.05	583.57	24.69	799.04	244.65	1218.8	374.83	0	812.51	444.41	11.222	511.74	1032.5	244.65	0	87.535	0	24.69	13.467	26.934	26.934	1194.1	644.17	78.557	139.16	13.467	143.65	0	1155.9	8.978	20.201	157.12	8104.9	222.21	527.46	5981.6	157.12	251.38	125.69	74.068	29.178	103.25	0	0	0	841.69	0	0	0	0	0	0	0	0	0	11.222	51.623	127.94	0	6.7335	0	0	67.335	0	0	1553.2	0	130.18	0	0	861.89	22.445	2.2445	69.579	13.467	2.2445	0	0	0	0	0	0	0	114.47	0	0	0	0	0	2.2445	0	0	65.09	0	0	0	0	0	0	0	0	0	0	451.14	74.068	0	0	0	0	11.222	96.513	2.2445	0	305.25	2.2445	15.712	390.54	0	35.912	53.868	0	2.2445	0	0	0	4.489	4507	0	0	0	0	0	0	0	0	0	0	0	0	0	0	0	0	0	0	0	0	0	0	0	0	0	0	0	0	8.978	0	0	0	0	0	0	0	0	0	0	0	13.467	92.024	8.978	6.7335	0	0	0	0	0	0	0	2.2445	0	0	0	0	0	0	0	0	0	0	109.98	0	0	0	455.63	35.912	0	0	0	17.956	0	0	0	0	0	0	0	0	0	2.2445	0	0	0	0	0	2.2445	2.2445	0	0	0	0	0	6.7335	0	0	1265.9	20.201	0	13173	0	0	0	0	0	0	0	150.38	0	0	0	2.2445	0	0	2.2445	0	0
L142_G05	NP	0	0	0	0	0	0	0	63.241	0	0	481.83	6.0229	0	3.0115	60.229	45.172	63.241	0	0	0	0	0	0	0	0	0	12.046	0	33.126	21.08	0	15.057	24.092	0	15.057	0	60.229	0	0	36.138	0	0	0	0	90.344	153.58	33.126	42.16	331.26	0	0	0	18.069	0	81.309	15.057	60.229	0	644.45	0	18.069	18.069	0	2367	0	0	159.61	99.378	135.52	72.275	21.08	39.149	42.16	0	0	0	165.63	12.046	0	0	15.057	69.263	141.54	0	141.54	3.0115	12.046	0	0	0	0	0	0	0	0	0	3.0115	0	0	0	6.0229	39.149	0	0	0	9.0344	6.0229	3.0115	0	24.092	21.08	0	0	12.046	132.5	0	87.332	3.0115	144.55	0	0	12.046	0	0	0	0	3.0115	0	0	21.08	469.79	0	0	0	0	0	0	0	45.172	12.046	84.321	0	6.0229	0	0	0	3.0115	0	0	0	0	0	0	0	0	0	3.0115	0	0	0	0	0	0	0	0	0	0	0	454.73	243.93	24.092	0	12.046	12.046	0	0	0	0	0	0	0	0	0	0	0	0	120.46	0	0	0	0	12.046	0	0	0	0	0	0	0	1761.7	39.149	171.65	993.78	1743.6	1737.6	234.89	48.183	819.12	3.0115	66.252	1002.8	24.092	734.8	81.309	0	349.33	0	198.76	403.54	436.66	207.79	0	15.057	0	84.321	0	0	30.115	189.72	563.14	69.263	0	0	159.61	0	837.18	48.183	0	27.103	9197	108.41	382.45	4643.7	102.39	352.34	246.94	21.08	57.218	84.321	0	0	0	240.92	0	0	0	30.115	6.0229	0	2463.4	0	0	186.71	6.0229	144.55	15.057	84.321	0	3.0115	0	0	0	174.66	0	0	0	0	3.0115	48.183	138.53	6.0229	0	0	0	0	0	15.057	0	0	0	114.43	0	0	0	0	0	0	0	6.0229	156.6	0	0	0	3.0115	0	0	0	0	0	0	767.92	27.103	0	0	0	0	0	0	0	0	539.05	51.195	0	117.45	0	51.195	0	686.61	15.057	0	0	0	27.103	21.08	0	0	0	0	0	0	0	0	0	42.16	0	0	0	0	0	0	0	0	0	33.126	0	0	0	0	0	0	0	0	0	0	0	0	0	0	0	0	0	0	0	0	0	198.76	6.0229	3.0115	0	18.069	0	0	0	0	0	0	0	0	0	0	0	0	0	0	0	0	69.263	0	0	0	295.12	0	0	0	0	481.83	138.53	0	0	0	0	0	0	0	99.378	0	0	0	0	0	0	0	0	45.172	0	0	3.0115	0	9.0344	0	0	599.28	126.48	0	6272.9	0	0	0	0	0	0	0	262	0	0	0	15.057	0	27.103	0	0	0
L142_A09	NP	0	0	0	0	0	0	0	62.625	0	0	325.65	0	0	2.505	0	210.42	115.23	0	0	0	0	2.505	0	0	0	0	0	0	20.04	0	0	0	0	0	0	0	65.13	0	7.515	32.565	0	0	0	0	15.03	82.665	80.16	20.04	120.24	0	0	5.01	0	0	137.78	17.535	235.47	0	508.52	12.525	10.02	47.595	0	2865.7	0	2.505	7.515	157.82	47.595	80.16	12.525	0	586.17	5.01	0	0	107.72	50.1	0	0	100.2	22.545	182.87	0	105.21	0	10.02	0	15.03	0	0	0	0	7.515	0	15.03	2.505	0	0	0	0	12.525	0	0	0	0	10.02	0	5.01	0	0	25.05	7.515	0	77.656	5.01	37.575	0	12.525	0	7.515	0	0	0	0	0	0	0	0	22.545	167.84	65.13	0	0	2.505	15.03	0	0	165.33	7.515	0	2.505	0	0	0	0	0	0	0	0	0	0	0	0	0	0	0	0	0	0	0	0	0	0	0	0	0	0	528.56	711.42	120.24	0	2.505	0	12.525	0	10.02	0	0	0	0	0	0	0	17.535	0	17.535	0	0	2.505	0	5.01	0	0	0	0	25.05	0	0	1292.6	80.16	80.16	929.36	4331.2	3251.5	435.87	55.11	521.04	774.05	117.74	1072.2	353.21	1710.9	423.35	0	388.28	0	32.565	721.45	1372.8	197.9	0	132.77	0	162.83	85.171	0	5.01	1154.8	508.52	72.646	22.545	25.05	157.82	0	468.44	0	10.02	67.635	8835.2	232.97	418.34	6074.7	50.1	230.46	110.22	120.24	90.181	298.1	0	2.505	0	786.58	0	0	0	10.02	0	0	713.93	0	0	15.03	145.29	37.575	318.14	0	0	0	25.05	0	0	348.2	0	25.05	0	0	283.07	30.06	0	137.78	57.615	0	0	2.505	0	0	42.585	7.515	0	17.535	0	0	0	0	0	0	0	0	5.01	0	2.505	0	0	0	0	0	0	0	0	398.3	20.04	57.615	0	0	0	0	10.02	25.05	0	0	25.05	0	132.77	0	2.505	0	358.22	5.01	32.565	2.505	0	40.08	1027.1	0	0	0	0	0	0	0	0	0	17.535	0	0	0	0	0	0	0	0	0	0	0	0	0	0	0	7.515	0	0	0	0	0	0	0	0	2.505	0	0	5.01	0	2.505	0	5.01	0	40.08	0	0	0	0	20.04	0	0	0	0	0	0	2.505	0	0	0	0	0	0	122.75	0	0	0	425.85	5.01	0	2.505	0	2.505	60.12	0	0	5.01	0	0	0	0	2.505	0	0	0	5.01	0	0	0	0	0	0	0	7.515	0	0	0	0	378.26	7.515	0	10298	0	0	0	12.525	0	0	0	478.46	5.01	0	0	0	0	0	0	0	0
L142_B11	NP	0	0	0	0	0	0	0	0	0	0	657.58	0	0	0	0	0	36.532	0	36.532	0	0	0	9.1331	0	0	0	0	0	0	0	0	9.1331	0	0	27.399	0	9.1331	0	18.266	9.1331	0	0	0	0	0	73.065	0	0	155.26	0	0	273.99	0	0	347.06	91.331	1507	0	484.05	155.26	0	63.932	54.799	1908.8	0	0	0	36.532	0	0	0	9.1331	2146.3	0	0	0	0	283.13	0	0	0	0	82.198	0	9.1331	0	0	0	410.99	0	0	0	18.266	0	0	0	45.665	0	0	0	0	0	0	0	0	0	0	0	0	0	0	0	0	0	100.46	0	127.86	0	146.13	18.266	9.1331	173.53	0	0	0	0	0	0	0	27.399	0	137	0	0	0	0	0	0	0	0	82.198	0	0	0	0	9.1331	0	0	0	0	0	0	0	0	0	0	0	0	0	0	0	0	0	0	0	0	0	45.665	410.99	0	301.39	0	0	0	0	0	0	0	0	0	0	0	0	0	0	0	0	0	0	0	0	0	0	0	0	0	0	18.266	0	155.26	484.05	137	401.86	1324.3	2338.1	118.73	82.198	63.932	273.99	0	2109.7	0	1214.7	109.6	54.799	593.65	73.065	9.1331	1123.4	803.71	310.52	0	0	73.065	0	0	0	0	1205.6	109.6	1991	82.198	0	82.198	0	1150.8	0	0	0	7206	182.66	365.32	5397.6	0	9.1331	429.26	0	0	109.6	0	0	0	666.72	0	0	0	0	0	0	0	0	0	0	0	0	876.78	0	0	146.13	0	0	0	155.26	0	127.86	0	0	127.86	0	45.665	0	18.266	0	0	0	0	0	0	0	0	347.06	0	0	0	0	0	0	0	0	0	0	0	0	0	0	0	0	0	0	0	657.58	529.72	0	0	0	0	0	164.4	0	0	0	0	0	328.79	0	0	0	374.46	0	0	0	0	0	18.266	0	0	0	0	0	0	0	0	0	210.06	0	0	0	9.1331	0	0	0	0	0	0	0	0	0	0	0	0	0	0	0	0	0	0	0	0	0	0	0	0	0	0	0	0	0	9.1331	0	0	0	0	0	0	0	0	0	0	0	0	0	0	0	0	0	0	219.19	0	0	0	0	0	0	0	0	146.13	0	0	0	0	0	0	0	0	0	0	0	0	0	0	0	0	0	9.1331	0	0	0	0	0	0	0	493.19	9.1331	0	7361.3	0	0	0	0	0	0	0	447.52	0	0	0	812.84	0	0	0	0	0
L142_D11	NP	0	0	0	0	0	0	0	5.9133	0	0	224.71	0	0	11.827	0	638.64	35.48	23.653	0	0	5.9133	0	0	0	0	0	0	130.09	0	0	0	0	5.9133	0	23.653	0	662.29	5.9133	0	23.653	11.827	0	0	0	5.9133	106.44	0	23.653	106.44	0	0	0	0	0	153.75	47.306	195.14	0	236.53	189.23	0	0	0	1513.8	5.9133	0	0	147.83	17.74	11.827	0	0	496.72	5.9133	0	236.53	0	5.9133	0	0	242.45	0	230.62	0	153.75	0	0	0	0	88.7	5.9133	11.827	0	17.74	0	0	5.9133	0	0	0	0	0	0	0	0	0	17.74	0	0	11.827	0	0	0	0	23.653	0	41.393	0	0	0	0	0	0	0	0	0	0	0	0	11.827	0	5.9133	0	0	0	0	0	0	0	0	0	0	0	0	0	5.9133	0	0	0	0	0	0	0	0	0	0	0	0	0	5.9133	5.9133	0	0	0	0	0	0	0	348.89	53.22	0	0	0	0	0	0	0	0	0	0	0	0	0	0	23.653	0	0	0	0	0	0	5.9133	0	0	0	0	0	0	0	1478.3	425.76	183.31	301.58	272.01	4902.1	23.653	195.14	212.88	538.11	53.22	53.22	331.14	857.43	561.77	0	727.34	130.09	35.48	212.88	283.84	136.01	5.9133	0	0	0	0	59.133	5.9133	603.16	2448.1	23.653	0	0	236.53	0	881.08	0	0	41.393	9555.9	47.306	402.11	1253.6	136.01	53.22	372.54	11.827	0	313.4	0	0	0	1312.8	0	0	0	0	0	0	0	0	0	59.133	0	0	0	0	0	0	0	0	0	100.53	0	11.827	0	0	141.92	59.133	0	124.18	23.653	0	0	0	0	0	35.48	0	0	0	0	0	0	0	0	0	0	17.74	159.66	0	0	0	0	0	0	0	0	0	0	892.91	0	0	0	0	0	0	0	0	0	0	11.827	0	1779.9	0	70.96	0	869.26	82.786	0	0	0	0	3063.1	0	0	0	0	82.786	0	0	0	17.74	0	0	0	0	0	0	0	0	11.827	0	0	0	0	0	0	0	0	0	0	0	0	0	0	0	0	0	0	0	0	0	0	0	5.9133	0	0	0	0	0	0	0	0	0	0	0	0	5.9133	0	0	0	0	0	0	0	53.22	0	0	0	952.04	100.53	5.9133	5.9133	0	0	0	0	0	0	0	0	0	0	0	0	0	0	0	0	0	0	5.9133	0	0	0	0	0	23.653	0	0	76.873	0	0	13997	0	0	0	0	0	0	0	331.14	0	0	0	201.05	23.653	0	0	0	0
L142_G12	NP	0	0	0	0	17.163	0	0	20.596	10.298	0	219.69	0	0	0	13.731	106.41	123.58	0	0	0	0	0	0	0	0	0	0	154.47	58.356	3.4327	3.4327	85.817	27.462	6.8654	44.625	590.42	144.17	13.731	0	3.4327	0	0	0	0	48.058	10.298	0	24.029	466.85	0	0	0	0	0	78.952	0	34.327	20.596	312.37	30.894	68.654	3.4327	24.029	1462.3	0	0	13.731	130.44	113.28	3.4327	0	0	1331.9	6.8654	0	3.4327	68.654	0	0	0	102.98	0	209.39	0	0	3.4327	0	0	20.596	0	0	0	0	17.163	0	0	0	3.4327	0	0	0	20.596	0	3.4327	0	0	3.4327	0	0	10.298	0	0	0	30.894	133.88	0	6.8654	0	75.519	75.519	0	0	0	0	0	0	0	0	0	10.298	92.683	75.519	0	0	0	0	6.8654	0	0	6.8654	0	0	0	3.4327	0	0	3.4327	0	0	6.8654	0	0	0	0	0	0	0	0	0	0	0	0	10.298	0	3.4327	0	0	3.4327	13.731	315.81	20.596	0	6.8654	0	3.4327	0	0	0	0	0	0	0	0	0	27.462	0	0	0	0	0	0	0	0	0	0	0	17.163	0	0	1465.8	27.462	137.31	652.21	2694.7	4730.2	188.8	68.654	178.5	665.94	181.93	185.37	137.31	566.39	284.91	0	298.64	2210.6	0	648.78	178.5	151.04	72.086	0	51.49	0	0	0	0	1270.1	363.86	75.519	168.2	20.596	68.654	0	1060.7	0	0	216.26	11966	99.548	552.66	3443	96.115	147.61	466.85	37.76	109.85	30.894	0	13.731	0	113.28	0	0	0	0	0	0	10.298	0	0	0	27.462	0	0	0	0	99.548	3.4327	0	0	617.88	0	0	0	0	137.31	0	0	0	13.731	0	0	0	0	61.788	0	195.66	0	48.058	0	0	0	0	0	0	0	3.4327	0	0	0	0	3.4327	0	0	0	0	0	0	786.09	0	0	0	0	0	0	68.654	0	0	0	0	0	950.85	0	0	58.356	350.13	37.76	0	0	0	3.4327	473.71	0	0	0	0	3.4327	0	0	0	0	0	0	0	0	0	0	0	0	0	0	0	0	0	0	0	0	0	0	0	0	0	0	0	0	0	0	0	0	0	0	0	0	0	3.4327	0	0	0	0	0	41.192	0	0	0	0	0	0	0	0	0	0	0	0	0	216.26	0	0	0	10.298	0	0	37.76	0	3.4327	0	0	0	0	0	0	0	0	0	0	0	0	0	0	0	0	0	0	0	0	0	0	0	0	0	762.06	0	0	13590	0	0	0	68.654	0	0	0	889.07	0	10.298	0	0	0	0	0	0	0
L226_E01	NP	0	0	0	0	0	0	0	0	0	0	0	0	0	0	0	0	0	0	0	0	0	0	0	0	0	0	0	0	0	0	0	0	0	0	0	0	0	0	0	0	0	0	0	0	0	0	0	0	473.04	0	0	0	0	0	0	0	0	0	0	0	0	0	0	473.04	0	0	473.04	0	0	0	0	0	473.04	0	0	0	0	0	0	0	0	0	473.04	0	0	0	0	0	0	0	0	0	0	0	0	0	0	0	0	0	0	0	0	0	0	0	0	0	0	0	0	0	0	0	0	0	473.04	0	0	0	0	0	0	0	0	0	0	0	0	0	0	0	0	0	0	0	0	0	0	0	0	0	0	0	0	0	0	0	0	0	0	0	0	0	0	0	0	0	0	0	0	0	0	0	0	0	0	0	0	1892.2	0	0	0	0	0	0	0	0	0	0	0	0	0	0	0	0	0	0	0	0	0	0	0	0	0	0	0	0	0	0	473.04	0	473.04	0	2838.2	0	0	0	0	0	0	473.04	473.04	473.04	0	473.04	0	0	473.04	946.07	0	0	0	0	0	0	473.04	0	946.07	946.07	0	0	0	0	16083	0	0	0	0	5203.4	473.04	473.04	473.04	0	0	0	0	0	0	0	0	0	946.07	0	0	0	0	0	0	0	0	0	0	0	0	0	0	0	0	0	0	0	0	0	0	0	0	0	0	0	0	0	0	0	0	0	0	0	0	0	473.04	0	0	0	0	0	0	0	0	0	0	0	0	0	0	0	0	0	0	0	0	0	0	0	0	0	0	946.07	0	0	0	0	0	473.04	0	0	0	0	0	0	0	0	0	3311.3	0	0	0	0	0	0	0	0	0	0	0	0	0	0	0	0	0	0	0	0	0	0	0	0	0	0	0	0	0	0	0	0	0	0	0	0	0	0	0	0	0	0	0	473.04	0	0	0	0	0	0	0	0	0	0	0	0	0	0	0	0	0	0	946.07	0	0	0	0	0	0	0	0	0	0	0	0	0	0	0	0	0	0	0	0	0	0	0	0	0	0	0	0	0	473.04	0	0	0	0	0	0	0	9460.7	0	0	0	0	0	0	0	0	0	0	0	0	0	0	0	0	0
L226_F02	NP	0	0	0	0	0	0	0	0	0	0	0	0	0	0	0	222.13	0.57997	0	0	0	0	0	0	0	0	0	0	0	0	0	0	0	0	0	0	0	0.28999	0	0	0	0	0	0	0	0	395.54	0	32.188	303.33	0	0	0	0	0.28999	0	0	0	0	1058.4	184.14	59.447	0	0	836.03	0	0	197.48	0	0.57997	0	0	0	172.83	0	0	0	0	158.33	0	0	7.2497	0	364.8	0	122.66	0	0	0	0	0	0	0	0	0	0	0	0	0	0	0	0	0	0	0	0	0	0	0	0	107.29	0	0	0	194	267.08	0	262.44	0	120.05	0	0	0	0	0	0	0	0	0	0	0	131.07	0.28999	0	0	0	0	0	0	0	0	0	0	0	0	0	0	0	0	0	0	0	0	0	0	0	0.28999	0	0	0	0	0	0	0	0	0	0	0	0	93.955	29.289	74.236	0	0	0	0	0	0	0	0	0	0	0	0	0	0	0	158.91	0	0	0	0	0	0	0	0	0	0	0	0	184.72	0	87.286	762.08	100.92	2667	123.53	153.69	52.197	185.88	69.887	509.8	38.278	638.84	428.31	0	405.69	107.88	158.91	576.49	8.6996	175.44	0	298.11	0	0	0	0	0	1224.3	791.66	120.05	0	0	74.236	0	128.17	50.168	0	332.9	3367.9	226.19	838.93	1849.2	66.117	9.2795	453.54	0	0	13.629	0	0	0	357.84	0	0	0	0	0	0	0	0	0	205.89	0	0	0	0	0	0.28999	303.9	0	0	638.84	0	0	0	0	298.98	0	80.616	46.398	0	0	0	0	0	0	0	0	0	0	0	0	0	87.866	0	0	0	91.346	0.57997	0	0	0	0	0	0	0	0	0	0	892.58	0	0	0	0	0	0	11.019	0	0	199.51	0	0	646.96	0	0	0	434.11	0	0	0	0	0	1693.2	0	0	0	0	0	0	0	0	0	0	0	0	0	0	0	0	0	0	0	0	0	0	0	0	0	0	0	0	0	0	0	0	0	0	0	0	0	0	0	0	0	0	0	28.709	0	0	0	0	0	0	0	0	0	0	0	0	0	0	0	0	0	0	197.19	0	0	0	0	0	0	0	0	0	41.178	0	0	0	0	0	0	0	0	0	0	0	0	0	0	0	0.28999	0	0	0	0	0	0.28999	0	0	221.26	0	0	7270.2	0	0	0	0	0	0	0	199.22	0	0	0	73.367	0	0	0	0	0
L226_H02	NP	0	0	1.4803	0	27.914	0	0	0	0	141.68	29.394	0.21147	0	0	0	0	135.13	0	101.08	0	0	0	0	0	0	0	0	36.584	92.623	44.831	0	134.92	0.21147	0	0	0	0.21147	0	0	0	0	0	0	0	86.913	193.7	47.157	0	292.04	0	0	0	0	0	0	0	2.3261	0	721.1	0	211.26	1.0573	0	943.78	0	0	81.627	0	97.698	0	0.21147	0	198.99	0.6344	0	0.21147	0.84587	93.68	0	0	268.77	311.28	405.6	0	0	265.82	0	0	0	0	0	0	0	0	0	0	0	0	0	0	10.573	0.42294	0	0	0	0	74.859	0	0	32.566	0	0	49.483	38.699	45.465	0	71.899	0	129.21	86.49	0	42.293	0	0	0	0	0	0	0	0	86.913	85.01	0	0	0	0	0	0	217.81	0	0	0	0	0	0	0	47.369	0	0	113.14	0	0	0	0	0	0	0	0	0	0	0	0	0	0	0	0	0	0	336.45	335.39	62.383	0	0	0	0	0	0	0	0	0	0	0	0	0	0	0	0	0	0	0	0	0	0	0	0	0	0	0	18.398	787.72	514.29	153.52	1244.3	541.99	6547.9	487.22	126.67	421.67	631.65	88.816	701.02	284.64	721.32	381.49	37.853	328.41	630.17	144.01	623.83	685.58	177.21	339.19	0	0	0	21.781	1.2688	0	884.15	345.75	175.94	80.569	0	98.755	0	473.9	1.4803	0	371.97	3327.4	571.39	727.87	930.25	350.4	0	377.68	287.38	32.566	108.27	0	0	0	160.5	0	0	0	0	0	0	0	0	0	0	0	0	260.95	0	432.24	0	0	0	0	612.41	0	0	0	0	430.12	0	0	183.34	0	0	0	0	0	0	0	30.451	0	39.967	0	0	0	0	0	0	0	0	1.0573	0	0	0	0	0	0	0	0	0	0	831.49	0	31.932	57.519	0	0	0	192.01	32.778	0	0	0	0	606.07	0.21147	0	0	275.54	0	0.42294	0	0	0	3.172	0	0	0	0	0	0	0	0	0	0	0	0	0	0	0	0	0	0	0	0	0	0	0	0	0	0	0	0	0	0	0	0	0	0	0	0	0	0	0	0	93.257	0	0	0	0	0	0	0	0.21147	0	0	0	0	0	0	0	0	0	0	0	0	0	82.049	0	0	0	226.06	0	0	0	0	0	0.42294	0	0	0	0	0	0	0	0.21147	0	0	0	0	0	0	0	0	0	0	0	0	0	0	0	0	276.18	1.2688	0	10590	0	0	0	14.591	0	0	0	0	0	0	0	0	0	0	0	0	0
L226_F03	NP	0	0	0	0	0	0	0	0.17131	0	0	194.95	0	0	0	0	230.24	0.34261	0	0	0.17131	0	0	0	23.64	0	0	0	0	80.857	0	0	0	0	0	0	0	1.3705	0	0	0	0	0	0	0	11.306	140.47	0.17131	0.51392	312.98	0	0	0	0	0	22.955	0	53.448	14.732	306.81	31.178	132.42	0	0	1006.9	0	0	0	0	0.68523	0	0	0	312.64	0	0	0	269.64	10.621	0	0	247.54	55.504	359.06	0	0.17131	0	0	0	17.987	0	0	0	0	0	0	0	0	0	0	0	15.589	0	0	0	0	0.17131	0.17131	0	0	0	0	0	121.63	64.411	29.636	0	154.01	0	0	0	0	96.617	0.34261	0	0	0	0	0	0	0.68523	2.0557	169.94	0	0	0	0	0	0	50.022	0	1.1991	0	0	0	0	0	0	0	0	0	0	0	0	0	0	0	0	0	0	0	0	0	0	0	7.8801	0	0	0	137.05	85.482	0.17131	0	0	0	0	0	0	0	0	0	0	0	0	0	0	0	0	0	0	0	0	0	0	0	0	0	0	0	0	1588.9	141.5	283.34	2304.3	564.11	4443.7	0	0	377.05	263.64	39.743	216.36	292.25	1086.3	661.42	0	1097.6	201.8	142.36	376.53	773.28	145.78	0	20.899	200.6	235.72	198.54	0	125.05	2497.1	569.6	351.86	368.48	0	0	0	571.31	0	9.2506	93.705	4974.4	412.17	973.54	1018.4	62.013	4.7966	333.02	0	21.071	140.99	1.5418	0	0	81.714	0	0	0	0	0	0	0	0	0	2.3983	0	8.0514	0	28.951	0	218.24	114.95	0	0	1579.4	0	0	0	0	23.126	0	0.17131	213.28	59.786	0	0	0	0	40.6	0	0	0	33.919	0	0	0	0	0	0	0	0	0	0	0	0	0	0	0	0	0	0	0	982.62	53.619	0	0	0	0	0	59.272	0	0	0	0	0	538.42	0	126.6	30.493	20.557	0	42.998	0	0	121.8	1.5418	0	0	0	0	0	0	0	0	0	0	0	0	0	0	0	0	0	0	0	0.17131	0	0	0	0	0	0	0	0	0	0	0	0	0	0	0	0	0	0	0	0	0	0	0	33.748	0	0	0	0	0	0	0	0	0	0	0	0	0	0	0	177.82	0	0	113.4	0	0	0	0	19.186	0	1.0278	0.34261	1.3705	37.859	0	0	0	0	0	0	0	0.17131	0.17131	0	0	0.34261	0	0	0.68523	87.709	0	0	0.17131	0	0	0.17131	0	0	498.5	51.735	0	14371	0	0	0	0	0	0	0	489.42	0	0	0	128.99	0.51392	0	0	0	0
L226_H04	NP	0	0	0	0	0.21069	0.42137	0.21069	72.687	0.21069	33.499	57.517	0.42137	0.42137	3.371	0.63206	0	1.8962	0	105.97	0	0	0.21069	0.21069	40.241	0	0	0	74.372	22.333	0.42137	0.42137	75.004	0.84274	0.21069	1.0534	0	2.9496	0.42137	0.63206	0.21069	0	0.42137	0	0	77.532	130.63	0.21069	1.8962	670.4	0	0	0	0	0.42137	408.73	0.63206	95.019	0.63206	371.44	0.42137	50.354	1.6855	0.42137	1079.3	0	0	60.467	0	1.2641	0.42137	0.21069	0.84274	444.13	0.63206	0	0.21069	9.6916	0.42137	0	0	158.23	0.63206	167.29	0	150.22	50.354	0	0	0	0.21069	0	0	0	0.21069	0	0	0	0	0	0.21069	0	0.63206	0	0	0	0.21069	0	0	0	25.072	90.595	0	0	0.63206	43.401	0	394.61	0.63206	44.455	0	0.21069	85.96	0	0	0	0	0	0	0	0	0.21069	100.08	0	0	0	0	0	0	0.42137	0	0	0	0	0	0	0	0.21069	0	0	0	0	0	0	0	0	0	0	0	0	0	4.4244	0	0	0	0	0	0	0	348.26	10.534	14.327	0	0	0	0	0	0	0	0	0	0	0	0	0	0	0	0	0	0	0.42137	0	0.21069	0	0	0	0	0	0	0	2311.9	124.31	166.86	1194.4	973.58	4587.7	242.29	0	259.78	376.92	157.59	467.93	203.52	975.05	672.51	0	763.1	331.62	0	644.07	629.32	289.9	0	0	0	0	54.778	0.21069	0	1262	607.2	216.37	18.962	44.665	103.24	0	53.304	6.5313	0	690.21	3299.8	489.42	1519.5	821.04	290.33	36.449	955.46	0	0	196.78	0.42137	0	0	595.19	0	0	0	0	0	0	0	29.917	0	0	0	24.44	6.3206	0	0	25.914	83.01	0	0	136.31	0	0.42137	0	0	117.35	65.313	0	89.12	0	0	0	0	0	0	0	0	0	34.131	0	0	0	0	0	0	0	224.59	245.45	0	0	0	0	0	0	0	0	0	0	825.05	78.797	0	0	0	239.55	0	59.413	137.58	0	0	0.21069	0	595.4	0	152.54	0	124.31	0	0	0	0	14.748	657.34	0	0	0	0	0	0	0	0	0	0	0	0	0	0	0	0	0	0	0	0	0	0	0	0	0	0	0	0	0	0	0	0	0	0	0	0	0	0	0	0	0	0	0	0	0	0	0	0	0	0	0	0	0	0	0	0	0	0	0	124.09	0	0	583.39	0	0	0.21069	85.538	0	0	0.63206	0	15.38	0	0	0	0.84274	0	0	0	0.63206	0	0.21069	0	0	0	0	0	0	0	0	0	0	0	0	1.0534	0	0	875.19	131.05	0	10504	0	0	0	0.21069	0.21069	0	0	0	0	0	0	1.0534	0.84274	0.63206	0	0	0
L226_B05	NP	0	0	0	0	0	0	0	0.21282	0	0	111.52	0	0	0	0	67.252	0.42565	0	0	0	0	0	0	0	0	0	0	123.65	110.24	135.78	0	0	0.21282	0	0	9.3643	0	0	0	0.63847	0	0	0	0	0	226.87	0	60.442	834.06	0	0	0	0	0	0	0	230.27	0	1211.4	0	35.116	0.21282	0	1507.9	13.621	0	0.21282	0	1.0641	0	0	0	742.12	0	0	0.63847	88.322	56.186	0	0	100.45	0.21282	495.45	0	0	0	0	0	10.428	64.911	0	0	0	0	0	0	0	0	0	0	0	0	0	0.21282	0	0	0	0	0	59.591	0	0	0	126.84	61.506	0	785.74	0	38.521	0	0.21282	7.0232	0	0	0	0	0	0	0	0	52.355	0	0	0	0	0	0	0	2.5539	0	294.97	0	0	0	0	0	0	0	0	0	0	0	0	0	0	0.21282	0	0	0	0	0	0	38.947	6.8104	0	0	0	0	177.28	178.56	3.1924	0	0	0	0	0	0	0	0	0	0	0	0	0	0.42565	0	0	0	0	0	0	0	0	0	0.21282	0	0	0	0	292.63	492.69	51.078	1507.6	213.25	4044.7	129.4	83.001	77.042	327.32	178.13	487.15	73.637	421.39	644.22	0	255.18	0.63847	36.819	993.67	1256.9	503.75	0	0	0	67.465	0	0	51.716	1179.7	1581.3	983.03	0	0	0	0	1158	0	0	207.72	1608.9	346.48	653.79	736.37	59.165	0	1225.7	0	64.06	1526.8	0	0	0	594.42	0	0	0	0	0	0	0	0	0	0	154.08	0	27.029	0	0	0	280.29	0	0	169.2	0	66.188	0	0	0.21282	65.975	7.4488	0	0	0	0	0	57.888	0	0	0	0	23.411	0	0	0	0	0	0	0	0	82.15	0	0	0	0	0	0	0	0	0	0	1262.1	0.85129	0	0	0	0	0	49.801	0	0	0	0	0	340.09	0	0	0	285.4	67.891	0	0	0	88.535	34.265	0	0	0	0	0	0	0	0	0	437.78	0	0	0	0	0	0	0	0	0	0.21282	0	0	0	0	0	0	0	0	169.62	0	0	0	0	0	0	83.001	0	0	0	0	0	0	0	0	0	0	0	0	0	0	0	0	0	0	0	0	0	0	0	0	0	0	1.2769	0	0	0	56.824	0	0	1.0641	1.0641	0.85129	0.85129	0	0.21282	0.63847	0.21282	0	0	0	0	37.457	0	0	56.186	0.21282	0	0	0	0	0	0	0	0	0	0	0	135.14	252.2	0	9360.4	0	0	0	0.21282	0	0	0	251.56	0	0	0	0.21282	0	0.42565	0	0	0
L226_D09	NP	0	0	0	0	0	0	0	0	0	0	30.107	0	0	0	126.75	56.497	0.37169	0	0	0	0	0	0	0	0.37169	0	0	8.1771	28.62	0.74338	0	0	0	0	0	0	0	0	0	0	0	0	0	0	42.372	23.788	0.37169	0	582.43	0	0.74338	0	0	0	0	0	94.409	58.727	692.08	0	54.638	0	0	827.75	0	0	100.73	0	0	0	0	0	577.6	0.37169	0	0	124.14	0	0	0	1.4868	0	1081.2	0	0	150.53	0	0	135.67	0	0	0	0	0	0	0	0	0	0	0	0	0	0	0	0	0	59.47	0	0	0	0	0	0	275.42	0	0	57.983	0	181.76	0	0	0.37169	0	0	0	0	0	0	0	0	0	0	0	0	0	0	0	0	73.594	0	0	0	0	0	0	0	0	0	0	0	0	0	0	0	0	0	0	0	0	0	0	0	0	0	0	0	0	0	133.81	0	4.0886	0	0	0	0	0	0	0	0	0	0	0	0	0	0.37169	0	0	0	0	0	0	0	0	0	0	0	0	0	0	489.51	0	635.59	514.04	808.42	1180.8	265.76	0	0	698.03	0	225.62	8.1771	188.07	108.16	0	823.66	0	94.037	850.42	657.15	0	0	0	60.214	21.558	0	0	174.32	862.32	311.85	94.409	42.744	0	0	0	1154.8	0	0	312.22	2857.2	521.85	457.18	873.47	180.64	263.53	1122.5	0	0	459.41	1.4868	0	0	1345.5	0	0	0	4.4603	0	0	42.372	0	0	310.73	0	0	70.249	832.95	0	0	0	37.541	0	40.514	14.496	0	0	0	0	0.37169	0	0	0	0	0	0	0	0	0	0	0	0	0	0.74338	0	0	0	0	0	0	66.532	0	0	0	0	0	0	0	0	0	0	944.46	0	98.126	0	0	0	0	0	0	0	0	0	0	280.25	0	0	0	256.46	0	0	0	0	7.8054	937.77	0	0	0	0	0	0	0	0	0	0	0	0	0	0	0	0	0	0	0	0	0	0	0	0	0	0	0	0	0	0	0	0	0	0	0	0	0	0	0	0	0	0	0	0	0	0.37169	0	0	0	0	0	0	0	0	0	0	0	0	0	0	0	0	187.7	0	0	0	0	92.179	0	0	4.8319	0	145.7	0	0	0	0	0	0	0	143.84	123.03	0	0	0	0	0	0	2.2301	0	0	0	0	0	45.718	0	0	348.64	0	0	7815.9	0	0	0	0	0	0	0	0	0	0	0	42.744	0	0	0	0	0
L226_E09	NP	0	0	0	0	0	0	0	1.2564	0	0	66.716	14.826	0	0	0	23.244	0.8795	0	0	0	0	0	0	0	36.185	0	0	39.954	39.326	0	0	0	3.8949	0	0.37693	90.463	0	23.369	0	0.12564	0	0	0	0	20.354	16.71	12.564	34.175	269.13	0	0	0	47.87	0	54.026	0.50257	83.803	0	870.33	101.02	147.25	0	0	979.76	165.09	0	7.4129	0	0.12564	0	0	0	1288.5	0	0	0	32.793	236.84	0	0	538.88	3.2667	312.6	0	34.552	20.228	0	0	131.92	31.034	0	0	46.236	0	0	0	0	0	0	0	0	0	0	0	0	0	74.757	0	555.47	126.4	0	0.25128	49.126	38.572	35.557	0	142.85	0	0	19.977	0.12564	18.469	0	0	0	0	0	0	0	0	21.108	0	0	0	0	0	0	0	0	0	0	0	0	0	0	0	0	0	0	0	0	0	0	0	0	0	0	0	0	0	0	0	0	208.06	55.785	32.039	0	0	138.21	26.51	72.621	0	0	0	0	0	0	0	0	0	0	0	0	0	58.549	0	0	0	0	0	0	0	0	0	0	0	0	0	0	679.1	51.89	75.762	527.7	68.35	3444.4	176.28	0	268.5	210.45	66.59	66.967	0	713.27	721.44	0	323.28	34.929	18.595	470.53	528.58	137.08	0	0	28.772	164.21	0.37693	0	0	364.61	740.16	290.74	0	0	182.56	0	158.81	0	0	115.09	4397.6	69.857	590.14	909.27	41.336	8.5437	418.26	48.624	10.554	82.296	0.37693	0	0	2789.4	0	0	0	72.119	0	0	2.8898	12.69	0	103.91	54.152	0	42.593	135.19	0	0.25128	0	19.475	0	175.52	0	52.267	0	0	153.28	40.457	32.29	168.49	0	35.557	0	0	0	0	0	0	0	273.9	0	0	0	35.054	0	0	26.385	0	52.895	0	0	0	0	0	0	0	0	0	0	514.13	103.28	0	0	0	0	0	31.788	6.5334	0	79.657	128.28	0	483.85	0	66.59	0	453.32	97.373	0	3.8949	0	6.9103	230.43	0	0	0	34.426	0	0	0	0	0	61.439	0	0	0	0	0	0	0	0	0	0	0	0	0	0	0	0	0	0	0	0	0	0	0	0	0	14.826	0	0	0	0	42.216	257.19	0	0	0	0	0	0	101.77	0	0	0	0	0	0	0	0	0	0	0	0	0	170.37	17.841	0	0	86.065	79.029	0	0	0.12564	0	241.99	0	0	0.12564	0	0	0	1.2564	125.77	0	0	0	0.12564	0	0	0	0	0	0	0	0	0	0.12564	0	0	230.43	1.1308	0	7151.9	0	0	0	0	0	0	0	178.66	0	0	0	27.641	0	0	0	0	0
L226_G09	NP	0	0	0	0.11908	0	0	0	0	0	0	203.52	0	0	0	0	0	0	0	0	0	0	0	0	0	0	0	0	24.889	71.451	0	0	41.442	32.272	0	0.11908	0	1.5481	0	0.11908	0.8336	0	0	0	0	61.686	0.59543	0.35726	18.816	412.04	0	0	0.11908	0	0	44.3	0.23817	69.07	75.977	1131.8	0	82.169	0	0	1908.5	0	0	0	0.35726	0.11908	1.5481	0	1.6672	682.96	0	0	17.148	0	38.822	0	0	103.01	0.11908	158.38	0	130.64	24.413	0	0	0	0.23817	0	0	19.649	0.23817	0	0.11908	0	0	0	0	0	0	0	0	0	0	38.226	0	0.11908	0.47634	0	0	0.11908	2.9771	117.3	0	302.24	0	191.85	9.2887	0.11908	95.387	0	0	0	0	0	0	0	0	245.08	0.35726	0	0	0.11908	0.11908	0	0	5.2398	0	270.68	0	0	0.47634	0	0	0	0	0	0	0	0	0	0	0	0.11908	0	0	0	0	453.71	0	0	0	7.2642	0	0	38.703	40.965	145.52	40.013	0.11908	0	0	0	0	0	0	0	0	0	0	0	0	0	0	0	0	0	0	0	0	0	0	0	0	0	0	0	1367.8	0.11908	173.03	1203.4	471.46	2482.4	149.69	18.696	249.25	398.46	31.796	77.525	63.592	488.85	162.91	0	443.71	142.07	128.14	546.72	397.39	324.63	0	0	111.7	172.67	72.047	0	0	600.31	549.82	125.75	20.602	31.915	165.89	0	437.64	0	0	359.4	2798.6	202.45	552.91	1071.1	146.71	147.43	634.01	0	54.184	254.01	2.739	0	0	1306.5	0	0.11908	0	5.1207	0	0	26.437	23.222	0	34.654	119.44	531.48	87.647	167.32	0	99.079	4.6443	0	0	104.68	0.11908	0	0	0	119.2	51.921	74.548	82.883	0	0	0	0	0	0	0	0	0	14.409	0	1.3099	0	13.099	0	0	0	7.5024	86.456	0	0	0	0	0	0	0	0	0	0	889.69	54.065	0	0	0	0	0.11908	0.8336	0	0	0	32.034	0	422.52	0	110.04	0	363.81	32.153	0	0	0	0.11908	2244.5	0	0	0	0	0	0	0	0	0	0	0	0	0	0	0	0	0	0	0	0	0	0	0	0	0	0	0.59543	0.11908	0	0	0	0	0	0	0.23817	0	0	0	0	0	20.244	0	0	0	0	0.35726	0	0	0	0	0	0	0	0	0	0	0	0	0	0	0	0	193.99	0	0	0	146.71	0	0	1.429	0	0.95268	177.56	0	0.35726	1.7863	0	2.2626	0	0	78.596	31.2	0	0	0	0	0	0.11908	0	0	0	0	0	0	0.35726	0	0	372.26	0.11908	0	6094.9	0	0	0	0	0	0.11908	0	348.44	0.11908	0	0	55.137	0.47634	0.11908	0	0	0.23817
L226_D11	NP	0	0	0	0	0	0	0	117.69	0	0	0	0	0	0	0	0	0	0	34.792	0	0	0	0	0	0	0	0	0	8.5907	206.61	0	0	0	0	0	0	0	0	0	0	0	0	0	0	0	30.927	0	0.42954	268.89	0	0	0	0	0	34.792	0	2.1477	0	250.42	0	0	0	0	570.85	0	0	166.23	0	0	0	0	0	414.5	0	0	2.5772	124.57	109.1	0	0	118.12	0	853.06	0	0	0	0	0	0	0	0	0	285.21	0	0	0	0	0	0	0	73.451	0	0	0	0	0	0	0	0	0	126.71	0	0	64.86	173.1	0	0	0	0	0	0	139.17	0	0	0	0	0	0	0	0	0	167.09	0	0	0	0	0	0	0	0	0	0	0	0	0	0	0	0	0	0	0	0	0	0	0	0	19.329	0	0	0	0	0	0	0	0	0	0	0	647.31	264.6	0	0	0	0	0	0	0	0	0	0	0	0	0	0	0	0	0	0	0	0	0	0	0	0	0	0	0	0	0	1338	492.25	81.612	125.85	149.91	5468	341.48	289.08	511.58	134.01	560.97	465.19	33.933	455.74	338.05	0	275.76	284.78	134.87	786.05	1177.4	786.05	0	118.98	0	0	5.584	0	24.913	1646.8	682.96	83.33	0	87.626	68.296	0	693.27	0	0	351.36	3009.8	155.92	962.16	1637.8	0	0	705.3	0	140.46	469.05	0	0	0	277.91	0	0	0	0	0	0	0	0	0	70.444	0	0	73.021	0	0	0	372.41	0	0	489.24	0	0	0	0	206.18	0	0	239.25	0	0	0	0	0	0	0	175.25	0	0	0	0	0	0	0	0	0	0	0	0	0	0	0	0	0	0	0	0	0	1113.4	0	0	0	0	0	0	0	0	0	0	0	0	500.41	0	0	0	0.85907	0	0	0	0	0	424.81	0	0	0	0	0	0	0	0	0	0	0	0	0	0	0	0	0	0	0	0	0	0	0	0	0	0	0	0	0	0	0	0	0	0	0	0	0	0	0	0	0	0	0	0	0	0.42954	0	0	0	0	0	0	0	0	0	0	0	0	0	0	0	0	208.76	0	0	0	184.7	0	0	0	0	0.42954	0	0	0	0	0	0	0	0	3.4363	0	0	0	318.29	0	0	0	0	0	0	0	0	0	0	0	0	122.85	0	0	14990	0	0	0	49.397	0	0	0	0	0	0	0	0	0	0	0	0	1.2886
L227_E01	NP	0	0	0	0	0	0	0	93.936	0	0	1.503	0	0	0	0	0	0	0	145.79	0	0	0	0	0	0	0	0	0	0	0	0	0	0	0	0	0	0	0	0	0	0	0	0	0	0	38.326	0	0	721.42	0	0	0	0	0	170.59	1.503	45.089	0	238.97	0	6.0119	51.101	0	300.59	0	0	109.72	0	0	0	0	0	626.74	0	0	0	0	0	0	0	556.1	0	108.21	0	0	0	0	0	95.438	0	0	0	0	0	0	0	0	0	0	0	0	0	0	0	0	0	3.0059	0	0	0	0	0	0	3.0059	8.2663	0	132.26	0	1.503	0	0	0	0	0	0	0	0	0	0	0	0	256.26	0	0	0	0	0	0	91.681	0	0	0	0	0	0	0	0	0	1.503	0	0	0	0	0	0	0	0	0	0	0	111.22	0	0	0	0	0	0	0	163.07	259.26	0	0	0	0	0	0	0	0	0	0	0	0	0	0	0	0	0	0	0	0	0	0	0	0	0	0	0	0	0	521.53	192.38	282.56	504.25	101.45	3934	259.26	54.858	112.72	110.47	127	44.338	208.91	371.23	291.58	0	402.8	0	139.02	1106.2	268.28	84.918	387.77	108.96	0	0	0	138.27	0	2008.7	383.26	345.68	0	0	150.3	0	269.78	47.343	8.2663	69.888	2056.8	635.76	517.02	870.97	0	0	564.36	211.17	114.23	288.57	6.7634	0	0	1918.5	0	0	0	0	0	0	0	0	0	249.49	0	111.97	0	0	0	1.503	0	0	0	586.91	0	0	0	0	215.68	0	0	0	0	0	0	0	0	0	0	0	0	381	0	0	0	0	0	0	0	75.9	0	0	0	0	0	0	0	0	0	0	0	625.23	0.75148	0	0	0	0	0	67.634	0	0	0	0	30.059	851.43	0	458.4	0	0	0	0	0	0	288.57	2358.9	0	0	0	0	0	0	0	0	0	0	0	0	0	0	0	0	0	0	0	0	0	0	0	0	0	0	0	0	0	0	0	0	0	0	0	0	0	0	0	0	0	0	0	54.858	0	0	0	0	0	0	0	0	0	0	0	0	0	0	0	0	0	0	329.9	0	0	0	156.31	0	0	2.2545	0	0	0	0	0	0	0	0	0	0	0	0	0	0	0	0	0	0	0	0	0	0	51.852	0	0	0	0	281.05	133.76	0	8301.7	0	0	0	0	0	0	0	203.65	0	0	0	0	0	0	0	0	0
L227_F01	NP	0	0	0	0	0	0	0	0	0	0	4.5348	0	0	0	0	275.72	0	0	0	0	0	0	0	96.139	0	0	0	51.697	0	0	0	0	0	0	0	0	10.884	0	0	0	0	0	0	0	0	95.232	106.11	2.7209	188.65	0	0	0	0	0	417.21	0	0	0	2042.5	167.79	1.8139	0	0	2932.2	0	0	0.90697	0	0	0	0	0.90697	149.65	0	0	0.90697	0.90697	0	0	0	101.58	0	3.6279	0	0	0	0	0	0	0	0	0	0	0	0	0	0	0	0	0	0	0	0	0	0	0	0	0	0	0	0	0	272.09	0	215.86	0	383.65	0	0	0	0	74.371	59.86	0	0	0	0	0	0	0	0	0	0	0	0	0	0	0	0	0	0	0	0	0	0	0	0	0	0	0	0	0	0	0	0	0	0	0	0	0	0	0	0	0	1.8139	0	0	0	0	280.25	0	0	0	0	0	0	0	0	0	13.604	0	0	0	0	0	0	0	0	0	0	0	0	0	0	0	0	0	0	0	112.46	62.581	232.18	1140.1	1187.2	926.92	136.04	0	396.35	462.55	161.44	310.18	232.18	345.55	133.32	0	658.46	0	122.44	1387.7	3.6279	95.232	0	0	0	86.162	0	0	0	770.92	278.44	117.91	0	0	0	0	268.46	0	0	365.51	1492	0	344.65	435.35	0	0	504.27	0	52.604	354.63	0	0	0	1159.1	0	0	0	0	0	0	0	0	0	77.092	0	0	215.86	43.535	0	0	513.34	0	0	18.139	0	0	0	0	1129.2	104.3	0	0	0	0	0	0	0	0	0	0	0	0	0	0	0	0	0	0	0	48.069	9.9767	0	0	0	0	0	0	0	0	0	0	727.39	0	0	0	0	0	0	0	0	0	0	0	0	437.16	0	442.6	0	207.7	0	0	0	0	1.8139	261.21	0	0	0	0	0	0	0	0	0	0	0	0	0	0	0	0	0	0	0	0	0	0	0	0	0	0	0	0	0	0	0	0	0	0	0	0	0	0	0	0	0	0	0	74.371	0	0	0	0	0	0	0	0	0	0	0	0	0	0	0	0	0	0	310.18	0	0	0	238.53	0	0	1.8139	0	0.90697	0	0	0	0	0	0	0	0	0	0	0	0	0	0	0	0	0	0	0	0	0	0	0	0	0	158.72	40.814	0	5021.9	0	0	0	0	0	0	0	301.11	0	0	0	0	0	0	0	0	0
L227_G01	NP	0	0	0	0	0	0.16036	0	37.204	0	15.395	87.398	0	0.16036	2.2451	23.573	69.598	2.4054	0.16036	40.732	6.8956	0.32073	0	0	0	0	0	0	0	133.58	97.661	0	0.96218	1.2829	0	0.16036	0	7.2163	0.16036	0.64145	0.16036	0.16036	0.16036	0	0	43.138	43.458	36.242	21.007	476.76	0	0	0.16036	0.64145	0.16036	68.796	0	51.958	0.96218	667.27	14.753	61.259	20.366	0	1650.5	0	0	42.175	0.16036	6.4145	0.48109	0.48109	0.32073	299.08	0	0.48109	12.348	38.006	49.552	0	0	217.77	0.64145	323.13	0	22.451	27.422	0	0	0.48109	0	0	0	46.345	0.16036	0	0.80181	0	0	0	0	0	0	0	0	0	0.32073	0.64145	0	0.16036	73.446	15.074	0	0.16036	76.172	113.06	0	304.21	0.64145	89.964	0	94.133	101.19	0	0	0.16036	0.16036	0	0	0	0.32073	126.85	39.449	0	0	0.80181	0	0	0	35.44	0.16036	69.277	0	0	0	0	0	0	0	0	0	0	0	0	0	0	0.48109	0	0	0	0	0.16036	0	0.16036	0	0	0	0	0.64145	236.7	68.635	0	0	0.16036	0	0.32073	0	0	0	0	0.48109	0	0	0.64145	0	123	0	3.0469	0	0	0.16036	0.16036	12.027	0	0	26.299	0	0.16036	0	0	1043.8	295.71	252.09	2401.6	553.73	4686.1	210.07	157.96	257.7	317.2	240.06	247.12	327.62	966.19	443.56	0	514.44	0.64145	148.18	870.29	424.96	298.6	0	30.469	0.64145	31.752	29.346	34.959	23.734	2172	694.85	366.11	129.57	35.119	44.26	0	381.66	0	19.564	274.22	1169.2	179.29	1096.2	993.45	140.48	66.07	526.95	23.092	79.54	148.34	1.764	0	0	1057.4	0	0	0	0	0	0	0	5.4523	0	0	26.299	120.75	38.006	0	0	65.428	159.24	0.32073	0	150.42	0.16036	22.13	0	0	159.56	45.864	0	46.024	36.402	0	0	0	29.988	0	14.914	24.856	0	1.6036	0	0	0	0	0	0	0	112.89	0.32073	0	0	0	0	0	0	0	0	0	0	996.01	36.402	0	0	0	0	0.16036	106.8	25.979	0	0	0.48109	0	347.67	16.838	187.79	0	58.212	0	0.16036	0	0	30.629	631.51	0	0	0	0	0	0	0	0	0	0	0	0	0	0	0	0	0	0	75.691	0	0	0	0	0	0	0	0	0.16036	0	0	0	0	0	0	0	0	0	0	0	0	50.194	0	0	21.809	0	0	0	0	14.433	0	0	0	0	0	0	0	0	0	0	0.96218	0	0	315.11	0	0	0	145.45	7.5371	0	2.5658	0.48109	28.705	0.32073	1.2829	0.16036	1.1225	0	0	0	0.16036	0.80181	0	0.80181	0.16036	0.64145	0.48109	0	0.16036	0.16036	0	0	0	0	0	0.80181	0	0	651.23	38.647	0	9042.9	0	0	0	0.16036	0	0	0	271.82	0	0	0	22.932	0	1.4433	0	0.16036	0
L227_H01	NP	0	0	0	0	0	0.3469	0	1.0407	0	0	39.547	5.5505	0	1.3876	0	78.747	2.4283	2.4283	0.3469	0	2.0814	0	0.3469	28.446	0.3469	0	0	0	14.223	217.16	0	0	61.055	0	1.0407	1.3876	53.076	1.0407	0.69381	0.3469	0	0.69381	0	0	159.92	172.76	5.2036	5.2036	252.55	1.0407	0	0	0	1.0407	11.101	1.3876	9.7133	1.0407	348.98	60.014	36.425	3.469	0.3469	900.22	0	0	70.075	0.69381	8.6726	0	1.3876	1.0407	310.48	0	0	0	46.485	67.993	0	0	99.908	2.7752	368.07	0	57.239	24.63	0	0.3469	0.3469	0	0	7.285	38.506	1.0407	0	0	0	0	0	0	0	5.8974	0	26.018	0	1.3876	1.0407	0	0	8.3257	0	0.3469	0	65.218	117.25	0	409.35	0.69381	0.3469	351.76	111.01	26.018	0	0	1.3876	0	0	0	0	3.8159	2.4283	133.21	0	0	1.7345	0	0	0	0	0.69381	0	0	0	2.7752	0	0	1.7345	0	0	0.69381	0	0	0	0	1.0407	2.0814	0	0	0	0	0	0	0	0	1.0407	0	0.69381	1.0407	276.14	80.135	98.174	1.7345	0	0	0	0	0	0	0	0	0	0	0	0	0	0	0.3469	0	0	0	0	1.0407	0	0	0	0	0	1.3876	0	356.62	2.4283	223.06	717.05	406.22	2406.5	36.772	0	312.56	255.67	1.7345	188.37	0.3469	371.88	249.08	0	694.15	63.137	0.69381	254.63	271.28	66.605	0	0.69381	82.563	301.81	0	0	0	1229.4	671.26	816.61	0.3469	1.0407	42.669	0	193.92	0	0	230.34	1787.9	168.94	371.19	431.2	67.646	32.956	430.85	0	4.8566	491.22	0.69381	1.3876	0	1697.1	0	0	0	61.402	0	0	43.016	0	0	562.33	0.3469	140.84	223.75	609.86	0	0	168.25	0	0	77.013	0	1.3876	0	0	422.53	0	0	108.58	0	0	0	0	0	2.4283	77.013	0	0	84.991	0	0	0	0	0	0	0	0	34.69	0	0	0	0	0	0	0	0	0	0	473.87	2.4283	0	0	0	0	0	44.751	76.666	0	0	0	0.69381	458.61	0	272.32	0	39.894	1.7345	0	0	29.14	0	4250.6	0	0.69381	0	0	0	0	0	0	0	0.69381	0	0	0	0	0	0	0	0	0	1.0407	0	0	0	0	0	0.3469	0	0	0	0	0	0.69381	0	0	0.69381	0	0	0	0	0	0	0	0.69381	0	0.69381	1.3876	0	0	0	0	0	0	0.3469	0	0	0	0	0	0	0	0	0.3469	206.41	0	0	0	58.28	0.69381	0	1.0407	0	54.811	324.01	0	0	1.3876	0	0.69381	0.69381	0.69381	184.9	2.7752	0	0	0	0	0	0.3469	13.182	0	0	0	0	0	1.3876	0	0	163.74	4.8566	0	3275.1	0	0	0	0	0	0	0	262.26	0	0	0	69.728	0.69381	8.3257	0	0	0
L227_H02	NP	0	0	0	0	0	0	0	157.45	0	0	12.471	0	0	0	0	0	0	0	0	0	0	0	0	0	0	0	0	0	0	0	0	0	0	0	0	0	0	0	0	0	0	0	0	0	0	0	0	1.5589	629.01	0	0	0	0	0	162.9	0	0.77944	0	1874.6	0	151.21	0	0	1569.8	0	0	13.25	0	0.77944	0	0	0	499.62	0	0	0	0	0	0	0	19.486	0.77944	137.96	0	0	70.929	0	0	0	83.4	0	0	0	0	0	0	0	0	0	0	0	0	0	0	0	0	0	0	0	0.77944	0	0	0	0	45.208	0	158.23	0	0	0	0	112.24	0	0	0	0	0	0	0	0	0	0	0	0	0.77944	0	0	0	30.398	0	0	0	0	0	0	0	0	0	0	0	0	0	0	0	0	0	0	0	0	0	0	0	0	0	0	0	0	0	0	1.5589	0	0	0	0	0	0	0	0	0	0	0	0	0	0	0	0	2.3383	0	0	1.5589	0	0	0	0	0	0	0	0	0	188.62	106.78	88.077	1219	0	3608.8	279.04	226.04	776.32	372.57	73.267	0	173.82	1177.7	265.01	0	146.54	0	0	217.46	652.39	189.4	0	0	0	0	0	198.76	77.164	2445.1	928.31	311.78	131.73	0	0	0	462.99	18.707	0	43.649	2851.2	80.282	765.41	544.83	148.87	0	794.25	0	0	316.45	0	0	0	364.78	0	0	0	0	0	0	0	0	0	0	0	481.69	0	1.5589	0	0	0	0	0	412.32	0	0	0	0	176.15	0	0	0	0	0	0	0	0	0	0	0	0	0	0	0	0	0	0	0	0	0	0.77944	0	0	0	0	0	0	0	0	0	0	841.02	0	0	0	0	0	0	0	0	0	66.252	0	0	561.98	11.692	414.66	0	137.96	0	0	81.062	0	0	915.84	0	0	0	0	0	0	0	0	0	0.77944	0	0	0	0	0	0	0	0	0	0	0	0	0	0	0	0	0	0	0	0	0	0	0	0	0	0	0	0	0	0	0	0	0.77944	0	0	0	0	0	0	0	0	0	0	0	0	0	0	0	0	0	0	0	0	0	0	0	13.25	0	0	0	0.77944	0	0	0	0	0	0	0	0	0	0	0	0	0	0	0	0	0	95.871	0	0	0	3.1178	0	0	0	0	422.46	0	0	7886.4	0	0	0	0	0	0	0	152.77	0	0	0	0	0	237.73	0	0	0
L227_C03	NP	0	0	0	0	9.9653	0	0	0	0	0	126.54	0.69525	0	0	0	29.896	1.6223	0	0	0	0	0	0	38.702	0	0	0	19.235	22.712	99.885	0	53.766	0	0	0	0	10.197	0.23175	0.4635	0	0	0	0	0	99.885	80.65	0	45.423	263.27	0	0	0	0	0	123.29	0.4635	1.6223	0	592.36	82.967	144.38	0	0	2288.6	0	0	225.73	0	0.92701	0	0	0	524.45	0	0	0	213.91	40.556	0	0	54.462	0	156.9	0	74.624	97.567	0	0	24.334	0	0	0	0	0	0	0	0	0	0	0	0	0	0	0	0	72.538	0	0	0	0	0	0	0	290.15	114.02	0	634.54	0	107.53	0	0	60.024	0	0	0	0	0	0	0	0	22.943	50.985	0	0	0	0	0	0	0	6.489	60.487	0	0	0	0	0	0	0	0	52.376	0	0	0	0	0	0	0	0	0	0	0	0	0	0	0	0	0	0	0	30.36	51.217	0	0	0	0	0	0	0	0	0	0	0	0	0	1.3905	0	83.199	0	0	0	0	0	0	0	0	0	0	0	0	1125.8	44.265	335.11	1592.4	236.85	2256.3	648.44	27.115	199.07	425.73	47.277	612.52	103.59	1010	838.71	0	791.9	320.51	53.998	1260.7	1071.4	317.27	0	0	0	16.454	4.4033	0	0	615.76	617.85	77.637	33.14	0	121.21	0	335.11	0	1.3905	335.81	1150.9	64.659	606.26	937.9	582.62	142.53	903.6	2.5493	44.265	676.95	0.69525	0	0	485.29	0	0	0	0	0	0	202.32	0	0	194.67	245.89	305.45	499.42	77.405	0	44.96	101.04	0.69525	0	69.294	0	93.396	0	0	581	74.16	43.569	12.746	2.5493	0	13.673	0	0	0	0	0	0	27.115	0	0	121.44	0	0	0	0	101.97	113.56	0	0	0	0	0	0	0	2.5493	0	0	1064.9	0	0	0.4635	0	0	0	34.531	0	0	74.624	0	0	586.56	0	111.47	0	397.45	39.861	0	0	0	17.381	4597.5	0	0	0	0	0.23175	0	0	0	0	0	0	0	0	0	0	0	0	0	0	0	0	0	0	0	0	0	0	0	0	0	0	0	0	0	0	0	0	0	0	0	0	0	0.23175	0	0	0	0	0	0	0	0	0	0	0	0	0	0	0	0	0	0	0	166.86	0	0	7.6478	90.615	0	0	0	0	0.92701	463.04	0	0	0	0	0	0	0	51.449	88.529	0	0	0	0	0	0	1.1588	0	0	0	0	0	0	0	0	412.05	187.72	0	5879.3	0	0	0	0	0	0	0	69.294	0	0	0	13.905	0	1.3905	0	0	0
L227_E03	NP	0	0	0	0	27.499	0	0	4.2305	0	4.2305	106.07	0	0	0.60436	0	52.277	0	0.60436	0	0	0	0	0	0	4.8349	0	0	0	59.832	0	0	0	131.45	0	0	0	25.988	0	0	0.60436	0	0	0	0	0.30218	59.228	18.131	0.30218	208.51	0	0	0	1.8131	0	56.508	0.30218	0	0	180.7	0	0	0.60436	0	945.53	193.4	0	24.477	0.30218	0.60436	0.60436	0	0.60436	51.069	0.60436	0	0	26.592	57.415	0	0	212.43	0	164.39	0	88.539	5.7414	0	0	90.05	48.651	0	0	0	91.863	0	38.075	0	0	0	0	0	43.514	0	0	0	0	104.56	0	0	2.1153	0	0	0	0	0	0	163.48	0	18.433	0	0	0	0	0	0	0	0	0	0	0	71.617	82.193	0	0	0.30218	0	0	0	11.181	0	33.24	0	0	0	0	0	0	0	0	17.527	0	0	0	0	0	0	0	0	0	0	0	0	0	105.46	0	0	0	0	199.44	443	1.5109	0	0	0	0	0	0	0	0.60436	0	0	0	0	0	188.26	0	0	0	0	0	0	0	0	0	0	0	0	0	138.7	1082.7	62.551	77.358	1765	174.96	5859.6	186.14	0	243.26	11.785	104.86	330.89	338.44	740.34	56.81	0	430.31	0	144.44	438.46	422.75	142.02	0	0	0	39.888	0	0	45.932	1208.1	281.33	320.01	30.218	0	0	0	307.32	20.246	0	0	1327.5	236.91	497.99	544.23	3.6262	68.897	986.02	0	80.682	107.27	0.60436	0	0	868.17	0	0	0	0	0	0	0.60436	0	0	120.57	20.548	33.542	183.42	0	0	31.729	100.63	0	0	132.05	21.757	0	0	0	153.51	128.43	0	47.14	0	0.30218	18.433	0	0	0	0	140.51	0	143.54	0	0	0	42.608	0	0	0	22.059	1.5109	0	0	0	0	0	0	0	0	0	0	824.05	0	0	0	0	0	0	56.206	53.788	0	3.0218	48.953	0	272.87	35.053	82.798	0	272.57	91.561	0	0	0	89.748	2137.9	0	0	0	0	0	0	0	0	0	0.60436	0	0	0	0	0	0	0	0	0	0.30218	0	0	0	0	0	23.872	0	125.71	0	0	0	0	0	0	0	0	0	0	0	0	26.894	0	0	0	0.30218	0	0	0	0.60436	0	0	0	0.30218	0	0.30218	0.90654	0	0	0	0	0	68.897	208.2	0	0.30218	0	0	19.944	0	1.5109	0.30218	45.932	0	0	0	15.713	0	0	0	15.109	5.7414	0.30218	0	0	0	0	0	0.60436	0	80.078	0	0	0	0	0	0	0	253.53	56.81	0	11853	0	0	0	28.405	0	0	0	526.1	0	0	0	0	0	0	0	0	0
L227_G03	NP	0	0	0	0	0	0	0	99.352	0	0	141.76	0	0	0.49306	0	59.66	0	0.24653	54.237	0	0	0	0	0	0	0	0.24653	0	0.49306	244.07	0	0	0.73959	0	0	20.215	60.4	1.9722	50.539	0.49306	0	0	0	0	111.93	39.938	23.667	0	420.83	0	0	0	0	0	86.286	0	0	0	182.68	0	55.716	0	0	1604.9	0	0	52.511	0	0	0	0	0.24653	784.22	0.24653	0	7.1494	0	61.14	0	0	498.73	0	410.23	0	29.091	11.094	0	0	56.702	0.24653	0	0	0	0	0	0	0	0	0	0	0	8.1355	0	0	0	39.692	23.42	0	0	0	0	0	0.24653	14.792	0	0	199.44	0	6.9029	0	0	9.3682	0	0	0.24653	0	0	0	0	0	31.309	56.702	0	0	0	0	0	0	17.011	0	0	0	0	0	0	0	0	1.2327	0	0	0	0.24653	0	0	0	0.49306	0	0	0	0	0	0	0	0	0	0	0	0	258.12	119.32	0.49306	0	0	0	0	0	0	0.49306	0	0	0	0	0	0	2.4653	0	0	0	0	0	0	0	0	0	0	0	9.3682	0	0	972.07	280.31	254.91	1024.8	884.8	6016.6	406.28	104.28	157.53	259.84	142.99	471.61	330.35	1033.7	535.47	0	302.99	6.6563	75.438	581.57	1270.6	215.47	45.608	32.789	10.601	141.51	86.779	20.462	152.6	1012.8	1021.1	390.51	0	56.702	232.73	0	391.49	0	29.091	53.744	1118	122.28	875.18	850.53	46.594	51.278	320.74	0	73.959	609.18	0.73959	0	0	1186.3	0	0	0	0	0	0	0.24653	0	0	227.05	0	1.2327	108.72	0	0	0	41.91	0	0	57.935	0	0	0	0	370.29	0	0	32.789	71.001	0	0	0	0	0	0	0	0	151.86	0	0	0	0	0	0	0	43.636	2.4653	0	0	0	0	0	0	0	0	0	22.188	701.63	144.71	0	25.393	0	0	0	67.303	0	0	0	0.73959	19.476	425.02	0	130.66	106.99	299.29	160	0	0	0	69.275	1529.2	0	0	0	0	48.32	0	0	0	0	0	0	0	0	0	0	0	0	0	0	0	0	0	0	0	0	0	0	0	0	0	0	0	0	0	0	0	0	0	0	0	0	0	0	44.376	0	0	0	0	215.71	0	0	0	0	0	0	0	0	0	0	0	0	0	277.35	0	0	0	87.765	0	0	0.24653	0	0.49306	1.4792	0	0	0.24653	0	0	0	0	0	0.24653	0	0	0	0	0	0	0	0	0	0	0	0	0	0	0	374.48	77.904	0	8701.3	0	0	0	74.699	0	0	0	183.67	1.2327	0	0	0	0	3.698	0	0	0
L227_H05	NP	0	0	0	0	0	0	0	0.72777	0	0	278.01	0	0	0.36388	64.407	193.22	1.0917	0	0	0	0	0	0	61.132	0	0	0	295.47	38.208	0	0	28.019	0	0	0	0	0	0	0	0.36388	0	0	0	0	57.13	146.65	0.72777	0	396.27	0	0	0	0	0	28.747	0	0	11.644	810	0	40.755	0	0	1862.3	0	0	174.3	0	0.36388	0	0	0	671.73	0	0	0	120.08	0	0	0	116.81	2.5472	343.51	0	22.561	27.655	0	0	0	0	0	0	0	0	0	0	0	0	0	0	0	0	0	0	0	0	0	0	0	0	30.202	0	0	4.7305	106.25	0.36388	321.67	0	64.771	0	0	12.736	0	0	0	0	0	0	0	0	0	36.388	0	0	0	0	0	0	0	0	0	0	0	0	0	0	0	0	0	0	0	0	0	0	0	0	0	0	0	0	0	0	0	0	0	0	0	0	191.04	346.42	33.841	0	0	0	0	0	0	0	0	0	0	0	0	0	0	0	0	0	0	0	0	0	0	0	0	0	49.488	0	0	1540.3	66.227	75.688	2478	1296.5	3931.8	228.88	33.841	344.96	470.14	96.065	116.08	7.6415	364.97	48.033	68.41	153.56	1.0917	0.72777	1609.1	331.13	33.477	0	0	12.736	353.69	0	28.747	0	920.99	601.5	536.73	29.475	0	48.033	0	879.5	0	0	57.493	799.09	298.02	541.46	839.48	94.246	0	553.1	232.16	19.65	276.19	0.36388	0	0	360.61	0	0	0	0	0	0	0	0	0	66.59	0	0	8.0054	0	0	3.2749	0	0	0	156.47	0	41.847	0	0	213.24	24.744	0	79.69	0	0	0	0	0	0	0	62.588	0	255.81	0	0	0	25.108	0	0	0	0.36388	132.82	0	0	0	0	0	0	14.191	0	0	0	766.34	21.105	0	0	0	0	0	31.294	0	0	6.5499	0	0	541.82	0	119.72	0	124.08	0	0	0	0	34.569	116.81	0	0	0	0	0	0.36388	0	0	0	0	0	0	0	0	0	0	0	0	0	0	0	0	0	0	0	0	0	0	0	0	0	0	0	0	0	0	0	0	0	0	59.677	0	0	0	0	4.3666	0	0	27.291	0	0	0	0	0	0	0	0	0	0	0	0	0	141.19	0	0	0	82.601	0	0	0.36388	0	28.383	29.838	0	0	0	0	0	0	0	0.36388	0	0	0	0	0	0	0	0.72777	0	0	0	0	0	0	0	0	294.74	0	0	6223.9	0	0	0	32.749	0	0	0	291.47	0	0	0	27.291	0	0	0	0	0
L227_G06	NP	0	0	0	0	0	0	0	46.695	0	19.031	133.74	23.26	0.17621	0.17621	0	20.793	424.49	0	51.453	0.17621	111.19	0	12.863	0	272.42	0	0	32.951	116.3	0	0	115.24	17.268	0	0	0	0.17621	12.863	0	92.51	43.524	0	0	29.779	80.704	44.405	58.501	562.11	528.98	0	0	0	0	0	0	67.664	81.937	0.52863	231.36	6.6959	47.048	117.18	0.17621	657.79	0	0	102.55	3.5242	27.665	0	0.35242	81.761	228.37	20.088	14.802	1.4097	0	0.52863	0	0	184.49	54.801	546.6	0	13.92	15.33	0	0	134.62	22.907	0	7.0483	5.6387	6.5197	0	0	0	0	0	16.211	13.92	63.259	0	0	0	0	0	0	0	30.66	0	0	0	19.735	101.14	0	73.655	23.612	71.365	0	49.691	34.185	0	0	0	0	0	0	0	2.1145	10.925	57.268	0	0	0	0	0	0	93.919	56.211	6.8721	0	0	0	0	0	0	0	0	8.458	0	0	0	0	0.17621	28.546	0	0	0	0	59.03	0	20.264	56.211	18.854	0	0	13.744	75.594	30.308	106.61	1.5859	0	0	0	12.335	0	0	0	21.145	0	0	0	0	20.088	0	0	0	0	0	0	0	0	0	2.4669	0	0	0	0	427.13	117.88	149.6	399.29	4.229	2645.6	21.85	30.484	105.9	97.091	41.585	134.8	14.449	439.64	135.68	14.273	104.67	17.621	109.78	492.86	320.52	31.189	0	37.533	0	22.907	77.356	0	26.255	970.21	401.76	216.03	15.859	0	30.132	0	342.55	0	0	31.894	1251.3	64.14	628.18	510.65	75.241	0	363.34	4.0528	32.07	127.4	0.35242	0	0	1992.9	0	0	0	0	0	0	26.431	0	0	169.34	0	16.387	19.207	81.409	0	18.854	31.013	33.656	0	195.59	0.52863	0	5.1101	0	167.22	19.912	0	73.303	34.889	98.501	0	64.14	0	0	67.84	44.405	0	253.04	0	0	0	0	0	0	0	196.47	27.136	0	0	0	0	0	0	0	0	0	0	252.33	236.12	0.35242	63.435	0	0	0	83.171	4.5814	0	0	106.43	15.506	289.51	4.7576	125.28	0	215.15	2.2907	0	0	0	0	3856.5	19.031	0	5.4625	322.64	58.501	49.867	0	2.4669	0	31.189	0	0	0	0	0	0	0	0	0	59.03	0	0	0	0	0	150.31	0	0.17621	0	0	0	0	0	0	43.347	8.458	0	0	0	0	60.087	0	0	0	0	28.37	0.35242	0	16.211	0	0	0	0	0	0	0	0	0	0	0	0	0	523.87	0	9.5153	0	32.07	8.6342	0	494.09	52.334	214.62	353.48	0	234.71	285.63	0	10.22	8.458	39.118	61.321	0	8.1056	2.9955	28.546	19.912	0	171.8	118.76	42.995	0	25.903	1.7621	0	48.281	36.123	0	524.75	115.24	0	8431.6	0	0	0	52.51	0	0	0	299.73	0	0	0	67.664	116.47	55.858	0	0	0
L227_G07	NP	0	0	0	0	0	0	0	0	0	0	0	0	0	0	0	0	0	0	0	0	0	0	0	0	0	0	0	0	0	0	0	0	0	0	0	0	0	0	0	0	0	0	0	0	0	0	0	0	0	0	0	0	0	0	0	0	0	550.96	0	0	0	0	0	550.96	0	0	0	0	550.96	0	0	0	0	0	0	0	0	0	0	0	0	0	0	0	0	0	0	0	0	0	0	0	0	0	0	0	0	0	0	0	0	0	0	0	0	0	0	0	0	0	0	0	0	0	0	0	0	0	0	0	0	0	0	0	0	0	0	0	0	0	0	0	0	0	0	0	0	0	0	0	0	0	0	0	0	0	0	0	0	0	0	0	0	0	0	0	0	0	0	0	0	0	0	0	0	0	0	0	0	0	0	0	0	0	0	0	0	0	0	0	0	0	0	0	0	0	0	0	0	0	0	0	0	0	0	0	0	0	0	550.96	0	0	0	0	550.96	0	0	0	0	0	0	0	0	0	0	0	0	0	0	0	0	0	0	0	0	0	0	0	0	1652.9	0	0	0	0	0	550.96	0	0	0	1101.9	0	0	0	0	0	0	0	0	0	0	0	0	0	0	0	0	0	0	0	0	0	0	0	0	0	0	0	0	0	0	0	0	0	0	0	0	0	0	0	0	0	0	0	0	0	0	0	0	0	0	0	0	0	0	0	0	0	0	0	0	0	0	0	0	0	0	0	0	0	0	0	0	0	0	0	0	0	0	0	0	0	0	0	0	0	0	0	1652.9	0	0	0	0	0	0	0	0	0	0	0	0	0	0	0	0	0	0	0	0	0	0	0	0	0	0	0	0	0	0	0	0	0	0	0	0	0	0	0	0	0	0	0	0	0	0	0	0	0	0	0	0	0	0	0	0	0	0	0	0	0	0	0	0	0	0	0	0	0	0	0	0	0	0	0	550.96	0	0	550.96	0	0	550.96	0	0	0	0	0	0	0	0	0	0	0	0	0	0	0	0	0	0	0	0	0	0	0	0	2203.9	0	0	0	0	0	0	0	0	0	0	0	0	0	0	0	0	0
L227_A11	NP	0	0	0	0	0	0	0	0	0	0	0	0	0	0	0	242.71	0	0	0	0	0	0	0	0	0	0	0	0	0	0	0	0	2.4392	0	0	0	0	0	0	0	0	0	0	0	76.227	92.692	0	1.2196	523.83	0	0	0	0	0	0	0	0	0	792.15	177.46	34.15	0.60981	0	2186.2	0	0	68.299	0	0	0	0	0	631.77	0	0	119.52	0	315.88	0.60981	0	313.44	0.60981	35.979	0	122.57	0	0	0	0	0	0	0	0	0	0	0	0	0	0	0	0	0	0	59.762	0	0	0	0	0	1.8294	0	0	0	166.48	96.351	89.033	92.082	0	42.077	0	1.8294	0	0	0	0	0	0	0	0	0	207.34	0	0	0	0	0	0	0	0	0	0	0	0	0	0	0	0	0	0	0	0	0	0	0	0	0	0	0	0	0	0	0	0	0	0	0	0	0	87.203	5.4883	266.49	0	0	0	0	0	0	0	0	0	26.832	0	0	0	0	0	0	0	0	0	0	0	0	0	0	0	0	0	0	727.51	0	137.21	1703.8	126.23	3561.9	170.14	0	96.96	547.61	153.67	218.92	167.09	898.26	189.65	0	509.8	0	85.984	300.03	236.61	272.59	0	68.299	225.63	109.16	0	0	0	855.57	476.26	1370.9	0	0	1033	0	320.15	0	0	275.03	1126.3	150.62	472.61	502.49	498.22	0	267.1	9.757	126.23	93.911	0	0	0	1102.5	0	0	0	0	0	0	105.5	0	0	164.65	81.105	71.348	109.77	178.07	0	160.38	0	67.079	0	400.04	0	0	0	0	354.3	0	116.47	106.11	22.563	0	0	0	0	23.173	0	0	0	15.245	0	0	0	0	0	0	0	0	61.591	0	0	0	0	0	0	0	0	0	0	492.73	0	0	0	0	0	0	0	0	0	0	0	0	338.45	0	68.909	0	270.15	0	0	0	0	143.31	935.45	0	0	0	0	0	0	0	0	0	0	0	0	0	0	0	0	0	0	0	0	0	0	0	0	0	0	0	0	0	0	0	0	0	0	0	0	0	0	0	0	0	0	0	0	0	0	0	0	0	0	0	0	0	0	0	0	0	0	0	0	0	0	206.12	0	0	0	75.007	0	0	0	0.60981	44.516	167.7	0	0	0	0	0	0	0	0	0	0	0	0	0	0	0	0	0	0	0	0	0	0	0	0	507.36	0	0	5649.3	0	0	0	0	0	0	0	0	0	0	0	235.39	0	0	0	0	0
L227_F12	NP	0	0.69167	0	0	0	0	0	72.625	0	0	1.3833	0	0	1.3833	0	0	0	0	0.69167	0	0.69167	0	0	0	0	0	0	0	0	0	0	0	0	0	0	0	2.075	0	0	0	0	0	0.69167	0	91.3	83	0.69167	0	172.23	0	0	0	0	0	171.53	0	84.384	0	1294.8	81.617	100.29	0	0	197.13	0	0	0	0	0.69167	0	0	0.69167	177.07	0	0	0	314.71	0	0	0	79.542	0	1599.1	0	213.03	0	0	0	0	0	0	0	0	0.69167	0	0	0	0	0	0	0	0	0	0	0	0	0	0	0	0	0	0	0	0	148.71	0	178.45	0	296.73	0	0	0	0	0	0	0	0	0	0	0	11.067	163.93	0	0	0	0	0	0	0.69167	0	0.69167	0	0	0	0	0	0	0	0	0	0	1.3833	0	0	0	0	0	0	0	0	0	0	0	2.7667	0	0	0	0	126.58	0	50.492	0	0	0	0	0	0	0	0	0	0	0	0	0	0	0	0	0	0	0	0	0	0	0	0	0	0	0	0	832.77	249	0	3643	2588.2	6223	40.117	0	196.43	657.78	0	170.84	11.758	62.25	256.61	0	148.71	176.38	0	1624.7	162.54	0	0	0	0	0	0	0	0	181.22	449.58	295.34	0	0	120.35	0	101.68	0	0	0	2600	0	2082.6	446.13	13.142	0.69167	810.64	0	0	1421.4	0	0.69167	0	0.69167	0	0	0	0	0	0	1.3833	0	0	81.617	50.492	83.692	115.51	0	0	176.38	0	0	85.075	183.98	0	0	0	0	0	0	0.69167	68.475	0	0	0	0	0	0	0	0	0	0	0	0	0	0	0	0	0	0	8.9917	0	0	0	0	0	0	0	0	0	0	379.73	0	0	0	0	0	0	0	0	0	0	0	0	1064.5	0	0	0	302.95	0	0	0	0	169.46	2.075	0	0	0	0	0	0	0	2.075	0	58.792	0	0	0	0	0	0	0	0	0	0	0	0	0	0	0	0	0	0	0	0	0	0	0	0	0	0	0	0	0	0	0	0	0	0	0	0	0	0	0.69167	0	0	0	0	0	0	0	0	0	0	0	0	0	174.99	0	0	0	100.98	127.96	0	0	0	0	148.02	0	1.3833	5.5334	0	0	0	0	0	0	0	0	0	0	0	0.69167	0	0	2.075	0	0	0	0	0	0	150.09	2.075	0	13374	0	0	0	0	0	0	0	0	0	0	0	0	1.3833	0	0	0	0
L228_G02	NP	0	0	0	0	0	0	0	0	0	0	0	0	0	1.9904	0	188.29	1.1942	0	0	0	0	0	0	0	0	0	0	0	58.517	0	0	0	0	0	0	0	0	0	0	0	0	0	0	0	0	38.215	0	1.1942	166.79	0	0	0	0	0	52.546	0	0.39808	0	1550.1	0	113.85	0	0	2341.9	0	0	181.92	2.3885	2.3885	0	0	0	465.75	0.79615	0	0	298.95	0	0	0	157.64	0	4.3788	0	0	0	0	0	0.79615	0	0	0	0	0	0	0	0	0	0	0	0	0	0	0	0	0	95.936	0	0	32.642	0	0	0	65.683	225.71	0	15.525	0	11.146	0	0	0	0	0	0	0	0	0	0	0.39808	525.06	0	0	0	0	0	0	0	0	31.846	111.06	0	0	0	0	0	0	0	0	0	0	0	0	0	0	0	0	0	0	0	0	0	0	0	4.7769	0	0.39808	0	50.158	0	132.96	0	0	0	0	0	0	0	0	0	0	0	0	0	0	0	108.68	0	0	0	0	0	0	0	0	0	0	0	0	207	0	259.94	1997.9	46.973	1839.5	263.53	0	115.04	553.72	2.7865	272.28	0	494.41	230.49	0	503.17	0	48.565	652.84	410.02	302.94	0	0	44.983	0	0	0	39.808	1397.7	404.05	63.692	0	0	91.16	0	419.57	0	0	81.208	558.5	114.65	968.92	483.66	93.15	52.944	601.49	0	64.488	99.121	0	0	0	202.22	0	0	0	0	0	0	210.18	0	0	391.71	0	119.82	0	113.05	0	123.01	0	0	0	31.448	0	0	0	0	1.1942	136.54	0	0	0	0	0	0	0	137.73	0	0	0	0	0	0	0	0	0	0	0	0	0.39808	0	0	0	0	0	0	0	0	0	0	1011.9	0	0	0	0	0	0	0	4.3788	0	0	0	0	498.39	0	279.45	0	306.12	0	0	0	0	116.64	179.13	0	0	0	0	0	0	0	0	0	0	0	0	0	0	0	0	0	0	0	0	0	0	0	0	0	0	0	0	0	0	0	0	0	0	0	0	0	0	0	0	0	0	0	0	0	0	0	0	0	0	0	0	0	0	0	0	0	0	0	0	0	0	68.071	0	0	0	109.47	0.39808	0	0.79615	0	462.17	206.2	0	0	0	0	0	0	0	199.44	0	0	0	1.1942	0	0	0	0	0	0	0	0	0	0	0	0	245.61	0	0	8854.8	0	0	0	0	0	0	0	218.94	0	0	0	0	0.39808	0	0	0	0
L281_G01	NP	0	0	0	0	92.618	0	0	0	0	0	88.129	0.74813	0	0	124.94	55.361	0	0	0	0	0	0	0	0	0	0	0	0	78.553	0	137.36	0	0	0	0.29925	0	2.5436	0	0	3.591	0.29925	0	0	0	1.3466	0.44888	0.44888	1.4963	16.758	0	0	0	0.44888	0	44.139	0	192.87	0	316.01	49.376	0	141.4	0	1210.2	2.0947	0	0.29925	3.1421	0.5985	0	0	0	57.755	1.0474	0	88.428	0	0	0	0	71.67	0	176.71	0	96.957	0	0	1.7955	172.37	0	0	0	66.882	0	0	0	0	0	0	0	0	0.44888	0	0	0	0.14963	0	0	0	2.0947	1.0474	0	0	296.86	0	0	35.91	0	106.08	0	0.44888	0	0	0	0	0	0	0	0	0	0	9.1271	0	0	0	0	0	0	0	0.14963	0.29925	0	0	0	0	0	0	0	0	0	0	0	0.29925	0	0	1.6459	0	0	0	0	0	0	0	0.74813	0	0	0	0	213.81	147.83	13.167	0	0	0	0	0	0	0	0	0.44888	0	0	0	0	105.79	0	0	0	0	0	0	0	0	0	0	0	0	0	0.74813	0.5985	128.98	2.9925	1044.4	145.74	8564.7	0	215.01	27.531	45.187	6.5835	363.44	138.55	574.56	122.24	0	537.75	0	0	592.07	135.71	334.26	153.96	0	0	0	0	0	0	2128.6	491.22	183.44	0	0	0	0	733.76	0	70.174	288.78	570.22	421.2	582.94	513.21	65.237	156.21	432.72	210.97	0	161.15	0	0	0	146.33	0	0	0	0	0	0	0	0	0	120	0	193.62	78.852	0	0	0	2.2444	0	0	174.16	0.14963	0	0	0	0	121.64	0	98.304	75.411	0	0	0	0	0	264.99	124.04	0	44.888	0	0	0	0	0	0	0	0	341.74	0	31.272	0	0	0	0	0	0	0	0	374.51	60.299	0	0	0	0	0.14963	0	0	0	0	1.7955	1.6459	186.43	70.773	251.07	0	1.0474	0	0	0	0	186.73	223.84	0	0	121.2	0	0	0	0	0	0	0	0	0	0	0	0	0	0	0	0	0.5985	0	0	0	0	0	0	0	0	0	0	0	0	0	0	0	0	0	0	0	0	0	0	0.14963	0	0	0	0	0	0	56.558	0	0	0	0	0	0	0	0	0	0	0	0	16.459	0	0	0	124.34	0	0	0.14963	0	0	1.4963	0	0	2.2444	0	0	0	0	11.671	0	0	0	0.14963	0	0	0	0	0	0	0	0	0	0	0	0	151.42	1.197	0	9655.5	0.29925	0	0	0	0	0	0	304.04	0	0	0	178.05	0	0	0	0	0
L281_H02	NP	0	0	0	0	0	0	0	191.92	0	0	2.1325	0	0	2.1325	0	24.95	1.2795	0	0	0	0	0	0	139.68	0	0	0	0	0	0	0	0	272.74	0	0	0	210.48	0	0	0	0	0	0	0	0	0	0	0	419.03	0	0	0	131.15	0	0	0	2.559	0	0.85299	162.71	236.07	0	0	602.42	345.46	0	138.82	0	0	0	0	0	78.901	0	0	0	0	0.21325	0	0	0.21325	0	274.24	0	0.42649	0	0	0	2.559	0	0	0	0	241.18	0	0	0	0	0	0	1.4927	0	0	0	0	0	0	0	0	1.0662	0	0	0	84.659	0	0	3.1987	0	0	0	2.9855	0	0	0	0	0	0	0	0	0	167.61	0.42649	0	0	0	0	0	0	0	0	140.32	0	0	0	0	0	0	0	0	0	0	0	0	0	0	0	0	0	0	0	0	0	0	55.018	0	0	0	0	0	0	0	0	0	0	0	0	0	0	0	0.21325	0	0	175.72	0	272.74	0	90.843	0	0	0	0	0	0	0	0	0	0	0	0	277.86	0	132.64	1521.3	34.12	783.04	0	0	331.17	137.12	0	223.48	0	280.21	393.23	0	619.06	0	171.66	415.19	426.71	0	0	0	0	0	0	0	0	579.39	906.09	3.8384	0	142.88	0	0	149.7	0	0	113.02	1225.7	0	870.9	296.63	250.99	100.65	402.82	0	0	5.9709	0	0	0	2040.3	0	0	0	44.782	0	0	245.87	0	0	1035.7	0	359.11	0	158.02	0	0	240.97	0	0	21.965	0	0	0	0	690.28	190.64	119.63	267.63	0	0	0	0	0	0	0	0	0	0	0	0	0	0	0	0	0	0	0	0	0	0	0	0	0	0	0	0	0	725.25	0	0	0	0	0	0	0	0	0	0	0	0	0.21325	0	277.43	0	2.9855	78.262	0	0	0	0	1527.9	0	0	0	0	0	0	0	0	0	0	0	0	0	0	0	0	0	0	0	0	0	0	0	0	0	50.753	0	0	0	0	0	0	0	0	124.75	0	0	0	0	0	0	0	0	0	0	0	0	0	0	0	0	0	0	0	0	0	0	0	0	0	0	0	0	0	0	0	0	0.21325	0	0.21325	0	0	717.58	0	0	0	0	0	0	0	201.31	0	0	0	709.69	0	0	0	0	0	0	0	0	0	0	0	0	143.51	0	0	8446.7	0	0	0	0	0	0	0	0	0	0	0	329.89	0	0	0	0.21325	0
L281_F03	NP	0	0	0	0	0	0	0	0	0	0	0.15504	0	0	0.15504	0	184.34	0	0	0	0	0.7752	0	0	0	0	0	0	0	0	0	0	0	0	0.15504	0.46512	0	4.4962	0	0	0.62016	0	0	0	0	252.41	0.15504	0.46512	0.62016	178.14	0	0	0	0	0	2.6357	0	0	0	796.13	0	0.7752	0	0	1114.4	0.15504	0	229.62	0.62016	2.1706	0	0	1.3954	78.915	1.2403	0	0	0.15504	101.4	0	0	112.25	24.806	205.89	0	77.675	0	0	0	0	0	0	0	0	0.15504	0	0	0	0	0	0	0	0	0	0	0	0.15504	1.2403	0	0	0	0	0	1.8605	0	0	0	0	0	0	0	2.4806	0	115.66	0	0	0	0	0	0	0.46512	123.26	179.54	0	0	0	0	0	0	0	0	0	0	0	0	0	0	0	0	0	0	0	0	0	0	0	2.0155	0	0	0	0	0	0	0	0	0	0	0.62016	0	0	80.156	166.98	0	0	0	0	0	0	0	0	0	0	0	0	0	0	0	0	0	0	0.15504	0	0	0	0	0	0	0	0	0	133.96	0	79.536	1102.2	0	1852.7	0.15504	0	55.66	9.6125	297.06	410.08	88.063	175.04	232.71	0	157.52	0	0	30.388	628.07	0	15.349	56.435	0.46512	29.613	0	0	0	1388.8	0.62016	159.07	7.4419	0	106.2	0	864.82	0	0	31.473	1334.1	123.57	666.21	117.83	278.76	77.055	410.24	11.473	151.01	41.396	0	0	0	563.73	0	0	0	0	0	0	184.96	0	0	351.63	82.016	168.06	231.63	124.96	0	68.218	248.22	0	0	36.279	0	0	0	0	262.17	0	24.496	0	0	0	0	0	0	0	0	0	0	112.87	0	0	0	0	0	0	0	0.31008	2.1706	0	0	0	0	0	0	0	0	0	0	736.29	0	0	0	0	0	0	0	0	0	0	0.15504	0	320.62	0	167.29	0	8.8373	0	0	0	0	301.09	0	0	0	0	0	0	0	0	0	0	0.15504	0	0	0	0	0	0	0	0	0	0	0	0	0	0	0	0	0	0	0	0	0	0	0	0	158.92	0	0	0	0	0	0	0	0	0.7752	0	0	0	0	0.15504	0	0	0	0	0	0	0	0	0	0	0	0	0	0	0	0	0	0	0	0	0.7752	0	0	409.46	0	0	0.15504	0	0	0	0	0	0.15504	0	0	0	0	0	0	0	0	0	0	0	0	0	0	0	111.32	0	0	17260	0	0	0	0	0	0	0	199.38	0	0	0	0	0	0	0	0	0
L281_F05	NP	0	0	0	0	0	0	0	0	0	0	133.32	0.22258	0	0	0	0	0	0	0	0	0	0	0	0	0.44515	0	0	0	0	0	0	0	0	0	0	0	7.345	0	0	0	0	0	0	0	0	0	0	0	226.58	0	0	0	0.22258	0	7.1225	0	0.89031	0	314.28	0	0	56.089	0	1740.1	526.39	0	0	3.3386	0	0	0	0	209	0	0.66773	0	336.76	0.89031	0	0	260.86	0	460.73	0	371.26	111.73	0	0	0	0	0	0	0	0	0	0	0	0	0	0	0	0.22258	0	0	0	0	0	0	0.22258	0	0	0	0	259.52	0	0	0	0	18.029	0	0	0	0	0	0	0	0	0	0	0	0	0	0	0	0	17.361	0	0	70.334	0	0	0	0	0	0	0	0	0	0	0	0	0	0	0	0	0	0	0	0	0.22258	0	0	0	349	0	0	0	0	123.31	0	2.8935	0	0	0	0	0	0	0	0	0	0	0	0	0	0	0	14.467	0	0	0	0	0	0	0	0	0	561.12	0	0	146.9	0	149.57	922.14	0	1508	619.88	8.4579	52.306	205.66	0	112.62	0	97.266	249.29	0	973.55	21.813	0	1398	1015	320.07	0	0	0	1094.9	0	0	0	850.02	16.916	82.799	0	0	0	0	1577.8	30.938	0	121.53	302.48	302.26	848.91	46.296	221.02	237.04	615.87	0	387.51	279.33	0	0	0	1096	0	0	0	93.705	0	0	0	0	0	182.51	0	0.89031	116.41	0	0	0	98.156	0	0	219.02	0	0	0	0	0	0	210.34	0	44.07	0	0	0	0	0	0	0	0	0	0	0	0	0	0	0	0	0	89.476	0	0	0	0	0	0	191.64	0	0	0	558.89	0	0	0	0	0	0	0	0	0	0	0	0	389.73	0	220.8	0	752.98	0	0	0	0	0	0	0	0	0	0	0	0	0	0	0	0	0.44515	0	0	0	0	0	0	0	0	0	0	0	0	0	0	0	0	0	0	0	0	0	0	0	0	0	0	0	0	0	0	0	0	0	0	0	0	0	0	0	0	0	0	0	0	0	0	0	0	0	0	0	0	0	0	0	88.363	0	0.44515	0	0	0	0	0	0	0	0	0	0	0	0	0	0	0	0	0	0	0	0	0	0	0	0	0	0	0	0	94.15	0	0	9987.7	0	0	0	0	0	0	0	0	0	0	0	0	0	0	0	0	1.3355
L281_G05	NP	0	0	0	0	0	0	0	0	0	0	0	191.68	19.168	0	553.9	0	695.51	0	0	0	0	0	0	8.2147	91.535	0	0	0	0	0	0	0.78235	0.78235	0	0	91.926	357.14	0	0	0	0	0	0	0	0	0	0.78235	1.5647	86.059	0	0	0	199.5	0	1.1735	0	0.39118	0.78235	789.78	0	0	283.99	0	638.4	313.72	0	2.7382	3.9118	1.9559	0	0	0	275.78	0	0	3.1294	0	0	0	0	0	1.1735	1228.3	0	0	0	0	0	0	0.39118	0	0	0	0	0	0	0	0	419.73	0	0	0	0	0	0	0	0	0	0	0	0	0	0	0	0	0	0	0	2.347	249.18	0.39118	197.15	0	79.409	0	0	0	0	0	0	0	418.56	0	0	0	134.96	0	0	0	3.1294	0	0	0	0	0	0	0	1.9559	0	0	0	0	0	0	0	0	0	0	0	0	0	2.347	218.67	418.95	0	0	0	0	125.57	0	0	0	0	0	0	0	0	0	0	0	0	0	0	0	1326.9	0	0	0	0	0	0	0	0	0	0	0	0	0	0	348.93	1407.1	0	862.15	32.076	1237.3	0	0	34.815	0	0	0	62.979	0	581.29	0	1548.3	0	275	49.288	317.24	167.03	0	0	0	0	0	0	0	1815.8	240.57	0	237.84	0	0	0	886.79	0	0	20.732	769.44	0	1035.1	264.04	0	124.79	112.27	0	426.77	34.815	0	0.39118	0	1253.7	0	0	0	0	0	0	0	0	0	0	0	118.92	0	0	0	16.429	0.39118	0	0	0	0	0	0	0	0	0	445.94	0	0	0	0	0	0	0	0	0	0	341.89	0	0	0	0	0	0	0	0	0	0	0	0	0	0	0	0	0	0	0	86.841	0	0	0	0	0	0	0	0	0	0	0	0	257.39	0	0	0	0	0	0	0	0	22.688	322.72	347.76	0	0	0	0	0	0	0	0	19.168	0	0	0	0	0	0	0	0	0	127.91	0	0	0	0	0	0	0	0	0	0	0	0	0	0	104.83	0	0	0	0	0	0	0	0	0	0	0	0	0	0	0	0	0	0	0	0	0	0	0	0	0	0	0	0.39118	0	0	0	233.92	1.1735	0	0	0	0	1.1735	0	0	0	0	0	0	0.39118	1.1735	0	0	0	284.38	0	0	0	0	0	0	0	0	0	0	0	0	1425.1	0	0	11673	0	0	0	0	0	0	0	291.82	0	0	0	0	0	0	0	0	0
L281_A06	NP	0	0	0	0	0	0	0	210.22	0	0	0	20.467	0	1.7215	0	0	4.5907	0	0.9564	0	0	0	0	0	0.19128	0	0	0	0	0	0	204.48	171.58	0	2.1041	0	9.1814	0.38256	0.19128	0	0	0	0	0	291.51	111.52	0	0.76512	178.85	0	0	0	2.2954	0	12.433	2.6779	224.95	0.19128	285.96	0	38.065	4.9733	0	863.82	201.23	0	82.441	9.9465	11.094	0	0	2.1041	610.95	0	0	0	0.76512	2.8692	0	0	17.406	0	2.6779	0	0.76512	86.267	0	0	1.9128	122.04	0	437.27	0	3.2517	1.9128	0	0	0	0	1.5302	0	0.19128	0	0	0	0.57384	0.38256	0	0.19128	1.7215	0	0	0.57384	1.7215	379.69	0	0.19128	0	1.5302	0	3.6343	0.76512	0	0	0	0	0	0	0	0	0	2.1041	0	0	0.19128	164.12	0	0	0	0.38256	0	0	0	3.6343	0	0	0	0	0	0	0	0	0	0	0	0.76512	0.19128	0	0	0	0	0	0.57384	0	0	0	3.6343	0	79.764	73.451	0.9564	77.851	0	0	0	0	0	0	0	0	0	0	0	0	509.95	0	0	0	0	0	0	0	0	0	0	0	0	0	346.6	54.515	315.04	0	1242.2	0	5163.6	137.15	142.89	138.87	212.13	0	182.29	0.19128	863.05	162.01	1.7215	588.38	0	0	105.59	82.25	99.657	0.38256	0	0	285.39	0	0	40.169	1542.3	465.96	382.37	0	0	0	0	429.61	0	0	42.464	635.05	592.78	760.91	348.51	577.28	25.823	577.66	0	0	42.273	0	0	0	965.2	0	0	0	0	0	0	0	0	0	434.01	0	53.941	0	0	0	0	185.54	0	0	209.64	0	0	0	0	188.03	0	0	94.683	0	0	0	0	0	0	0	1.5302	0	50.306	0	0	0	0	0	0	0	255.36	240.44	0	0	0	0	0	0	0	0	0	0	197.02	0	0	0	0	0	0	89.519	0	0	0	0	113.81	174.45	0	479.35	0	320.78	0	0	0	0	0.19128	138.87	0	0	0	0	0	0	0	0	0	0	0	0	0	0	0	0	0	0.19128	0	0.19128	0	0	0	0	0	0	0	6.8861	0	0	0	0	0	0	0	3.0605	0	0	0.76512	0	0	0	0	0	0	0	0	0	0	0.19128	0	0	0	0	0	0	0	0	0	0	0	7.6512	39.977	0	0	0	274.87	0.57384	0	0	3.0605	0.19128	56.236	0	1.5302	2.4866	0	0	0	0	1.5302	0.19128	0	0	3.8256	2.1041	0	0	1.5302	2.2954	0	0	0.76512	0	0	0	0	243.31	0.19128	0	9219.9	0	0	0	0	0	0	0	0.57384	0	0	0	0.38256	1.339	0	0	0	0
L281_D06	NP	0	0	0	0	0	0	0	3.9488	0	0	82.36	0	0	0	0	0	0	0	0	0	0	0	0	0	0	0	0	0	0	0	1.6923	0	0	0	2.5385	0	3.3847	0	0	0	0	0	0	0	0	0	0	0	0	0	0	0	327.18	0	27.642	0	0	0	378.24	0	0	38.642	0	1016.5	0	0	688.5	2.5385	1.1282	1.1282	0	0	73.335	0	0	0	0.28206	0	0	0	353.7	1.1282	0	0	0.56411	0	0	0	0	0.84617	0	0	0	0	0	0	0	0	260.9	0	0	0	0	0	0	0	0	0	0	782.71	0	0	0	0	0	0	0	0	0	0	0	0	16.923	0	0	0	0	0	0	0	0	0	0	0	0	0	0	0	0	0	0	0	0	0	0	0	0	0	0	0	0	0	0	0	0	0	0	0.28206	0	0	0	0	128.34	0	0	0	0	0	216.05	0	0	0	0	0	0	0	0	0	0	0	0	0	0	0	203.93	0	0	0	0	0	0	0	0	0	0	0	0	0	0	176.57	124.67	143.28	728.83	1169.7	3014.6	85.181	0	95.617	243.98	282.34	0	0	333.11	746.6	0	833.47	0	0	0.84617	225.93	150.05	0	0	0	0	0	0	0	3482.8	0	231.29	0	0	0	0	635.47	0	0	0	1159.2	0	221.13	65.437	153.72	0	0	0	0	0	0.28206	0	0	3326.9	0	0	0	0	0	0	0	0	0	167.82	208.72	189.82	307.72	0	0	571.16	0	0	0	0	0	0	0	0	274.44	306.31	0	0	0	0	0	0	0	0	0	0	0	0	0	0	0	0	0	0	0	0	0	0	0	0	0	0	0	0	0	0	0	367.24	0	0	0	0	0	0	0	0	0	0	0	0	16.359	0	0	0	161.9	0	0	0	0	158.23	0	0	0	0	0	0	0	0	0	0	0	0	0	0	0	0	0	0	0	0	0	0	0	0	0	0	0	0	0	0	0	0	0	0	0	0	0	0	0	0	0	0	0	0	0	0	0	0	0	0.84617	0	0	0	0	0	0	0	0	0	0	0	0	0	0	0	0	0	0	0	0	0	0	0	0.56411	0	2.5385	0	0	0	0	0	0	0	0	0	462.01	0	0	0	0	0	0	0	0	0	131.44	0	0	495.01	0	0	24614	0	0	0	0	0	0	0	0	0	0	0	0	0	0	0	0	0
L282_C02	NP	0	0	0	0	0	0	0	0.04967	0	0	0	0	0	0	0	69.041	0.09934	0	0	0	0	0	0	0.04967	0	0	0	98.347	0	65.763	0	0.04967	0	0	0	0	0	0	0	0.04967	0	0	0	0	0	166.45	0.54637	0.04967	296.88	0	0	0	0.09934	0	54.041	0	0	6.2584	345.9	0	0	0	0	517.41	0	0	147.12	0	0	0	0	0	125.07	0	0	0	82.502	0	0	0	65.912	1.2418	215.12	0	205.34	393.64	0	0	0	0	0	0	0	0	0	0	0	0	0	0	0	0.29802	0	64.869	0	0	0	0	0	0	0	0	0	146.28	0.04967	0	0	0	0	8.9903	132.82	0	0	0	0	0	0	0	0	0	0	0	0	0	0	0	0	0	0	0	0	0	0	0	0	0	0	0	0	0	0	0	0	0	0	0.14901	0	0	0	0	0	0	0	0	0	0	0	0	0	0	0	0	0	0	0	0	0	0	0	0	0	0	0	0	140.71	0	0	0	0	0	0	0	0	0	0	0	0	0	0	64.919	0	0	1269.5	0	2805.1	162.82	0	210.15	110.02	0	377	0	217.75	475.94	0	1765.3	1.5894	0	308.8	672.34	0	0	0	0	891.48	0	0	0	2713.6	110.12	0	0	0	118.91	0	240.06	0	0	294.84	1562.4	62.634	1420.4	657.53	91.641	181.89	272.34	117.67	188.7	25.183	0	0	0	7394.1	0	0	0	56.078	0	0	84.39	0	0	351.47	20.414	0	174.64	324.94	0	290.87	21.209	0	0	55.283	0	0	0	0	586.06	0	54.488	0	0	0	0	0	0	0	0	72.469	1.0927	226.74	0	0	0	0	0	0	0	0	159.04	0	0	0	0	0	0	0	0	0	0	346.5	0	0	0	0	0	0	53.942	0	0	0	0	0	270.26	0	256.7	0	0.94373	0	0	0	0	69.091	2727.8	0	0	0	0	0	0	0	0	0	0	0	0	0	0	0	0	0	0	0	0	0	0	0	0	0	0	0	0	0	0	0	0	0	0	0	0	0	0	0	0	0	0	0	0	0	0	0	0	0	0	0	0	0	0	0	0	0	0	0	0	0	0	0.04967	0	0	0	0	0	0	0.09934	0.09934	0.14901	101.33	0	0.29802	0.04967	0.19868	0	0	0.09934	540.41	0	0	0	0	0	0	0	0	0	0	0.04967	0	0	40.63	0	0	86.674	0	0	17337	0	0	0	0.04967	0	0	0	0.09934	0	0	0	45.647	0.09934	0	0	0	0
L128_B01	NP	0	0	0	0	0	0	0	0	0	0	222.71	0	0	0	0	27.839	55.678	0	55.678	0	0	0	0	27.839	27.839	0	0	27.839	27.839	83.517	0	55.678	27.839	0	0	0	55.678	0	0	0	0	0	0	0	167.03	83.517	27.839	0	278.39	0	0	0	0	0	250.55	55.678	334.07	55.678	417.58	0	139.19	0	0	1336.3	0	0	306.23	0	0	27.839	0	27.839	695.97	0	0	0	0	194.87	0	0	278.39	0	250.55	0	0	0	0	0	83.517	0	0	0	27.839	0	0	0	0	27.839	0	0	0	0	0	0	0	0	0	0	0	27.839	0	0	27.839	83.517	83.517	0	306.23	0	194.87	0	0	83.517	0	0	0	0	0	0	0	0	27.839	139.19	0	0	0	0	0	0	0	0	0	0	0	0	0	0	0	0	0	0	27.839	0	0	0	0	0	0	0	0	27.839	0	0	0	0	0	0	0	0	417.58	139.19	27.839	0	27.839	0	0	0	0	0	0	0	0	0	0	0	0	0	0	0	0	0	0	27.839	0	0	0	0	55.678	0	0	1809.5	473.26	668.13	473.26	167.03	5150.2	556.78	167.03	278.39	890.84	111.36	556.78	55.678	695.97	528.94	27.839	278.39	222.71	2839.6	2032.2	3591.2	250.55	0	83.517	55.678	0	306.23	83.517	0	723.81	2171.4	389.74	83.517	0	473.26	0	612.46	83.517	0	1113.6	8685.7	695.97	723.81	1503.3	27.839	0	751.65	167.03	111.36	974.36	0	0	0	83.517	0	0	0	0	0	0	55.678	0	0	0	83.517	55.678	55.678	27.839	0	111.36	111.36	0	0	445.42	0	55.678	0	0	612.46	55.678	0	334.07	55.678	0	0	0	0	0	0	0	0	83.517	0	0	0	0	0	0	0	55.678	55.678	0	0	0	0	0	0	0	0	0	0	250.55	167.03	0	0	0	0	0	83.517	0	0	0	0	27.839	473.26	0	0	0	723.81	55.678	0	0	0	27.839	1336.3	0	0	0	0	0	0	0	0	0	194.87	0	0	0	0	0	0	0	0	0	0	0	0	0	0	0	0	0	0	0	0	0	0	0	0	0	0	0	0	0	0	0	0	0	27.839	0	0	0	0	0	0	0	0	0	0	0	0	0	0	0	27.839	0	0	222.71	0	0	0	27.839	55.678	0	0	0	27.839	0	0	0	0	0	0	0	0	0	0	0	0	0	0	0	0	0	0	0	0	0	0	0	0	0	334.07	361.9	0	4537.7	0	0	0	0	0	0	0	250.55	0	0	0	27.839	0	0	0	0	0
L128_F01	NP	0	0	0	0	0	0	0	185.63	0	0	556.9	0	0	0	0	0	0	0	0	0	0	0	0	0	0	0	0	0	0	0	0	0	0	0	0	0	371.26	0	0	0	0	0	0	0	0	0	0	0	185.63	0	0	0	0	0	556.9	371.26	0	0	928.16	371.26	185.63	0	0	2598.9	0	0	185.63	556.9	0	0	0	0	2227.6	0	0	0	0	0	0	0	185.63	0	556.9	0	185.63	0	0	0	0	0	0	0	0	0	0	0	0	0	0	0	0	0	0	0	0	0	0	0	0	185.63	0	0	0	185.63	185.63	0	556.9	0	185.63	0	185.63	0	0	0	0	0	0	0	0	0	185.63	556.9	0	0	0	0	0	0	0	0	0	0	0	0	0	0	0	0	0	0	0	0	0	0	0	0	0	0	0	0	0	0	0	0	0	0	0	0	0	0	0	0	0	0	0	0	0	0	0	0	0	0	0	0	0	0	0	0	0	0	0	0	0	0	0	0	0	0	0	4640.8	0	371.26	1299.4	185.63	4269.5	371.26	556.9	2041.9	742.53	185.63	928.16	0	1299.4	185.63	0	185.63	0	371.26	0	185.63	0	0	0	0	0	0	0	0	0	2413.2	0	371.26	0	0	0	2784.5	0	0	185.63	12437	185.63	185.63	3527	0	0	0	0	371.26	556.9	0	0	0	371.26	0	0	0	0	0	0	742.53	0	0	0	0	0	371.26	0	0	0	0	0	0	556.9	0	0	0	0	742.53	0	185.63	0	185.63	0	0	0	0	0	0	0	0	0	0	0	0	0	0	0	0	0	0	0	0	0	0	0	0	0	0	0	0	371.26	0	0	0	0	0	0	0	0	0	0	0	0	371.26	0	0	0	556.9	0	0	0	0	185.63	0	0	0	0	0	0	0	0	0	0	0	0	0	0	0	0	0	0	0	0	185.63	0	0	0	0	0	0	0	0	0	0	0	0	0	0	0	0	0	0	0	0	0	0	0	0	0	0	0	0	185.63	0	0	0	0	0	0	0	0	0	0	0	0	0	0	0	0	0	0	0	0	0	0	0	185.63	0	0	0	0	0	0	0	0	0	0	0	0	0	0	0	185.63	0	0	0	0	0	0	0	0	1299.4	0	0	7610.9	0	0	0	0	0	0	0	0	0	0	0	0	0	0	0	0	0
L128_G01	NP	0	0	0	0	0	0	17.784	0	0	0	320.1	0	0	17.784	0	17.784	35.567	0	17.784	0	177.84	0	35.567	0	17.784	17.784	0	106.7	53.35	35.567	0	88.917	0	0	17.784	0	35.567	0	0	35.567	0	0	17.784	0	71.134	17.784	0	53.35	302.32	0	0	88.917	0	0	195.62	35.567	71.134	0	1564.9	0	142.27	17.784	0	1885.1	17.784	0	177.84	88.917	106.7	53.35	17.784	0	889.17	0	0	0	35.567	106.7	0	0	409.02	35.567	444.59	0	71.134	195.62	0	0	71.134	35.567	0	0	0	0	0	0	0	0	0	0	17.784	0	0	0	0	53.35	35.567	0	17.784	0	17.784	0	35.567	177.84	195.62	0	106.7	0	124.48	0	35.567	17.784	17.784	0	0	0	0	0	0	53.35	71.134	195.62	0	0	0	0	0	0	35.567	0	0	0	0	0	0	0	35.567	0	0	0	0	0	0	0	0	0	0	0	0	0	0	0	0	35.567	0	0	0	0	355.67	177.84	71.134	0	0	0	0	0	0	0	0	0	17.784	0	0	0	0	0	0	0	0	0	0	17.784	0	0	0	0	0	0	0	1280.4	266.75	391.24	604.64	142.27	7629.1	515.72	124.48	195.62	693.55	35.567	622.42	88.917	835.82	675.77	0	195.62	142.27	1902.8	1476	1422.7	266.75	0	0	35.567	0	195.62	53.35	0	480.15	1707.2	355.67	17.784	0	462.37	0	515.72	53.35	0	373.45	9122.9	337.89	782.47	1938.4	160.05	17.784	1778.3	71.134	124.48	497.94	17.784	0	0	1707.2	0	0	0	0	0	0	231.18	0	0	266.75	88.917	35.567	88.917	35.567	0	0	124.48	0	0	409.02	0	53.35	0	0	213.4	35.567	0	35.567	53.35	0	0	0	0	0	0	0	0	195.62	0	0	0	0	0	0	0	53.35	88.917	0	0	0	0	0	0	0	0	0	0	284.54	53.35	17.784	0	0	0	0	231.18	35.567	0	35.567	0	17.784	337.89	0	71.134	0	711.34	142.27	0	0	0	17.784	4605.9	0	0	0	0	0	0	0	0	0	0	0	0	0	0	0	0	0	0	0	17.784	0	0	0	0	0	0	0	0	0	0	0	0	0	0	0	0	0	0	0	0	35.567	0	0	0	0	0	0	0	160.05	0	0	0	0	0	0	0	0	0	0	17.784	0	0	284.54	0	0	0	71.134	35.567	0	0	0	35.567	0	0	0	35.567	0	53.35	0	0	0	17.784	0	0	0	17.784	0	0	0	0	0	0	0	0	17.784	0	0	302.32	35.567	0	4943.8	0	0	0	0	0	0	0	444.59	0	0	0	71.134	17.784	0	0	0	0
L128_F02	NP	0	0	0	242.01	0	0	0	60.503	0	0	484.03	0	0	60.503	242.01	0	121.01	0	60.503	0	0	0	0	60.503	0	0	0	60.503	181.51	0	0	121.01	0	0	0	60.503	121.01	0	60.503	0	0	0	0	0	60.503	60.503	0	121.01	60.503	0	0	0	0	0	181.51	0	907.55	60.503	544.53	60.503	60.503	0	60.503	1028.6	0	0	0	0	0	0	0	0	544.53	0	0	0	60.503	121.01	0	0	605.03	121.01	363.02	0	60.503	0	0	0	0	0	0	0	0	0	0	0	0	0	0	0	0	0	0	0	0	0	0	0	0	181.51	0	0	0	0	0	0	181.51	0	60.503	0	0	181.51	0	0	0	0	0	0	0	0	121.01	242.01	0	0	0	0	0	0	60.503	0	0	0	60.503	0	0	0	0	0	0	0	0	0	0	0	0	0	0	0	0	0	0	0	0	0	0	0	0	60.503	423.52	181.51	0	0	60.503	0	0	0	0	0	0	0	0	0	0	0	726.04	0	0	0	0	0	0	0	0	0	0	0	0	0	0	907.55	181.51	121.01	363.02	363.02	6897.4	363.02	121.01	665.54	423.52	0	605.03	181.51	1028.6	181.51	0	2117.6	0	2057.1	786.54	3509.2	181.51	0	0	0	121.01	0	60.503	0	907.55	3327.7	302.52	181.51	0	605.03	0	726.04	0	0	242.01	11435	484.03	484.03	2601.6	60.503	60.503	1996.6	121.01	0	423.52	0	0	0	665.54	0	0	0	0	0	0	0	0	0	0	0	242.01	0	0	0	0	0	0	0	242.01	0	0	0	0	60.503	0	0	0	60.503	60.503	60.503	0	0	0	0	121.01	0	181.51	0	0	0	0	0	0	60.503	60.503	0	0	0	0	0	0	0	0	0	0	0	181.51	302.52	0	0	0	0	0	0	60.503	0	0	0	0	242.01	0	0	0	60.503	0	0	0	0	181.51	786.54	0	0	0	0	0	0	0	0	0	0	0	0	0	0	0	0	0	0	0	0	0	0	0	0	0	0	0	0	0	0	0	0	0	0	0	0	0	0	0	0	0	0	0	0	0	0	0	0	60.503	0	0	0	0	0	0	0	0	0	0	0	0	60.503	121.01	0	0	0	0	181.51	0	0	0	60.503	0	0	0	0	0	0	0	0	0	0	0	0	0	0	0	0	0	0	0	0	0	0	0	0	0	363.02	0	0	6231.9	0	0	0	121.01	0	0	0	847.05	0	0	0	0	0	0	0	0	0
L128_G02	NP	0	0	0	0	0	0	0	0	0	0	195.94	0	0	0	0	0	97.972	0	0	0	0	0	0	0	0	0	0	0	195.94	0	0	97.972	0	0	97.972	0	0	0	0	0	0	0	0	0	0	0	0	0	293.92	0	0	0	0	0	0	0	195.94	97.972	293.92	0	0	0	0	1077.7	0	0	0	97.972	0	0	0	0	881.75	0	0	0	0	0	0	0	979.72	0	489.86	0	0	97.972	0	0	195.94	0	0	0	0	0	0	0	0	0	0	0	195.94	0	0	0	0	0	0	0	0	0	0	0	0	293.92	195.94	0	195.94	0	0	0	0	0	0	0	0	0	0	0	0	0	0	0	0	0	0	0	0	0	0	0	0	0	0	0	0	0	0	0	0	0	0	0	0	0	0	0	0	0	0	0	0	0	0	0	0	0	0	0	0	0	0	0	97.972	0	0	0	0	0	0	0	0	0	0	0	0	0	0	0	0	0	0	0	0	0	0	0	0	0	0	1469.6	195.94	97.972	489.86	97.972	7837.8	195.94	0	783.78	587.83	195.94	391.89	0	783.78	489.86	0	391.89	97.972	2645.2	1665.5	391.89	97.972	0	0	0	0	0	0	97.972	0	1077.7	0	97.972	97.972	97.972	0	293.92	97.972	0	97.972	10483	97.972	195.94	2743.2	0	0	489.86	0	293.92	489.86	0	0	0	97.972	0	0	0	0	0	0	0	0	0	0	0	0	195.94	0	0	0	0	97.972	0	293.92	0	0	0	0	97.972	0	0	0	0	0	0	0	0	0	0	97.972	0	97.972	0	0	0	0	0	0	0	0	0	0	0	0	0	0	0	0	0	0	0	979.72	195.94	0	0	0	0	0	97.972	0	0	0	0	391.89	195.94	0	0	0	97.972	0	0	0	0	0	1371.6	0	0	0	0	0	0	0	0	0	0	0	0	0	0	0	0	0	0	0	0	0	0	0	0	0	0	0	0	0	0	0	0	0	0	0	0	0	0	0	0	0	0	0	0	0	0	0	0	0	0	0	0	0	0	0	0	0	0	0	0	0	0	97.972	0	0	0	0	0	0	0	0	0	0	0	0	0	0	0	0	0	0	0	0	0	0	0	0	0	0	0	0	0	0	0	0	0	0	293.92	0	0	8033.7	0	0	0	0	0	0	0	881.75	0	0	0	0	0	0	0	0	0
L128_H02	NP	0	0	0	0	0	0	0	0	0	0	412.03	0	0	0	68.672	0	274.69	0	343.36	0	137.34	0	0	0	0	0	0	0	0	0	0	0	0	0	0	0	274.69	0	0	618.05	0	0	0	0	274.69	137.34	0	68.672	274.69	0	0	0	0	0	412.03	68.672	0	68.672	1098.7	343.36	68.672	68.672	0	1236.1	206.02	68.672	68.672	0	137.34	68.672	68.672	68.672	1098.7	0	0	0	0	0	0	0	412.03	0	274.69	0	0	343.36	0	68.672	137.34	137.34	0	0	0	137.34	0	0	0	0	0	0	68.672	0	0	0	0	0	0	0	0	68.672	0	0	0	0	137.34	0	274.69	0	0	0	68.672	68.672	0	0	0	0	0	0	0	274.69	68.672	137.34	0	0	0	0	0	0	68.672	0	137.34	0	0	0	0	68.672	0	0	0	137.34	0	0	0	0	0	68.672	0	0	0	0	0	0	0	0	0	0	0	0	618.05	412.03	68.672	0	0	0	0	0	0	68.672	0	0	0	0	0	0	0	0	0	0	0	0	0	0	0	0	0	0	0	0	0	1510.8	137.34	137.34	480.7	206.02	6935.9	68.672	0	274.69	961.41	343.36	892.73	68.672	755.39	686.72	0	68.672	68.672	1785.5	1304.8	2197.5	824.06	0	0	0	0	0	549.38	0	618.05	4669.7	618.05	0	0	412.03	0	1304.8	0	0	549.38	14009	68.672	686.72	2403.5	68.672	0	549.38	137.34	68.672	549.38	0	0	0	274.69	0	0	0	0	0	0	0	0	0	0	0	0	0	0	0	0	68.672	0	0	206.02	0	0	0	0	68.672	0	0	0	206.02	0	0	0	0	0	0	0	0	137.34	0	0	0	0	0	0	0	137.34	0	0	0	0	0	0	0	0	0	0	0	274.69	0	0	0	0	0	137.34	137.34	0	0	0	68.672	68.672	137.34	0	0	0	137.34	137.34	0	0	0	0	2815.6	0	0	0	0	0	0	0	0	0	0	0	0	0	0	0	0	0	0	0	0	0	0	0	0	0	0	0	0	0	0	0	0	0	0	0	0	0	0	0	0	274.69	0	0	0	0	0	0	0	0	0	0	0	0	0	0	0	0	0	0	68.672	0	0	274.69	0	0	0	68.672	137.34	0	0	0	0	0	68.672	0	0	0	0	0	0	0	0	0	0	0	0	0	0	0	0	0	0	0	0	0	0	0	480.7	206.02	0	7485.2	0	0	0	0	0	0	0	480.7	0	0	0	0	0	206.02	0	0	0
L128_A04	NP	0	0	0	0	0	0	0	53.163	0	0	584.79	0	53.163	106.33	372.14	0	53.163	0	106.33	0	0	0	0	53.163	0	0	0	0	159.49	159.49	0	106.33	0	0	53.163	0	53.163	0	0	53.163	0	0	0	0	106.33	53.163	0	0	159.49	0	0	0	0	0	106.33	0	53.163	0	1116.4	0	106.33	0	0	1169.6	0	0	53.163	0	0	0	0	53.163	1063.3	0	0	53.163	159.49	0	0	0	318.98	0	159.49	0	53.163	53.163	0	0	53.163	0	0	106.33	0	0	0	0	0	0	0	53.163	0	0	53.163	0	0	0	0	0	0	53.163	0	0	0	106.33	106.33	0	372.14	53.163	106.33	0	0	106.33	0	0	0	0	0	0	0	0	0	159.49	0	0	0	0	0	0	106.33	0	0	0	0	0	0	0	0	0	0	0	0	0	0	0	0	0	0	0	0	0	0	0	0	0	0	0	0	0	1275.9	106.33	53.163	0	0	0	0	0	0	0	0	0	0	0	0	0	0	0	0	0	0	0	0	53.163	0	0	0	0	159.49	0	0	2977.1	265.82	265.82	637.96	53.163	3827.8	691.12	0	212.65	1488.6	372.14	637.96	106.33	1169.6	956.94	53.163	265.82	212.65	372.14	1435.4	2977.1	318.98	0	0	0	0	53.163	0	0	637.96	1169.6	797.45	53.163	0	797.45	0	744.28	0	0	797.45	8559.3	797.45	850.61	1169.6	106.33	53.163	1594.9	318.98	265.82	850.61	0	0	0	531.63	0	0	0	0	0	0	0	0	0	0	372.14	318.98	53.163	0	0	53.163	106.33	0	0	212.65	0	0	0	0	584.79	0	0	0	106.33	0	0	0	0	53.163	0	0	0	53.163	0	0	0	0	0	0	0	0	106.33	0	0	0	0	0	0	0	0	0	0	265.82	106.33	0	0	0	0	0	159.49	0	0	0	0	53.163	318.98	0	0	53.163	318.98	0	0	0	0	0	0	0	0	0	0	0	0	0	0	0	0	0	0	0	0	0	0	0	0	0	0	0	0	0	0	0	0	0	0	0	0	0	0	0	0	0	0	0	0	0	0	106.33	0	0	0	0	0	0	0	0	0	0	0	0	0	0	0	0	0	0	0	0	0	0	0	0	0	53.163	53.163	0	53.163	0	0	0	0	0	0	0	0	0	0	0	0	0	0	0	0	0	0	0	0	0	0	0	0	53.163	0	0	318.98	159.49	0	4891	0	0	0	0	0	0	0	212.65	0	0	0	0	0	0	0	0	0
L128_B04	NP	0	0	0	43.219	0	43.219	0	43.219	0	0	691.5	43.219	0	43.219	43.219	172.88	216.1	0	0	0	0	0	0	0	0	0	0	259.31	0	0	0	0	43.219	0	86.438	0	172.88	0	0	43.219	0	0	0	0	0	0	0	86.438	561.85	0	43.219	0	0	0	388.97	43.219	216.1	129.66	1426.2	43.219	172.88	172.88	43.219	1815.2	0	0	734.72	259.31	129.66	43.219	0	86.438	518.63	0	0	86.438	43.219	43.219	0	0	216.1	0	86.438	0	129.66	172.88	0	43.219	388.97	129.66	0	86.438	43.219	0	0	0	0	0	0	0	0	0	0	0	0	43.219	0	0	0	216.1	86.438	0	0	86.438	43.219	0	172.88	0	475.41	0	86.438	43.219	0	0	43.219	0	0	0	0	0	0	0	0	0	0	0	0	0	129.66	43.219	0	0	0	0	0	86.438	43.219	0	0	0	0	0	0	0	0	43.219	0	0	0	0	0	0	0	0	0	0	0	43.219	172.88	129.66	129.66	0	43.219	0	0	0	0	0	0	86.438	0	0	0	0	0	0	0	0	0	0	0	43.219	0	0	0	0	0	43.219	0	2117.7	0	388.97	345.75	172.88	4797.3	605.07	43.219	172.88	1901.6	86.438	345.75	86.438	518.63	605.07	43.219	864.38	86.438	994.04	1339.8	1469.4	43.219	0	0	0	43.219	86.438	0	0	475.41	1988.1	43.219	172.88	43.219	475.41	0	864.38	0	0	1685.5	12836	86.438	475.41	1037.3	86.438	0	2377	43.219	216.1	432.19	0	0	0	432.19	0	0	0	0	0	0	432.19	0	0	86.438	302.53	172.88	86.438	86.438	0	86.438	0	0	0	302.53	0	0	0	0	172.88	0	0	43.219	0	0	0	0	0	0	0	0	0	43.219	0	0	0	0	0	0	0	129.66	172.88	0	0	0	0	0	0	0	0	0	0	259.31	0	0	0	0	0	0	43.219	0	0	0	86.438	0	734.72	0	0	0	605.07	86.438	0	0	0	0	345.75	0	0	0	0	0	0	0	0	0	0	0	0	0	0	0	0	0	0	0	0	0	0	0	0	0	0	0	0	0	0	0	0	0	0	0	0	0	0	0	0	0	43.219	86.438	0	0	0	0	0	0	0	0	0	0	0	0	0	0	0	0	86.438	0	43.219	259.31	0	0	0	0	43.219	0	43.219	0	43.219	43.219	0	0	0	0	0	0	0	0	0	0	0	0	0	0	0	86.438	0	0	0	0	0	0	0	0	345.75	43.219	0	5488.8	0	0	0	0	0	0	0	172.88	0	0	0	0	0	0	0	0	0
L128_H04	NP	0	0	0	0	0	0	0	0	0	0	524.66	0	0	0	0	174.89	58.295	0	0	58.295	0	0	0	116.59	0	0	0	174.89	174.89	0	0	58.295	0	58.295	58.295	0	116.59	116.59	0	58.295	0	0	0	0	0	58.295	116.59	0	174.89	0	0	0	0	0	291.48	0	874.43	0	991.02	58.295	174.89	174.89	0	1107.6	58.295	0	349.77	58.295	174.89	0	0	58.295	991.02	116.59	0	0	58.295	58.295	0	0	116.59	0	524.66	0	233.18	349.77	58.295	0	0	58.295	0	0	0	0	0	0	0	0	0	0	58.295	58.295	0	0	0	0	116.59	0	0	466.36	0	0	0	816.14	291.48	0	0	0	291.48	0	0	0	0	0	0	0	0	0	0	58.295	116.59	757.84	0	0	174.89	0	58.295	0	116.59	0	174.89	58.295	0	58.295	0	58.295	174.89	0	0	58.295	0	0	0	0	0	58.295	0	0	58.295	0	0	0	0	0	0	0	58.295	0	816.14	174.89	408.07	0	0	0	0	0	582.95	116.59	0	174.89	0	0	0	0	0	0	0	0	0	58.295	58.295	0	0	0	0	0	0	0	0	1457.4	0	116.59	408.07	174.89	4022.4	0	0	116.59	408.07	58.295	233.18	58.295	466.36	233.18	0	116.59	58.295	0	466.36	816.14	349.77	0	0	0	0	0	0	58.295	466.36	1282.5	116.59	0	0	0	0	291.48	58.295	0	466.36	11543	58.295	524.66	1690.6	233.18	58.295	1399.1	58.295	0	291.48	0	0	0	349.77	0	0	0	0	0	0	0	0	0	699.54	349.77	0	116.59	0	0	0	0	0	0	349.77	0	0	0	0	174.89	116.59	58.295	116.59	58.295	0	0	0	0	0	0	0	0	0	0	0	0	0	0	0	0	0	116.59	0	0	0	0	0	0	0	0	0	0	233.18	116.59	174.89	0	0	0	0	0	0	0	116.59	0	0	233.18	0	0	0	174.89	0	0	0	0	58.295	4721.9	0	0	0	0	0	0	0	0	0	58.295	0	0	0	0	0	0	0	0	0	0	0	0	0	0	0	0	0	0	0	0	0	0	0	0	0	0	0	0	0	0	0	0	0	0	0	0	0	0	0	0	0	0	0	0	0	0	0	0	0	0	0	0	0	0	0	58.295	0	0	0	58.295	0	0	0	0	0	0	0	0	0	0	0	0	0	0	0	0	0	0	0	0	0	0	0	0	0	0	0	174.89	58.295	0	5304.9	0	0	0	0	0	0	0	0	0	0	0	0	0	0	0	0	0
L128_A05	NP	0	0	0	0	0	0	0	925.07	0	0	0	0	0	0	0	0	0	0	0	0	0	0	0	0	0	0	0	0	0	0	0	0	0	0	925.07	0	925.07	0	0	0	0	0	0	0	0	925.07	0	0	0	0	0	0	0	0	0	0	0	0	0	925.07	925.07	0	0	2775.2	0	0	0	0	1850.1	925.07	0	0	0	0	0	0	0	0	0	0	1850.1	0	1850.1	0	0	0	0	0	0	0	0	0	0	0	0	925.07	0	0	0	0	0	0	0	0	0	0	0	0	0	0	0	0	0	0	0	0	0	0	0	0	0	0	0	0	0	0	0	0	0	925.07	0	0	0	0	0	1850.1	0	0	925.07	0	0	0	0	0	0	0	925.07	0	0	0	0	0	0	0	0	0	0	0	0	0	0	0	0	0	0	0	0	0	0	0	0	0	0	0	0	0	0	0	0	0	0	0	0	0	2775.2	0	0	0	0	0	0	0	0	0	0	0	0	0	925.07	925.07	0	0	925.07	0	925.07	0	0	0	925.07	0	0	0	0	3700.3	0	0	0	0	0	0	0	0	0	0	0	0	0	0	925.07	1850.1	0	0	0	925.07	0	0	0	0	0	12951	0	925.07	925.07	0	0	2775.2	0	0	0	0	0	0	0	0	0	0	0	0	0	0	0	0	0	0	0	0	925.07	0	0	0	0	0	0	0	0	0	0	0	0	0	0	0	0	925.07	0	0	0	0	0	0	0	0	0	0	0	0	0	0	0	0	0	0	0	0	0	0	0	0	0	0	0	0	0	0	0	0	0	0	0	0	0	0	0	925.07	0	0	0	0	0	0	0	0	0	0	0	0	0	0	0	0	0	0	0	0	0	0	0	0	0	0	0	0	0	0	0	0	0	0	0	0	0	0	0	0	0	0	0	0	0	0	0	0	0	0	0	0	0	0	0	0	0	0	0	0	0	0	0	0	0	0	0	0	0	0	0	0	0	0	0	0	0	0	0	0	0	0	0	0	0	0	0	0	0	0	0	0	0	0	0	0	0	0	0	0	0	0	0	0	0	0	0	0	925.07	0	3700.3	0	0	0	0	0	0	0	925.07	0	0	0	0	0	0	0	0	0
L128_C05	NP	0	0	0	0	0	0	0	0	0	0	345.66	0	0	69.132	0	103.7	34.566	0	34.566	0	34.566	0	0	0	0	0	0	172.83	34.566	34.566	0	69.132	0	0	0	0	0	0	103.7	0	0	0	0	0	34.566	34.566	0	34.566	207.4	0	0	34.566	0	0	241.96	34.566	276.53	0	483.93	0	0	69.132	0	1486.3	0	0	69.132	0	0	0	0	34.566	553.06	34.566	0	138.26	0	69.132	0	0	553.06	0	241.96	0	34.566	34.566	0	0	69.132	34.566	0	0	0	0	0	34.566	34.566	0	0	0	69.132	0	0	0	0	0	0	0	0	34.566	34.566	0	34.566	553.06	0	0	449.36	0	138.26	34.566	0	34.566	0	0	0	0	0	0	0	0	103.7	207.4	0	0	0	0	0	0	69.132	0	0	0	0	0	0	0	0	0	0	0	0	0	0	0	34.566	0	0	0	0	0	0	0	0	0	0	0	34.566	69.132	345.66	622.19	103.7	0	0	0	0	0	0	0	0	0	0	0	0	0	69.132	0	0	0	0	0	0	0	0	0	0	0	69.132	0	0	1209.8	518.49	207.4	345.66	172.83	9609.4	207.4	34.566	1106.1	553.06	103.7	553.06	207.4	483.93	449.36	0	345.66	103.7	1417.2	1832	1762.9	345.66	0	0	103.7	0	138.26	103.7	0	518.49	1728.3	241.96	103.7	0	898.72	0	967.85	0	0	829.59	12617	241.96	587.63	967.85	69.132	0	1417.2	69.132	138.26	380.23	0	0	0	622.19	0	0	0	0	0	0	0	0	0	0	0	0	138.26	0	0	34.566	34.566	0	0	587.63	0	103.7	0	0	69.132	0	0	34.566	0	0	0	0	0	0	34.566	34.566	0	69.132	0	0	0	0	0	0	0	69.132	69.132	0	0	0	0	0	0	0	0	0	0	483.93	172.83	0	0	0	0	0	345.66	0	0	0	0	0	276.53	0	0	34.566	380.23	34.566	34.566	0	0	34.566	656.76	0	0	0	0	0	0	0	0	0	0	0	0	0	0	0	34.566	0	0	0	0	0	0	0	0	0	0	0	0	0	0	0	0	0	0	0	0	0	0	0	0	0	0	0	0	0	0	0	0	34.566	0	0	0	0	0	0	0	0	0	0	0	0	0	69.132	0	0	0	0	34.566	34.566	0	0	69.132	0	0	0	0	0	0	0	0	0	0	0	0	0	0	0	0	0	0	0	0	0	0	34.566	0	0	276.53	103.7	0	5772.5	0	0	0	0	0	0	0	207.4	0	0	0	103.7	0	0	0	0	0
L128_F05	NP	0	0	0	0	0	0	0	0	63.199	0	631.99	0	0	0	0	0	63.199	0	0	0	0	0	0	0	0	0	0	0	63.199	0	0	0	0	0	63.199	0	0	0	0	0	0	0	0	0	189.6	0	63.199	0	252.8	0	0	0	0	0	189.6	63.199	189.6	0	631.99	126.4	0	0	63.199	2212	63.199	0	0	0	63.199	0	0	0	1200.8	0	0	126.4	126.4	63.199	0	0	442.39	0	695.19	0	0	0	0	0	63.199	252.8	0	0	0	0	0	0	0	0	0	0	0	0	0	0	0	0	0	0	0	126.4	0	0	63.199	0	63.199	0	316	0	0	0	63.199	63.199	0	0	0	0	0	0	0	0	0	947.99	0	0	0	0	0	0	0	0	126.4	0	0	0	0	0	0	0	0	0	0	0	0	0	0	0	0	0	0	0	0	0	0	0	0	0	0	0	1327.2	126.4	0	0	0	0	0	0	0	0	0	0	0	0	0	0	0	0	0	0	0	0	0	0	0	0	0	0	126.4	0	0	1137.6	568.79	189.6	189.6	0	6256.7	316	126.4	442.39	631.99	63.199	947.99	126.4	379.2	442.39	0	316	0	0	1643.2	3539.1	316	0	126.4	0	126.4	0	63.199	63.199	379.2	2528	379.2	0	63.199	189.6	0	1011.2	0	0	316	17443	947.99	1011.2	2907.2	63.199	0	3033.6	126.4	0	695.19	0	0	0	189.6	0	0	0	0	0	0	0	0	0	63.199	126.4	0	189.6	0	0	252.8	0	0	0	631.99	0	0	0	0	695.19	126.4	0	63.199	0	0	0	0	0	0	0	0	0	442.39	0	63.199	0	0	0	0	0	0	0	0	0	0	0	0	0	0	0	0	0	379.2	0	0	0	0	0	0	189.6	0	0	0	0	0	252.8	0	0	126.4	568.79	0	0	0	0	63.199	568.79	0	0	0	0	63.199	0	0	0	0	0	0	0	0	0	0	0	0	0	0	0	0	0	0	0	0	0	0	0	0	0	0	0	0	0	0	0	0	0	0	0	0	0	0	252.8	0	0	0	0	0	0	0	0	0	0	0	0	0	0	0	0	0	0	63.199	0	0	0	126.4	126.4	0	0	0	0	0	0	0	0	0	0	0	0	0	0	0	0	0	0	0	0	0	0	0	0	63.199	0	0	0	0	631.99	252.8	0	8279.1	0	0	0	0	0	0	0	189.6	0	0	0	63.199	0	0	0	0	0
L128_H05	NP	0	0	0	0	0	0	0	433.56	0	0	0	0	0	0	0	0	0	0	0	0	0	0	0	0	0	0	0	0	0	0	0	216.78	0	0	0	0	0	0	0	0	0	0	0	0	216.78	0	0	0	0	0	0	0	0	0	216.78	216.78	0	0	1300.7	216.78	0	0	0	216.78	0	0	0	0	0	0	0	0	1300.7	0	0	0	0	216.78	0	0	0	0	433.56	0	0	216.78	0	0	0	0	0	0	216.78	0	0	0	0	0	0	216.78	0	0	0	0	0	433.56	216.78	0	0	216.78	0	0	0	216.78	0	0	216.78	0	0	0	0	0	0	0	0	0	0	0	0	0	0	0	0	0	0	0	0	0	0	0	0	0	0	0	0	0	0	0	0	0	0	0	0	0	0	0	0	0	0	0	0	0	0	0	0	0	0	0	0	0	0	0	0	0	0	0	0	0	0	0	0	0	0	0	0	0	0	0	0	0	0	0	0	0	0	0	0	0	0	867.11	433.56	216.78	433.56	433.56	2818.1	650.34	0	216.78	0	0	650.34	0	0	433.56	0	216.78	216.78	5202.7	1083.9	1083.9	0	0	0	0	0	0	0	0	1300.7	1300.7	216.78	0	0	0	0	216.78	0	0	867.11	16258	0	1083.9	216.78	0	0	216.78	0	0	216.78	0	0	0	5853	0	0	0	0	0	0	0	0	0	216.78	433.56	0	0	0	0	216.78	0	0	0	216.78	0	0	0	0	1517.4	0	0	0	0	0	0	0	0	0	0	0	0	0	0	0	0	0	0	0	0	0	0	0	0	0	0	0	0	0	0	0	0	216.78	0	0	0	0	0	0	0	0	0	0	0	0	216.78	0	0	0	0	0	0	0	0	0	0	0	0	0	0	0	0	0	0	0	0	0	0	0	0	0	0	0	0	0	0	0	0	0	0	0	0	0	0	0	0	0	0	0	0	0	0	0	0	0	0	0	0	0	0	0	0	0	0	216.78	0	0	0	0	0	0	0	0	0	0	0	0	0	0	0	0	0	0	0	0	433.56	0	0	0	0	0	0	0	0	0	0	216.78	0	0	0	0	216.78	0	0	0	0	0	0	0	0	0	0	0	216.78	0	0	6936.9	0	0	0	0	0	0	0	0	0	0	0	216.78	0	433.56	0	0	0
L128_G06	NP	0	0	0	0	0	0	0	122.66	0	0	490.64	0	0	81.773	204.43	163.55	163.55	0	0	0	0	0	0	0	122.66	0	0	163.55	81.773	81.773	81.773	0	40.886	0	0	0	163.55	40.886	0	122.66	0	0	0	0	204.43	0	122.66	122.66	367.98	0	0	0	40.886	40.886	163.55	122.66	245.32	367.98	858.61	0	40.886	40.886	0	2003.4	81.773	0	40.886	0	81.773	40.886	0	40.886	1144.8	0	0	0	245.32	40.886	0	0	286.2	81.773	367.98	0	286.2	163.55	0	0	122.66	0	0	40.886	0	0	0	0	0	0	0	0	0	122.66	0	40.886	0	81.773	40.886	0	40.886	81.773	0	0	0	122.66	81.773	0	40.886	0	245.32	0	0	40.886	0	0	0	0	0	0	0	0	40.886	122.66	0	0	0	0	81.773	0	0	40.886	0	0	0	0	0	0	0	0	0	0	0	0	0	40.886	0	40.886	0	0	0	0	0	0	0	0	0	0	0	0	122.66	0	122.66	81.773	0	0	0	0	0	0	0	0	81.773	0	0	0	0	0	0	0	0	40.886	0	0	0	0	0	0	0	0	0	1553.7	0	572.41	858.61	163.55	3393.6	204.43	0	408.86	531.52	81.773	245.32	40.886	899.5	367.98	0	81.773	81.773	2821.2	1880.8	3761.6	367.98	0	0	0	81.773	0	0	0	572.41	1799	163.55	0	0	163.55	0	858.61	0	0	531.52	15210	163.55	163.55	2167	81.773	40.886	572.41	163.55	40.886	245.32	0	0	0	163.55	0	0	0	0	0	0	1717.2	0	0	286.2	367.98	40.886	0	40.886	0	40.886	40.886	0	0	327.09	0	0	0	0	163.55	0	0	286.2	81.773	0	0	0	0	0	0	0	0	367.98	0	0	0	0	0	0	0	0	40.886	0	0	0	0	0	0	0	0	0	0	327.09	0	0	0	0	0	0	40.886	0	0	245.32	0	0	408.86	0	0	0	899.5	81.773	0	0	0	81.773	572.41	0	0	0	0	0	0	0	0	0	81.773	0	0	0	0	0	0	0	0	0	0	0	0	0	0	0	0	0	0	0	0	0	0	0	0	0	0	0	0	0	0	0	0	0	0	0	40.886	0	0	40.886	0	0	0	0	0	0	0	0	0	0	0	0	0	0	0	0	0	0	0	0	81.773	0	0	122.66	0	0	0	0	0	0	0	81.773	0	0	0	0	0	0	0	0	0	0	0	40.886	0	163.55	0	0	122.66	0	0	3966	0	0	0	0	0	0	0	367.98	0	0	0	0	0	0	0	0	0
L128_H06	NP	0	0	0	0	0	0	0	0	0	0	0	0	0	0	0	0	0	0	82.284	0	0	0	0	82.284	0	0	0	164.57	0	0	0	0	0	0	0	0	0	0	0	822.84	0	0	0	0	0	82.284	0	0	164.57	0	0	82.284	0	0	0	0	1234.3	0	0	246.85	0	0	82.284	1069.7	0	0	0	82.284	0	0	0	0	329.14	82.284	0	0	0	0	0	0	493.7	164.57	329.14	0	0	0	0	0	82.284	0	0	0	0	0	0	0	0	0	0	0	0	0	0	0	0	0	0	0	0	0	0	0	0	329.14	82.284	0	164.57	0	82.284	411.42	164.57	164.57	0	0	0	0	0	0	0	0	0	0	0	0	0	0	0	0	82.284	0	0	0	0	82.284	0	0	82.284	0	0	740.56	0	0	0	0	0	0	0	0	0	0	0	0	0	0	0	0	0	0	493.7	0	0	0	0	0	0	0	0	0	0	0	0	0	0	0	0	0	164.57	0	0	0	0	0	0	0	0	0	0	0	0	740.56	658.27	411.42	411.42	0	7734.7	0	0	0	329.14	0	1398.8	0	905.13	658.27	0	658.27	246.85	7323.3	1234.3	493.7	82.284	0	0	0	0	246.85	164.57	0	822.84	1234.3	411.42	0	0	658.27	0	658.27	0	0	493.7	13577	905.13	411.42	1316.6	82.284	0	329.14	82.284	164.57	1152	0	0	0	411.42	0	0	0	0	0	0	0	0	0	0	246.85	329.14	0	0	0	82.284	0	0	0	164.57	0	0	0	0	0	0	0	82.284	82.284	0	0	0	0	0	0	0	0	575.99	0	0	0	0	0	0	0	82.284	0	0	0	0	0	0	0	0	0	0	0	575.99	0	0	0	0	0	0	0	0	0	0	0	0	987.41	0	0	0	0	0	0	0	0	82.284	3538.2	0	0	0	0	0	0	0	0	0	82.284	0	0	0	0	0	0	0	0	0	0	0	0	0	0	0	0	0	0	0	0	0	0	0	0	0	0	0	0	0	0	0	0	0	0	0	0	0	0	0	0	0	0	0	0	0	0	0	0	0	0	0	0	0	0	0	0	0	0	0	0	0	164.57	0	0	0	82.284	0	0	0	0	0	0	0	0	0	0	0	0	0	0	0	0	0	0	0	0	0	493.7	164.57	0	8557.6	0	0	0	0	0	0	0	82.284	0	0	0	0	0	0	0	0	0
L128_C08	NP	0	0	0	0	0	0	0	42.214	0	0	506.56	0	0	0	84.427	126.64	0	0	0	0	42.214	0	0	0	0	0	0	0	0	84.427	0	0	0	0	126.64	0	84.427	0	0	126.64	0	0	0	0	42.214	0	84.427	42.214	295.5	0	0	0	0	0	126.64	0	253.28	42.214	633.21	0	42.214	42.214	42.214	886.49	0	0	168.85	42.214	168.85	0	0	0	802.06	0	0	0	42.214	84.427	0	0	253.28	0	422.14	0	422.14	253.28	0	42.214	42.214	0	0	42.214	0	0	0	0	0	0	0	0	0	0	0	0	0	0	0	0	0	253.28	0	0	84.427	0	42.214	0	42.214	0	42.214	0	0	211.07	0	0	0	0	0	0	0	42.214	0	0	0	0	0	0	0	0	84.427	0	0	0	84.427	0	0	0	0	0	0	0	0	0	0	0	0	0	0	0	0	0	0	0	0	0	0	0	0	0	675.42	42.214	42.214	0	0	0	0	0	0	0	0	0	42.214	0	0	0	0	0	0	0	0	0	0	0	0	0	0	0	42.214	0	0	1435.3	126.64	168.85	506.56	211.07	10849	0	42.214	337.71	1182	211.07	802.06	168.85	759.85	759.85	126.64	379.92	337.71	168.85	675.42	844.27	422.14	0	84.427	0	0	126.64	0	0	1013.1	1646.3	633.21	42.214	0	211.07	0	759.85	42.214	0	379.92	13930	295.5	717.63	2321.8	211.07	84.427	1435.3	0	42.214	379.92	0	0	0	506.56	0	0	0	0	0	0	0	0	0	0	84.427	84.427	253.28	0	0	84.427	42.214	0	0	802.06	42.214	0	0	0	211.07	42.214	0	84.427	42.214	0	0	0	0	0	0	42.214	0	0	0	0	0	0	0	0	0	0	0	0	0	0	0	0	0	0	0	0	0	886.49	211.07	0	0	0	0	0	84.427	0	0	84.427	0	0	802.06	84.427	42.214	0	168.85	0	0	0	0	42.214	506.56	0	0	0	0	0	0	0	0	0	0	0	0	0	0	0	0	0	0	0	0	0	0	0	0	0	0	0	0	0	0	0	0	0	0	0	0	0	0	0	0	0	0	0	0	0	0	0	0	42.214	0	0	0	0	0	0	0	0	0	0	0	0	0	42.214	0	0	0	42.214	0	0	0	0	84.427	0	0	0	0	0	0	0	0	0	0	0	0	0	0	0	0	0	84.427	0	0	0	0	0	0	0	295.5	253.28	0	6205.4	0	0	0	168.85	0	0	0	844.27	0	0	0	0	0	0	0	0	0
L128_D08	NP	0	0	0	0	0	0	0	0	0	0	169.01	0	0	0	281.67	0	0	0	0	0	0	0	0	56.335	0	0	0	0	281.67	0	0	225.34	56.335	0	56.335	0	112.67	0	0	0	0	0	0	0	56.335	56.335	0	0	676.02	0	0	0	0	0	169.01	0	225.34	0	619.68	169.01	0	0	0	1183	112.67	0	112.67	0	0	0	0	56.335	732.35	0	0	0	225.34	0	0	0	169.01	0	169.01	0	56.335	0	0	0	112.67	0	0	0	0	0	0	0	0	0	0	56.335	0	0	0	0	0	0	0	0	0	1239.4	56.335	0	0	0	56.335	0	169.01	0	0	0	0	56.335	0	0	0	0	0	0	0	56.335	0	0	0	0	0	0	0	0	0	0	0	0	0	0	0	0	0	0	0	0	0	0	0	0	0	0	0	0	0	0	0	0	0	0	0	0	0	0	394.34	563.35	169.01	0	0	0	0	0	0	0	0	0	56.335	0	0	0	0	0	0	0	0	0	0	0	0	0	0	0	0	0	0	2084.4	507.01	56.335	845.02	169.01	7492.5	563.35	0	1126.7	788.69	112.67	507.01	169.01	901.36	338.01	0	56.335	225.34	2253.4	2366.1	1690.1	507.01	0	112.67	0	112.67	225.34	56.335	0	901.36	3549.1	788.69	0	0	1126.7	0	901.36	0	56.335	1126.7	8281.2	338.01	845.02	2028.1	112.67	0	2704.1	450.68	56.335	169.01	0	0	0	507.01	0	0	0	0	0	0	0	0	0	0	112.67	0	0	0	0	56.335	0	0	0	1464.7	0	0	0	0	0	56.335	0	112.67	0	0	0	0	0	0	0	0	0	225.34	0	0	0	0	0	0	0	0	281.67	0	0	0	0	0	0	0	0	0	0	507.01	56.335	0	0	0	0	0	0	56.335	0	0	0	0	507.01	0	112.67	56.335	281.67	0	0	0	0	0	281.67	0	0	0	0	0	0	0	0	0	56.335	0	0	0	0	0	0	0	0	0	0	0	0	0	0	0	0	0	0	0	0	0	0	0	0	0	0	0	0	0	0	0	0	0	56.335	0	0	0	0	0	0	0	0	0	0	0	0	0	0	0	0	0	0	56.335	0	0	0	56.335	0	0	56.335	0	0	0	0	0	0	0	0	0	0	0	0	0	0	0	0	0	0	0	0	0	0	0	0	0	0	0	563.35	0	0	4563.1	0	0	0	169.01	0	0	0	394.34	0	0	0	0	0	0	0	0	0
L128_B10	NP	0	0	0	0	89.095	0	0	0	0	0	579.12	0	0	44.547	0	0	0	0	0	0	0	0	0	0	0	0	0	0	0	0	0	0	0	0	0	0	133.64	0	0	44.547	0	0	0	0	44.547	0	0	44.547	133.64	0	0	0	0	44.547	89.095	0	89.095	0	445.47	0	0	44.547	0	1871	0	0	445.47	0	0	0	0	0	757.31	44.547	44.547	0	0	0	0	0	267.28	0	89.095	0	0	44.547	0	0	0	0	0	0	0	44.547	0	0	0	0	0	0	133.64	0	0	0	0	0	0	0	0	44.547	0	0	0	267.28	44.547	0	400.93	0	44.547	0	0	0	44.547	0	0	0	0	0	0	0	0	89.095	0	0	0	0	0	0	0	0	0	0	0	0	0	0	0	0	0	0	0	0	0	0	0	0	0	0	0	0	0	0	0	0	0	0	0	0	490.02	133.64	0	0	0	0	0	0	0	0	0	0	0	0	0	0	44.547	0	0	0	0	0	0	44.547	0	0	0	0	0	0	0	2984.7	133.64	133.64	935.49	400.93	10647	311.83	44.547	980.04	757.31	222.74	534.57	44.547	579.12	490.02	44.547	400.93	222.74	801.85	1069.1	935.49	178.19	0	0	0	0	445.47	222.74	0	311.83	1915.5	133.64	0	0	133.64	0	445.47	0	0	846.4	9845	356.38	445.47	1781.9	133.64	0	1559.2	89.095	44.547	356.38	0	0	0	534.57	0	0	0	0	0	0	0	0	0	0	44.547	0	0	0	0	44.547	0	0	0	400.93	0	311.83	0	0	0	89.095	0	133.64	178.19	44.547	0	0	0	0	0	44.547	0	133.64	0	0	0	0	0	0	0	0	44.547	0	0	0	0	0	0	0	0	0	0	490.02	178.19	0	0	0	0	0	0	0	0	44.547	0	0	311.83	0	0	0	1247.3	0	0	0	0	44.547	6682.1	0	0	0	0	0	0	0	0	0	0	0	0	0	0	0	0	0	0	0	0	0	0	0	0	0	0	0	0	0	0	0	0	0	0	0	0	0	0	0	0	0	0	0	0	0	0	0	0	0	0	0	0	0	0	0	0	0	0	0	0	0	0	44.547	0	0	0	44.547	0	0	0	0	0	0	0	0	0	0	0	0	0	0	0	0	0	0	0	0	0	0	0	0	0	0	0	0	0	0	222.74	0	0	3742	0	0	0	0	0	0	0	890.95	0	0	0	133.64	0	44.547	0	0	0
L128_B11	NP	0	0	0	112	0	0	0	0	0	0	895.96	0	0	0	0	559.97	0	0	0	0	223.99	0	0	0	0	0	0	0	0	112	0	0	0	0	0	0	112	0	0	223.99	0	0	0	0	0	112	112	0	0	0	0	0	0	0	112	0	0	0	895.96	0	783.96	0	0	895.96	0	0	335.98	0	0	112	0	0	112	0	0	0	0	0	0	0	112	0	783.96	0	0	0	0	0	112	0	0	0	0	0	0	0	0	0	0	0	0	0	0	0	0	0	0	0	112	0	0	0	0	0	0	0	112	0	223.99	0	112	0	0	0	0	0	0	0	0	0	112	447.98	0	0	0	0	0	0	0	0	0	0	0	0	0	0	0	0	0	0	0	0	0	0	0	0	0	0	0	0	0	0	0	0	0	0	0	0	559.97	0	0	0	0	0	0	0	0	0	0	0	0	0	0	0	0	0	0	0	0	0	0	0	0	0	0	0	0	0	0	3359.8	335.98	0	1343.9	559.97	5151.8	0	112	559.97	895.96	223.99	671.97	335.98	671.97	447.98	0	447.98	0	3023.9	2351.9	2239.9	335.98	0	0	112	0	0	335.98	0	0	2239.9	112	0	0	559.97	0	335.98	0	0	1231.9	9295.5	783.96	1119.9	1119.9	0	0	1231.9	112	0	895.96	0	0	0	112	0	0	0	0	0	0	0	0	0	0	0	0	559.97	0	0	447.98	0	0	0	335.98	0	112	0	0	112	112	0	0	112	0	0	0	0	0	0	0	0	223.99	0	0	0	0	0	0	0	112	0	0	0	0	0	0	0	0	0	0	0	1008	0	0	0	0	0	0	0	0	0	0	0	0	559.97	0	0	0	1008	0	112	0	0	0	895.96	0	0	0	0	0	0	0	0	0	0	0	0	0	0	0	0	0	0	0	0	0	0	0	0	0	0	0	0	0	0	0	0	0	0	0	0	0	0	0	0	0	0	0	112	0	0	0	0	0	0	0	0	0	0	0	0	0	0	0	0	0	0	223.99	0	0	0	0	0	0	0	0	0	0	0	0	0	0	0	0	0	0	0	0	0	0	0	0	0	0	0	0	0	0	0	0	0	0	223.99	0	0	6495.7	0	0	0	112	0	0	0	447.98	0	0	0	0	0	112	0	0	0
L128_C12	NP	46.81	0	0	0	0	0	0	46.81	0	0	327.67	46.81	0	46.81	140.43	187.24	0	0	0	0	0	0	0	46.81	0	0	0	0	0	234.05	0	0	0	0	0	0	140.43	46.81	0	0	0	0	0	0	93.62	140.43	187.24	46.81	561.72	0	0	0	0	0	561.72	93.62	93.62	140.43	1217.1	46.81	187.24	46.81	0	1217.1	93.62	0	374.48	46.81	46.81	234.05	0	0	1638.3	0	0	327.67	0	93.62	46.81	0	374.48	0	374.48	0	327.67	46.81	0	0	0	0	0	0	0	0	0	0	0	0	0	187.24	0	0	0	0	0	234.05	0	0	0	187.24	0	0	0	374.48	140.43	0	327.67	46.81	327.67	234.05	234.05	93.62	0	0	0	0	0	0	0	0	0	0	0	0	0	46.81	0	0	0	0	46.81	0	0	0	0	0	46.81	0	0	0	0	0	0	0	0	0	0	0	0	0	0	0	0	0	0	46.81	0	0	0	46.81	140.43	0	0	0	0	46.81	0	0	0	0	0	0	0	0	46.81	0	0	0	0	0	0	0	0	0	0	0	93.62	0	0	2668.2	46.81	702.15	187.24	327.67	3557.6	234.05	0	140.43	280.86	0	795.77	0	234.05	1076.6	0	46.81	93.62	1497.9	748.96	2387.3	140.43	0	0	0	0	0	0	0	187.24	2715	561.72	46.81	0	187.24	0	468.1	0	0	187.24	10720	0	374.48	1497.9	234.05	0	3978.8	280.86	187.24	468.1	0	0	0	702.15	0	0	0	0	0	0	0	0	0	842.58	0	0	140.43	46.81	0	374.48	46.81	0	0	280.86	0	0	0	0	93.62	0	187.24	0	46.81	0	46.81	0	0	0	46.81	46.81	0	0	0	514.91	0	0	0	0	0	0	93.62	0	0	0	0	0	0	0	0	0	0	187.24	46.81	0	0	0	0	0	46.81	0	0	0	0	0	234.05	0	46.81	0	795.77	93.62	46.81	93.62	0	46.81	327.67	0	0	0	0	140.43	0	0	0	0	0	0	0	0	0	0	0	0	0	0	0	0	0	0	0	0	0	0	0	0	0	0	0	0	0	0	0	0	0	0	0	0	0	0	0	0	234.05	46.81	0	0	0	0	0	0	0	0	0	0	0	0	0	0	46.81	0	0	0	0	140.43	46.81	0	140.43	0	374.48	93.62	0	0	0	0	0	0	0	468.1	0	0	0	0	0	0	0	0	0	0	0	0	46.81	0	0	0	187.24	46.81	0	1451.1	0	0	0	0	0	0	0	187.24	0	0	0	0	0	0	0	0	0
L128_D12	NP	0	0	0	0	0	0	0	133.92	0	0	624.94	0	0	133.92	0	44.639	357.11	0	0	0	0	0	0	0	0	0	0	0	133.92	44.639	44.639	0	44.639	0	0	0	223.19	89.278	0	0	0	0	0	0	89.278	44.639	133.92	89.278	267.83	0	0	0	44.639	0	982.05	0	714.22	44.639	1740.9	89.278	178.55	178.55	0	2499.8	178.55	0	223.19	44.639	223.19	133.92	0	89.278	1428.4	0	0	0	89.278	0	0	0	89.278	0	223.19	0	44.639	133.92	0	0	44.639	44.639	0	0	0	0	0	0	0	0	0	0	0	0	0	0	0	0	0	0	44.639	133.92	0	0	0	133.92	44.639	0	357.11	0	89.278	0	178.55	89.278	0	133.92	223.19	0	44.639	0	0	357.11	89.278	178.55	0	0	89.278	44.639	0	0	0	0	89.278	44.639	0	89.278	0	0	178.55	133.92	0	0	0	0	0	0	0	0	0	0	0	0	0	0	0	89.278	0	0	0	0	758.86	133.92	44.639	89.278	267.83	0	0	89.278	44.639	44.639	0	133.92	0	44.639	0	0	44.639	0	89.278	0	0	44.639	44.639	0	0	0	0	0	44.639	44.639	0	1339.2	312.47	267.83	401.75	267.83	3705	267.83	0	580.3	714.22	133.92	89.278	44.639	267.83	535.67	312.47	44.639	133.92	3481.8	1696.3	3526.5	312.47	0	89.278	0	44.639	0	178.55	0	535.67	2365.9	446.39	89.278	0	133.92	0	2946.2	133.92	44.639	535.67	10133	401.75	624.94	1830.2	0	0	669.58	44.639	133.92	1160.6	0	0	0	267.83	0	44.639	0	0	0	0	44.639	0	0	89.278	0	0	0	133.92	0	44.639	267.83	0	0	580.3	44.639	0	0	0	133.92	0	0	89.278	44.639	44.639	0	0	0	133.92	44.639	133.92	44.639	401.75	0	0	0	0	0	0	0	0	178.55	0	0	0	0	0	0	89.278	0	0	0	312.47	89.278	0	0	0	0	0	89.278	0	0	0	44.639	0	714.22	0	0	0	491.03	267.83	0	0	0	44.639	758.86	0	0	0	0	0	0	0	0	0	0	0	0	0	0	0	0	0	0	0	0	0	0	0	0	0	0	44.639	0	0	0	0	0	0	0	0	0	0	0	0	0	44.639	0	0	44.639	0	89.278	0	0	0	0	0	0	0	0	0	0	44.639	0	0	0	0	0	89.278	0	0	0	0	44.639	0	44.639	89.278	0	0	0	0	0	0	0	0	0	0	0	0	0	0	0	0	0	0	0	0	0	0	0	0	0	0	446.39	0	0	3794.3	0	0	0	44.639	0	0	0	267.83	0	0	0	0	0	0	0	0	0
L129_E01	NP	0	0	0	0	0	0	0	110.41	0	0	220.82	0	0	0	0	0	0	0	0	0	0	0	0	0	0	0	0	331.24	0	0	0	110.41	0	0	0	0	0	0	0	331.24	0	0	0	0	0	0	0	0	0	0	0	0	0	0	0	0	220.82	0	883.29	0	0	0	0	1545.8	0	0	0	0	0	0	0	0	441.65	0	0	0	0	0	0	0	0	0	110.41	0	0	0	0	0	0	0	0	0	0	0	0	441.65	0	0	0	0	0	0	0	0	0	0	0	0	0	0	0	0	0	0	0	0	0	0	0	0	0	0	0	0	0	0	0	0	0	0	0	441.65	0	0	0	0	0	0	0	0	0	0	0	0	0	0	0	0	0	0	0	0	0	0	0	0	0	0	0	0	0	0	0	0	0	0	0	0	552.06	0	0	0	0	0	0	0	0	0	0	0	0	0	0	0	0	0	0	0	0	0	0	0	0	0	0	0	0	0	0	2318.6	772.88	110.41	883.29	0	6072.6	331.24	0	0	331.24	220.82	220.82	0	552.06	441.65	0	552.06	0	0	772.88	441.65	331.24	0	0	0	0	0	0	0	552.06	441.65	110.41	0	0	220.82	0	441.65	0	0	552.06	16783	110.41	110.41	2760.3	0	0	331.24	110.41	0	110.41	0	0	0	0	0	0	0	0	0	0	0	0	0	0	0	0	0	0	0	0	220.82	0	0	772.88	0	0	0	0	0	0	0	0	0	0	0	0	0	0	0	0	0	441.65	0	0	0	0	0	0	0	0	0	0	0	0	0	0	0	0	0	0	0	1766.6	0	0	0	0	0	0	0	0	0	0	0	0	331.24	0	0	0	110.41	0	0	0	0	0	993.71	0	0	0	0	0	0	0	0	0	0	0	0	0	0	0	0	0	0	0	0	0	0	0	0	0	0	0	0	0	0	0	0	0	0	0	0	0	0	0	0	0	0	0	0	0	0	0	0	0	0	0	0	0	0	0	0	0	0	0	0	0	0	110.41	0	0	0	552.06	0	0	0	0	0	0	0	0	0	0	0	0	0	0	0	0	0	0	0	0	0	0	0	0	0	0	0	110.41	0	0	110.41	0	0	9826.7	0	0	0	0	0	0	0	0	0	0	0	0	0	0	0	0	0
L129_H01	NP	120.95	0	0	0	0	0	0	40.318	0	0	886.99	0	0	40.318	0	0	0	0	0	0	0	0	0	0	0	0	0	0	40.318	0	0	40.318	0	0	40.318	40.318	40.318	0	0	40.318	0	40.318	0	0	0	120.95	0	0	201.59	0	0	40.318	0	0	201.59	40.318	201.59	120.95	685.4	40.318	40.318	40.318	40.318	1612.7	0	0	403.18	120.95	0	40.318	0	0	967.63	0	0	0	0	120.95	0	0	322.54	0	564.45	0	0	40.318	0	0	120.95	0	0	0	0	0	0	0	0	0	0	0	0	0	0	0	0	80.635	80.635	0	0	40.318	0	0	0	0	161.27	0	161.27	0	685.4	0	0	0	0	0	0	0	0	0	0	0	0	201.59	0	0	80.635	0	0	0	120.95	0	0	0	0	0	0	0	0	0	0	0	0	0	0	0	0	0	0	0	0	0	0	0	0	0	0	0	0	0	241.91	282.22	483.81	40.318	0	0	0	0	0	0	0	0	0	0	0	0	0	0	0	0	0	0	0	0	0	0	0	0	0	0	0	3548	80.635	604.77	1169.2	725.72	6168.6	362.86	0	1290.2	322.54	120.95	685.4	0	685.4	1612.7	0	201.59	120.95	201.59	1854.6	1854.6	80.635	80.635	0	0	80.635	161.27	0	161.27	524.13	2378.7	201.59	0	120.95	362.86	0	1007.9	282.22	0	403.18	8587.7	362.86	403.18	1935.3	282.22	40.318	3023.8	322.54	40.318	1249.8	0	0	0	120.95	0	0	0	0	0	0	40.318	0	0	0	120.95	241.91	80.635	40.318	0	120.95	0	0	0	443.49	0	80.635	0	0	40.318	40.318	40.318	0	0	0	40.318	0	0	0	0	120.95	0	120.95	0	0	0	0	0	0	0	0	161.27	0	0	0	0	0	0	0	0	0	0	322.54	0	0	0	0	0	0	161.27	0	0	0	40.318	0	403.18	0	0	0	1330.5	0	0	0	0	0	0	0	0	0	0	0	0	0	0	0	0	0	0	0	0	0	0	0	0	0	0	0	0	0	0	0	0	0	0	0	0	0	0	0	0	0	0	0	0	0	0	0	0	0	0	0	201.59	0	0	0	0	0	0	0	0	0	0	0	0	0	0	0	0	161.27	0	0	0	40.318	0	0	40.318	0	0	201.59	0	0	0	0	0	0	0	0	0	0	0	0	0	0	0	0	120.95	0	0	0	0	0	0	0	282.22	201.59	0	6652.4	0	0	0	0	0	0	0	483.81	0	0	0	0	0	0	0	0	0
L129_B02	NP	0	0	0	0	0	0	0	0	0	0	0	0	0	0	0	71.129	0	0	213.39	0	0	0	0	0	0	0	0	213.39	142.26	0	0	0	0	0	0	0	142.26	0	0	0	0	0	0	0	142.26	71.129	71.129	0	284.52	0	0	569.03	0	0	213.39	0	0	0	355.64	0	71.129	0	0	1707.1	0	0	142.26	71.129	0	0	0	0	1422.6	0	0	0	0	0	0	0	426.77	0	569.03	0	0	0	0	0	0	0	0	0	0	0	0	0	0	0	0	0	0	0	0	0	0	0	0	0	0	0	0	0	142.26	355.64	71.129	0	569.03	0	213.39	0	0	782.42	0	0	0	0	0	0	0	142.26	0	426.77	0	0	0	0	0	0	0	0	0	0	0	0	0	0	0	0	0	0	0	0	0	0	0	0	0	0	0	0	0	0	0	0	0	0	0	0	0	71.129	355.64	0	0	355.64	0	0	0	0	0	0	0	0	0	0	0	0	0	0	0	0	0	142.26	0	0	0	0	0	0	0	284.52	71.129	142.26	426.77	71.129	4410	355.64	0	497.9	213.39	213.39	497.9	0	1280.3	853.55	0	426.77	0	3556.4	1707.1	2418.4	71.129	0	0	0	0	0	924.67	0	640.16	1351.4	213.39	0	0	71.129	0	569.03	0	0	142.26	11665	569.03	355.64	853.55	0	0	2347.3	0	71.129	995.8	0	0	0	782.42	0	0	0	0	0	0	0	0	0	0	0	0	0	0	0	0	0	0	0	569.03	0	0	0	0	71.129	0	0	0	0	0	0	0	0	0	0	0	0	142.26	0	0	0	0	0	0	0	0	0	0	0	0	0	0	0	0	0	0	0	1280.3	0	0	0	0	0	0	71.129	0	0	0	0	0	1066.9	0	142.26	0	426.77	0	0	0	0	0	355.64	0	0	0	0	0	0	0	0	0	0	0	0	0	0	0	0	0	0	0	0	0	0	0	0	0	0	0	0	0	0	0	0	0	0	0	0	0	0	0	0	0	0	0	0	0	0	0	0	0	0	0	0	0	0	0	0	0	0	0	0	0	0	213.39	0	0	0	71.129	0	0	0	0	0	0	0	0	0	0	0	0	0	0	0	0	0	0	0	0	0	0	0	0	0	0	0	71.129	0	0	0	0	0	6686.1	0	0	0	0	0	0	0	426.77	0	0	0	0	0	0	0	0	0
L129_F03	NP	0	0	0	0	0	0	0	209.03	0	0	261.29	0	0	0	0	0	52.257	0	0	0	209.03	0	0	0	0	0	0	0	0	0	0	0	0	0	52.257	0	0	0	0	313.55	0	0	0	0	261.29	52.257	52.257	104.51	470.32	0	0	0	0	0	209.03	52.257	418.06	0	783.86	156.77	0	0	0	1149.7	0	0	52.257	52.257	365.8	0	0	0	418.06	156.77	0	0	0	104.51	0	0	209.03	0	261.29	0	52.257	156.77	0	0	104.51	0	0	52.257	0	0	0	0	0	0	0	0	0	0	0	0	0	0	0	0	0	52.257	0	0	0	0	0	0	104.51	0	365.8	0	52.257	0	0	0	0	0	0	0	0	365.8	0	0	0	0	0	0	0	0	0	52.257	0	0	0	0	0	0	0	0	0	0	0	0	0	0	0	0	0	0	0	0	0	0	0	0	0	52.257	0	0	52.257	104.51	104.51	0	0	0	0	0	0	0	0	0	0	0	104.51	0	0	0	0	0	0	0	0	0	0	0	0	0	0	0	0	5016.7	156.77	209.03	418.06	209.03	5591.6	0	0	261.29	888.38	0	522.58	261.29	1097.4	52.257	0	261.29	0	0	627.09	313.55	104.51	0	52.257	0	0	0	261.29	0	679.35	783.86	1097.4	418.06	52.257	52.257	0	1672.2	0	261.29	1463.2	11235	1724.5	1149.7	1201.9	365.8	0	731.6	156.77	52.257	209.03	0	0	0	1045.2	0	0	0	0	0	0	52.257	0	0	0	0	0	0	0	0	0	313.55	0	0	888.38	0	0	0	0	0	0	0	0	0	52.257	0	0	52.257	0	0	0	0	52.257	0	0	0	0	0	0	0	52.257	0	0	0	0	0	0	0	0	0	0	0	261.29	209.03	0	0	0	0	0	0	0	0	0	0	0	1201.9	52.257	52.257	52.257	104.51	0	52.257	0	0	0	940.64	0	0	0	0	156.77	0	0	0	0	0	0	0	0	0	0	0	0	0	0	0	0	0	0	0	0	0	0	0	0	0	0	0	0	313.55	0	0	0	418.06	0	0	0	0	0	0	0	0	0	0	104.51	0	0	0	0	0	0	0	0	0	0	0	0	0	209.03	0	0	0	209.03	0	0	0	0	0	0	0	0	104.51	0	0	0	0	0	0	0	0	0	0	0	0	0	0	0	0	0	0	0	0	0	365.8	156.77	0	7629.6	0	0	0	156.77	0	0	0	52.257	0	0	0	0	0	0	0	0	0
L129_F04	NP	0	0	0	0	0	0	0	115.24	0	38.413	460.95	0	0	0	0	0	115.24	0	0	0	0	0	0	0	0	0	0	76.826	230.48	76.826	0	0	0	0	38.413	153.65	38.413	0	0	0	38.413	0	0	0	230.48	38.413	0	0	384.13	0	0	0	0	0	38.413	0	268.89	0	230.48	38.413	0	0	0	1536.5	0	0	422.54	38.413	0	0	0	0	460.95	76.826	0	0	0	38.413	0	0	76.826	0	153.65	0	38.413	38.413	0	38.413	0	0	0	0	0	38.413	0	0	0	0	0	0	0	0	0	0	0	0	192.06	0	0	192.06	0	0	0	0	192.06	0	115.24	0	76.826	0	0	0	0	38.413	0	0	0	0	0	38.413	38.413	153.65	0	0	38.413	0	0	0	38.413	0	0	0	0	0	0	0	0	0	0	0	0	0	0	0	0	0	0	0	0	0	0	0	0	0	0	0	0	0	192.06	614.6	192.06	0	0	0	0	0	0	0	38.413	0	0	0	0	0	192.06	0	0	0	0	0	0	0	38.413	0	0	0	0	0	0	4532.7	0	729.84	1229.2	460.95	11370	460.95	0	998.73	1344.4	307.3	768.26	384.13	1037.2	960.32	0	76.826	307.3	499.37	1767	1767	192.06	0	0	0	76.826	499.37	0	0	845.08	1882.2	38.413	0	0	38.413	0	614.6	0	0	460.95	10026	38.413	921.91	1805.4	38.413	38.413	2381.6	268.89	0	384.13	0	0	0	1536.5	0	0	0	0	0	0	76.826	0	0	153.65	76.826	230.48	0	0	0	0	38.413	0	0	806.67	0	230.48	0	0	115.24	0	0	460.95	0	0	0	0	0	0	0	0	0	76.826	0	0	0	0	0	0	0	38.413	153.65	0	0	0	0	0	0	0	0	0	0	1075.6	0	0	0	0	0	0	38.413	0	0	0	0	0	998.73	0	76.826	0	806.67	38.413	0	0	0	0	614.6	0	0	0	0	0	0	0	0	0	0	0	0	0	0	0	0	0	0	0	0	0	0	0	0	0	0	0	0	0	0	0	0	0	0	0	0	0	0	0	0	0	0	0	0	0	0	0	0	230.48	0	0	0	0	0	0	0	0	0	0	0	0	0	76.826	0	0	0	0	0	0	0	0	0	0	0	0	0	0	0	38.413	0	0	0	0	0	0	0	0	0	0	0	0	0	0	0	0	0	0	384.13	345.71	0	7260	0	0	0	0	0	0	0	307.3	0	0	0	0	0	0	0	0	0
L129_C11	NP	0	0	0	70.726	0	0	0	0	0	0	565.81	0	0	0	0	0	0	0	0	0	0	0	0	0	0	0	0	0	70.726	70.726	0	0	0	0	0	0	0	0	0	0	0	0	0	0	0	0	282.9	70.726	141.45	0	0	0	0	0	0	0	70.726	0	212.18	70.726	0	0	0	3819.2	0	0	0	70.726	70.726	0	0	0	0	141.45	0	0	70.726	0	0	0	212.18	0	777.99	0	424.36	0	0	0	141.45	0	0	0	0	0	0	0	0	0	0	0	0	0	0	0	0	0	0	0	0	70.726	0	0	0	0	70.726	0	141.45	0	0	0	0	0	0	0	0	0	0	0	0	0	70.726	0	0	0	0	0	0	0	70.726	0	0	0	0	0	0	0	141.45	0	0	0	0	0	0	0	0	0	0	0	0	0	0	0	0	0	0	70.726	0	0	0	70.726	353.63	0	0	0	0	0	0	0	0	0	0	0	0	0	0	0	0	0	0	0	0	0	0	0	0	0	0	0	0	4738.7	70.726	707.26	919.44	1768.2	7072.6	565.81	141.45	1202.3	565.81	707.26	2616.9	70.726	1909.6	1768.2	0	70.726	0	0	990.17	1626.7	212.18	0	0	0	70.726	636.54	0	777.99	495.08	1343.8	212.18	0	0	565.81	0	1202.3	0	0	141.45	6648.3	1273.1	424.36	1626.7	0	141.45	212.18	0	0	565.81	0	0	0	282.9	0	0	0	0	0	0	0	0	0	141.45	70.726	70.726	0	0	0	424.36	0	0	0	282.9	0	0	0	0	70.726	0	0	0	0	0	0	0	0	0	0	70.726	0	565.81	0	0	0	0	0	0	0	0	0	0	0	0	0	0	0	0	0	0	0	919.44	0	0	0	0	0	0	0	0	0	0	0	0	141.45	0	0	0	1060.9	0	0	0	0	0	0	0	0	0	0	0	0	0	0	0	70.726	0	0	0	0	0	0	0	0	0	0	0	0	0	0	0	0	0	0	0	0	0	0	0	0	0	0	0	0	70.726	0	0	0	0	0	0	0	0	0	0	0	0	0	0	0	0	0	0	0	0	0	0	0	495.08	0	0	0	0	0	0	0	0	212.18	0	0	0	0	0	0	0	0	70.726	212.18	0	0	0	0	0	0	0	212.18	0	0	0	0	0	0	0	353.63	0	0	4809.4	0	0	0	0	0	0	0	1556	0	0	0	0	0	0	0	0	0
L129_H12	NP	0	0	0	0	0	0	0	0	0	0	378.46	0	0	0	0	0	0	0	432.53	0	162.2	0	0	0	0	0	0	108.13	0	216.26	0	0	0	0	0	216.26	54.066	0	0	0	0	0	0	0	54.066	0	0	0	1405.7	0	0	0	0	0	216.26	0	0	0	648.79	0	270.33	54.066	0	1946.4	0	0	0	0	54.066	0	0	0	540.66	0	0	0	162.2	0	0	0	1027.3	0	54.066	0	108.13	0	0	0	0	0	0	0	0	0	0	0	0	0	0	54.066	0	0	0	0	0	0	0	0	0	702.85	0	0	0	0	378.46	0	54.066	0	162.2	0	108.13	0	0	0	0	0	0	0	0	54.066	108.13	0	0	0	0	0	0	0	0	54.066	0	0	0	0	0	0	0	0	0	0	0	0	0	0	0	0	0	0	0	0	0	0	0	0	0	0	0	0	108.13	162.2	108.13	0	0	0	0	0	0	0	0	0	0	0	0	0	0	0	0	0	0	0	0	0	0	0	0	0	0	0	0	1135.4	810.99	594.72	973.18	378.46	9029	756.92	0	810.99	594.72	162.2	162.2	54.066	1189.4	865.05	54.066	486.59	54.066	108.13	865.05	1027.3	919.12	0	0	0	0	108.13	0	108.13	865.05	2324.8	54.066	216.26	162.2	324.39	0	756.92	0	0	919.12	9029	108.13	865.05	324.39	0	54.066	1622	108.13	0	1027.3	0	0	0	810.99	0	0	0	0	0	0	0	0	0	0	0	0	0	0	0	0	0	0	0	648.79	0	270.33	0	0	0	0	0	0	108.13	0	0	0	0	0	0	54.066	0	108.13	0	0	0	0	0	0	0	0	0	0	0	0	0	0	0	0	0	0	0	648.79	270.33	108.13	0	0	0	0	0	0	0	0	54.066	0	756.92	0	378.46	0	973.18	0	270.33	0	0	0	378.46	0	0	0	0	0	0	0	0	0	0	0	0	0	0	0	0	0	0	0	0	0	0	0	0	0	0	0	0	0	0	0	0	0	0	0	0	0	0	0	0	0	0	0	54.066	0	0	0	0	0	0	0	0	0	0	0	0	0	0	0	162.2	0	0	378.46	0	0	0	108.13	54.066	0	0	0	0	0	0	0	0	0	0	0	0	0	0	0	0	0	0	0	0	0	0	0	0	0	0	54.066	0	0	324.39	0	0	8596.5	0	0	0	0	0	0	0	108.13	0	0	0	0	0	0	0	0	0
L130_G04	NP	0	0	0	0	0	0	0	211.98	0	0	211.98	0	0	0	0	0	211.98	0	0	0	0	0	0	2225.8	0	0	0	105.99	211.98	953.9	0	0	0	0	0	0	0	0	0	0	0	0	0	0	211.98	105.99	0	105.99	423.95	0	0	0	0	0	0	0	0	0	1271.9	0	0	0	0	1801.8	0	0	0	0	0	0	0	0	317.96	0	0	0	0	0	0	0	0	0	529.94	0	211.98	0	0	0	317.96	0	0	0	0	105.99	0	0	0	0	0	0	0	0	0	0	0	0	0	0	0	317.96	0	0	0	105.99	0	0	105.99	0	0	0	0	105.99	0	0	0	0	0	0	0	0	105.99	1377.8	0	0	0	0	0	0	0	0	0	0	0	0	0	0	0	0	0	0	0	0	0	0	0	0	0	0	0	0	0	0	0	0	0	0	0	0	211.98	0	0	0	0	0	0	0	0	0	0	0	0	0	0	0	0	0	0	0	0	0	0	0	0	0	0	0	0	0	0	1271.9	105.99	317.96	1165.9	635.93	13461	0	0	105.99	423.95	105.99	317.96	0	529.94	741.92	0	105.99	317.96	423.95	1271.9	1377.8	105.99	0	0	0	0	0	0	0	529.94	1271.9	1377.8	211.98	0	1377.8	0	211.98	0	0	211.98	25013	211.98	211.98	635.93	105.99	0	4769.5	105.99	211.98	741.92	0	0	0	1165.9	0	0	0	0	0	0	0	0	0	0	0	0	0	0	0	0	0	0	0	529.94	0	0	0	0	0	0	0	0	0	0	0	0	0	0	0	0	0	423.95	0	0	0	0	0	0	0	0	317.96	0	0	0	0	0	0	0	0	0	0	423.95	105.99	0	0	0	0	0	105.99	0	0	0	0	0	317.96	0	105.99	0	317.96	0	0	0	0	0	0	0	0	0	0	0	0	0	0	0	317.96	0	0	0	0	0	0	0	0	0	105.99	0	0	0	0	0	0	0	0	0	0	0	0	0	0	0	0	0	0	0	0	105.99	0	0	0	0	0	0	0	211.98	0	0	0	0	0	0	0	0	0	0	0	0	0	211.98	0	0	0	211.98	0	0	0	0	0	0	0	0	0	0	0	0	0	0	0	0	0	0	0	0	0	0	0	0	0	0	0	105.99	0	0	317.96	0	0	5617.4	0	0	0	0	0	0	0	0	0	0	0	0	0	0	0	0	0
L130_H06	NP	0	0	0	0	0	0	0	0	99.701	0	99.701	0	0	0	0	0	0	0	0	0	0	0	0	0	0	0	0	0	0	0	0	0	0	0	0	0	0	0	0	0	0	0	0	0	0	0	0	0	99.701	0	0	0	0	0	0	0	0	99.701	498.5	0	99.701	0	0	1495.5	0	0	99.701	0	0	0	0	0	99.701	0	0	0	299.1	0	0	0	0	0	498.5	0	398.8	0	0	0	0	0	0	0	0	0	0	0	0	0	0	0	0	0	0	0	0	0	0	0	0	0	0	0	0	0	0	0	99.701	0	0	0	0	598.21	0	0	0	0	0	0	0	0	0	0	0	0	0	0	0	0	0	0	0	0	0	0	0	0	0	0	0	0	0	0	0	0	0	0	0	0	0	0	0	0	0	0	0	0	0	0	797.61	0	99.701	0	0	0	0	0	0	0	0	0	0	0	0	0	0	0	0	0	0	0	0	0	0	0	0	0	0	0	0	5483.5	99.701	0	997.01	498.5	4087.7	1196.4	0	299.1	4386.8	0	697.91	398.8	498.5	1096.7	0	1096.7	398.8	0	598.21	1495.5	199.4	0	299.1	0	299.1	99.701	0	0	797.61	1894.3	598.21	299.1	0	498.5	0	0	0	0	997.01	35693	299.1	299.1	1096.7	0	99.701	299.1	0	199.4	199.4	0	0	0	199.4	0	0	0	0	0	0	99.701	0	0	99.701	299.1	99.701	598.21	0	0	99.701	0	0	0	99.701	0	0	0	0	299.1	0	99.701	0	0	0	0	0	0	0	0	0	0	0	0	0	0	0	0	0	0	0	0	0	0	0	0	0	0	0	0	0	0	398.8	99.701	0	0	0	0	0	0	0	0	0	0	0	0	0	99.701	0	199.4	0	0	0	0	0	0	0	0	0	0	0	0	0	0	0	0	0	0	0	0	0	0	0	0	0	0	0	0	0	0	0	0	0	0	0	0	0	0	0	0	0	0	0	0	0	0	0	0	0	0	0	0	0	0	0	0	0	0	0	0	0	0	0	0	0	0	0	0	0	0	0	0	0	0	0	0	0	199.4	0	0	0	0	0	0	0	0	0	0	0	0	0	0	0	0	0	0	0	0	0	0	0	0	0	398.8	0	0	7477.6	0	0	0	0	0	0	0	199.4	0	0	0	0	0	0	0	0	0
L130_D10	NP	0	0	0	0	0	0	0	103.9	0	0	415.61	0	0	0	0	155.85	0	0	0	0	0	0	0	51.951	0	0	0	0	0	155.85	0	0	0	0	0	0	51.951	0	51.951	0	0	0	0	0	0	363.65	51.951	103.9	415.61	0	0	0	0	0	0	0	259.75	311.7	571.46	155.85	0	0	0	1350.7	0	0	103.9	51.951	0	0	0	0	623.41	0	0	0	0	51.951	51.951	0	51.951	0	311.7	0	0	0	0	0	311.7	51.951	0	0	103.9	0	0	0	0	0	0	0	0	51.951	0	0	0	0	0	0	0	51.951	0	0	0	207.8	51.951	0	103.9	0	103.9	155.85	0	0	0	0	51.951	0	0	0	0	51.951	0	0	0	0	0	0	0	0	51.951	155.85	0	0	0	0	0	0	51.951	0	0	0	0	0	0	0	0	0	0	0	0	0	0	0	0	0	0	0	103.9	0	51.951	155.85	103.9	0	0	0	0	0	0	0	0	0	0	0	0	0	0	0	0	0	0	0	0	0	0	0	0	0	0	0	0	2285.8	0	519.51	519.51	0	2493.6	571.46	0	883.16	415.61	0	623.41	0	467.56	415.61	0	1194.9	51.951	0	1039	363.65	467.56	0	0	0	363.65	0	51.951	0	259.75	3324.9	51.951	51.951	0	155.85	0	259.75	0	0	571.46	32937	2493.6	623.41	4156.1	0	0	1558.5	0	155.85	831.21	0	0	0	1350.7	0	0	0	155.85	0	0	675.36	0	0	779.26	51.951	259.75	467.56	415.61	0	51.951	0	0	0	207.8	51.951	0	0	0	155.85	155.85	0	103.9	415.61	0	0	0	0	0	0	259.75	0	0	0	0	0	0	0	0	51.951	0	51.951	0	0	0	0	0	0	0	0	0	0	1039	51.951	0	0	0	0	0	0	0	0	0	0	0	0	0	207.8	0	155.85	0	0	0	0	103.9	1662.4	0	0	0	0	0	0	0	0	0	0	0	0	0	0	0	0	0	0	0	51.951	0	0	0	0	0	0	0	0	0	0	0	0	0	0	0	0	0	0	0	0	0	0	0	0	0	0	0	0	0	0	0	0	0	0	0	0	0	0	0	0	0	0	0	0	0	0	0	0	0	0	51.951	0	103.9	0	0	0	0	0	0	0	103.9	207.8	0	0	0	0	0	0	0	0	0	0	0	0	0	0	0	311.7	0	0	2961.2	0	0	0	0	0	0	0	311.7	0	0	0	103.9	0	0	0	0	0
L130_A11	NP	0	0	0	0	0	0	0	65.219	0	65.219	391.31	0	0	65.219	65.219	0	0	0	0	0	0	0	0	0	0	0	0	0	65.219	913.06	0	0	0	0	0	0	0	0	130.44	0	0	0	0	0	0	0	0	0	456.53	0	0	0	0	65.219	0	65.219	65.219	0	260.88	65.219	195.66	65.219	0	326.09	0	0	0	65.219	0	0	0	0	1173.9	0	0	0	0	0	0	0	521.75	0	260.88	0	130.44	65.219	0	0	65.219	65.219	0	0	0	0	0	0	0	0	0	0	65.219	0	0	0	0	0	0	0	0	0	0	0	0	0	0	0	0	0	65.219	0	65.219	0	0	0	0	0	0	0	0	0	0	65.219	0	0	0	0	0	0	0	0	0	0	0	0	0	0	0	0	0	0	0	0	0	0	0	0	0	0	0	0	65.219	0	0	0	0	0	195.66	0	0	130.44	65.219	0	0	0	0	0	0	0	0	0	65.219	0	0	0	782.63	0	0	0	0	0	0	0	0	0	65.219	0	0	0	0	847.84	0	130.44	978.28	260.88	8543.7	456.53	65.219	782.63	717.41	326.09	130.44	65.219	586.97	130.44	0	260.88	130.44	1239.2	652.19	1891.3	130.44	65.219	0	0	65.219	0	195.66	0	521.75	4434.9	456.53	130.44	0	260.88	0	586.97	0	0	521.75	29935	65.219	847.84	2739.2	65.219	130.44	2934.9	0	0	326.09	0	0	0	65.219	0	0	0	0	0	0	0	0	0	65.219	0	0	0	130.44	0	65.219	0	0	0	652.19	0	0	0	0	0	65.219	0	0	130.44	0	0	0	0	0	0	0	0	0	0	0	0	0	0	0	0	0	0	0	0	0	0	0	0	0	0	0	0	195.66	0	0	0	0	0	0	130.44	0	0	130.44	0	65.219	391.31	0	0	130.44	130.44	65.219	65.219	0	0	0	1565.3	0	0	0	0	0	0	0	0	0	130.44	0	0	0	0	0	0	0	0	0	0	0	0	0	0	0	0	0	0	0	0	0	0	0	0	0	0	0	0	0	0	0	0	0	0	0	0	0	0	0	0	0	0	0	0	0	0	0	0	0	0	0	0	0	0	0	0	0	0	0	0	0	65.219	0	0	0	0	0	0	0	0	0	0	0	0	0	0	0	0	0	0	0	0	0	0	65.219	0	0	456.53	130.44	0	5217.5	0	0	0	0	0	0	0	65.219	0	0	0	326.09	0	0	0	0	0
L141_H04	NP	0	0	0	0	0	0	0	35.696	0	0	404.55	0	0	16.658	23.797	152.3	23.797	0	171.34	0	4.7594	0	0	0	0	0	0	11.899	33.316	9.5189	11.899	102.33	0	0	21.417	0	28.556	0	0	16.658	0	0	0	0	57.113	40.455	4.7594	16.658	383.13	0	30.936	0	2.3797	0	107.09	7.1391	0	2.3797	516.4	14.278	78.531	7.1391	16.658	1256.5	2.3797	0	2.3797	54.733	109.47	2.3797	21.417	4.7594	939.99	7.1391	0	0	14.278	73.771	0	0	290.33	7.1391	326.02	0	147.54	49.974	0	2.3797	316.5	0	0	0	0	19.038	0	0	2.3797	0	0	0	59.493	0	0	0	0	0	0	0	0	4.7594	0	0	0	16.658	21.417	0	80.91	9.5189	130.88	4.7594	0	2.3797	0	0	16.658	0	0	0	0	14.278	54.733	126.13	0	0	2.3797	0	0	0	0	0	11.899	0	0	0	0	0	2.3797	0	0	28.556	0	0	0	0	0	0	4.7594	0	0	4.7594	0	0	0	0	0	0	4.7594	0	828.14	406.93	16.658	0	4.7594	0	0	0	0	0	0	4.7594	0	14.278	0	0	133.26	0	0	0	0	2.3797	0	0	0	0	0	2.3797	83.29	0	0	230.83	199.9	254.63	799.58	799.58	3655.2	0	202.27	97.568	399.79	371.23	813.86	88.049	654.42	1120.8	26.177	859.08	259.39	0	423.59	644.9	57.113	0	138.02	28.556	33.316	0	88.049	42.835	442.63	859.08	306.98	0	0	166.58	0	628.24	0	0	904.29	8379	297.46	556.85	4968.8	109.47	21.417	1239.8	425.97	33.316	785.3	0	0	0	552.09	0	0	0	0	0	0	0	0	0	2.3797	102.33	0	107.09	0	0	0	49.974	0	0	992.34	0	54.733	0	0	159.44	107.09	0	57.113	0	0	0	0	0	0	61.873	0	0	23.797	0	4.7594	0	0	7.1391	0	0	14.278	11.899	0	0	0	0	0	0	0	0	0	0	801.96	216.55	0	9.5189	0	0	0	109.47	0	0	0	0	49.974	1009	0	59.493	0	104.71	0	0	0	0	7.1391	1078	0	0	0	0	0	0	0	0	0	0	0	0	0	0	0	0	0	0	0	0	0	0	0	0	0	0	0	0	0	0	0	0	0	0	0	0	0	0	0	0	0	0	7.1391	0	0	0	0	0	4.7594	0	0	0	0	0	0	0	0	0	0	14.278	0	0	126.13	0	0	0	318.88	9.5189	0	0	0	30.936	0	0	0	0	0	0	0	0	14.278	0	0	0	0	0	0	0	11.899	0	0	0	2.3797	0	0	0	0	321.26	73.771	0	14926	0	0	0	49.974	0	0	0	235.59	0	0	0	28.556	0	54.733	0	0	0
L141_C05	NP	5.6079	1.8693	0	0	0	0	0	5.6079	0	0	757.07	0	1.8693	1.8693	0	44.863	63.557	0	0	0	3.7386	5.6079	0	0	0	0	0	11.216	95.335	82.25	0	11.216	1.8693	0	9.3466	0	74.772	0	0	16.824	0	0	0	0	304.7	99.074	3.7386	41.125	366.39	0	0	5.6079	3.7386	3.7386	330.87	13.085	530.89	11.216	1811.4	158.89	170.11	11.216	0	1802	5.6079	0	157.02	35.517	57.949	20.562	1.8693	0	616.87	0	0	0	112.16	409.38	1.8693	7.4773	329	0	407.51	0	0	3.7386	0	0	95.335	0	0	1.8693	0	1.8693	0	0	0	0	0	0	0	11.216	0	0	0	26.17	1.8693	0	0	24.301	0	0	16.824	160.76	502.85	5.6079	431.81	11.216	93.466	0	3.7386	59.818	0	0	0	0	0	0	0	33.648	41.125	104.68	0	0	14.955	0	1.8693	0	14.955	9.3466	9.3466	0	13.085	0	0	3.7386	16.824	0	0	0	0	5.6079	0	1.8693	7.4773	9.3466	0	0	3.7386	7.4773	39.256	0	0	1.8693	0	0	7.4773	0	211.23	87.858	121.5	0	0	0	0	0	0	0	0	5.6079	0	0	1.8693	0	3.7386	0	0	0	0	3.7386	22.432	0	0	0	1.8693	0	0	0	24.301	192.54	357.04	355.17	250.49	310.31	3090	560.79	9.3466	89.727	915.96	233.66	523.41	0	669.21	841.19	0	59.818	287.87	2138.5	1319.7	1101	168.24	0	0	63.557	117.77	16.824	16.824	0	800.07	2895.6	951.48	237.4	0	330.87	0	751.46	0	0	1258.1	4376.1	351.43	366.39	2218.9	340.21	114.03	2217	173.85	158.89	603.79	0	9.3466	0	110.29	0	0	0	0	0	0	13.085	0	0	3.7386	54.21	132.72	119.64	0	0	20.562	18.693	0	48.602	710.34	0	11.216	0	0	1.8693	0	13.085	85.988	29.909	0	3.7386	0	0	56.079	13.085	5.6079	0	444.9	0	0	0	7.4773	0	0	0	18.693	246.75	0	0	0	0	0	0	0	0	0	0	343.95	200.02	22.432	0	0	0	0	29.909	0	0	1.8693	5.6079	26.17	605.66	0	0	0	200.02	91.596	31.778	0	0	201.89	1676.8	0	0	0	0	0	0	0	0	0	5.6079	0	0	0	13.085	0	0	0	0	0	0	0	0	0	0	0	14.955	0	0	3.7386	0	0	0	0	0	0	0	0	0	0	0	7.4773	0	0	0	0	0	0	0	22.432	0	0	0	0	0	0	0	0	0	0	0	0	0	100.94	0	0	1.8693	44.863	22.432	0	0	0	46.733	63.557	0	0	1.8693	0	0	0	0	7.4773	5.6079	0	0	0	0	0	0	0	0	0	0	0	0	0	0	0	628.09	71.034	0	7118.3	0	0	0	0	0	0	0	153.28	0	0	1.8693	0	11.216	3.7386	0	0	0
L141_B08	NP	0	0	0	0	14.328	0	0	23.881	0	114.63	405.97	9.5523	0	0	157.61	81.194	1022.1	0	0	0	66.866	0	0	0	0	0	0	85.971	181.49	124.18	0	0	0	0	42.985	0	9.5523	0	0	296.12	0	0	0	0	52.538	4.7761	0	47.761	458.51	0	0	19.105	0	23.881	42.985	9.5523	1313.4	0	1117.6	114.63	0	0	0	1117.6	4.7761	0	205.37	38.209	23.881	23.881	0	33.433	372.54	0	0	0	62.09	76.418	0	0	277.02	109.85	152.84	0	66.866	0	0	0	71.642	0	0	0	4.7761	14.328	0	0	0	0	0	0	0	0	0	0	0	0	0	0	0	396.42	0	0	0	0	157.61	0	0	0	90.747	4.7761	0	0	0	0	4.7761	0	0	0	0	23.881	0	176.72	0	0	38.209	0	0	0	52.538	0	119.4	0	0	0	0	4.7761	9.5523	0	0	105.07	0	0	0	0	0	9.5523	0	0	0	0	0	0	0	0	33.433	0	0	0	725.97	38.209	4.7761	0	0	0	0	0	0	0	0	23.881	0	0	0	0	0	0	0	0	0	9.5523	0	0	0	0	0	0	0	0	0	401.2	257.91	0	482.39	324.78	3085.4	71.642	124.18	181.49	792.84	711.65	773.73	81.194	1509.3	391.64	9.5523	955.23	162.39	148.06	353.43	2593.4	343.88	0	0	0	95.523	0	0	109.85	630.45	2846.6	1719.4	0	0	300.9	0	267.46	0	0	234.03	6533.8	673.44	382.09	1003	57.314	219.7	955.23	38.209	0	171.94	0	0	0	367.76	0	0	0	0	0	0	0	0	0	71.642	0	0	57.314	0	0	0	28.657	0	0	66.866	0	0	0	0	119.4	9.5523	0	0	138.51	0	0	0	0	0	0	0	0	0	0	0	0	0	0	0	0	224.48	71.642	0	0	0	0	0	0	0	0	0	0	391.64	0	0	0	0	0	0	0	0	0	0	0	0	410.75	0	85.971	76.418	81.194	0	0	0	0	4.7761	4714	19.105	0	0	0	0	0	0	0	0	0	0	0	0	0	0	0	0	0	0	0	0	0	0	0	0	0	0	0	0	0	0	0	0	0	0	0	0	0	0	0	0	0	0	0	0	0	0	0	0	0	0	0	0	0	0	4.7761	0	0	0	0	0	0	348.66	0	0	38.209	33.433	0	0	0	0	0	9.5523	0	0	0	0	0	0	0	0	0	0	0	0	0	0	4.7761	0	0	0	0	0	0	0	0	0	463.29	85.971	0	10412	0	0	0	9.5523	0	0	4.7761	9.5523	0	0	0	0	0	0	0	0	0
L142_C07	NP	0	0	0	0	108.09	0	0	27.954	0	0	557.22	1.8636	0	9.318	11.182	57.772	48.454	0	134.18	0	0	9.318	5.5908	3.7272	0	0	0	9.318	59.635	380.17	1.8636	40.999	20.5	0	11.182	37.272	44.727	0	0	27.954	0	0	0	0	63.362	31.681	16.772	74.544	197.54	0	0	22.363	0	0	89.453	40.999	124.86	0	622.44	152.82	240.4	57.772	0	1943.7	9.318	0	147.23	158.41	106.22	18.636	0	57.772	560.94	5.5908	0	0	44.727	1.8636	0	1.8636	525.54	54.044	223.63	0	0	31.681	0	0	50.317	7.4544	1.8636	0	3.7272	48.454	0	1.8636	0	0	0	0	0	18.636	0	0	0	0	7.4544	0	7.4544	42.863	0	0	0	106.22	184.5	5.5908	175.18	0	303.77	13.045	0	31.681	0	0	1.8636	0	1.8636	0	9.318	9.318	74.544	42.863	0	0	0	0	7.4544	0	136.04	16.772	78.271	0	3.7272	0	0	0	0	0	0	37.272	0	0	0	3.7272	0	0	0	0	0	0	7.4544	0	0	20.5	3.7272	0	0	0	430.49	137.91	121.13	0	11.182	0	0	0	0	0	0	1.8636	0	0	0	0	44.727	0	0	0	0	7.4544	0	9.318	0	0	0	0	14.909	0	7.4544	1077.2	143.5	117.41	758.49	2435.7	3747.7	109.95	100.64	365.27	480.81	171.45	959.76	219.9	993.3	631.76	544.17	359.67	1146.1	300.04	1209.5	1548.7	409.99	7.4544	1.8636	0	3.7272	1.8636	85.726	37.272	823.71	2724.6	70.817	0	42.863	314.95	0	1293.3	5.5908	0	273.95	9606.9	792.03	464.04	3982.5	85.726	123	573.99	67.09	9.318	514.35	0	0	0	814.39	0	0	0	0	0	0	3.7272	0	0	5.5908	39.136	0	262.77	78.271	0	50.317	59.635	3.7272	0	478.95	0	55.908	0	0	477.08	3.7272	7.4544	1.8636	93.18	0	0	0	0	0	18.636	1.8636	0	523.67	0	0	0	0	0	0	0	26.09	72.68	0	1.8636	0	0	0	0	1.8636	0	0	1.8636	432.36	14.909	13.045	0	0	0	0	80.135	11.182	0	0	1.8636	0	1190.8	20.5	24.227	0	613.13	3.7272	29.818	3.7272	13.045	0	3054.4	0	0	0	27.954	0	0	0	0	0	0	0	0	0	0	0	0	0	0	0	0	0	0	0	0	0	0	0	0	0	0	0	0	0	0	0	0	0	0	0	0	46.59	3.7272	5.5908	0	0	0	0	0	9.318	0	0	0	0	0	0	3.7272	0	0	0	0	0	0	115.54	0	0	0	404.4	1.8636	0	16.772	0	11.182	7.4544	0	0	0	0	0	0	0	0	3.7272	0	0	0	0	0	0	1.8636	0	0	0	0	0	9.318	0	0	411.86	123	0	7760	0	0	0	1.8636	0	0	0	242.27	0	0	0	0	0	1.8636	0	0	0
L226_A01	NP	0	0	0	0	0	0	0	0	0	160.49	1468.9	0	0	0.80244	34.906	5.2159	0.80244	0	0	0	1.2037	0	0	0	0	0	0	0	0	213.85	0	0	0	0	0.40122	0	0	0	0	0	0	0	0	0	303.72	0.40122	0	0.40122	1145.1	0	0	0	0	0	723.4	0	0.80244	0	1339.3	50.955	588.99	304.53	0	905.55	0	0	385.17	0	0	0	0	0	207.83	0	0	0	0	22.869	0	0	830.93	0	791.61	0	0	160.89	0	0	73.423	0	0	0	0	0	0	0	0	0	0	0	0	0	0	0	0	0	0	0	0	0	75.831	0	0	0.40122	49.35	0	691.3	0	0	0	0.40122	547.26	0	0	0	0	0	0	0	0	69.812	0	0	0	0	0	0	0	0	0	0	0	0	0	0	0	0	0	0	0	0	0	0	0	0	0.40122	0	0	0	0	87.867	0	0	0	0	0	0	0	541.65	0	115.15	0	0	0	0	0	0	0	0	0	0	0.40122	0	0	0	0	0	0	0	0	0	0	0	0	0	0	0	0	0	1.6049	634.33	258.39	957.71	0	15370	258.39	0	78.238	2331.1	192.99	861.82	132.8	1501.8	1620.9	228.29	0.40122	138.82	175.33	1198.8	1921.4	18.055	0	238.73	0	81.448	0	0	0	901.54	1832	603.03	0	0	528.81	0	1599.7	0	0	486.68	2365.6	280.85	637.14	1548.7	0.40122	0	861.02	0	274.03	2482.7	0	0	0	759.11	0	0	0	0	0	0	75.831	0	0	0	56.572	0	0	0	0	0	0	0	0	958.52	0	274.43	0	0	0	0	0	159.69	0	0	0	0	0	0	117.96	114.75	0	177.74	0	0	0	0	0	0	0	0	0	0	0	0	0	0	0	0	0	0	0	285.27	258.79	0	0	0	0	0	168.11	0	0	0	0	0	1287.5	0	84.256	0	215.05	0	38.517	0	0	125.58	385.17	0	0	0	0	0	0	0	0	0	0	0	0	0	0	0	0	0	0	0	0	0	0	0	0	0	0	0	0	0	0	0	0	0	0	0	0	0	0	0	0	0	0	0	0	0	0	0	0	0	0	0	0	0	0	0	0	0	0	0	0	0	0	342.24	0	0	0	1.2037	176.94	0	2.0061	0	0.80244	2.0061	0	0	0	0	0	0	0	0	0	0	0	0	0	0	0.40122	0	0	0	0	0	0	0	0	0	67.004	0	0	3040	0	0	0	0	0	0	0	0	0	0	0	0.40122	0	71.417	0	0	0
L226_A07	NP	0	0	0	0	0	0	0	0	0	0	274.8	33.097	85.774	0.69924	0	0	2.3308	0	0	0	0	0	0	0	0.23308	0	0	56.172	98.593	106.75	0	0	55.939	0	0	0	17.248	0	0	0	0	0	0	0	41.488	31.466	0	0	454.04	0	0	0	0	0	178.07	0	797.37	0	898.29	117.71	323.05	111.88	0	1175.7	262.92	0	92.067	0	0	0	0	0	1655.8	0.23308	0	0	0	112.81	0	0	289.25	0	13.052	0	63.864	0	0	0	181.1	0	0	0	0	0	0	0	0	0	0	0	0	0	0	0	0	0	139.85	0	0	0	0	0	0	119.1	0	0	370.6	0	224.92	134.72	0	178.31	0	0	0	0	0	0	0	0	102.32	582.7	0	0	0	104.65	0	0	0	0	0	0	0	0	0	0	0.23308	0	0	0	0	0	0	0	0	0	0	0	0	0	0	0	0	90.435	0	38.691	0	0.23308	462.9	39.624	258.72	0	0	0	0	0	0	0	0	0	0	0	0	0	162.22	0	0	0	0	0	0	0	0	0	0	0	0	0	0	443.79	579.91	453.81	514.64	84.375	6044.7	66.661	81.578	526.76	1876.5	241.24	1568.6	0	790.38	661.72	0	318.62	0	458.24	1248.6	923.23	62.699	0.93232	0	108.38	223.06	0	0	107.22	476.18	1527.1	63.398	40.09	0	92.999	0	850.74	17.481	0	840.02	2182.3	7.9247	366.64	1580.5	214.2	406.96	745.63	121.9	51.511	1624.6	0	33.331	0	43.12	0	0	0	0	0	0	0	0	0	0	204.65	234.71	207.68	0	0	0	0	26.571	0	635.84	42.188	0	0	0	0	36.827	0	0	31.932	0	0	0	0	0	0.23308	245.43	0	73.187	0	0	0	0	0	0	0	0	112.58	0	0	0	0	0	0	0	0	0	0	502.06	0	0	0	0	0	0	0.23308	0	0	0	0.46616	0	1283.1	0	0	0	258.25	0	0	0	0	172.48	0.46616	0	0	0	0	0	0	0	0	0	0.23308	0	0	0	0.23308	0	0	0	0	0.23308	0.23308	0	0	0	0	0	0	0	0	0	0	0	0	0	0	179.71	29.135	0	0	0	0	20.045	0	0	0	0	0	0	0	0.23308	0	0	0	0	0	0	0	0	0	0	0	0	0	210.94	0	0	0	183.2	0	0	0	0	21.21	73.42	0	0	1.6316	0	0	0	0	0	345.89	0	0	90.202	0	0	0	0	0	0	0	0	0	65.496	0	0	1138.4	0	0	3964.5	0	0	0	0	0	0	0	27.037	0	0	0	0	0	0	0	0	0
L226_B07	NP	0	0	0	0	0	59.191	0	207.17	0	3.0828	858.88	0	0	0	0	72.755	35.145	0	51.175	0	0	0	0	4.316	266.98	0	0	147.36	38.844	28.362	0	4.316	0	0	0	0	0	0	0	0	0	0	0	0	307.05	13.564	65.973	0.61657	305.82	0	0	0	0	0	683.78	0	30.212	0	839.77	22.813	0	0	0	892.79	0	0	94.952	0	3.0828	0	0	0	527.78	0	0	0	36.378	152.29	0	0	532.1	45.626	270.67	0	53.642	154.14	0	0	0	0	0	0	0	0	0	12.948	0	0	0	0	0	0	0	0	0	0	85.087	0	0	0	0	0	0	0	213.95	0	1239.9	0	97.418	0	184.35	0	0	0	0	0	0	0	0	0	0	92.485	0	0	0	0	0	0	45.626	0	9.8651	0	0	0	0	0	0	0	0	0	0	0	0	0	0	0	0	0	0	0	0	0	0	0	0	0	0	0	138.73	0	22.197	0	0	0	0	0	0	0	0	0	0	0	0	0	0	0	0	0	0	0	0	315.07	0	0	0	0	0	0	0	528.4	310.13	353.29	531.48	137.49	9079	219.5	56.724	533.33	837.3	357.61	1527.9	24.663	720.77	564.16	61.04	437.76	88.169	0	1450.8	1806.6	379.19	20.963	33.911	0	522.85	0	324.32	0	202.85	1840.5	427.9	11.715	376.72	19.114	0	698.57	0.61657	98.651	387.21	3881.3	74.605	566.01	1189.4	4.316	160.93	1238.1	158.46	386.59	1746.1	0	0	0	3374.5	0	0	0	0	0	0	0.61657	0	0	401.39	0	54.875	162.16	0	0	23.43	69.056	0	0	318.77	0	0	0	0	3.6994	33.295	0	5.5491	0	0	0	0	399.54	0	1.8497	106.67	16.647	3.0828	0	0	0	0	0	0	0	66.59	0	0	0	0	0	0	0	0	0	0	0	1157.9	318.15	0	0	0	0	0	141.81	0	0	0	102.35	9.2485	1439.1	0	17.881	0	191.75	0	0	0	0	0	583.89	0	0	0	252.18	0	0	0	0	0	0	0	0	0	0	0	0	0	0	0	36.378	0	0	0	0	0	0	0	0	0	0	0	0	0	0	0	0	0	0	0	0	51.175	0	0	0.61657	0	0	0	0	0.61657	0	0	0	0	0	0	417.42	0	0	0	0	0	0	266.98	0	0	0	176.96	28.362	0	0	0	41.927	0	0	0	0	0	0	0	0	0	6.1657	0	0	0	0	0	0	0	0	0	0	0	0	0	0	0	210.25	0.61657	0	8693	0	0	0	0	0	0	0	18.497	0	0	0	0	0	42.543	0	0	0
L226_B08	NP	0	0	0	0	0	0	0	37.472	0	0	410.35	0	0	0	0	0	0	0	51.601	0	0	0	0	0	0	0	0	0	0	189.51	0	0	0	0	0	0	0	0	0	0	0	0	0	0	48.529	104.43	0	0	530.44	0	0	95.523	0	0	2.15	0	0	0	1040	0	0.30715	62.965	0	1722.8	0	0	158.79	0	0	0	0	0	1588.3	0	0	1.2286	0	0	0	0	239.27	0	854.79	0	0	0.92144	0	0	100.13	0	69.108	0	0	0	0	0	0	0	0	0	0	0	0	0	0	0	0	0	0	11.057	0	0	0	19.965	0	0	29.179	0	154.49	0	120.71	0	0	0	0	0	0	0	0	0	0	238.65	0	0	0	0	0	0	157.26	0	0	0	0	0	0	0	0	0	0	0	0	0	0	0	0	0	0	0	0	0	82.008	0	0	0	0	0	0	0	410.35	79.551	0	0	0	0	0	0	0	0	0	0	0	0.92144	0	0	0	0	0	0	0	0	0	0	0	0	0	0	0	0	0	2300.2	140.67	254.32	488.06	934.34	7934.5	517.23	119.79	144.36	646.85	54.058	299.47	370.11	969.05	1312.1	0	573.14	106.89	0	1112.5	736.23	0	0	7.9858	0	45.765	0	0	0	846.5	1698.2	261.08	16.279	0	146.51	0	688.93	35.322	0	2661.7	1387.4	140.06	893.49	1829.1	207.94	0	1242.4	0	102.59	916.22	9.2144	0	0	975.5	0	0	0	0	0	0	0	0	0	56.208	0	0	88.458	118.25	0	179.07	559.31	0	0	500.65	2.15	43.922	0	0	317.9	0	0	70.644	0	0	0	0	0	0	0	0	0	0	0	0	0	0	0	0	0	0	189.2	0	0	0	0	0	0	0	0	0	0	588.19	58.972	0	0	0	0	0	0	0	0	0	0	0	1095.6	0	0	0	330.49	93.68	55.901	0	0	198.11	582.04	0	0	0	0	0	0	0	0	0	3.0715	0	0	0	0	0	0	0	0	0	0	0	0	0	0	0	0	0	0	0	0	0	0	0	0	0	0	0	0	0	0	0	31.636	0	0	0	0	0	0	0	0	0	0	0	0	0	0	0	0	0	0	0	0	0	0	0	0	0	0	0	0	0	0	0	0	0.30715	0	0	0	0	0	0	50.986	0	0	0	0	0	0	0	0	0	0	0	0	0	0	0	509.25	2.15	0	5564	0	0	0	24.879	0	0	0	41.772	0	0	0	0	0	0	0	0	0
L226_D08	NP	0	0	0	0	0	0	0	38.347	0	367.08	547.37	0	0	0	0	124.01	0	0	81.332	0	0	0	0	0	0	0	0	0	173.49	0	0	20.101	0	0.30925	0	0	0.30925	0	0	0	0	0	0	0	110.4	119.06	103.6	0	1043.7	0	0	0	0	0	419.34	1.5462	136.38	0	1610.6	0.30925	25.049	0	0	2984.6	0	0	9.5867	0.30925	0.92775	0	0	0	1482.8	0	0	0	0	401.1	0	0	894.97	0	666.74	0	0	0	0	0	158.34	0	0	0	0	0	0	0	0	0	0	0.92775	205.03	0	0	0	0	0	0	0	0	187.71	0	0	0	85.353	26.286	0	556.34	0	331.2	0	0	94.012	0	0	0	0	0	0	0	0	0	515.21	0	0	0	0	0.30925	0	34.636	0	0	0	0	0.30925	0	0	0	0	0	0	0	0	0	0	0	0	0	0	0	0	0	0	0	0	0	0	0	0	408.21	0.30925	29.688	0	0	0	0	0	0	0	0	0	0	0.6185	0	0	0	0	0	0	0	0	0	0	0	0	0	0	101.43	0	0	236.88	320.07	612	1894.2	368.01	6456.8	549.53	0	112.57	624.99	522.32	759.82	0	605.51	1007.2	0	0	340.17	0	1302.9	1039.7	118.75	0	0	0	0	0	0	0	657.46	1308.4	472.22	0	0	272.45	0	926.51	0	0	1002.6	1649.8	1227.4	527.89	4087	206.58	30.616	2987.3	246.47	0	502.22	0	347.29	0	61.231	0	0	0	0	0	0	0	0	0	0	274.61	328.73	771.27	0	0	76.384	0	0	12.679	465.11	0	6.185	0	0	84.734	96.176	0	62.159	77.621	0	0	0	0	0	0	128.03	0	0	0	0	0	0	0	0	0	0	84.425	0	0	0	0	0	0	0	0	0	0	248.64	0	0	0	0	0	0	34.327	0	0	515.52	0	0	1410.5	0	170.4	0	140.71	0	0	0	0	0	72.673	0	0	0	0	0	0	0	0	0	0	0	0	2.1647	0	0	0	0	0	0	0	0	0	0	0	0	0	0	0	0	0	0	0	0	0	0	0	0	0	0	0	23.503	0	0	0	0	0	0	0	15.772	0	0	0	0	0	0	0	0	0	0	329.35	0	0	163.9	0	0	0	0	0.92775	0	0	0	3.0925	0	0	0	0	0	0	0	0	0	0	0	0	0	0	0	0	0	0	0	0	0.30925	0	0	0	0	520.78	0	0	5402.9	0	0	0	0	0	53.191	0	190.19	0	0	0	106.69	0	0	0	0	0
L226_B10	NP	0	0	0	0	105.24	0	0	139.49	0	100.86	311.72	0.1903	0	0.57091	5.3285	0	0	0	173.75	0	0	0	0	0	0	0	0	0	28.165	0	0	125.6	82.973	0	0	119.32	122.56	0	0	0	0	0	0	0	115.13	260.53	0	0.95152	610.69	0	0	0	0	0	0.1903	0	202.67	0	1437.9	0	64.513	36.348	0	2646.9	51.192	0	48.147	0	0.1903	0	0	0	1221.2	0	0	0.38061	0.1903	124.27	0	0	199.06	0	407.44	0	0.38061	15.224	0	0	133.4	0	0	0	0	0	0	0	0	0	0	0	43.96	0	0	0	0	62.229	64.894	0	0	100.67	0	0	0	0	172.23	0	542.18	0	0	27.213	2.2836	84.685	0	0	0	0	0	0	0	0	0	0	0	0	0	0	73.838	0	0	0	0	0	0	0	0	0	0	0	0	17.127	0	0	0	0	0	0	0	0	0	0	0	0	0	102.38	0	0	0	0	269.28	315.14	77.834	0	0	0	0	0	0	0	0	0	0	0	0	0	0	0	0	0	0	0	0	0	0	0	0	0	0	0	0	634.66	200.2	502.4	1179.5	665.11	5844.2	194.68	103.14	191.07	465.48	152.81	147.1	231.79	731.53	505.64	18.84	181.36	25.31	53.095	492.13	1319.4	384.42	0	237.12	0	0	18.269	45.483	158.14	384.98	744.09	200.58	0.95152	0	409.73	0	753.22	0	53.856	757.22	628.19	276.51	496.31	859.03	42.628	5.1382	959.9	2.2836	4.7576	950	0.1903	0	0	54.427	0	0	0	0.1903	0	0	55.949	0	0	0	174.7	0	129.6	0.1903	0	89.253	0	0	0	371.28	0	0	0	0	0.1903	26.833	0	83.734	0	0	0	0	0	0	0	15.415	0	317.62	0	0	0	0	0	0	0	0	28.736	0	0	0	0	0	0	0	0	0	0	881.11	0	0	0	0	0	0	37.49	0	0	67.177	0	0	698.42	0	99.529	0	321.23	0	0	0	0	0	123.7	0	0	0	0	0	0.1903	0	0	0	67.939	0	0	0	0	0	0	0	0	0	0.38061	0	0	0	0	0	0	0	0	0	0	0	0	0	0	0.1903	0	0	0	0	0	0	30.639	0	0.38061	0	0	0.38061	0	92.107	0	0	0	0	0	0	0	0	0	0	65.655	0	0	43.009	0.1903	0	0	198.68	8.9443	0	0	0	0	0	0	0	0	0	0	0	0	0	0	0	0	259.19	0	0	0	0	0	0	0	0	0	0	0	0	297.07	0	0	7075.3	0	0	0	0	0	0	0	112.66	0	0	0	0	0	55.759	0	0	0
L226_G10	NP	0.62415	0	0	0	0	0	0	0	0	0	0	0	0	0	0	0	0	0	260.9	0.62415	0	0	0	0	0	0	0	0	0	0	0	0	0	0	0	712.78	0	0	0	0	0	0	0	0	0	79.892	0	0	1139.1	0	0	0	0	0	0	0	0	0	790.8	0	0	161.03	0	1441.2	0	0	0	0	1.2483	0	0	0	1077.3	0	0	0	0	883.18	0	0	835.12	0	550.5	0	0	0	0	0	0	0	0	0	0	0	0	0	0	0	0	0	159.78	8.7382	0	0	0	0	1.2483	0	0	0	106.73	0	0	63.04	166.02	0	186	0	0	0	0	0	0	0.62415	0	0	0	0	0	3.7449	0.62415	96.744	0	0	0	0	0	0	158.54	0	0	0	0	0	0	0	0	0	0	0	0	0	0	0	0	1.8725	0	0	0	0	0	0	0	0	0	0	0	0	9.3623	673.46	167.9	0	0	0	0	0	0	0	0	0	0	0	0	0	0	0	0	0	0	0	0	0	0	0	0	0	0	0	0	384.48	0	50.556	846.98	91.751	6755.2	107.36	0	0	2373.7	819.52	527.41	0	248.41	1149.7	0	429.42	0	732.13	548.63	1308.8	762.72	0	0	0	0	0	0	0	1473	252.16	277.75	172.27	9.3623	0	0	886.92	0	0	358.27	1698.9	574.85	383.86	373.87	222.2	61.167	631.64	0	136.07	246.54	0	0	0	152.29	0	0	0	0	0	0	0	0	0	0	0	0	0	0	0	439.4	42.443	0	0	435.66	0	0	0	0	264.02	0	0	153.54	0	0	0	0	0	0	0	1012.4	0	117.34	0	0	0	0	0	0	0	139.19	0	0	0	0	0	0	0	0	0	0	0	43.067	0.62415	0	26.839	0	0	0	0	0	0	0	0	0	1224	0	0	0	34.953	0	0	0	0	0	1374.4	0	0	0	0	0	0	0	0	0	0	0	0	0	0	0	0	0	0	0	0	0	0	0	0	0	0	0	0	0	0	0	0	0	0	0	0	0	0	0	0	0	0	0	0	0	0	1.2483	0	0	0	0	0	0	0	0	0	0	0	0	0	0	0	373.87	0	0	0	0	106.11	0	0	0	1.8725	0	0	0	0	0.62415	0	0	0	0	0	0	0	0	0	0	0	0	0	0	0	0	0	5.6174	0	0	241.55	0	0	3741.2	0	0	0	0	0	0	0	0	0	0	0	1.8725	0	0	0	0	0
L227_A01	NP	0	0	0	0	0	0	0	64.772	0	146.21	2.8576	0	0	0	0	0	345.77	0	60.009	0	0	0	0	0	0	0	0	0	162.41	0	0	0	52.389	0	0	0	0	0	0.47627	1.4288	0	0.47627	0	0	92.872	92.395	0	171.46	766.31	0	0	0	0	0	0	0	423.4	0	526.27	504.84	694.87	24.766	0	1381.2	0	0	123.83	0	0	0	0	0	604.86	0	0	0	0	128.12	0	0	371.01	0	1865.5	0	367.2	306.71	0	0	58.104	0	0	0	23.337	0	0	0	0	0	0	20.956	0	0	0	0	0	0	0	0	0	312.43	0	0	0	83.823	36.672	0	1024.4	0	63.343	0	295.76	58.581	0	0	0	0	0	0	0	0.47627	0	0	0	0	11.907	0	0	0	0	21.908	0	0	0	0.47627	0	0	0	0	0	0	0	0	0	0	0	491.03	0	0	0	0	0	0	6.6677	0	0	0	0	0	174.79	7.144	26.195	0	0	0	0	0	0	0	0	0	0	0	0	0	0	0	0	0	0	0	0	0	0	0	0	0	0	0	0	192.41	506.75	0	889.66	26.195	5505.6	354.34	43.34	78.107	498.17	570.09	660.1	0	343.39	206.22	73.345	104.3	297.67	50.008	491.51	939.2	0	0	0	0	0	0	0	0	407.21	1402.6	443.88	0	0	0	0	532.94	4.2864	1.4288	193.36	2109.4	0	352.44	1022.5	133.35	0.47627	731.07	0	659.63	488.65	0	0	0	514.84	0	0	0	0	0	0	0	0	0	0	0	0	95.253	0	0	17.146	0	0	0	393.87	0	19.527	0	0	228.61	121.45	0	0.47627	0	0	0	0	0	0	0	0	0	0	0	0	0	0	0	0	0	0	0	0	0	0	0	0	0	0	0	0	0	454.83	0	0	0	0	0	0	1.4288	0	0	0	38.101	0	1183	0	0	0	139.07	0	0	0	52.389	32.862	150.5	0	0	0	0	0	0	0	0	0	0	0	0	0	0	0	0	0	0	0	0	0	0	0	0	0	0	0	0	0	0	0	0	0	0	0.95253	0	0	0	0	0	0	0	0	0	0	0	0	0	0	0	0	0	0	0	0	0	0	0	0	0	0	0	704.87	0	0	0	326.24	61.438	0	533.89	0	722.02	451.98	0	0	45.721	87.157	152.88	0	0	0.47627	0	0	0	0	0	0	201.94	0	0	0	0	96.205	0	92.395	1.9051	0	699.63	1.4288	0	6053.3	0	0	0	0	0	0	0	189.55	0	0	0	24.289	0	181.93	0	0	0
L227_C01	NP	0	0	0	0	0	0	0	0	0	0	170.67	0	0	0	0	0	0	0	289.7	0	0	0	0	0	0	0	0	0	38.177	0	0	0	0	0	0	0	6.7371	0	0	0	0	0	0	0	0	172.92	0	0	1089.2	0	0	0	0	0	606.34	0	644.52	0	4385.9	0	0	67.371	0	3375.3	0	0	0	0	0	0	0	0	256.01	0	0	0	0	0	0	0	0	0	1309.2	0	0	0	0	0	334.61	114.53	0	0	0	0	0	0	0	0	0	0	0	0	0	0	0	0	0	0	0	0	0	0	0	370.54	0	0	1235.1	0	0	0	0	0	0	0	0	0	0	0	0	2.2457	11.229	0	0	0	0	0	0	0	0	0	1048.7	0	0	0	0	0	0	0	0	0	0	0	0	0	0	0	0	0	0	0	0	0	0	0	0	0	0	0	0	0	195.38	0	0	0	0	0	0	0	0	0	0	0	0	0	597.36	0	0	0	0	0	0	0	0	0	0	0	0	0	0	195.38	631.04	440.16	3921	0	7327.7	312.15	0	0	482.83	141.48	188.64	0	384.02	664.73	0	258.26	87.582	0	435.67	1259.8	0	0	0	0	0	0	0	0	444.65	1473.2	401.98	0	0	8.9828	0	983.62	0	0	121.27	1924.6	289.7	480.58	31.44	0	0	880.32	139.23	0	615.32	4.4914	0	0	4.4914	0	0	0	0	0	0	0	0	0	0	0	0	136.99	0	0	69.617	0	0	0	1780.8	0	0	0	0	6.7371	0	0	119.02	0	0	78.6	0	0	0	0	0	0	336.86	0	0	0	0	0	0	0	0	0	0	0	0	0	0	0	0	0	0	0	2571.3	0	0	0	0	0	0	413.21	0	0	0	0	0	116.78	0	0	0	101.06	0	0	0	0	0	0	0	0	0	0	0	0	0	0	0	0	0	0	0	0	0	0	0	0	0	0	0	0	0	0	0	0	0	0	0	0	0	0	0	0	0	0	0	0	0	0	0	0	0	0	0	0	0	0	0	0	0	0	0	0	0	0	0	0	0	0	0	0	0	0	0	0	229.06	0	0	0	0	0	0	0	0	2.2457	0	0	0	0	379.52	0	0	0	0	0	0	0	0	0	0	0	0	0	0	0	0	835.4	78.6	0	1962.7	0	0	0	0	0	0	0	0	0	0	0	0	0	0	0	0	0
L227_E05	NP	0	0	0	0	0	0	0	0	0	0	349.1	0	0	0	0	0	598.46	0	238.45	0	1.5585	45.196	0	0	0	0	0	0	0	0	0	0	126.24	0	248.58	0	0.77925	0	20.26	770.67	0	0	0	0	305.46	0	0	441.05	243.9	0	0	0	0	0	137.15	0	0	0	533	303.91	306.24	0	0	1536.7	0	0	0	0	0.77925	0	0	0	933.54	0	0	0	41.3	91.951	0	0	172.21	1231.2	907.82	0	241.57	0	0	0	18.702	0	0	0	0	0	0	0	0	0	0	0	60.781	289.88	0	0	0	0	54.547	0	0	0	0	0	127.02	62.34	9.3509	0	285.2	0.77925	0	0	0	254.03	2.3377	0	0	0	0	0	0	0.77925	33.507	0	0	0	78.704	0	0	0	0	0	0	0	0	0	0	0	0	0	0	0	0	0	134.03	0	0	50.651	0	0	0	0	0	0	0	0	0	0	0	0	123.9	0	9.3509	0	125.46	0	0	0	0	0	0	0	0	0	0	0	0	0	0	0	0	0	0	0	0	0	0	0	0	0	0	3.8962	34.287	926.52	1518.8	1438.5	4066.1	3.117	112.99	0	165.98	162.08	643.66	0	434.82	320.27	0	125.46	2.3377	0	715.35	174.55	156.63	0	0	0	0	0	0	0	404.43	992.76	790.16	1.5585	0	434.04	0	145.72	0	0	16.364	772.23	530.67	628.85	837.69	495.6	0	1429.9	0	66.236	831.46	0	3.117	0	1007.6	0	0	0	0	0	0	0	0	0	107.54	0	102.86	0	0	0	0	0	0	0	235.33	0	0	0	0	14.026	0	0	0	0	0	0	0	0	0	0	0	0	236.89	0	0	0	0	0	0	0	0	32.728	0	0	0	0	0	0	0	0	0	0	98.185	0	0	0	0	0	0	50.651	0	0	0	0	0	833.01	0	0	0	157.41	0	0	0	0	44.417	263.39	3.117	0	0	0	250.14	0	0	0	0	0	0	0	0	0	0	0	0	0	0	0	0	0	0	0	0	0	0	0	0	0	0	0	0	0	0	0	0	0	0	0	0	0	0	0	0	0	0	0	0	0	0	0	0	0	0	0	0	0	0	0	0	0	10.13	0	0	0	179.23	84.938	0	253.26	0	121.56	218.19	0	0	515.86	0	0	178.45	0	60.781	0.77925	0	0	0	0	0	316.37	89.613	0	0	0	0	0	160.52	21.819	0	382.61	8.5717	0	8698.7	0	0	0	0	393.52	51.43	0	86.496	0	0	0	479.24	0.77925	0	0	0	0
L227_D08	NP	0	0	0	0	0	0	0	0	0	0	933.58	0	0	0	537.4	0	0	0	0	0	0	0	0	0	0	0	0	258.89	0	3632.3	0	0	0	3.9226	0	0	0	0	0	0	0	0	0	0	0	0	0	0	0	0	0	0	0	0	3.9226	0	0	0	4715	0	1745.6	0	0	521.71	0	0	0	0	15.69	0	0	0	35.303	0	0	0	0	0	0	0	0	0	0	0	0	0	0	0	3.9226	0	0	0	0	0	0	0	0	0	0	0	3.9226	0	0	0	0	0	0	0	0	11.768	0	0	0	0	0	0	3.9226	0	70.607	0	0	0	0	0	0	0	0	0	0	0	0	0	0	0	0	0	1321.9	0	0	0	0	0	0	0	0	0	0	0	0	0	0	0	0	0	0	0	0	0	0	0	0	0	0	0	0	0	0	0	0	0	7.8452	0	0	0	0	0	0	0	0	0	0	0	0	0	0	0	0	0	0	0	0	0	0	0	0	0	0	0	0	0	0	0	1800.5	0	4660	972.8	0	631.54	196.13	1482.7	0	0	1321.9	388.34	0	0	0	0	8947.5	0	0	0	0	0	0	0	0	0	0	4636.5	0	0	0	3.9226	0	286.35	0	0	1455.3	5676	121.6	321.65	2267.3	0	0	3102.8	0	0	1380.8	0	0	0	753.14	0	0	0	0	0	0	0	0	0	0	0	0	3.9226	0	0	0	0	0	0	604.08	1282.7	0	0	0	0	0	0	0	0	0	0	0	0	0	0	0	0	0	0	0	0	0	0	0	0	0	2118.2	0	0	0	0	0	0	0	0	0	0	364.8	0	0	0	0	0	882.59	0	0	0	431.49	0	0	0	0	0	0	3.9226	0	0	0	0	0	0	0	0	0	0	0	0	0	0	0	0	0	0	0	0	0	0	0	0	0	0	0	0	0	0	0	0	0	0	0	0	0	0	0	0	0	0	0	0	0	0	0	0	0	0	0	0	0	0	0	0	0	0	0	0	0	0	0	0	0	0	0	0	0	0	0	0	0	0	0	0	0	0	0	0	0	0	0	0	0	0	0	0	0	0	0	0	0	0	0	0	0	0	0	0	0	0	0	0	0	0	1294.5	0	0	0	0	0	0	0	0	0	0	0	0	11.768	0	0	0	0
L228_H05	NP	0	0	0	0	0.49381	0	0	113.58	0	0	0.49381	0	0	3.4567	0	6.4195	0.98761	0	0	0	0	0	0	0	0	0	0	111.11	165.43	0	0	0	1.4814	0	0.98761	0	0.98761	0	0	0.49381	0	0	0	0	0	0	83.453	0	281.96	0.98761	0	0	0	0	0.98761	0	79.503	0	239	130.37	21.728	129.38	1.9752	594.05	0	0	57.282	0	2.9628	2.469	0	0	466.15	0	0	0	94.811	58.763	0	0	369.37	0	706.64	0	2.469	0	0	0	56.788	0	0	0	0	0	0	0	0	0	0	0	0	0	0	0	0	0	0	0	0	0.49381	0	0	0	947.61	254.31	0	304.68	0.49381	74.565	0	0	0	0	0	0	3.9504	0	0	0	0	0	0	0	0	0	0	0	0	0	17.283	0	0	0	0	0	0	2.469	0	0	0	0	0	0	0	0	0	0	0	0	0	0	0	111.6	0	0	0	0	0	96.786	227.65	0	45.43	0	0	0	2.9628	0	0	0	0	0	0	0	0	149.13	0	0	0	0	0	0	0	0	0	0	0	0	0	0	517.02	419.74	522.45	806.88	304.18	6539.5	226.66	71.108	217.77	163.94	487.39	416.77	242.95	600.96	363.44	0	1033	212.34	89.873	778.73	419.74	159.99	156.04	116.04	0.49381	113.08	0	0	133.33	1477.5	65.183	106.66	0	0	291.35	0	478.99	0	108.14	550.59	1374.3	53.825	1706.1	569.85	195.05	0	699.23	51.356	0	202.96	0.98761	0	0	417.27	0	0	0	0	0	0	0	0	0	287.89	0	0	0	14.32	0	0	0	0	0	126.42	0	0	84.441	0	81.972	0	0	87.404	0	0	0	0	0	0	0	0	0	66.17	0	0	0	0	0	0	0	0	0	0	0	0	0	0	0	0	0	0	0	363.94	0	64.195	92.342	0	0	0	97.774	0	0	0	0	159.01	744.17	0	0	0	134.32	0	0	0	0	167.89	325.42	0	0	0	0	0	0	0	0	0	0	0	0	0	0	0	0	0	0	0	0	0	0	0	0	0	0	0	0	0	0	0	0	0	0	167.4	0	0	0	0	0	0	0	0	0	0	0	0	0	0	0	0	0	0	0	0	0	0	0	0	144.68	0	0	0	0	0	0	0	1.9752	0	0	0	34.567	0	0	0	1.4814	0	0	0	0	0	0.98761	0	0	0	0	0	0	0	0	0	0	0	0	0.49381	0	0	645.9	180.73	0	8897.9	0	0	0	0	0	0.98761	0	134.81	0	0	0	58.763	0	0	0	0	0
L228_A07	NP	0	0	0	0	10.802	0.83089	0	28.25	0	0	416.69	0	76.857	0	0	109.47	85.789	1.2463	50.269	0	0	0	0.20772	50.892	22.85	0.20772	0.20772	0	96.383	0.41544	0	0	32.405	0	2.285	0	138.76	0	0.20772	61.07	0	0	0	0	138.55	157.04	45.699	0.20772	415.45	0	0	80.389	6.2317	0	80.596	0.20772	2.9081	0.41544	920.21	26.796	0	0.83089	0	1577.4	156.21	0	6.024	0.41544	1.4541	0.41544	0.20772	0	757.15	0	0	0.83089	0	60.032	0	0	182.8	0	418.77	0	0.62317	124.22	0	0	92.852	43.829	0	0	0	0	0	36.767	0	0	2.285	0	0	0.62317	0	0	0	0.20772	62.317	0	0	313.87	0	0	0	48.607	265.26	0	247.81	0	60.032	0.41544	0	14.333	0	0	0	0.20772	0	0	0	0	131.07	139.17	0	0	0	21.603	0	0	55.877	35.521	44.66	0	0.20772	0	0	0	110.72	0	0	41.544	0	0	0	0	0	0	0	0	0	0	0	0	62.109	289.77	0	0	0	49.022	292.89	81.219	86.62	0	0	0	0	0	0	0	0	0	0	0	0	0	512.24	0	2.7004	0	0	0	0	0	0	0	0	0	0	0	109.05	455.33	432.27	172.2	796.41	1072.1	3919.3	149.15	156.62	33.236	427.49	19.111	320.1	234.31	993.33	262.98	0.41544	175.73	119.23	55.047	1000.8	498.74	263.6	91.606	71.249	0	0	130.87	0	46.322	1261.9	411.29	216.03	122.14	0	193.6	0	966.74	0	56.708	530.52	747.39	211.88	500.2	409.01	79.142	0	1010	15.579	100.54	358.53	0	159.95	0	672.4	0	0	0	0	0	0	40.09	0	0	77.273	0.20772	0	0	0	0	60.447	0.20772	0	0	468.21	0	0	0	0	328.83	0	0	166.8	0	0	0	0	0	0	0	0.41544	0	233.07	0	0	0	0	0	0	0	58.578	47.361	0	0	0	0	0	0	0	0	0	0	561.06	254.67	0	99.499	0	0	44.453	246.77	106.77	0	0	25.342	47.153	787.27	0	244.7	181.55	374.52	0	22.642	0	0	242.21	1809.3	0	0	0	0	102.82	0	0	0	0	0.20772	0	69.379	0	68.133	0	0	0	0	0	0	0	0	0	0	0	0	0	0	0	0	0	0	0	0	44.453	33.236	0	0	0	0	0	0	0	0	0	0	0	0	29.704	0	0.83089	0	0	0	0	0	0	0	0	31.158	0	0	301.82	0	0	0	189.86	19.318	0	1.2463	0	0	0.41544	0	0	0	0	0	0	0	0.20772	57.539	0	0	63.355	0	0	0	0	0	0	2.7004	0	0	0	0	0	259.86	91.19	0	8570.8	0	0	0	42.375	0	0	0	4.3622	0	0	0	0	9.5552	0.62317	0	0	0
L128_F03	NP	0	0	0	0	0	0	0	0	0	0	319.59	0	0	0	53.265	266.33	213.06	0	53.265	0	0	53.265	0	0	0	0	0	0	53.265	0	106.53	0	53.265	0	106.53	0	0	0	159.79	0	0	0	0	0	53.265	0	0	159.79	213.06	0	0	1171.8	0	0	213.06	372.86	159.79	0	798.98	53.265	266.33	106.53	106.53	1012	0	0	266.33	0	0	0	0	213.06	426.12	0	53.265	266.33	0	0	0	0	372.86	0	266.33	0	159.79	0	0	0	53.265	266.33	106.53	53.265	0	106.53	0	0	0	0	0	53.265	0	0	0	0	0	479.39	53.265	0	0	1384.9	0	0	0	0	159.79	0	585.92	0	319.59	0	53.265	0	0	0	53.265	0	53.265	0	0	159.79	53.265	53.265	0	0	53.265	0	53.265	0	106.53	0	0	0	0	0	0	0	0	0	0	266.33	0	0	0	0	0	159.79	0	0	0	0	0	0	0	0	0	0	0	266.33	53.265	53.265	0	0	106.53	0	0	0	0	0	0	0	0	0	0	0	0	0	0	0	0	0	0	53.265	53.265	0	0	0	53.265	0	0	2290.4	0	0	213.06	0	2929.6	0	0	319.59	1012	0	585.92	0	745.71	106.53	0	106.53	0	0	1331.6	1864.3	0	0	0	0	0	0	0	0	106.53	1225.1	159.79	0	0	319.59	0	53.265	0	0	639.18	6551.6	852.24	372.86	1331.6	0	213.06	479.39	159.79	0	532.65	372.86	213.06	0	5379.8	0	53.265	0	53.265	0	0	479.39	0	0	266.33	585.92	213.06	745.71	159.79	0	106.53	53.265	213.06	319.59	532.65	53.265	0	0	0	372.86	159.79	0	213.06	213.06	159.79	159.79	0	372.86	0	106.53	159.79	106.53	905.51	0	0	0	0	0	0	0	159.79	692.45	0	0	0	0	0	0	0	0	0	0	53.265	106.53	0	213.06	0	53.265	0	479.39	0	53.265	53.265	0	0	372.86	0	0	0	1225.1	0	0	0	0	106.53	3781.8	0	0	0	0	53.265	0	0	0	0	0	0	0	0	0	0	0	0	0	266.33	0	0	0	0	0	53.265	0	0	0	0	53.265	0	0	0	2077.3	0	0	0	3089.4	53.265	0	53.265	106.53	0	0	0	532.65	0	0	0	0	0	0	0	0	0	0	0	0	0	0	0	0	53.265	0	0	106.53	213.06	159.79	0	159.79	53.265	0	0	53.265	0	0	0	0	0	0	0	53.265	0	0	0	0	0	0	0	0	0	0	0	0	0	0	0	106.53	266.33	0	3249.2	0	0	0	0	0	0	0	53.265	0	0	0	53.265	0	0	0	0	0
L128_D04	NP	0	0	0	0	0	0	0	0	0	0	352.05	0	0	0	176.02	704.1	0	0	0	0	0	0	0	0	0	0	0	0	176.02	0	0	352.05	0	0	0	880.13	176.02	0	176.02	176.02	0	0	0	0	0	0	0	0	176.02	0	0	0	0	0	176.02	176.02	176.02	1056.2	0	0	0	0	0	880.13	0	0	0	176.02	0	0	0	0	0	352.05	0	0	176.02	0	0	0	0	0	0	0	0	0	0	0	0	0	0	0	0	0	0	0	0	0	0	0	0	0	0	0	0	0	0	0	0	176.02	0	0	0	352.05	0	0	528.08	0	0	0	704.1	0	0	0	0	0	0	0	0	0	176.02	0	0	0	0	0	0	0	0	0	0	0	0	0	0	0	0	176.02	0	0	0	0	0	0	0	0	0	0	0	0	0	0	0	0	0	0	0	0	176.02	0	0	0	0	0	0	0	0	0	0	0	0	0	0	0	0	0	0	0	0	0	0	176.02	0	0	0	0	0	0	0	2112.3	0	0	352.05	0	4576.7	0	0	176.02	176.02	0	176.02	176.02	176.02	0	0	176.02	0	0	1584.2	2288.3	0	0	0	0	0	0	0	0	352.05	3872.6	1760.3	0	0	528.08	0	0	0	0	704.1	6512.9	352.05	352.05	1232.2	0	528.08	352.05	176.02	0	528.08	0	0	0	1232.2	0	176.02	0	0	0	0	3520.5	0	0	0	352.05	1408.2	528.08	1408.2	0	0	0	0	0	1584.2	0	2640.4	0	0	0	0	0	0	0	0	0	0	0	0	0	0	176.02	0	0	0	0	0	0	0	0	0	0	0	0	0	0	0	0	0	0	0	0	352.05	352.05	0	0	0	0	0	0	0	0	0	176.02	176.02	176.02	0	0	0	704.1	0	0	0	0	352.05	0	0	0	0	0	0	0	0	0	0	0	0	0	0	0	0	0	0	0	0	0	0	0	0	0	0	0	0	0	0	0	0	0	0	0	0	0	0	0	0	0	0	0	0	0	0	0	0	0	0	0	0	0	0	0	0	0	0	0	0	0	0	0	352.05	0	0	0	0	0	0	0	0	0	0	0	0	0	0	0	0	0	0	0	0	0	0	0	0	0	0	0	0	0	0	0	0	0	0	176.02	352.05	0	7393.1	0	0	0	0	0	176.02	0	0	0	0	0	0	0	352.05	0	0	0
L128_E06	NP	0	0	0	0	0	0	0	0	0	0	128.82	0	0	0	257.63	64.408	1030.5	64.408	0	0	0	0	0	772.9	0	0	0	0	0	257.63	64.408	0	193.22	0	0	0	128.82	0	450.86	0	0	0	0	0	0	0	0	257.63	193.22	0	0	2834	0	0	257.63	193.22	64.408	0	1223.7	0	257.63	0	0	837.3	0	0	128.82	128.82	128.82	193.22	0	386.45	64.408	0	0	0	0	0	0	0	257.63	0	322.04	0	193.22	128.82	0	0	322.04	128.82	0	0	64.408	0	0	0	0	0	0	193.22	0	0	0	0	0	1030.5	0	0	0	450.86	128.82	0	0	0	0	0	0	64.408	128.82	0	257.63	0	0	0	64.408	0	0	0	0	193.22	0	64.408	0	0	0	0	64.408	0	64.408	64.408	0	0	0	0	0	64.408	0	0	0	0	0	0	0	0	0	64.408	0	0	0	0	0	0	0	0	0	0	0	0	386.45	644.08	128.82	0	64.408	0	0	0	0	0	0	0	0	0	0	0	0	0	0	0	0	64.408	0	0	0	0	0	0	128.82	0	0	579.67	0	0	450.86	0	4057.7	128.82	0	515.27	515.27	0	64.408	0	708.49	193.22	0	450.86	0	0	772.9	966.12	0	0	0	0	0	0	0	0	708.49	837.3	386.45	0	0	128.82	0	0	0	0	1417	11787	966.12	257.63	257.63	0	128.82	322.04	0	0	386.45	1352.6	450.86	0	5474.7	0	0	0	193.22	0	64.408	2511.9	64.408	0	708.49	257.63	128.82	322.04	450.86	579.67	0	901.71	64.408	0	257.63	128.82	0	0	0	644.08	0	0	64.408	644.08	193.22	0	0	64.408	0	193.22	0	0	515.27	0	0	0	0	0	0	0	193.22	322.04	0	0	0	0	0	0	0	0	0	0	0	0	0	193.22	0	0	0	257.63	0	0	0	193.22	0	450.86	0	64.408	0	257.63	64.408	0	0	0	257.63	1352.6	0	0	0	0	0	0	0	0	0	0	0	0	0	0	0	0	0	0	64.408	386.45	0	0	0	0	0	0	0	0	0	64.408	0	0	0	0	128.82	0	0	0	0	0	193.22	0	0	0	0	64.408	0	0	0	0	0	64.408	0	0	0	0	0	0	0	64.408	0	0	128.82	0	0	0	0	257.63	0	128.82	0	0	128.82	0	0	0	0	0	0	0	64.408	0	0	0	0	0	0	0	0	0	0	0	0	0	0	0	0	386.45	64.408	0	5861.1	0	0	0	0	0	0	0	0	0	0	0	0	64.408	0	0	0	0
L128_F08	NP	0	0	0	514.7	0	0	0	228.75	0	0	228.75	114.38	0	0	0	686.26	343.13	0	0	0	0	0	0	114.38	0	0	0	0	114.38	0	0	0	228.75	0	0	1029.4	0	0	0	57.189	0	0	0	0	57.189	171.57	114.38	114.38	114.38	0	0	228.75	0	0	228.75	285.94	343.13	0	972.21	57.189	228.75	57.189	0	1201	0	57.189	0	57.189	57.189	0	0	285.94	285.94	0	0	57.189	114.38	57.189	0	0	171.57	57.189	57.189	0	228.75	57.189	0	0	0	57.189	0	114.38	57.189	0	0	0	0	0	0	0	57.189	0	0	0	0	114.38	0	0	0	343.13	0	0	171.57	0	228.75	0	114.38	0	1315.3	0	57.189	57.189	114.38	0	0	0	0	0	0	0	57.189	0	0	0	0	0	57.189	0	0	57.189	0	0	0	0	0	0	0	0	0	0	0	0	0	0	0	0	0	0	0	0	0	57.189	0	0	0	57.189	0	0	0	171.57	57.189	0	0	0	0	0	0	0	0	0	0	0	0	0	0	0	0	0	0	0	0	0	0	0	0	0	0	0	0	2459.1	0	0	285.94	0	1372.5	0	0	400.32	114.38	0	0	0	400.32	57.189	0	228.75	0	6119.2	171.57	1486.9	0	0	0	0	0	0	0	0	285.94	915.02	285.94	0	0	743.45	0	0	0	0	571.89	8807	171.57	457.51	629.08	57.189	228.75	114.38	114.38	0	400.32	0	0	0	6633.9	0	0	0	171.57	0	0	4289.1	0	0	1143.8	57.189	343.13	343.13	743.45	228.75	171.57	0	57.189	0	0	57.189	0	0	0	343.13	57.189	0	0	285.94	228.75	0	0	0	0	114.38	57.189	228.75	343.13	0	0	0	0	0	0	0	114.38	285.94	0	0	0	0	0	0	0	0	0	0	457.51	57.189	0	114.38	57.189	0	0	0	0	0	0	0	0	228.75	0	171.57	0	800.64	0	0	0	0	114.38	26764	0	0	57.189	0	0	171.57	0	0	0	171.57	0	0	0	171.57	0	0	0	0	0	114.38	0	0	0	0	0	0	0	0	0	0	0	0	0	0	171.57	0	0	0	0	0	57.189	0	57.189	0	0	171.57	0	0	0	0	0	0	0	0	0	0	0	0	0	57.189	0	0	0	0	0	0	57.189	0	0	228.75	0	0	0	57.189	57.189	0	0	0	0	0	285.94	0	0	0	0	0	0	57.189	57.189	0	0	0	0	0	0	0	0	57.189	0	0	1658.5	0	0	0	0	0	0	0	57.189	0	0	0	57.189	0	0	0	0	0
L128_C10	NP	0	0	0	0	28.779	0	0	201.45	0	0	402.9	0	0	259.01	28.779	575.57	143.89	28.779	0	0	28.779	0	0	374.12	0	0	0	28.779	57.557	0	0	57.557	0	0	115.11	0	86.336	0	57.557	0	28.779	0	0	0	57.557	0	0	316.57	172.67	0	0	518.02	0	0	287.79	402.9	143.89	0	1352.6	28.779	230.23	0	28.779	1554.1	0	0	143.89	0	57.557	28.779	0	460.46	86.336	28.779	0	28.779	57.557	345.34	0	0	86.336	28.779	345.34	0	402.9	172.67	0	0	28.779	28.779	0	0	0	0	0	0	0	0	0	115.11	57.557	57.557	0	0	0	201.45	0	0	259.01	172.67	201.45	0	28.779	57.557	172.67	0	201.45	28.779	834.58	0	0	143.89	0	0	0	0	28.779	0	0	28.779	28.779	86.336	0	0	0	0	0	0	0	28.779	0	0	0	0	0	0	0	0	0	0	0	0	0	0	0	28.779	0	0	0	28.779	0	0	0	0	28.779	0	0	143.89	172.67	201.45	28.779	0	0	0	0	0	0	0	0	0	0	0	0	0	0	0	0	0	0	0	0	0	0	0	0	0	28.779	0	0	1582.8	0	0	402.9	0	3597.3	230.23	57.557	1036	230.23	28.779	0	86.336	1352.6	172.67	0	402.9	402.9	0	1266.3	2187.2	719.47	0	57.557	0	0	0	143.89	0	1151.2	1611.6	604.35	0	57.557	230.23	0	345.34	0	115.11	2072.1	9036.5	4374.4	172.67	1151.2	0	57.557	949.7	28.779	230.23	460.46	143.89	0	0	4403.1	0	57.557	0	86.336	172.67	0	1841.8	0	201.45	0	0	172.67	805.8	604.35	460.46	143.89	201.45	0	115.11	834.58	0	172.67	172.67	0	1064.8	143.89	0	172.67	0	0	0	28.779	86.336	28.779	115.11	57.557	0	86.336	0	0	0	0	0	0	0	57.557	143.89	0	0	0	0	0	0	0	0	0	0	834.58	57.557	0	0	0	0	0	316.57	0	0	143.89	172.67	0	518.02	0	201.45	0	690.69	143.89	0	0	28.779	230.23	0	28.779	0	0	0	0	0	0	0	0	0	0	57.557	0	0	28.779	0	0	0	57.557	57.557	0	0	0	0	0	0	0	0	0	0	0	0	0	0	0	0	0	28.779	0	0	0	0	0	0	0	374.12	0	0	0	0	0	0	0	0	0	0	0	0	0	86.336	0	0	28.779	0	0	86.336	86.336	0	0	0	0	0	0	0	0	0	0	0	0	0	0	28.779	0	0	28.779	0	0	0	0	0	0	0	0	0	0	0	0	719.47	201.45	0	3798.8	0	0	28.779	28.779	0	0	0	172.67	0	0	0	28.779	0	0	0	0	0
L128_H10	NP	0	0	0	0	0	0	0	0	0	0	111.44	0	0	0	0	668.67	222.89	0	0	0	0	0	0	0	0	0	0	0	222.89	0	1783.1	222.89	111.44	0	0	0	111.44	0	111.44	0	0	0	0	0	0	111.44	0	557.23	0	0	0	668.67	0	0	111.44	557.23	0	0	1114.4	0	668.67	0	0	2674.7	111.44	0	0	0	0	111.44	0	222.89	334.34	0	0	0	222.89	111.44	0	0	222.89	0	445.78	0	111.44	0	0	0	0	0	0	0	0	222.89	0	222.89	0	0	0	0	0	0	0	0	0	445.78	0	0	0	2674.7	111.44	0	0	891.56	334.34	0	334.34	0	891.56	0	222.89	0	0	0	0	0	0	0	0	0	111.44	111.44	0	0	0	0	0	0	0	0	0	0	0	0	0	0	0	0	0	0	0	0	0	0	0	0	0	0	0	0	0	0	0	0	0	0	0	0	1448.8	0	0	0	0	0	0	0	0	0	0	0	0	0	0	0	0	0	0	0	0	0	0	0	0	0	0	0	0	0	0	2006	0	0	222.89	0	4123.5	0	0	334.34	780.12	0	222.89	0	334.34	222.89	0	445.78	0	334.34	1114.4	3343.4	0	0	0	0	0	0	0	0	557.23	1894.6	111.44	0	0	111.44	0	0	0	0	222.89	5906.6	780.12	222.89	557.23	0	111.44	3120.5	0	0	668.67	1003	780.12	0	5237.9	0	0	0	557.23	0	0	0	0	0	0	445.78	557.23	334.34	222.89	1560.2	222.89	1225.9	0	0	334.34	111.44	0	0	0	1448.8	222.89	0	0	0	0	0	222.89	0	0	334.34	111.44	0	1448.8	0	0	0	0	0	0	111.44	111.44	334.34	111.44	0	0	0	0	0	0	0	0	0	780.12	0	0	0	0	0	0	0	0	0	0	222.89	222.89	780.12	0	0	0	1225.9	334.34	0	0	0	222.89	111.44	0	0	0	0	0	0	0	0	0	0	0	0	0	0	0	0	0	0	0	111.44	0	0	0	0	0	0	0	0	0	0	0	0	0	0	0	0	0	0	0	0	0	0	0	0	0	111.44	0	0	0	0	0	0	0	0	0	0	0	0	0	111.44	0	0	0	0	111.44	0	0	111.44	0	111.44	0	0	0	0	0	0	0	0	0	0	780.12	0	0	0	0	0	0	0	0	0	0	0	0	0	0	0	0	334.34	0	0	2340.4	0	0	0	0	0	0	0	0	0	0	0	0	0	0	0	0	0
L129_D02	NP	0	0	0	0	0	0	0	0	0	0	0	0	0	0	0	436.02	2507.1	0	0	0	0	0	0	0	0	0	0	0	0	0	0	218.01	0	0	0	0	0	0	0	0	0	0	0	0	0	218.01	0	0	327.01	0	0	109	0	0	218.01	327.01	0	0	1417.1	0	109	109	0	1308	0	0	436.02	0	109	218.01	0	218.01	109	0	0	0	0	109	0	0	218.01	0	545.02	0	654.02	0	0	0	0	0	0	0	0	0	0	0	0	0	0	0	0	0	0	0	0	436.02	0	0	0	327.01	0	0	0	0	0	0	218.01	0	0	0	0	0	0	0	0	0	0	0	0	0	0	0	0	0	0	0	0	0	0	0	0	0	0	0	0	0	0	0	0	0	0	0	0	0	0	0	0	0	0	0	0	0	0	0	0	0	0	109	0	545.02	0	0	0	0	0	0	0	0	0	0	0	0	0	0	0	0	0	0	0	0	0	0	0	0	0	0	0	0	0	2834.1	0	0	545.02	0	2616.1	0	0	218.01	0	0	545.02	0	109	654.02	0	0	545.02	0	1090	109	0	0	0	0	0	0	0	0	109	436.02	0	0	0	109	0	0	0	0	0	10682	1635.1	218.01	2289.1	0	0	1962.1	0	0	109	1090	327.01	0	7412.3	0	0	0	109	0	0	0	0	0	1199	1199	1526.1	0	0	0	0	654.02	0	0	218.01	218.01	0	0	0	545.02	109	327.01	2725.1	109	654.02	0	545.02	0	0	0	0	0	872.03	0	0	0	0	0	0	0	327.01	218.01	0	0	0	0	0	0	0	0	0	0	327.01	0	109	0	0	0	0	0	0	0	0	654.02	0	436.02	0	0	0	218.01	0	0	0	0	0	0	0	0	0	0	0	0	0	0	0	0	0	0	0	0	0	0	0	0	545.02	0	0	0	0	0	0	0	0	0	0	0	0	0	0	0	0	0	0	0	0	0	327.01	0	0	0	0	0	0	0	0	0	0	0	0	0	0	0	0	0	0	0	0	0	0	0	0	0	0	0	0	0	0	0	0	0	0	0	0	0	0	0	0	0	0	0	0	0	0	0	0	0	0	0	0	0	0	0	0	0	0	0	8720.3	0	0	0	0	0	0	0	109	0	0	0	327.01	0	0	0	0	0
L129_B03	NP	0	0	0	0	0	0	0	0	0	0	486.46	0	0	0	0	0	162.15	0	0	0	0	0	0	0	0	0	0	0	162.15	0	0	0	0	0	0	0	0	0	0	0	0	0	0	0	162.15	0	0	162.15	162.15	0	648.61	0	0	0	0	0	0	0	1135.1	0	162.15	0	0	3405.2	0	0	324.31	0	0	0	0	0	486.46	0	0	0	324.31	0	0	0	162.15	0	162.15	0	0	0	0	0	0	0	0	0	0	0	0	0	0	0	0	0	0	0	0	0	0	0	324.31	0	0	0	0	0	0	0	324.31	0	0	0	0	0	324.31	0	0	0	0	0	0	0	0	324.31	0	324.31	0	0	0	0	0	0	0	0	0	0	0	0	0	0	0	0	0	0	0	0	0	0	0	0	0	0	0	0	0	0	0	0	0	0	0	0	0	0	0	0	162.15	0	0	0	0	0	0	0	0	0	0	0	0	0	0	0	0	0	0	0	0	0	0	0	0	0	0	5351.1	0	162.15	324.31	0	3080.9	324.31	0	162.15	0	486.46	486.46	0	810.77	324.31	0	324.31	0	0	162.15	972.92	0	0	0	0	0	0	0	0	648.61	1135.1	0	324.31	0	324.31	0	810.77	0	0	1135.1	13134	810.77	486.46	1297.2	0	0	6972.6	162.15	0	324.31	0	0	0	2270.1	0	0	0	0	0	0	0	0	0	162.15	0	0	486.46	0	0	0	0	0	0	0	0	0	0	0	0	0	162.15	486.46	0	0	0	0	0	0	0	0	0	0	0	0	0	0	0	0	0	0	0	0	0	0	0	0	0	0	0	0	0	1621.5	324.31	0	0	0	0	0	0	0	0	486.46	0	0	1945.8	0	0	0	810.77	0	0	0	0	648.61	2270.1	0	0	0	0	0	0	0	0	0	0	0	0	0	0	0	0	0	0	0	0	0	0	0	0	0	0	0	0	0	0	0	0	0	0	0	0	0	0	0	0	0	0	0	0	0	0	0	0	0	0	0	0	0	0	0	0	0	0	0	0	0	0	0	0	0	0	0	0	0	0	0	0	0	0	0	0	0	0	0	0	0	0	0	0	0	0	0	0	0	0	0	0	0	0	0	0	0	0	0	0	4053.8	0	0	0	648.61	0	0	0	0	0	0	0	0	0	0	0	0	0
L129_C05	NP	0	0	0	0	0	0	0	201.82	0	0	1412.7	0	0	201.82	201.82	672.72	0	0	0	0	0	0	0	269.09	0	0	0	0	134.54	0	0	0	0	0	0	67.272	67.272	0	67.272	0	0	0	0	0	0	67.272	0	134.54	807.27	0	0	403.63	0	0	67.272	201.82	269.09	0	134.54	0	672.72	67.272	0	605.45	0	0	0	0	67.272	0	0	134.54	0	0	0	0	0	67.272	0	0	0	0	201.82	134.54	134.54	0	0	0	0	0	0	0	0	0	0	0	0	0	0	67.272	0	0	0	0	0	269.09	0	0	0	0	0	0	0	0	201.82	0	874.54	67.272	0	0	201.82	201.82	0	0	0	0	0	0	0	0	0	0	0	0	0	0	0	0	0	67.272	0	0	0	0	0	0	134.54	0	0	0	0	0	0	0	0	0	0	0	0	0	0	0	0	0	0	0	0	739.99	0	0	201.82	0	0	0	0	0	0	0	0	0	0	0	0	0	0	0	0	0	0	0	0	67.272	0	0	0	0	134.54	0	0	807.27	0	0	807.27	0	4036.3	134.54	0	538.18	672.72	0	0	0	807.27	0	0	739.99	0	3027.3	605.45	538.18	67.272	0	0	0	0	0	0	0	941.81	2489.1	1547.3	0	0	0	0	0	0	0	739.99	12109	1547.3	269.09	2623.6	0	0	134.54	0	0	201.82	134.54	0	0	1480	0	0	0	0	201.82	0	4305.4	269.09	0	0	403.63	941.81	403.63	807.27	0	134.54	403.63	0	0	1950.9	0	2220	269.09	0	67.272	201.82	0	134.54	0	0	0	0	0	0	0	0	0	0	0	0	0	0	0	0	0	67.272	201.82	0	0	0	0	0	0	0	0	0	0	807.27	67.272	0	0	0	0	0	134.54	0	0	0	134.54	0	874.54	0	0	0	67.272	0	0	0	0	0	0	0	0	0	0	0	0	0	0	0	0	0	0	0	0	0	0	0	0	0	67.272	0	0	0	0	0	0	0	0	0	0	0	67.272	0	0	0	0	0	0	0	0	0	0	0	0	0	0	0	0	0	0	0	0	0	0	0	0	0	0	0	0	0	0	67.272	0	0	134.54	0	941.81	0	0	0	0	0	0	0	0	0	0	0	0	0	0	0	0	0	0	0	0	0	0	0	0	0	0	0	0	0	403.63	672.72	0	5718.1	0	0	0	201.82	0	0	0	0	0	0	0	0	0	134.54	0	0	0
L129_C07	NP	0	0	0	48.1	0	0	0	48.1	0	0	144.3	96.2	0	0	0	240.5	0	0	0	0	0	0	0	432.9	0	0	0	0	0	0	0	0	0	0	0	0	96.2	0	0	48.1	0	0	0	0	0	0	48.1	48.1	192.4	0	0	144.3	0	0	0	384.8	0	0	192.4	0	577.2	48.1	0	1010.1	0	0	96.2	0	0	0	0	0	1010.1	0	0	0	48.1	0	0	0	384.8	0	0	0	0	0	0	0	0	0	0	0	0	0	0	0	0	0	0	288.6	0	48.1	0	0	0	240.5	0	0	0	529.1	48.1	0	0	144.3	48.1	0	673.4	0	432.9	0	0	0	0	0	0	0	0	0	0	48.1	0	0	0	0	0	0	0	0	336.7	0	48.1	0	0	0	0	0	0	0	0	48.1	0	0	0	0	0	0	0	0	0	0	0	0	0	0	0	0	0	240.5	0	481	48.1	0	0	0	0	0	0	0	0	0	0	0	0	0	0	0	0	0	0	0	0	432.9	0	0	0	0	0	0	0	3848	0	96.2	481	0	4713.8	0	0	865.8	721.5	0	384.8	0	625.3	432.9	0	48.1	240.5	0	913.9	288.6	0	0	0	0	0	0	0	0	144.3	817.7	288.6	96.2	0	529.1	0	0	0	0	0	7407.4	384.8	673.4	481	48.1	481	625.3	48.1	0	288.6	96.2	0	0	5531.5	0	0	0	1154.4	0	0	1154.4	96.2	0	1202.5	192.4	336.7	96.2	144.3	48.1	0	384.8	336.7	0	384.8	288.6	0	0	0	336.7	144.3	144.3	2453.1	192.4	432.9	192.4	288.6	0	0	144.3	48.1	288.6	432.9	0	192.4	0	0	0	0	96.2	96.2	769.6	0	0	0	0	0	0	96.2	0	0	0	1539.2	0	0	144.3	0	0	0	48.1	0	0	0	529.1	0	817.7	0	144.3	0	96.2	288.6	0	0	240.5	96.2	1443	0	0	0	48.1	0	144.3	0	0	0	0	0	0	0	0	0	0	0	0	0	0	0	0	0	0	0	0	0	0	0	0	0	0	0	0	0	0	0	0	144.3	0	96.2	0	0	0	0	48.1	0	0	817.7	0	0	0	0	0	0	0	0	0	0	0	0	0	96.2	48.1	0	0	0	0	0	0	0	0	0	0	0	0	0	0	0	0	0	0	0	0	0	0	0	96.2	0	0	0	0	0	0	0	0	0	913.9	0	0	3944.2	0	0	0	0	0	0	0	48.1	0	0	0	0	240.5	0	0	0	0
L129_G11	NP	0	0	0	1428.3	0	0	0	0	0	0	384.53	0	0	0	54.933	274.67	549.33	0	0	0	0	0	0	0	0	0	0	0	109.87	0	1098.7	0	54.933	0	0	274.67	0	0	54.933	0	0	0	0	0	0	0	0	329.6	164.8	0	0	329.6	0	0	0	659.2	0	0	439.46	54.933	54.933	54.933	0	2032.5	0	0	164.8	54.933	54.933	219.73	0	0	0	0	0	0	0	54.933	0	0	494.4	0	164.8	0	439.46	219.73	0	0	0	0	0	0	0	0	0	0	0	0	0	219.73	0	0	0	0	0	0	0	0	0	659.2	219.73	0	0	0	164.8	0	109.87	549.33	164.8	0	0	0	0	0	0	0	0	0	0	54.933	219.73	0	0	0	0	0	0	0	0	54.933	0	0	0	0	0	0	0	0	0	0	0	54.933	0	0	0	0	0	0	0	0	0	0	0	0	0	0	0	164.8	274.67	0	0	0	0	0	0	0	0	0	0	0	0	0	0	0	0	0	0	0	0	0	0	0	0	0	0	0	0	0	0	2252.3	0	0	604.26	0	6207.4	164.8	0	274.67	219.73	0	329.6	0	329.6	109.87	0	1593.1	384.53	0	604.26	54.933	0	0	0	0	0	0	0	0	659.2	384.53	1098.7	0	0	109.87	0	0	0	54.933	0	9338.6	54.933	164.8	384.53	384.53	54.933	1153.6	0	0	54.933	494.4	1812.8	0	8075.1	0	0	0	274.67	0	0	5822.9	109.87	0	1373.3	0	769.06	109.87	54.933	0	54.933	659.2	0	0	1593.1	0	0	0	0	109.87	54.933	0	0	219.73	0	0	0	0	54.933	0	164.8	0	164.8	0	0	0	0	0	0	0	274.67	329.6	0	0	0	0	0	0	219.73	0	0	0	494.4	54.933	0	0	0	0	0	384.53	0	0	0	329.6	0	274.67	0	54.933	0	439.46	0	0	0	0	109.87	54.933	0	0	0	54.933	0	0	0	0	0	0	0	0	0	0	0	0	0	0	0	109.87	0	0	0	0	0	0	0	0	0	0	0	0	0	0	0	0	0	0	0	0	0	0	0	0	0	54.933	274.67	0	0	0	0	0	0	0	0	0	0	0	0	0	0	0	54.933	0	0	0	0	494.4	0	54.933	0	109.87	0	0	0	0	0	0	0	0	219.73	0	0	0	0	0	0	0	0	0	0	0	0	0	0	0	0	0	0	0	6097.6	0	0	0	0	0	0	0	0	0	0	0	0	0	0	0	0	0
L129_H11	NP	0	0	0	0	0	0	0	0	0	0	164.68	0	0	0	82.338	0	0	0	0	0	0	0	0	0	0	0	0	0	0	0	0	0	0	0	0	0	0	0	0	0	0	0	0	0	0	0	0	82.338	82.338	0	0	0	0	0	82.338	0	0	494.03	658.71	0	0	0	0	1152.7	0	0	411.69	0	82.338	0	0	0	0	0	0	0	164.68	0	0	0	0	0	411.69	0	0	0	0	0	0	0	0	0	82.338	0	0	0	0	0	0	0	0	82.338	0	0	0	0	0	0	0	0	0	0	0	0	0	0	411.69	0	0	0	0	0	0	0	0	0	0	0	0	0	0	0	0	0	82.338	0	0	0	0	82.338	0	0	0	0	0	0	0	0	0	0	0	0	0	0	0	0	0	0	0	0	0	0	0	0	0	0	0	0	329.35	0	494.03	0	0	0	0	0	0	0	0	0	0	0	0	0	0	0	0	0	0	0	0	0	0	0	0	0	0	0	0	3869.9	0	0	1152.7	0	4116.9	0	0	658.71	329.35	0	658.71	0	164.68	0	0	329.35	0	0	329.35	658.71	0	0	0	0	82.338	164.68	0	0	411.69	1482.1	0	0	0	164.68	0	164.68	0	0	164.68	18444	0	82.338	1729.1	0	0	411.69	0	0	247.01	0	0	0	2140.8	0	0	0	82.338	0	0	1976.1	0	0	0	0	1564.4	247.01	164.68	0	0	0	0	0	82.338	0	1152.7	0	0	0	164.68	658.71	0	0	0	0	0	0	0	82.338	0	0	0	0	0	0	0	0	0	0	0	0	0	0	0	0	0	0	0	0	0	0	905.72	411.69	0	0	0	0	0	0	0	0	0	0	0	411.69	0	82.338	0	741.05	0	0	0	0	0	0	0	0	0	0	0	0	0	0	0	329.35	0	0	0	0	0	0	0	0	0	0	0	0	0	0	0	0	0	0	0	0	0	0	0	0	0	0	0	0	0	0	0	0	0	0	0	164.68	0	0	0	0	0	0	0	0	0	0	0	0	0	0	0	0	82.338	0	0	0	82.338	0	0	164.68	0	0	82.338	0	0	0	0	0	0	0	329.35	0	0	0	0	0	0	0	0	0	0	0	0	0	0	0	0	0	0	0	6257.7	0	0	0	164.68	0	0	0	0	0	0	0	0	0	0	0	0	0
L130_G07	NP	0	0	0	0	0	0	0	0	0	0	161.38	0	0	0	80.691	1129.7	0	0	0	0	0	0	0	161.38	0	0	0	0	0	80.691	0	0	806.91	0	0	0	161.38	0	80.691	0	0	0	0	0	0	0	0	322.76	564.84	0	0	80.691	0	0	0	0	1775.2	161.38	80.691	0	322.76	0	0	806.91	0	0	80.691	0	0	0	0	403.45	80.691	0	0	0	0	0	0	0	80.691	0	484.14	0	484.14	0	0	0	0	161.38	0	0	0	0	0	0	0	0	0	0	0	0	0	0	0	322.76	0	0	0	80.691	0	0	0	0	80.691	0	0	0	80.691	0	0	80.691	0	0	0	0	0	0	0	80.691	0	0	0	0	80.691	0	0	0	80.691	0	0	0	0	0	0	0	0	0	0	0	0	0	0	0	0	0	0	0	0	0	0	0	0	0	0	0	0	0	242.07	242.07	0	0	0	0	0	0	0	0	0	0	0	0	0	0	0	0	0	0	0	0	0	0	0	0	0	0	0	0	0	2662.8	0	0	484.14	0	2904.9	242.07	0	484.14	161.38	0	80.691	0	564.84	161.38	0	1533.1	80.691	0	322.76	1371.7	0	0	0	0	0	0	80.691	0	322.76	564.84	322.76	0	161.38	161.38	0	0	0	0	80.691	29694	4034.5	0	1452.4	80.691	80.691	242.07	0	0	322.76	887.6	1936.6	0	7665.6	0	0	0	403.45	242.07	0	0	0	0	564.84	0	564.84	0	80.691	0	0	0	80.691	0	1613.8	0	0	0	0	322.76	0	80.691	161.38	0	0	0	0	0	0	0	0	0	242.07	0	0	0	0	0	0	0	161.38	80.691	0	0	0	0	0	0	0	0	0	0	0	0	0	0	0	0	0	0	0	0	0	645.53	0	403.45	0	161.38	0	0	0	0	0	0	0	1291.1	0	0	0	0	0	0	0	0	0	0	0	0	0	0	0	0	0	0	0	403.45	0	0	0	0	0	0	0	0	0	0	0	0	0	0	968.29	0	0	0	0	0	0	0	0	0	0	322.76	0	0	80.691	0	0	0	887.6	0	0	0	0	0	0	0	0	0	0	0	0	0	0	0	0	0	0	0	0	0	0	0	0	0	0	0	161.38	161.38	0	0	80.691	0	0	0	80.691	0	0	0	0	0	0	0	0	322.76	0	0	5164.2	0	0	0	0	0	0	0	0	0	0	0	0	0	0	0	0	0
L141_G02	NP	0	0	13.816	0	0	0	0	27.632	0	0	119.74	13.816	0	4.6053	0	225.66	667.77	0	0	0	0	0	0	0	0	0	0	0	4.6053	0	0	248.68	73.685	0	32.237	460.53	23.026	0	257.9	0	0	0	0	0	69.079	9.2106	9.2106	345.4	161.18	0	0	465.13	0	0	13.816	87.5	151.97	13.816	1630.3	0	179.61	0	9.2106	1418.4	36.842	0	64.474	27.632	23.026	105.92	0	18.421	202.63	0	0	0	41.447	73.685	0	0	124.34	124.34	151.97	0	82.895	142.76	0	0	0	110.53	0	18.421	0	27.632	0	0	0	0	0	59.869	0	0	9.2106	0	18.421	170.4	0	0	0	340.79	0	0	0	9.2106	198.03	0	253.29	13.816	9.2106	0	18.421	0	0	0	0	0	0	147.37	0	4.6053	211.84	0	0	0	23.026	0	18.421	0	0	0	0	0	0	0	0	0	4.6053	0	0	0	0	0	0	0	0	0	0	0	0	0	73.685	0	0	0	267.11	0	0	69.079	561.84	529.61	36.842	0	13.816	0	0	4.6053	0	0	0	0	23.026	0	0	0	115.13	0	0	0	0	0	0	216.45	0	0	128.95	0	0	0	0	432.9	0	0	907.24	0	1404.6	0	0	211.84	414.48	0	230.26	0	336.19	4.6053	0	488.16	0	87.5	833.56	359.21	0	0	0	0	0	0	0	0	428.29	437.5	105.92	0	0	276.32	0	179.61	0	0	23.026	4798.7	469.74	221.05	3412.5	253.29	87.5	511.19	0	0	239.48	640.13	1473.7	594.08	4144.8	0	0	0	9.2106	331.58	0	990.14	119.74	0	359.21	571.05	313.16	170.4	69.079	151.97	520.4	617.11	96.711	0	515.79	0	0	0	142.76	423.69	4.6053	78.29	193.42	55.263	198.03	0	110.53	0	0	198.03	0	23.026	92.106	0	0	0	0	0	0	23.026	262.5	1091.4	0	0	0	0	0	0	0	0	0	0	211.84	87.5	0	138.16	0	0	0	18.421	0	4.6053	0	142.76	55.263	548.03	0	9.2106	0	170.4	128.95	0	0	0	27.632	13.816	0	0	0	0	0	0	0	0	0	0	0	0	0	0	0	0	0	0	115.13	193.42	0	0	0	0	0	0	0	0	0	0	0	0	0	0	520.4	0	0	0	0	0	0	0	0	0	0	115.13	46.053	0	4.6053	0	0	0	0	0	0	0	0	0	0	0	0	0	13.816	0	147.37	0	244.08	59.869	0	23.026	0	0	0	0	0	0	4.6053	0	0	0	0	0	0	0	0	0	0	0	0	0	0	0	0	0	0	0	0	207.24	4.6053	0	10449	0	0	0	0	0	0	0	105.92	0	0	0	23.026	0	9.2106	0	0	0
L141_B03	NP	0	0	0	0	0	0	0	0	0	0	282.99	0	108.84	0	0	0	130.61	0	0	0	0	0	0	0	0	0	0	0	0	0	0	0	0	0	0	0	239.45	0	0	0	0	0	0	0	0	326.53	0	0	0	0	0	0	0	0	130.61	0	0	0	370.06	0	21.768	0	0	783.66	65.305	0	0	0	174.15	21.768	0	0	2634	282.99	0	0	0	0	0	0	892.51	0	239.45	0	0	21.768	0	0	108.84	0	0	0	21.768	152.38	0	0	0	0	0	0	0	0	0	0	0	0	0	0	0	87.074	0	0	0	21.768	43.537	0	0	0	0	0	0	0	0	0	21.768	0	0	0	0	0	0	0	0	0	0	0	0	0	87.074	0	0	0	0	0	0	0	43.537	0	0	0	0	0	0	0	0	0	0	0	0	0	0	0	0	21.768	0	0	21.768	478.91	0	0	0	0	0	0	0	0	0	0	0	0	65.305	0	0	0	0	0	0	0	0	0	0	0	0	0	0	0	0	0	0	1458.5	0	87.074	21.768	0	3025.8	0	0	130.61	457.14	0	0	0	174.15	217.68	0	0	21.768	0	2263.9	0	0	0	0	0	0	0	0	0	174.15	4223.1	282.99	0	0	0	0	0	0	0	0	1480.3	587.75	348.3	1458.5	282.99	0	718.36	0	0	587.75	370.06	1153.7	0	2699.3	0	0	0	0	0	1414.9	0	0	0	0	805.43	0	435.37	152.38	500.67	413.6	152.38	326.53	0	783.66	0	0	0	0	0	0	0	0	152.38	0	0	87.074	0	0	261.22	740.13	0	0	0	0	0	0	0	0	0	43.537	1001.3	0	0	0	0	0	0	0	0	0	0	21.768	0	174.15	0	0	0	0	65.305	0	0	0	130.61	0	674.82	0	0	0	217.68	0	0	0	0	0	43.537	0	0	0	0	0	0	0	0	0	0	0	0	0	0	0	0	0	0	0	0	0	0	0	0	0	0	0	0	0	0	0	0	0	0	0	0	0	0	0	0	43.537	0	0	0	0	130.61	0	0	0	0	0	0	0	0	0	0	0	0	0	0	0	0	108.84	0	0	0	282.99	87.074	0	0	0	0	239.45	0	0	0	0	0	0	0	0	0	0	0	0	0	0	65.305	0	0	0	0	0	0	0	0	0	326.53	500.67	0	10993	0	0	0	0	0	0	0	0	0	0	0	0	0	544.21	0	0	0
L141_C06	NP	0	0	0	175.49	7.6298	0	0	61.038	0	0	30.519	778.24	22.889	7.6298	83.928	946.09	45.779	0	0	0	99.187	0	0	0	0	0	45.779	76.298	7.6298	0	0	0	45.779	0	7.6298	0	30.519	7.6298	0	7.6298	22.889	0	0	0	0	22.889	0	68.668	1358.1	0	0	30.519	15.26	0	183.12	1304.7	198.38	0	442.53	53.409	228.89	0	0	572.23	30.519	0	7.6298	91.558	183.12	0	7.6298	7.6298	7.6298	45.779	0	0	91.558	0	0	0	289.93	15.26	167.86	0	373.86	22.889	0	0	91.558	0	0	0	0	76.298	0	0	0	0	0	144.97	0	0	0	0	0	91.558	0	0	0	22.889	0	0	0	99.187	15.26	7.6298	68.668	0	198.38	0	183.12	0	0	0	15.26	0	0	0	0	0	0	0	0	0	0	0	0	0	0	0	15.26	0	7.6298	0	0	0	38.149	0	0	0	7.6298	0	0	0	0	0	0	0	0	0	0	0	0	0	22.889	0	0	0	0	0	0	0	0	0	0	0	0	0	0	0	0	0	7.6298	0	106.82	0	0	15.26	0	0	0	38.149	0	0	0	0	0	0	45.779	190.74	0	0	495.94	30.519	1800.6	0	0	587.49	106.82	0	83.928	0	679.05	0	0	2029.5	0	0	625.64	0	0	0	0	0	30.519	0	0	0	732.46	1091.1	129.71	0	0	305.19	0	99.187	0	0	106.82	8377.5	0	0	1770.1	61.038	396.75	221.26	0	0	53.409	228.89	1770.1	0	8797.2	0	0	0	38.149	99.187	0	1556.5	22.889	0	2105.8	38.149	495.94	106.82	190.74	938.47	457.79	190.74	22.889	0	1899.8	259.41	0	0	15.26	892.69	15.26	244.15	7.6298	0	694.31	152.6	0	0	0	0	0	53.409	114.45	0	0	0	0	0	0	0	0	350.97	0	0	0	0	0	0	0	0	0	0	175.49	0	0	328.08	0	0	0	0	0	0	0	213.63	0	373.86	0	0	0	297.56	0	0	91.558	0	0	11849	0	0	83.928	68.668	0	0	0	0	0	0	0	0	0	0	0	0	0	0	0	213.63	0	0	0	0	0	0	0	15.26	0	0	0	0	0	7.6298	236.52	0	0	0	0	0	0	0	0	129.71	0	236.52	53.409	0	0	0	0	0	7.6298	0	0	0	0	0	0	0	0	0	30.519	0	0	7.6298	473.05	236.52	0	0	0	15.26	0	0	0	0	0	0	0	0	206.01	0	0	0	0	0	0	45.779	0	0	0	0	0	15.26	7.6298	0	0	1113.9	0	0	9621.2	0	0	0	0	0	0	0	7.6298	0	0	0	0	0	0	0	0	0
L141_F08	NP	0	0	0	1541.7	7.5945	0	0	37.973	0	0	53.162	0	0	0	0	486.05	584.78	0	30.378	0	15.189	0	0	0	7.5945	0	0	0	30.378	0	45.567	0	296.19	0	7.5945	0	0	0	68.351	37.973	0	0	0	0	37.973	220.24	0	341.75	1086	0	0	508.83	0	15.189	98.729	1040.4	22.784	0	417.7	7.5945	75.945	22.784	30.378	797.42	0	0	30.378	22.784	258.21	7.5945	15.189	212.65	189.86	15.189	0	0	15.189	0	0	0	607.56	30.378	75.945	0	235.43	0	0	0	60.756	0	0	15.189	45.567	349.35	0	0	0	0	0	0	0	0	0	0	0	106.32	0	0	0	15.189	0	0	15.189	30.378	0	15.189	432.89	0	493.64	22.784	182.27	15.189	0	0	0	0	0	0	0	22.784	7.5945	0	0	0	0	0	30.378	0	0	0	45.567	0	7.5945	0	0	0	0	0	0	0	0	0	0	0	0	22.784	0	0	0	0	0	0	0	7.5945	0	0	0	182.27	0	0	0	30.378	0	0	0	0	0	0	0	7.5945	0	7.5945	0	0	0	0	0	0	0	0	0	0	0	0	0	0	0	0	0	858.18	0	0	888.56	0	2004.9	15.189	0	144.3	129.11	0	250.62	0	250.62	45.567	0	751.86	0	0	706.29	182.27	0	0	0	0	0	0	0	0	1420.2	1291.1	37.973	0	0	189.86	0	15.189	0	0	83.54	5749	0	106.32	1556.9	91.134	759.45	486.05	0	68.351	37.973	402.51	4328.9	0	8900.8	0	1032.8	0	68.351	0	0	9067.8	60.756	0	356.94	37.973	258.21	759.45	45.567	0	0	7.5945	15.189	0	45.567	0	0	0	0	1283.5	98.729	0	30.378	0	417.7	0	7.5945	68.351	60.756	258.21	265.81	0	113.92	0	0	0	0	0	0	0	151.89	159.49	0	0	0	0	0	0	0	0	0	0	805.02	167.08	136.7	486.05	0	0	0	0	0	0	0	311.38	0	2156.8	0	30.378	0	387.32	60.756	0	15.189	15.189	0	265.81	0	0	129.11	0	0	37.973	0	0	0	0	0	0	0	0	0	0	0	0	220.24	417.7	0	0	0	0	0	0	0	0	0	0	0	0	0	0	189.86	0	0	7.5945	0	0	0	83.54	0	45.567	0	182.27	0	0	0	0	0	0	0	0	0	0	0	0	0	0	0	0	37.973	0	0	0	22.784	7.5945	0	30.378	0	0	45.567	0	0	0	0	0	0	0	918.94	0	0	0	0	0	0	0	0	0	0	0	0	0	0	0	0	144.3	0	0	11574	0	0	0	0	0	0	0	15.189	0	0	0	0	0	0	0	0	0
L142_B09	NP	0	0	0	604.69	0	0	0	0	0	0	188.96	0	0	0	75.586	1360.5	113.38	0	0	0	0	0	0	0	0	0	0	0	0	0	0	75.586	0	0	113.38	0	0	0	0	0	0	75.586	0	0	0	75.586	0	0	188.96	0	0	75.586	0	0	37.793	151.17	415.72	0	1625.1	0	113.38	0	0	566.89	0	0	0	0	0	0	0	75.586	37.793	0	0	0	0	1285	0	0	264.55	113.38	0	0	0	0	0	0	0	0	0	0	0	113.38	0	0	0	0	0	75.586	0	0	0	0	0	0	0	0	0	264.55	75.586	0	0	0	0	0	0	0	37.793	0	604.69	0	0	0	0	0	0	0	0	75.586	0	0	0	0	0	0	0	0	0	0	0	0	0	0	0	0	37.793	0	0	0	0	0	0	0	0	0	0	0	0	0	0	0	0	0	0	0	0	491.31	453.52	0	0	0	151.17	0	0	0	0	0	0	0	0	0	0	0	0	0	0	0	0	0	0	0	0	0	0	0	0	0	0	264.55	0	0	604.69	0	1360.5	0	0	226.76	188.96	0	0	0	3665.9	0	0	1738.5	0	0	944.82	1171.6	0	0	0	0	0	0	0	0	642.48	3779.3	37.793	0	0	0	0	75.586	0	0	188.96	4270.6	264.55	340.14	718.07	0	1322.8	37.793	415.72	0	566.89	491.31	302.34	0	2267.6	0	0	2305.4	907.03	0	0	8465.6	566.89	0	151.17	377.93	37.793	151.17	188.96	75.586	415.72	0	642.48	0	944.82	0	0	0	0	0	75.586	0	944.82	226.76	37.793	0	37.793	0	0	0	0	0	264.55	0	0	0	0	0	0	0	0	1058.2	0	0	0	0	0	0	0	0	0	0	2003	0	0	0	0	0	0	302.34	0	0	0	0	75.586	377.93	0	37.793	0	0	0	0	0	0	0	1209.4	0	0	0	0	0	37.793	0	0	0	0	0	0	0	0	0	0	0	0	0	0	0	0	0	0	0	0	0	0	0	0	0	0	0	0	113.38	0	0	0	0	0	0	0	0	188.96	0	151.17	0	0	0	0	0	0	0	0	0	0	0	0	0	0	0	0	0	0	0	0	0	113.38	0	0	0	0	0	0	0	0	0	0	0	0	0	37.793	0	0	0	0	0	0	0	0	0	0	0	0	0	0	0	37.793	0	0	2456.5	0	0	0	0	0	0	0	0	0	0	0	0	0	0	0	0	0
L142_G11	NP	0	0	0	0	0	0	0	47.89	0	0	239.45	632.15	0	9.5781	0	172.41	114.94	0	0	9.5781	0	0	0	0	0	0	0	0	0	0	0	0	344.81	0	0	0	28.734	0	9.5781	9.5781	0	0	0	0	0	0	0	9.5781	536.37	0	0	181.98	0	38.312	229.87	258.61	0	0	536.37	0	76.625	57.468	28.734	766.25	28.734	0	153.25	86.203	239.45	114.94	19.156	0	210.72	0	9.5781	0	0	0	0	0	181.98	47.89	287.34	0	153.25	268.19	0	0	0	0	9.5781	0	0	9.5781	0	0	0	0	0	124.51	0	0	0	0	0	76.625	0	0	0	57.468	0	0	0	0	76.625	0	0	0	9.5781	0	86.203	67.047	0	0	0	0	0	0	0	76.625	19.156	0	0	0	0	0	0	0	0	0	172.41	0	0	47.89	0	0	0	0	0	0	0	0	0	0	0	0	0	0	0	0	0	0	0	0	0	47.89	239.45	469.33	0	28.734	306.5	0	47.89	0	0	0	0	0	0	0	0	0	0	0	0	9.5781	0	0	0	0	0	0	0	0	0	0	0	0	0	1475	0	0	38.312	28.734	1168.5	0	0	296.92	0	0	0	0	1158.9	38.312	0	239.45	0	0	134.09	249.03	0	9.5781	0	0	0	0	0	0	354.39	325.65	0	0	0	574.68	0	0	0	0	0	8543.7	2452	1216.4	57.468	0	296.92	3524.7	19.156	9.5781	287.34	0	0	0	2001.8	948.23	0	0	57.468	0	0	3946.2	0	0	593.84	0	344.81	1235.6	191.56	105.36	0	0	95.781	0	325.65	249.03	0	0	0	134.09	0	220.3	0	0	143.67	28.734	38.312	0	86.203	0	143.67	114.94	2375.4	0	0	0	0	0	0	0	689.62	459.75	76.625	0	0	105.36	0	0	0	0	0	0	421.44	0	0	0	0	0	28.734	0	0	0	9.5781	19.156	0	862.03	0	28.734	0	316.08	0	0	0	277.76	0	16896	0	0	737.51	756.67	0	0	0	0	0	0	0	28.734	0	0	0	0	0	0	9.5781	0	0	0	0	0	0	0	0	0	220.3	0	0	0	0	0	9.5781	0	0	0	938.65	0	603.42	0	0	0	0	0	0	0	0	0	0	0	0	0	0	0	0	0	0	153.25	0	0	9.5781	0	0	0	0	0	0	0	0	19.156	0	0	0	0	0	0	0	0	9.5781	0	0	0	0	0	0	0	0	0	0	0	0	0	0	0	0	0	0	0	8160.5	0	0	0	0	0	0	0	0	0	0	0	0	0	0	0	0	0
L226_G07	NP	0	0	0	0	0	0	0	43.706	0	0	264.55	78.804	38.077	0	0	93.041	0	0	0	0	0	0	0	0	0	0	0	0	146.02	0	0	0	0	0	0	7.6155	48.011	0	0	0	0	0	0	0	96.683	0.33111	0	0.33111	789.03	0	0	0	0	0	350.31	0	25.164	1253.6	2136.3	0	180.45	0	0	1170.5	118.54	0	9.271	0	0.33111	0	0	0	1137.3	0	0	0	127.14	0.33111	0	0	492.03	0	347	0	0	0	0	0	1.9866	0	0	0	0	0	0	0	0	0	161.91	0	0	0	0	0	0	0	0	0	0	0	0	0	0	0	141.38	0	424.81	0	0	0	0	0	33.773	0	0	0	0	0	0	0	73.175	0	0	0	0	0	0	0	0	0	28.475	0	0	0	0	0	0	0	0	0	0	0	0	0	0	0	0	0	0	0	0	0	0	0	0	0	0	0	134.1	0	143.7	0	0	0	0	0	0	0	0	0	0	0	0	0	0	0	0	0	0	0	0	0	0	0	0	0	0	0	167.21	344.35	0	107.61	919.48	0	2304.2	0	0	411.23	301.31	0	265.22	0	995.31	452.95	0	380.11	66.884	0	882.07	518.18	0	0	0	0	148.34	0	0	0	476.8	990.01	0	132.44	0	191.38	0	199.66	0	0	338.06	1798.2	733.73	806.58	1546.6	0	0	700.62	92.048	25.826	230.12	0	0	0	1338	0	0	0	0	0	0	1.6555	0	0	0	28.806	633.74	75.493	195.02	0	125.82	0	1122.8	0	656.59	64.897	0	0	0	262.24	0	0	62.91	2.98	0	0	0	0	0	0	0	77.81	203.96	0	0	0	0	0	0	0	0	103.31	0	0	0	0	0	0	0	0	0	0	1118.8	37.415	0	0	0	0	0	0	0	0	0	1.3244	0	611.89	0	156.61	0	543.35	0	0	0	0	0	1036.4	0	0	0	0	0	0	0	0	0	81.452	0	0	0	0	0	0	0	0	0	0	0	0	0	0	0	0	0	0	0	0	0	0	0	0	0	0	0	0	0	0	0	0	0	0	0	0	0	0	0	0	0	0	0	0	0	0	0	0	0	0	0	0	31.786	0	0	0	496	0	0	0	0	0	9.6021	0	0	0.33111	0	0	0	0.33111	432.1	0.66221	0	0	0	0	0	0	0	0	0	0	0	0	0.33111	0	0	247.67	0	0	3451.1	0	0	0	0.33111	0	0	0	27.151	0	0	0	0	5.9599	0.66221	0	0	0
L227_D01	NP	0	0	15.917	0	31.834	0	7.9584	246.71	15.917	0	55.709	39.792	7.9584	238.75	0	143.25	222.84	7.9584	23.875	0	0	0	103.46	31.834	0	0	0	0	87.543	55.709	23.875	47.751	23.875	15.917	87.543	0	2833.2	0	214.88	71.626	0	0	0	0	23.875	63.667	39.792	334.25	278.55	55.709	0	15.917	15.917	206.92	294.46	71.626	63.667	167.13	1217.6	191	95.501	23.875	7.9584	1512.1	79.584	7.9584	238.75	0	509.34	15.917	0	31.834	198.96	39.792	119.38	95.501	71.626	294.46	7.9584	0	1217.6	143.25	485.46	0	175.09	366.09	0	0	254.67	15.917	0	23.875	0	31.834	0	0	0	0	39.792	0	0	7.9584	0	0	0	39.792	230.79	0	31.834	135.29	0	0	0	111.42	39.792	0	835.64	167.13	79.584	31.834	55.709	23.875	0	7.9584	7.9584	0	0	0	0	0	39.792	31.834	0	0	7.9584	0	0	0	0	7.9584	7.9584	0	0	7.9584	0	0	79.584	0	0	0	230.79	0	0	0	0	119.38	0	0	0	0	0	0	0	0	7.9584	7.9584	0	978.89	1337	0	31.834	0	0	0	0	0	0	0	0	0	0	0	0	0	0	0	39.792	0	0	0	0	7.9584	0	0	31.834	0	0	0	0	143.25	63.667	7.9584	334.25	143.25	2212.4	15.917	0	135.29	2172.6	7.9584	15.917	0	151.21	135.29	0	1408.6	0	15.917	628.72	1512.1	39.792	0	0	0	0	0	0	0	39.792	819.72	3143.6	0	0	15.917	0	127.33	0	0	270.59	485.46	63.667	175.09	350.17	23.875	0	565.05	0	0	549.13	278.55	0	0	4480.6	0	0	0	0	0	0	779.93	0	0	7.9584	0	47.751	119.38	246.71	0	803.8	0	0	0	1177.8	0	55.709	0	0	0	588.92	0	79.584	23.875	0	0	0	286.5	0	0	0	0	1305.2	0	0	0	0	0	0	0	47.751	47.751	0	0	0	0	0	0	0	0	0	0	167.13	15.917	0	0	0	0	0	0	0	0	0	485.46	7.9584	1655.3	0	79.584	0	286.5	0	0	0	0	23.875	342.21	0	0	0	0	0	0	0	0	0	0	0	0	0	0	0	39.792	0	0	0	0	0	0	0	0	0	0	0	0	0	0	0	0	0	0	7.9584	0	0	0	0	0	135.29	0	23.875	15.917	0	71.626	7.9584	0	63.667	0	0	0	0	0	0	0	0	0	0	0	0	0	230.79	0	0	0	47.751	87.543	0	71.626	7.9584	151.21	63.667	0	15.917	47.751	0	7.9584	7.9584	0	39.792	0	31.834	0	39.792	0	7.9584	0	7.9584	15.917	23.875	0	15.917	0	103.46	0	0	191	31.834	0	4528.3	0	0	0	0	0	0	0	23.875	0	0	0	47.751	103.46	95.501	0	0	0
L227_E04	NP	0	0	0	0	0	0.97501	0	3.9	0	0	4.8751	0	0	0	0	67.276	6.8251	0	143.33	0	0	0	0	0	1.95	0	0	208.65	0	0	0	0	76.051	0	2.925	0	4.8751	0	0	419.26	0	0	0	0	1.95	104.33	0.97501	3.9	585.98	0	0	3.9	0.97501	0.97501	214.5	3.9	0.97501	2.925	61.426	0	0.97501	3.9	0	10.725	0	0	233.03	0	11.7	0	0	0	55.576	2.925	0	179.4	6.8251	25.35	0	0	743.93	0	730.28	0	178.43	0	0	0	178.43	32.175	0	0	0	2.925	0	0	0	0	0	0	0	1.95	0	0	0	3.9	0	0	0	319.8	0	0	119.93	0	0	0	564.53	0	0	78.001	220.35	1011.1	0	0	0	0	0	0	0	5.8501	0	0	0	0	4.8751	0	0	0	141.38	4.8751	175.5	0	0	0	0	0	0.97501	0	0.97501	0	0	0	0	0	0	0	0	0	0	0	0	0	0.97501	0	4.8751	0	0	0.97501	0	335.4	135.53	92.626	0	0	0	0	0	0	0	0	44.851	0	0	0	0	0	0	0	0	0	0	0	0	0	0	0	23.4	0	0	600.61	0	0	353.93	0.97501	3820.1	1.95	0	0	300.3	0	0.97501	0	281.78	516.76	0	0	0	0	0	308.1	0	0	0	0	0	0	0	0	189.15	1386.5	111.15	0	0	3.9	0	0	0	0	0	1207.1	572.33	382.2	337.35	205.73	0	2324.4	0	1.95	108.23	0	0	0	1356.2	0	0	0	44.851	102.38	0	691.28	0	0	1036.4	0.97501	0	227.18	678.61	16.575	0	0	0	98.476	1110.5	0	0	0	0	0	0	0	1.95	0	0.97501	0	0	0	0	0	0	0	364.65	0	0.97501	0	0	0	0	0	486.53	618.16	0	0	0	0	0	0	0	0	0	0	1603.9	397.8	0	0.97501	0	0	0	0	0	0	0	17.55	25.35	1174.9	0	207.68	0	583.06	0	0	0	241.8	374.4	4977.4	0	0	121.88	94.576	0	0	0	0	0	1823.3	0.97501	0	0	0.97501	0	0	0	0	123.83	0	0	0	0	0	0	0	0	0	0	0	0	0	0	0	0	0	0	0	0	0	128.7	137.48	0	0	0	111.15	0	0	0	0	0	0	1.95	0	0	0	0	0	0	0	0	0	387.08	0	0	0	1.95	0	0	2.925	0	0	2.925	0	0	0	0	0	2.925	0	2.925	0	0	0	0	0	0	0	0	0	0	0.97501	0.97501	0	5.8501	0	0	157.95	0.97501	0	5529.3	0	0	0	0.97501	0	0	0	219.38	0.97501	0	0	1.95	0.97501	4.8751	0	0	0
L227_F05	NP	0	0	0	0	0	0	0	799.96	0	0	32.472	0	0	301.03	0	1223	0	0	0	0	0	0	0	0	0	0	0	0	0.43881	482.26	0	0	0	0	0	233.01	159.73	0	66.261	0	0	0	0	0	1.7553	121.11	141.74	1260.7	699.03	0	0	0	0	0	1.7553	808.73	43.443	0	739.84	0	412.48	0	0	701.66	0	0	57.046	0.43881	0	0	0	182.99	0	88.202	0	0	0.43881	0	0	0	0	0	410.29	0	114.53	0	0	0	0	0	0	0	0	0	0	0	0	0	0	78.987	0	121.11	0	0	0	195.27	0	0	0	0	21.502	0	0	53.535	110.58	0	858.76	258.46	8.3375	0	1.7553	16.675	0	0	0	0	0	0	0	0	0	0	0	0	0	0	0	0	0	11.848	0	0	0	0	0	0	0	0	0	0	0	0	0	0	0	0	0	0.43881	0	0	0	0	0	11.409	0	0	0	130.77	0	0	0	0	0	0	51.78	0	0	0	0	0	0	0	0	0	0	0	0	0	0	0	0	0	0	0	0	0	0	0	0	141.74	0	0	1137.4	0	3893.6	83.813	0	312.88	258.46	0	0	381.33	691.13	0	0	760.47	62.312	55.291	500.25	873.68	70.649	0	0	0	0	0.87763	0	0	2536.8	491.03	339.64	172.01	0	0	0	0.87763	0	0	319.9	479.62	269.87	720.09	583.18	119.36	0.43881	119.36	0	211.51	342.27	128.57	0	0	7233	0	53.535	0	187.37	244.42	0	332.62	0	0	0.87763	0	209.31	191.76	630.14	0	277.33	1102.3	0	0	708.25	0.87763	418.19	40.81	0	1051.8	166.75	0	0	142.62	0	0	0	0	0	0	372.55	0	0	0	0	0	0	0	0	0	0	19.747	0	0	0	0	0	0	0	0	0	0	1184.8	193.08	0	0	0	0	0	282.16	0	0	1.3164	771.43	100.49	335.69	0	206.24	0	82.497	127.69	0	0	0	156.22	0.43881	0	0	0	0	0	0	0	0	0	0	0	0	208	0	0	0	0	0	0	0	0	0	0	0	0	0	0	0	0	0	0	0	0	0	0	0	0	0	0	0	0	0	0	0	0	103.12	0	0	0	0	0	0	0	0	0	0	0	0	0	0	0	0	142.18	0	0	0	75.476	0.43881	0	0	0	0	0	0	0	0	0	0	0	0	0	0	0	0	0	0	0	0	0.43881	0	0	0	0	0	24.135	0	0	321.21	1.3164	0	6855.1	0	0	0	40.371	0	0	0	95.661	0	0	0	0	0	149.2	0	0	0
L227_E06	NP	0	0	0	141.76	0	0	0	149.28	0	0	240.03	284.6	0	2.1479	0	252.38	0	0	0	0	0	0	0	0	0	0	0	0	179.89	0.53698	123.51	0	1.6109	0	0	140.69	53.161	1.6109	278.7	0	0	0	0	0	82.696	0	0.53698	291.58	922.54	0	0	22.016	0	0	0	0	96.657	0	947.78	0	179.35	2.1479	0	2909.9	0	0	205.66	0	514.97	0	0	0	1208.2	0	0	0	0	1.074	0	0	248.62	0	228.76	0	0	64.438	0	0	0	0	0	0	0	174.52	0	0	0	0	0	294.27	0	0.53698	0	0	0	551.48	0	0	376.43	1700.1	134.25	0	37.052	465.03	0	0	2556.6	57.457	635.79	0	0.53698	193.31	0	0.53698	3.7589	577.26	0	0	0	0	0	0	0	0	2.6849	0	0	0	178.28	0	0	0	0	0	0	0	0	0	0	0	0	0	0	0	0	0	0	0	0	0	0	0	3.2219	0	85.917	0	0	433.35	0.53698	31.682	254.53	0	0	0	0	0	0	0	0	0	0	0	0	0	0	0	0	0	0	1.074	0	0	0	0	0	0	0	0	0	433.35	0	0	553.09	0	2023.4	0	0	1.6109	206.2	0	957.44	0	416.7	767.35	0	149.28	161.63	0	546.11	967.11	0	0	0	0	0	0	0	0	643.84	665.32	207.28	0	0	245.94	0	147.67	0	0	416.7	870.99	204.59	248.09	513.36	126.73	114.38	961.2	0	78.937	514.43	102.56	58.531	0.53698	6656.5	0	76.789	0	15.573	0	0	163.78	53.698	0	8.0548	70.882	160.02	550.41	844.68	123.51	113.84	0	91.824	0	835.55	163.78	0	0	95.046	28.46	0	296.95	231.98	148.21	596.05	0	0.53698	0	557.39	203.52	0	0	169.69	0	0	0	0	0	0	0	120.28	135.86	0	0	0	0	0	0	0	0	0	0	420.99	572.42	0	269.03	0	0	0	163.78	0	73.03	0	197.07	0	759.29	0	0	0	484.36	0	0	0	156.8	0	1.074	0	0	0	0	0	0	0	0	0	0	0	0	0	0	0	0	0	0	0.53698	48.329	0	0	0	0	0	0	0	0	0	0	0	0	0	0	44.57	0	0	0	149.82	0	211.57	0	0	0	0	96.657	280.31	0	0	0	0	0	0	0	0	0	0	0	0	0	0	0	8.5917	0	219.09	1.6109	169.15	92.898	0	0	0.53698	0	16.646	0	0	0.53698	0	0	0	0	53.698	0	0	0	0	0	0	0	2.6849	0	0	0	0	0	1.6109	0	0	160.56	0	0	2859.4	0	0	0	0	0	0	0	76.252	0	0	0	0.53698	0	0	0	0	0
L227_C07	NP	0	0	0	0	0	0	0	1023	0	0	122.09	0	0	0	0	0	0	0	0	0	0	0	0	0	0	0	0	0	644.83	0	0	0	0	0	0	0	4.7414	0	0	0	0	0	0	0	0	0	130.39	4.7414	237.07	0	0	0	0	0	0	0	282.11	0	634.16	0	1.1853	4.7414	0	2544.9	0	0	1.1853	1.1853	1.1853	0	0	0	1098.8	0	0	0	0	1.1853	0	0	5.9267	343.75	417.24	0	0	0	0	0	0	0	0	0	0	0	0	0	0	0	0	0	10.668	0	0	0	0	0	0	0	0	3.556	0	0	0	0	0	0	92.457	0	272.63	328.34	0	13.039	0	0	0	0	0	0	0	0	0	0	0	0	0	0	0	0	0	0	0	0	0	0	0	0	0	0	0	0	0	0	0	0	0	0	0	0	0	0	0	0	0	0	0	0	0	94.827	8.2974	200.32	1.1853	0	0	0	0	0	0	0	0	0	0	0	0	0	0	0	0	0	0	0	0	0	0	0	0	0	0	0	0	724.24	0	789.44	1005.2	146.98	3483.7	508.51	0	237.07	1759.1	56.896	520.36	0	20.151	107.87	0	545.26	168.32	0	366.27	1478.1	250.11	0	0	123.28	0	0	0	0	0	951.83	213.36	0	0	1110.7	0	1315.7	0	0	259.59	1791.1	0	462.28	1303.9	0	0	2426.4	0	0	242.99	0	0	0	1030.1	0	0	0	0	0	0	0	11.853	0	567.78	68.75	0	122.09	8.2974	0	0	0	625.86	0	91.271	0	0	0	0	0	91.271	0	85.345	0	0	50.97	0	0	277.37	0	0	1.1853	101.94	0	0	0	0	0	0	0	0	2.3707	0	0	0	0	0	0	0	0	0	212.18	2720.4	0	0	0	0	0	0	1.1853	0	0	0	0	0	433.83	0	0	0	516.81	0	235.88	0	0	111.42	0	0	0	0	0	0	0	0	0	0	0	0	0	0	0	0	0	0	0	1.1853	0	0	0	0	0	0	0	0	0	0	0	0	0	0	0	0	0	0	0	0	0	0	0	0	0	0	0	0	0	0	0	0	0	0	0	0	0	0	0	0	0	0	0	0	0	0	0	0	1.1853	0	1.1853	0	1.1853	9.4827	0	0	0	0	2.3707	0	0	0	0	0	0	0	0	0	0	0	0	0	0	0	0	0	116.16	0	3.556	1.1853	0	7033.8	0	0	0	0	0	0	0	0	0	0	0	0	0	1.1853	0	0	0
L227_H08	NP	0	0	0	0	0	0	0	0	0	0	311.39	0	0	479.86	0	569.19	2.5524	0	0	0	0	0	7.6573	0	0	0	0	0	0	0	0	0	0	0	0	0	0	0	0	0	0	0	0	0	0	0	0	0	255.24	0	0	0	0	7.6573	474.75	0	0	15.314	1646.3	0	58.706	0	0	13038	0	0	0	0	17.867	0	0	0	0	0	0	0	0	0	0	0	704.47	0	0	0	0	0	0	0	0	0	0	0	0	0	0	0	0	0	0	538.56	0	0	0	0	0	0	0	0	2.5524	0	0	0	0	0	0	0	0	0	0	0	181.22	0	0	0	5.1048	0	0	0	0	0	0	0	0	0	0	0	0	0	0	0	0	0	0	0	0	2.5524	0	0	0	0	0	0	0	0	0	0	0	0	0	0	0	0	0	0	0	0	0	163.35	0	0	0	0	0	0	0	0	0	0	0	0	0	0	0	0	145.49	0	0	0	0	0	0	0	0	0	0	0	2.5524	0	0	0	0	0	0	0	10631	137.83	0	186.33	0	0	0	0	398.18	5.1048	0	0	0	0	2432.5	14669	426.25	0	0	0	0	0	2.5524	0	5.1048	495.17	7139.1	0	0	0	0	0	0	0	1899	1620.8	0	1245.6	579.4	0	0	0	0	0	2585.6	564.09	0	0	15.314	0	0	0	0	0	0	0	0	0	7.6573	0	0	148.04	1431.9	0	446.67	0	0	0	890.79	0	63.811	0	0	0	0	0	349.68	574.29	0	0	0	0	0	35.734	2.5524	0	0	0	0	0	0	0	0	0	0	0	0	0	0	0	0	0	0	0	0	0	201.64	867.82	0	0	0	0	0	296.08	0	0	0	513.04	0	301.19	0	0	0	2.5524	0	0	0	0	0	2.5524	0	0	0	0	0	0	0	0	0	0	0	0	0	0	0	0	0	0	0	0	0	0	0	0	0	0	0	0	0	0	0	0	0	0	0	0	0	0	0	0	0	0	0	0	0	0	0	0	0	0	0	0	0	0	0	0	0	0	0	0	0	0	0	0	0	0	308.84	0	0	5.1048	2.5524	0	7.6573	0	2.5524	0	0	0	2.5524	0	0	0	0	0	0	0	0	0	0	0	0	0	0	0	0	0	0	0	0	0	6447.4	0	0	0	0	0	0	0	0	0	0	0	0	0	278.21	0	0	0
L227_C09	NP	0	0	0	0	0	0	0	0	0	0	0	0	0	0	0	0	0	0	0	0	0	0	0	0	0	0	0	0	0	0	0	0	0	0	0	0	0	0	0	0	0	0	0	0	0	0	0	0	0	0	0	0	0	0	0	0	0	0	0	0	604.23	1812.7	0	0	0	0	0	0	0	0	0	0	0	0	0	0	0	0	0	0	0	0	0	0	0	0	0	0	0	0	0	0	0	0	0	0	0	0	0	0	0	0	0	0	0	0	0	0	0	0	604.23	0	0	0	0	0	0	0	0	0	0	604.23	0	0	0	0	0	0	0	0	0	0	0	0	0	0	0	0	0	0	0	0	0	0	0	0	0	0	0	0	0	0	0	0	0	0	0	0	0	0	0	0	0	0	0	0	0	0	0	0	0	0	0	0	0	0	0	0	0	0	0	0	0	0	0	0	0	0	0	0	0	0	0	0	0	0	0	0	0	0	0	0	0	0	604.23	0	0	3625.4	0	0	0	1812.7	0	0	0	0	0	0	0	0	0	0	0	0	0	0	0	0	0	0	0	0	0	0	0	1208.5	0	0	0	3021.1	0	0	0	0	0	0	0	604.23	0	0	0	0	0	0	0	0	0	0	0	0	0	0	0	0	0	0	0	0	0	0	0	0	0	0	0	0	0	0	0	0	0	0	0	0	0	0	0	0	0	0	0	0	0	0	0	0	0	0	0	0	0	0	0	0	0	0	0	0	0	0	0	0	0	0	0	0	0	0	0	0	0	0	0	0	0	0	0	0	0	0	0	0	0	0	0	0	0	0	0	0	0	0	0	0	0	0	0	0	0	0	0	0	0	0	0	0	0	0	0	0	0	0	0	0	0	0	0	0	604.23	0	0	0	0	0	0	0	0	0	0	0	0	0	0	0	0	0	0	0	0	0	0	0	0	0	0	0	0	0	0	0	0	0	0	0	0	0	0	0	0	0	0	0	0	0	0	0	0	0	604.23	0	0	0	0	0	0	0	0	0	0	0	0	0	0	0	0	0	0	0	0	0	0	0	0	0	0	0	0	0	0	0	0	0
L227_D09	NP	0	0	0	0	0	0	0	0	0	0	2.7877	0	0	0	0	0	1608.5	0	524.09	0	462.76	0	11.151	0	0	0	0	0	0	992.43	0	0	0	0	0	0	0	0	0	0	0	0	0	0	0	0	0	0	136.6	0	0	0	0	0	0	0	0	0	30.665	0	0	217.44	0	0	0	0	122.66	0	0	0	0	0	315.01	1025.9	0	0	0	0	0	0	883.71	91.994	2.7877	0	13.939	2.7877	0	0	0	0	0	0	0	0	0	0	0	0	0	0	0	0	0	0	0	0	16.726	0	0	0	0	0	0	0	446.03	11.151	0	0	0	0	0	284.35	0	0	0	0	0	0	0	0	0	0	0	0	0	0	0	0	0	0	242.53	0	0	0	0	0	0	0	0	0	0	0	0	0	0	0	0	0	0	0	0	0	0	0	0	0	0	0	0	0	0	0	0	0	0	0	0	0	0	0	0	0	0	0	922.73	0	0	0	0	0	0	0	0	0	0	0	0	0	0	3423.3	0	0	730.38	0	5168.4	0	0	769.41	245.32	0	752.68	0	52.966	381.92	0	5.5754	0	0	0	395.86	16.726	0	0	0	0	0	0	0	1226.6	0	103.14	0	0	0	0	0	0	0	404.22	1979.3	0	0	0	0	0	331.74	0	5.5754	2.7877	0	0	0	295.5	0	0	0	0	0	0	0	0	0	440.46	0	557.54	0	0	0	248.11	0	0	0	680.2	0	0	0	0	0	0	674.63	0	0	0	0	0	0	0	0	727.59	0	0	0	5193.5	0	0	0	0	0	0	0	0	0	0	0	0	0	0	0	0	0	306.65	0	0	0	8.3631	0	0	0	565.91	0	0	0	0	0	0	501.79	0	0	0	0	0	0	0	0	0	0	2.7877	0	0	0	0	0	0	0	0	0	0	0	0	0	0	0	0	0	0	0	0	0	0	0	0	0	0	0	0	0	0	0	0	0	0	0	0	0	0	0	0	0	0	1151.3	0	0	0	0	0	158.9	0	0	0	0	0	0	0	0	0	0	0	2.7877	0	0	0	0	0	0	0	0	0	0	0	0	0	0	0	398.64	780.56	0	0	0	0	0	0	0	0	0	0	0	0	0	0	0	0	1000.8	0	0	3445.6	0	0	0	0	0	0	0	0	0	0	0	0	0	0	0	0	0
L227_B10	NP	0	0	0	0	0	0	0	417.07	0	0	321.22	196.88	0	0	0	0	0	141.18	47.924	0	0	0	0	0	0	0	0	255.16	0	0	0	0	4384.4	0	0	518.1	0	0	0	0	0	0	0	0	0	0	165.79	53.105	560.85	0	0	0	0	0	0	0	216.31	0	860.05	0	0	0	2.5905	137.3	0	0	0	113.98	0	0	0	0	347.13	0	0	296.61	379.51	10.362	6.4763	0	138.59	0	358.79	0	441.68	0	0	0	0	0	0	0	0	0	0	0	0	0	0	0	0	0	0	138.59	0	0	0	0	0	0	0	0	0	0	264.23	0	0	0	270.71	28.496	0	0	0	0	0	345.83	0	0	0	0	0	0	0	0	0	0	0	0	106.21	0	0	0	0	0	0	0	0	0	0	0	0	0	0	0	0	0	0	0	0	0	0	0	0	0	0	0	0	0	0	0	10.362	0	0	0	0	0	0	0	0	0	0	0	0	0	0	0	0	0	0	0	0	0	0	0	0	0	0	0	0	449.45	0	106.21	374.33	0	661.88	0	0	138.59	191.7	0	2.5905	0	217.6	196.88	0	1.2953	0	1.2953	0	103.62	41.448	0	0	0	0	0	1.2953	1.2953	1.2953	204.65	0	0	0	136	0	6.4763	0	0	2.5905	590.64	0	226.67	348.42	0	0	0	0	0	0	0	90.668	0	3243.3	0	0	0	143.77	371.74	0	0	0	0	174.86	0	0	0	178.74	0	0	0	0	0	0	126.93	0	0	0	0	1.2953	0	0	0	1328.9	0	0	0	0	0	0	0	154.13	0	0	0	0	0	0	0	88.077	159.32	0	0	0	304.39	0	0	0	0	0	0	1936.4	461.11	0	115.28	0	0	0	0	0	0	242.21	0	0	1502.5	0	691.67	0	766.79	0	0	0	97.144	10.362	970.15	0	0	0	7.7715	0	194.29	0	0	0	0	0	0	0	0	0	0	0	0	0	597.11	0	0	0	0	0	0	0	0	0	0	0	0	0	0	138.59	0	0	0	38.858	0	0	0	0	0	0	0	0	0	0	0	0	0	0	0	0	0	0	0	0	0	0	0	58.286	290.14	0	0	0	0	0	0	0	3.8858	0	0	0	0	0	0	0	0	358.79	0	0	0	0	0	0	422.25	2.5905	0	0	0	0	0	0	0	0	0	0	0	1214.9	0	0	0	0	0	0	0	0	0	0	0	0	0	238.33	0	0	0
L228_F09	NP	0	0	0	0	43.446	0	0	170.38	0	0	255.96	177.71	76.161	549.62	0	53.391	1.0469	0	0	0	0	0	0	0	0	0	0	0	140.54	0	0	0.52345	0.52345	0	0	0	129.81	0	100.76	2.6172	0	0	0	0	2.0938	93.697	19.368	740.67	601.96	0	0	297.05	74.591	0	322.18	55.223	254.66	32.977	664.78	0	161.22	0	0	2110	441.27	27.743	162.27	0.78517	1.5703	0	0	8.6369	1.8321	13.086	0	33.5	0.52345	188.18	0	0	31.669	0	426.61	0	0	1.8321	0	0	60.196	19.106	0	0	0	0	0	0.52345	70.665	0	0	237.12	0	274.81	0	0	0	244.71	27.743	0	303.6	16.227	18.321	0	0.26172	15.965	430.8	0	1611.4	17.012	244.71	0	48.157	0	0	0	0	0	0	0	36.38	0.26172	252.82	170.64	0	0	0	0	0	0	23.293	159.39	0	0	0	0	0	0	0	0	0	0	0	0	0	0	0	0.52345	0	0	0	0	31.669	0	0	171.95	0	0	0	322.97	32.715	21.723	231.36	0	0	0	0	0	0	0	0	0	0	0	0	0	0.26172	0	0	0	0	0	0	8.6369	0	0	0	0	56.009	0	0	303.08	0.26172	0	599.34	0	1932	59.411	0	317.73	274.55	0	0	0	763.97	0	0	65.954	12.039	0	856.88	526.06	227.96	0	75.376	0	0	0	0	0	949.01	982.25	59.149	0	0	359.61	0	3.9258	0	0	1111.3	576.31	342.33	316.42	530.25	51.036	87.677	499.89	21.985	59.411	826.52	147.09	0	0	1281.1	0	0	0	34.286	12.039	0	88.201	10.992	0	0	43.969	158.6	201.26	371.39	0	520.04	98.408	0	287.89	970.99	0	615.83	43.708	0	280.04	366.15	0	25.649	119.87	0	140.28	0	165.41	26.172	0	80.087	0	2.3555	0	0	0	33.5	0	0	0	168.81	84.013	0	0	0	0	0	0	0	0	0	1.5703	711.1	332.39	0	0	0	0	0	173.78	76.161	0	56.27	651.43	46.848	821.29	0	317.47	0	921.26	0	0	0	41.876	48.942	1.3086	0	0	0	0	0	0	0	0	0	0	0	0	24.602	0	0	0	0	0	0	0	0	0	0	0	0	0	0	0	0	0.52345	0	0	0	0	109.4	114.9	0	0	0	0	0	0	0	0	0	397.3	0	0	0	0	0	0	0	0	0	0	0	0	0	0	0	0	262.77	0	0	35.594	82.181	119.08	0	0.26172	0	0	1.0469	0	0.26172	1.0469	0	0	0	2.6172	234.76	0	0.78517	0	19.629	1.0469	0	2.0938	0	0	0	0	0	0	0	0	0	681.26	0	0	6116.2	0	0	0	0	0	0	0	62.29	0	0	0	0.78517	0	86.63	0	0	0
L281_C06	NP	0	0	0	0	0	0	0	62.806	0	0	45.081	72.087	0	0.34892	0	155.34	374.25	0.20935	0	0	0	0	0	44.173	41.87	0	0	0	117.1	18.144	0	49.965	0.48849	0	0.27914	2.7914	2.3727	0	0.34892	0	0	0	0	0	0.13957	64.062	0.069784	5.7223	98.256	0	0	0	0.20935	0	51.57	268.32	71.18	0.20935	713.33	0.76762	129.73	0	0	1390.9	91.836	0	0.069784	2.0935	2.8612	1.8144	155.27	0.069784	280.46	0.62806	0.48849	0	207.4	62.945	0	0	87.998	0.76762	255.2	0	62.527	24.215	0	0	3.6288	0	0.55827	0	0	0.4187	0	0	0	0	20.586	0	0	0.62806	0	51.431	0	48.012	0.34892	0	38.8	270.76	0	0	0	75.227	288.7	0	106.21	0	13.957	0	20.726	0	0	0	1.1863	0	0	0	0	0.48849	90.719	17.586	0	0	0	0.27914	0.069784	0	3.7683	0	0	0	0	0.55827	0.55827	0.48849	0	0	0	0	0	0	10.747	0	0	0.34892	0	0	0	0	180.39	0	32.938	0.069784	0	0	0.62806	39.289	23.796	50.245	5.164	0	0	0	0	0	0	0.4187	0	0	0	0	0	0	0.69784	0	0	0	0	0	0	0	0	0	0	0	0	0	0.27914	321.91	0	301.54	1002.2	32.938	3375.8	120.1	8.5137	114.31	197.07	0.4187	142.01	163.92	466.93	54.78	0	140.62	84.299	145.29	404.19	191.21	181.09	0	0	0	141.73	0	0	0	957.72	117.8	101.89	23.936	27.983	85.555	0	354.43	0	0	11.096	624.15	77.181	1156.9	366.92	94.976	0	308.1	23.727	4.8849	175.72	0.069784	82.834	0	2291.7	0	0	0	8.7928	0	0	241.8	0	32.868	213.96	32.24	98.814	42.987	23.168	0	200.98	235.73	0	0	143.2	184.37	0	0	0	0.27914	105.17	88.207	89.673	87.928	26.657	81.787	121.84	0	0.069784	109.98	0	0	17.586	242.71	68.458	309.7	24.634	161.76	0	14.306	448.22	803.28	41.661	0	9.4209	171.46	0	0	35.59	0	41.242	117.93	920.52	77.74	0	0	3.8381	38.66	17.027	76.483	7.8856	45.011	34.613	361.83	0	208.86	46.127	62.108	0	248.64	84.09	0	41.312	0.20935	196.65	193.65	0	0	0	109.28	0	0	0	0	0	27.355	0	0	0	0	0	0	0	0	0	6.6993	0	0	0	0	0	0	0	0.069784	0	0	0	0	0	0	40.545	0	0	0	0	0	20.865	0	0.20935	0.55827	0	30.705	0	0	0	0	0	0	0	0	0	20.865	0	0	0	0	0	0.13957	124.77	68.249	85.765	0	86.811	21.563	0	0.83741	0.069784	0.69784	82.066	0	0.20935	0.20935	0	0	0	1.5352	0.62806	109.49	0	0	83.532	0	0	0.62806	0	22.331	0	0	0	0	0	0	0	211.73	0	0	10056	0	0	0	0	0	0	0	136.22	0	0	0	0	0	0	0	0	0
L282_A01	NP	0	0	0	0	0	0	0	0	0	0	0.062572	0	0	0	0	456.21	405.37	0	0	0.062572	0	0	0	0	0	0	0	0	0.031286	33.789	0	15.017	72.458	0	0	0	0	0	119.54	0	0	0	0	0	0.031286	0	0	383.88	153.71	0	0	61.477	0	0	0	436.88	0	0.062572	318.58	0.031286	210.71	0.062572	0	697.49	0	0	64.042	0	0.062572	1.3766	0	43.049	0	0	0	6.351	71.645	0	0	0	23.277	0	380.97	0	281.89	0.031286	0	0	0	0	0	0	10.199	0	0	0	0	0	0	197.45	0	94.921	0	0	0	137.38	24.559	0	0.031286	99.176	0	0	0	97.299	212.09	32.975	164.66	0	31.974	0	119.73	0	89.352	0	0	0	0	0	0	0	0	0	0	0	0	0	0	0	139.25	0.031286	0	0	0	0	0	0	0	0	0	0	0.031286	0	0	0	0	0.062572	0	0.031286	0	0	0	0	0	0.031286	0	0	0	29.002	54.406	18.302	43.487	0	0	0	0	0	0	0	0	0	0	0	0	0	0	0	0	0	0	0	0	0	0	0	0	0	0	0	0	154.4	0	0	526.45	0	1769.6	254.92	0	308.01	70.956	0	125.89	0	426.46	145.45	0	2162.7	290.99	0	551.45	446.23	0	0	0	0	0	0	0.15643	0	2587.5	326.56	162.44	35.572	0	0.062572	0	0	59.381	0	138.32	944.15	252.79	258.42	351.53	164.75	208.99	185.34	0	18.678	265.21	569.78	1405.4	0	34299	0	0	0	103.9	82.72	0	0	139.13	0	452.46	169.57	711.97	583.04	107.15	44.457	19.741	2347.4	80.436	83.471	326.62	107.97	0	0	0	1144.1	205.33	62.447	32.318	0	0	0	71.832	0	147.92	153.58	63.197	48.65	318.24	0	0	0	0	0	0	0	74.523	243.31	0	0	0	0	0	0	0	0	0	0	414.26	24.434	0	0	0	0	0	242.81	0	110.1	0	224.76	83.69	229.76	0	55.783	0	144.7	0	24.309	52.06	25.686	80.061	424.24	0	0	0	0	0	0	0	0	0	0	0	0	0	0	0	0	0	0	0	252.85	0	0	0	0	0	0	0	0	0	0	0	0	0	0	329.63	0.031286	0	0	0	0	0	0	0	0	0	168.82	0	0	0	0.062572	0	0	37.887	0	0	0	0	0	0	0	0	0	57.41	0	0	38.45	55.313	47.335	0	0.031286	0	0	0.031286	0	0	0	0	0.031286	0	0	0.062572	0.031286	0	0	0	0	0	0	0	0	0	0	0	0	0	0	0	175.01	0	0	13726	0	0	0	0	0	0.031286	0	0.031286	0	0	0	0	0	102.87	0	0	0
L128_E08	NP	0	0	0	0	0	145.1	0	290.19	0	0	435.29	0	0	145.1	0	1741.2	725.48	0	0	0	0	0	0	0	0	0	0	0	0	0	0	0	0	0	0	0	290.19	0	0	0	0	0	0	0	290.19	0	0	0	0	0	0	0	0	0	0	1305.9	0	0	580.38	145.1	290.19	0	0	290.19	0	0	290.19	145.1	290.19	0	435.29	0	1305.9	0	0	0	145.1	0	0	0	290.19	0	870.58	0	0	0	0	0	145.1	0	0	0	0	0	0	0	0	0	0	0	0	0	0	0	0	0	0	0	0	580.38	0	0	0	145.1	435.29	0	290.19	0	0	0	0	0	0	0	0	0	0	0	0	0	0	0	0	0	0	0	0	0	0	0	0	0	0	0	0	0	0	0	0	0	0	0	0	0	145.1	0	0	0	0	0	0	0	0	0	1015.7	0	0	0	0	0	580.38	0	0	0	0	0	0	0	0	0	0	0	0	0	0	0	0	0	0	145.1	0	0	0	0	0	0	0	0	0	2176.4	0	0	145.1	0	3192.1	0	0	725.48	1015.7	0	145.1	0	0	0	0	290.19	0	0	580.38	2176.4	0	0	0	0	0	0	0	0	0	145.1	2466.6	0	0	0	0	0	0	0	0	5223.5	435.29	0	0	0	0	435.29	0	0	145.1	0	0	0	0	0	0	0	0	290.19	0	0	0	0	0	0	435.29	580.38	0	0	145.1	0	0	0	145.1	725.48	0	0	0	0	145.1	0	0	0	0	0	145.1	0	0	0	0	145.1	290.19	435.29	435.29	870.58	145.1	580.38	0	0	1160.8	2031.3	435.29	0	580.38	0	145.1	0	0	0	145.1	0	145.1	580.38	0	0	145.1	0	0	145.1	0	145.1	145.1	1160.8	435.29	0	0	145.1	145.1	0	435.29	580.38	0	0	580.38	0	0	0	0	0	0	0	0	0	0	0	0	0	0	0	0	0	145.1	0	0	0	0	0	0	0	0	0	0	0	0	0	0	0	0	0	0	0	0	145.1	0	0	0	0	0	0	0	0	0	0	0	0	0	0	0	0	0	0	0	0	0	0	0	0	0	0	0	0	290.19	0	0	145.1	0	0	0	0	0	145.1	0	0	0	0	145.1	145.1	0	0	0	0	0	0	0	0	0	0	0	0	0	0	0	145.1	0	0	3337.2	0	0	0	0	0	0	0	0	0	0	0	290.19	0	0	0	0	0
L128_G12	NP	0	0	0	0	0	0	0	0	0	0	322.11	0	0	0	0	644.23	161.06	0	0	0	0	0	0	0	0	0	161.06	0	0	0	0	0	0	0	0	0	161.06	0	0	322.11	0	0	0	0	161.06	0	0	161.06	161.06	0	0	0	0	0	0	161.06	0	0	483.17	0	0	0	0	644.23	0	0	0	161.06	161.06	161.06	161.06	0	322.11	0	0	0	161.06	0	0	0	644.23	0	161.06	0	0	0	0	0	0	0	0	0	161.06	0	0	0	0	0	0	0	0	0	0	0	0	0	0	0	0	483.17	0	0	0	0	644.23	0	0	0	322.11	0	161.06	161.06	0	0	0	322.11	0	0	0	0	0	161.06	0	0	0	0	0	0	0	0	0	0	0	0	0	0	0	0	0	161.06	0	0	0	0	0	0	0	0	0	0	0	0	0	0	0	0	0	161.06	161.06	0	161.06	0	0	0	0	0	0	0	0	0	0	0	0	0	0	0	0	0	0	0	0	0	0	0	0	0	0	0	0	966.34	0	0	0	0	4509.6	0	0	322.11	1127.4	0	644.23	0	0	0	0	0	0	161.06	1127.4	2738	0	0	0	0	0	0	0	0	0	1932.7	1449.5	0	0	805.28	0	0	0	0	161.06	9824.5	644.23	483.17	322.11	0	0	1127.4	161.06	0	1449.5	0	161.06	0	161.06	0	0	0	0	0	0	0	0	0	0	0	161.06	483.17	0	161.06	805.28	322.11	0	0	161.06	1288.4	0	0	0	0	0	161.06	0	0	161.06	0	483.17	0	0	161.06	0	0	966.34	0	161.06	0	0	322.11	0	0	2738	2576.9	161.06	0	0	161.06	0	0	161.06	0	0	0	805.28	483.17	0	483.17	0	0	0	161.06	0	0	0	322.11	322.11	966.34	0	0	0	2093.7	0	0	322.11	0	161.06	0	0	0	0	0	161.06	0	0	0	0	0	0	0	0	0	0	0	0	0	0	0	0	0	0	0	0	0	0	0	0	0	0	0	0	0	0	0	0	0	0	0	322.11	0	0	0	0	0	0	0	0	0	0	0	0	0	0	0	0	0	0	0	0	0	0	0	0	0	161.06	0	0	0	0	0	0	0	0	0	0	0	0	0	0	0	0	0	0	0	0	0	0	0	0	0	0	0	0	0	0	0	0	0	2899	0	0	0	0	0	0	0	161.06	0	0	0	0	0	0	0	0	0
L129_H04	NP	0	0	0	0	0	0	0	0	0	0	0	0	0	0	0	183.62	367.24	0	0	0	0	0	0	0	918.1	0	0	0	0	0	0	0	0	0	0	0	0	0	0	0	0	0	0	0	0	0	0	0	0	0	0	0	0	0	0	2387.1	550.86	0	1101.7	0	0	0	0	183.62	0	0	0	0	0	183.62	0	367.24	734.48	0	0	0	0	0	0	0	0	0	0	0	0	0	0	0	0	0	0	0	0	367.24	0	0	0	0	0	0	0	0	0	0	0	0	0	0	0	734.48	0	0	0	183.62	0	0	0	0	183.62	0	0	0	0	0	0	0	0	0	0	0	0	0	0	0	0	0	0	0	0	0	0	0	0	0	0	0	0	0	0	0	0	0	0	0	0	0	0	0	0	0	0	0	0	0	0	0	0	183.62	0	0	367.24	0	0	0	0	0	0	0	0	0	0	0	0	0	0	0	0	0	0	0	0	0	0	0	0	0	0	183.62	0	6977.6	0	0	0	0	4223.3	0	0	1285.3	0	0	0	0	183.62	0	0	0	367.24	0	183.62	0	0	0	0	0	0	0	0	0	550.86	183.62	0	0	0	183.62	0	0	0	0	183.62	13221	183.62	183.62	0	0	0	367.24	0	0	918.1	0	0	0	183.62	0	0	0	550.86	0	0	0	367.24	0	183.62	0	0	0	0	0	1101.7	0	0	0	0	0	0	0	0	0	0	0	0	0	367.24	0	0	0	0	0	0	0	183.62	1836.2	550.86	550.86	0	0	0	183.62	0	918.1	0	0	0	367.24	0	0	367.24	0	0	0	2203.4	367.24	0	0	0	183.62	183.62	550.86	0	0	1285.3	1836.2	0	1469	0	367.24	0	918.1	0	0	0	0	734.48	0	0	0	0	0	0	550.86	0	0	0	0	0	0	0	0	0	0	0	0	0	0	0	0	0	0	0	0	0	0	0	0	0	0	0	0	0	0	0	0	0	0	0	0	0	0	0	183.62	0	0	0	0	0	0	0	0	0	0	0	0	0	0	0	0	0	0	0	0	0	0	0	0	0	0	0	0	0	0	0	0	0	0	0	0	0	0	0	0	0	0	0	0	0	0	0	0	0	0	0	183.62	0	0	3305.2	0	0	0	0	0	0	0	0	0	0	0	0	0	0	0	0	0
L130_C08	NP	0	0	0	0	0	0	0	969.56	0	0	0	0	0	0	0	0	0	0	0	0	0	0	0	0	0	0	0	0	0	0	193.91	0	0	0	193.91	0	0	0	0	0	0	0	0	0	0	0	0	0	387.82	0	0	0	0	0	0	969.56	0	0	969.56	0	0	0	0	0	387.82	0	0	0	387.82	387.82	0	0	387.82	0	0	0	0	0	0	0	0	0	581.73	0	387.82	0	0	0	0	0	0	0	0	0	0	0	0	0	0	0	0	0	0	0	0	0	0	0	0	0	0	0	0	0	0	0	193.91	0	0	0	0	0	0	0	0	0	0	0	0	0	193.91	0	0	0	0	0	0	0	0	0	193.91	0	0	0	0	0	0	0	0	0	0	0	0	0	0	0	0	0	0	0	0	0	0	0	0	0	0	0	0	193.91	193.91	0	0	0	0	0	0	0	0	0	0	0	0	0	0	0	0	0	0	0	0	0	0	0	0	0	0	0	0	2133	0	0	0	0	6205.2	193.91	0	969.56	193.91	0	193.91	0	969.56	0	0	193.91	0	0	0	1163.5	0	0	0	0	0	0	0	0	969.56	387.82	0	0	0	969.56	0	0	0	0	0	22882	193.91	193.91	0	0	0	193.91	0	0	775.65	0	0	0	0	0	0	0	0	0	0	0	0	0	0	0	0	0	0	387.82	193.91	0	0	0	775.65	387.82	0	0	0	0	0	0	0	0	0	0	0	0	0	193.91	581.73	0	0	2326.9	775.65	1551.3	0	193.91	0	0	775.65	775.65	387.82	0	0	0	0	0	0	0	193.91	0	1357.4	193.91	0	581.73	0	0	775.65	0	0	193.91	1163.5	969.56	0	969.56	581.73	387.82	193.91	0	0	0	0	0	193.91	3490.4	0	0	0	0	0	0	0	0	0	0	0	0	0	0	0	0	0	0	0	193.91	0	0	0	0	0	0	0	0	193.91	0	0	0	0	0	387.82	193.91	0	0	0	0	0	0	0	0	0	0	0	0	0	0	0	0	0	0	0	0	0	0	0	0	0	0	387.82	0	0	0	0	0	0	193.91	0	0	0	0	0	0	0	0	0	0	193.91	0	0	0	0	0	0	0	0	0	0	0	0	0	0	0	0	0	0	0	2326.9	0	0	0	0	0	0	0	1163.5	0	0	0	0	0	0	0	0	0
L141_G04	NP	0	0	0	62.112	0	0	0	105.11	0	0	62.112	0	0	0	0	539.9	229.34	0	0	0	0	0	0	0	0	0	43.001	0	43.001	0	0	129	0	0	4.7779	19.111	86.002	0	19.111	76.446	0	0	0	0	9.5557	143.34	19.111	66.89	286.67	0	0	1237.5	0	9.5557	95.558	119.45	1012.9	0	683.24	23.889	267.56	71.668	0	1036.8	258.01	0	0	90.78	62.112	1356.9	143.34	19.111	81.224	0	0	0	19.111	286.67	0	4.7779	4.7779	0	57.334	0	124.22	114.67	4.7779	0	0	0	4.7779	0	9.5557	19.111	0	0	0	0	0	4.7779	0	19.111	0	43.001	0	0	0	0	0	367.9	4.7779	0	0	176.78	148.11	0	707.13	0	707.13	0	0	0	0	0	0	0	0	0	0	0	33.445	172	0	0	52.557	0	19.111	0	57.334	0	0	0	0	19.111	0	4.7779	9.5557	0	0	0	0	0	0	0	0	0	0	0	0	9.5557	0	0	0	176.78	47.779	0	0	129	133.78	205.45	195.89	4.7779	0	0	0	0	0	9.5557	0	52.557	0	0	0	0	4.7779	4.7779	0	0	0	0	9.5557	0	0	0	0	0	0	0	0	582.9	0	0	210.23	0	1939.8	0	0	133.78	186.34	0	439.57	14.334	100.33	0	0	4.7779	344.01	0	420.45	66.89	0	0	0	0	0	0	9.5557	0	353.56	0	415.67	0	0	62.112	0	0	0	0	47.779	7023.5	759.68	367.9	1003.3	33.445	0	430.01	0	14.334	0	0	195.89	0	645.01	0	4.7779	0	81.224	57.334	0	559.01	0	0	0	23.889	262.78	0	4.7779	716.68	272.34	0	0	0	420.45	23.889	0	0	0	0	0	496.9	57.334	0	0	0	81.224	0	0	38.223	0	4.7779	71.668	1199.3	520.79	439.57	4.7779	167.23	0	0	1204	3330.2	215	57.334	66.89	167.23	167.23	0	19.111	215	33.445	0	1634	668.9	86.002	14.334	234.12	43.001	0	57.334	66.89	23.889	468.23	511.23	539.9	3019.6	109.89	439.57	19.111	224.56	90.78	19.111	71.668	62.112	367.9	1390.4	0	0	19.111	339.23	0	0	0	0	0	0	0	0	0	0	0	0	0	0	0	47.779	0	0	0	0	0	0	0	0	105.11	0	0	0	0	0	172	0	0	0	0	0	28.667	14.334	0	0	0	0	0	0	9.5557	0	0	0	0	0	0	0	0	0	0	0	0	0	0	0	0	0	129	0	0	0	0	28.667	9.5557	0	0	0	4.7779	0	0	119.45	229.34	0	0	0	0	0	0	0	57.334	0	0	0	0	4.7779	23.889	0	0	28.667	0	0	7281.5	0	0	0	0	0	0	0	4.7779	0	0	0	181.56	0	0	0	0	0
L141_D09	NP	0	0	0	0	0	0	0	529.92	0	0	1105.9	0	0	0	0	161.28	34.56	0	0	0	0	0	0	172.8	0	0	0	0	80.64	0	0	0	0	0	0	0	46.08	0	11.52	46.08	0	0	0	0	11.52	0	34.56	11.52	1900.8	0	0	0	0	0	92.16	2937.6	11.52	0	126.72	0	0	103.68	34.56	241.92	0	0	0	34.56	276.48	460.8	0	0	184.32	0	23.04	0	34.56	0	0	0	0	184.32	80.64	0	138.24	92.16	0	0	0	0	0	0	0	0	0	11.52	0	0	0	34.56	0	11.52	0	0	0	11.52	11.52	0	0	34.56	0	0	0	0	0	0	1013.8	0	437.76	0	0	0	0	0	0	0	0	0	0	0	0	0	0	0	34.56	0	0	0	0	34.56	0	0	241.92	0	11.52	0	0	0	0	0	0	0	0	0	0	11.52	0	0	0	0	0	0	0	0	0	0	0	184.32	552.96	0	80.64	0	0	0	0	0	0	0	0	0	0	0	0	0	0	0	0	0	0	0	0	0	46.08	0	0	0	0	0	0	794.88	0	0	0	0	679.68	0	0	57.6	483.84	0	1578.2	0	115.2	0	0	1002.2	138.24	0	817.92	80.64	0	0	0	0	0	0	57.6	0	311.04	0	426.24	0	0	253.44	0	0	0	0	11.52	6854.4	391.68	426.24	0	103.68	0	57.6	0	0	230.4	0	46.08	0	218.88	0	0	0	0	0	0	0	0	0	0	0	1474.6	0	0	0	334.08	0	0	0	0	195.84	0	0	34.56	0	207.36	34.56	0	0	0	0	264.96	0	0	576	0	46.08	92.16	1739.5	748.8	3974.4	979.2	2027.5	0	0	1301.8	1877.8	426.24	80.64	126.72	1013.8	0	0	0	311.04	241.92	0	541.44	69.12	483.84	840.96	0	0	334.08	483.84	0	34.56	979.2	345.6	0	1186.6	0	1209.6	0	380.16	57.6	172.8	11.52	0	195.84	57.6	0	0	0	195.84	0	0	0	0	0	0	0	0	0	0	0	0	0	0	0	0	0	0	0	0	0	0	0	0	0	0	0	0	0	0	0	0	0	0	0	0	161.28	11.52	0	0	0	0	0	0	0	0	0	0	0	0	0	0	0	0	0	0	0	0	11.52	0	0	46.08	0	0	0	0	0	0	11.52	0	0	0	0	0	0	0	0	0	0	0	0	0	0	0	0	0	0	0	0	0	0	0	0	0	0	0	4665.6	0	0	0	0	0	0	0	0	0	0	0	0	172.8	0	0	0	0
L141_F11	NP	0	0	0	0	0	0	0	162.52	0	11.609	34.827	0	23.218	23.218	0	998.36	127.7	0	0	0	0	0	58.044	0	0	0	0	0	0	0	0	0	0	0	81.262	0	23.218	0	0	46.436	0	0	0	0	34.827	11.609	11.609	46.436	708.14	0	92.871	0	23.218	0	69.653	220.57	11.609	34.827	197.35	23.218	487.57	0	0	417.92	46.436	0	0	267	220.57	1439.5	11.609	0	278.61	58.044	0	592.05	11.609	92.871	0	0	708.14	11.609	11.609	0	0	0	0	0	58.044	0	0	0	0	0	11.609	0	0	0	0	383.09	0	0	0	0	0	0	0	0	0	23.218	0	0	0	0	0	0	0	0	1079.6	11.609	0	46.436	0	23.218	0	0	0	0	0	34.827	0	429.53	0	0	0	34.827	0	0	417.92	0	46.436	0	0	0	0	0	0	0	0	0	0	0	0	0	11.609	0	0	0	0	0	0	0	0	0	116.09	0	34.827	301.83	998.36	208.96	441.14	0	0	0	0	0	34.827	0	0	0	0	0	0	0	23.218	0	0	0	0	0	0	0	0	0	0	0	0	0	0	1648.5	0	0	0	0	963.54	0	0	11.609	139.31	0	0	0	0	0	0	11.609	0	0	719.75	325.05	0	0	0	0	11.609	0	0	0	301.83	0	232.18	0	0	0	0	0	0	0	0	5769.6	46.436	1474.3	11.609	0	0	708.14	0	150.91	766.19	0	371.48	0	58.044	0	0	0	0	0	0	0	0	0	0	0	0	0	267	0	673.32	255.4	0	0	116.09	290.22	0	0	0	0	162.52	0	11.609	0	0	0	81.262	0	0	127.7	0	0	127.7	986.75	197.35	3436.2	290.22	325.05	0	0	1323.4	1578.8	951.93	510.79	0	69.653	0	0	0	0	696.53	11.609	1996.7	0	92.871	0	0	23.218	986.75	522.4	23.218	452.75	0	789.4	0	2530.7	0	127.7	371.48	870.67	220.57	0	0	0	81.262	2588.8	0	0	0	0	0	0	69.653	0	0	0	0	0	0	0	0	0	0	0	0	499.18	0	0	0	0	0	0	0	0	127.7	0	0	0	0	0	0	0	0	0	0	0	336.66	0	0	0	0	0	0	0	0	0	0	0	0	0	0	23.218	0	0	0	0	0	0	522.4	0	0	0	475.96	0	0	69.653	0	0	0	0	0	0	0	0	0	23.218	0	0	0	0	0	0	0	0	0	0	0	0	0	0	0	0	0	0	0	0	8288.7	0	0	0	0	0	0	0	0	0	0	0	0	0	150.91	0	0	0
L142_H01	NP	0	0	0	0	0	18.148	0	471.85	0	0	305.49	9.074	0	3.0247	24.197	725.92	399.26	6.0493	6.0493	0	9.074	0	12.099	0	54.444	0	0	0	117.96	0	3.0247	0	12.099	0	0	6.0493	145.18	12.099	0	6.0493	0	0	0	0	90.74	18.148	0	69.567	178.46	0	12.099	0	0	3.0247	54.444	1409.5	75.617	18.148	390.18	33.271	245	3.0247	9.074	998.14	18.148	0	9.074	241.97	69.567	898.33	45.37	81.666	813.64	9.074	0	3.0247	111.91	24.197	0	0	30.247	3.0247	111.91	0	12.099	0	0	3.0247	6.0493	21.173	0	0	9.074	3.0247	6.0493	0	0	0	3.0247	0	3.0247	24.197	12.099	0	0	0	33.271	0	0	3.0247	0	66.543	21.173	9.074	332.71	0	396.23	0	305.49	24.197	3.0247	0	0	21.173	6.0493	3.0247	15.123	0	0	63.518	120.99	0	0	0	0	0	9.074	0	72.592	3.0247	0	0	6.0493	6.0493	0	0	6.0493	0	3.0247	0	0	0	0	3.0247	0	3.0247	0	18.148	0	0	0	0	0	0	12.099	0	15.123	84.691	9.074	6.0493	166.36	0	39.321	0	0	0	0	0	0	0	0	24.197	0	0	9.074	0	15.123	0	0	0	0	0	0	0	0	0	130.06	0	21.173	1243.1	3.0247	0	0	0	1237.1	0	0	529.32	284.32	0	459.75	0	471.85	0	0	21.173	0	36.296	716.85	1055.6	0	0	0	0	0	0	36.296	0	408.33	822.71	205.68	0	0	87.716	0	0	0	0	0	12625	677.53	432.53	42.346	81.666	0	1055.6	0	21.173	0	0	375.06	0	142.16	0	0	0	81.666	0	0	586.79	0	0	45.37	0	408.33	0	0	0	51.419	0	0	0	529.32	396.23	0	0	0	12.099	18.148	130.06	78.642	0	0	0	18.148	0	0	127.04	42.346	0	78.642	1128.2	2280.6	1291.5	414.38	632.16	0	202.65	2782.7	2425.8	120.99	145.18	39.321	223.83	565.61	133.09	0	211.73	18.148	60.493	1591	326.67	145.18	332.71	111.91	48.395	24.197	335.74	299.44	72.592	84.691	293.39	12.099	302.47	21.173	375.06	130.06	901.35	160.31	72.592	102.84	154.26	329.69	13883	0	0	0	33.271	0	139.13	0	0	0	0	0	0	0	0	0	0	0	0	0	3.0247	0	0	0	0	0	0	0	0	0	0	0	0	0	0	12.099	0	0	0	3.0247	0	453.7	0	0	3.0247	0	0	0	0	24.197	0	0	0	0	0	0	0	0	0	0	0	0	0	21.173	33.271	0	6.0493	405.31	0	0	9.074	0	18.148	3.0247	0	0	6.0493	0	0	0	0	3.0247	12.099	0	0	0	0	0	0	278.27	0	0	0	0	3.0247	12.099	0	0	12.099	0	0	2918.8	0	0	0	3.0247	0	0	0	417.4	0	0	0	0	0	0	0	0	0
L142_A02	NP	0	0	0	0	0	0	0	33.204	0	0	276.7	0	0	0	0	1992.2	2346.4	33.204	0	0	0	0	0	0	619.8	0	0	0	154.95	0	0	0	0	0	22.136	0	154.95	0	0	0	0	0	0	0	0	11.068	22.136	33.204	22.136	0	0	0	0	0	77.476	2999.4	33.204	0	143.88	66.408	132.82	0	0	420.58	0	0	0	88.544	99.612	1405.6	33.204	177.09	996.11	22.136	0	0	409.51	0	0	0	66.408	0	132.82	0	0	0	0	0	0	0	0	0	0	55.34	0	0	0	0	0	287.77	0	66.408	0	0	0	0	0	0	0	0	0	0	0	0	0	0	33.204	22.136	243.49	33.204	143.88	0	0	0	0	0	0	0	0	0	22.136	33.204	0	0	0	0	0	0	44.272	0	0	0	0	0	0	0	0	0	0	0	0	0	0	0	0	0	0	0	0	0	0	0	0	0	77.476	0	232.43	132.82	0	1793	11.068	0	0	0	0	0	0	0	0	0	0	0	0	0	0	0	0	0	0	0	0	0	0	0	0	0	0	0	0	1914.8	0	0	22.136	0	1593.8	0	0	88.544	132.82	0	1505.2	0	232.43	0	0	0	154.95	0	763.69	177.09	0	0	0	0	0	0	0	0	99.612	265.63	221.36	0	0	99.612	0	0	0	0	0	8157.1	376.31	332.04	0	199.22	0	77.476	0	0	0	0	0	0	110.68	0	0	0	0	0	0	0	132.82	0	0	0	0	0	0	0	486.99	33.204	0	0	0	0	0	0	0	354.17	0	110.68	33.204	0	0	0	0	0	0	154.95	88.544	11.068	0	1427.8	1693.4	1461	2811.3	653.01	0	0	1582.7	2523.5	276.7	154.95	608.74	464.85	243.49	0	243.49	0	442.72	188.15	3486.4	188.15	154.95	33.204	0	232.43	0	110.68	221.36	0	0	309.9	154.95	830.1	0	730.48	0	420.58	121.75	0	22.136	343.11	177.09	77.476	0	0	0	143.88	0	33.204	0	0	0	0	0	0	0	0	0	0	0	0	0	199.22	0	0	0	0	0	0	0	0	0	0	0	0	0	0	387.38	0	0	0	77.476	0	33.204	0	0	0	0	11.068	0	0	11.068	0	0	0	0	0	0	0	0	0	0	0	0	0	0	0	0	0	431.65	0	0	0	0	0	0	0	0	0	0	0	0	0	0	0	0	0	0	0	0	0	0	0	0	0	0	0	0	0	0	996.11	0	0	5091.3	0	0	0	0	0	0	0	520.19	0	0	0	0	0	0	0	0	0
L142_B12	NP	0	0	0	4.2022	0	21.011	0	239.52	0	0	218.51	4.2022	0	0	25.213	474.85	260.54	0	4.2022	0	8.4044	0	0	0	0	0	0	0	0	4.2022	0	42.022	25.213	0	0	1109.4	58.831	0	0	46.224	0	0	0	0	537.88	0	0	16.809	319.37	0	0	184.9	0	0	92.448	1277.5	25.213	0	147.08	4.2022	8.4044	4.2022	8.4044	184.9	46.224	0	12.607	96.65	142.88	1218.6	235.32	331.97	1231.2	29.415	0	176.49	54.629	0	0	0	327.77	84.044	130.27	0	21.011	0	0	0	100.85	4.2022	0	0	138.67	4.2022	0	0	0	0	0	0	4.2022	16.809	0	0	8.4044	0	0	0	0	0	0	0	420.22	84.044	67.235	0	88.246	0	495.86	0	4.2022	16.809	0	0	4.2022	0	0	0	0	33.618	130.27	42.022	0	0	16.809	0	0	0	0	29.415	0	0	214.31	0	0	0	0	0	0	0	0	0	0	0	0	4.2022	0	0	0	0	0	0	0	0	8.4044	0	458.04	130.27	865.65	298.36	474.85	0	0	0	0	0	0	0	0	0	0	0	0	0	37.82	0	0	0	0	16.809	0	0	0	0	0	0	0	0	0	827.83	0	0	25.213	0	1458.2	0	0	533.68	500.06	0	134.47	0	319.37	0	25.213	0	21.011	0	399.21	117.66	0	0	0	0	0	54.629	46.224	0	0	33.618	1323.7	21.011	0	126.07	0	0	0	0	0	4773.7	466.44	231.12	12.607	142.88	4.2022	2159.9	0	16.809	516.87	0	0	0	16.809	0	0	0	0	0	0	16.809	0	0	0	0	46.224	21.011	0	0	273.14	0	63.033	0	672.35	596.71	0	0	0	0	0	0	0	12.607	0	37.82	243.73	0	0	336.17	50.426	0	180.69	386.6	987.52	1517	184.9	928.68	4.2022	0	1340.5	4719.1	235.32	58.831	0	432.83	163.89	184.9	151.28	0	159.68	268.94	2075.9	117.66	67.235	96.65	0	75.64	0	302.56	46.224	4.2022	735.38	630.33	54.629	1785.9	155.48	378.2	8.4044	726.98	277.35	142.88	21.011	0	550.49	25.213	0	0	0	399.21	0	0	0	0	0	0	0	0	0	0	0	0	0	0	0	71.437	0	0	0	0	0	16.809	0	0	0	0	0	0	0	4.2022	0	4.2022	0	0	0	0	113.46	0	4.2022	0	0	37.82	0	0	4.2022	0	0	0	0	0	0	0	0	0	0	0	0	0	8.4044	0	0	4.2022	159.68	12.607	0	21.011	0	0	12.607	0	0	0	8.4044	0	0	0	8.4044	0	0	0	0	0	0	0	113.46	0	0	0	16.809	0	12.607	0	0	4.2022	0	0	3109.6	0	0	0	0	0	0	0	588.31	0	0	0	0	0	0	0	0	0
L227_F09	NP	0	0	0	0	0	0	0	423.86	0	0	0	0	0	0	0	759.21	0	0	0	0	0	0	0	0	0	0	0	0	0	2.5534	0.85113	0	783.89	0	0	0	3.4045	0	0	0	0	0	0	0	107.24	0	0	0	156.61	0	0	0.85113	0	0	0	18.725	0	0	851.13	0	71.495	0	0	602.6	0	0	184.7	0	0	0	0	0	782.19	85.113	0	0	0.85113	0	0	0	589.83	0	480.04	0	3.4045	0	0	0	0	0	0	0	0	0	0	0	0	0	0	79.155	0	0	0	0	0	0	0	0	0	85.113	0	0	0	0	251.08	0	1029.9	0	131.07	131.93	0	138.73	5.9579	0	0	0.85113	0	0	0	0	41.705	0	0	0	0	0	0	0	50.216	0	0	0	0	0	0	0	0	0	0	0	0	0	5.1068	0	0	0	0	0	0	0	0.85113	0	0	0	0	0	0	299.6	0	0	72.346	0	0	0	0	0	0	0	0	0	0	0	0	0	0	0	0	0	0	0	0	0	0	0	0	0	0	0	0	97.88	0	0	2.5534	0	1109	0	0	189.8	314.92	0	0	0	0	79.155	0	377.05	0	0	352.37	400.03	85.964	0	0	0	0	0	0	0	185.55	940.49	308.96	119.16	0	0	0	0	0	0	1.7023	1871.6	645.15	419.61	36.598	0	0	946.45	205.97	0	104.69	0	0	0	5023.4	0	0	0	107.24	0	0	189.8	0	0	321.73	0	371.09	91.071	0	0	126.82	0	0	0	68.09	120.01	0	0	0	566	0	239.17	97.029	0	1222.2	0	0	0	0.85113	65.537	209.38	0	239.17	0	0	0	158.31	0	859.64	0	617.07	1046.9	0	175.33	0	384.71	0	0	730.27	0	0	0	1499.7	169.37	0	186.4	196.61	0	0	91.071	0	114.05	0	508.97	0	1555	0	634.94	0	603.45	0	0	0	289.38	0	9462	0	0	0	0	0	307.26	0	0	0	150.65	0	0	0	0	0	0	0	0	0	281.72	0	0	0	0	0	0	0	0	120.01	0	0	67.239	0	0	344.71	0	0	0	255.34	0	86.815	185.55	0	0	0	0.85113	0	0	0	0	0	0	766.86	0	0	0	0	0	0	0	0	0	0	39.152	0	0	31.492	0	0	0.85113	0	1.7023	0	0	0	0.85113	0	0	0	0	137.88	0	0	0	0	0	0	0	0	11.065	0	0	0	0	2.5534	0	0	229.8	0	0	6242.2	0	0	0	0	0	0	0	0	0	0	0	0	0	0	0	0	0
L228_C04	NP	0	0	0	0	0	0	0	420.92	6.883	2.1178	0	0	0	2.6473	0	656.53	9.5302	0.52946	0.52946	0	0	2.1178	1.0589	2.6473	95.302	0	0	0	1.5884	0.52946	0	40.768	1.0589	0	1.5884	0	2.6473	59.829	2.6473	0	0	0	0	0	1.0589	73.065	5.2946	11.648	703.12	0	0	0	0	0	398.15	1155.3	3.1767	0	96.361	1.0589	178.43	3.7062	0	215.49	3.7062	0	6.883	0	21.178	213.37	421.45	0	496.1	0	0	28.591	298.61	11.648	0	0	34.415	3.1767	119.66	0	0	127.6	0	0	46.063	0	0	0	0	3.1767	0	0	0	0	0	86.302	0	3.1767	0	0	0	0.52946	0	0	0	158.84	0	0	0	153.54	376.45	0	206.49	0	461.69	0.52946	0.52946	0	0	0	2.1178	4.7651	0	0	0	6.883	0	0	0	0	2.6473	0.52946	0	0	2.6473	0	0	0	1.0589	1.5884	3.1767	0	0	0	0	0	0	1.0589	0	0	0	58.24	0	0	0	0	0	0	0	0	0	342.03	0	289.08	85.243	243.55	110.13	0	0	0	0	0.52946	0	0	0	0	0	0	0	0	0	0	0	0	0	0	0	14.825	0	0	0	0	73.065	0	0	1268.1	0	0	0	0	1570.4	0	0	340.97	509.34	0	19.06	0	434.16	0	0	0	0	0	1205.6	126.54	0	0	0	0	0	0	0	0	346.27	101.66	1329.5	0	0	83.654	0	0	0	0	0.52946	869.37	1089.1	515.16	5.2946	0	0	0	0	194.84	670.29	128.13	157.25	0	5.2946	0	0	0	0	0	0	0	0	0	0	0	116.48	1.5884	185.31	0	355.27	1.0589	2.1178	0	338.32	302.32	0	0	0	0	124.42	0	0.52946	0	237.2	0	133.95	0	0	337.27	190.08	0	944.02	1337.9	1656.2	1648.2	497.16	866.72	0	1216.2	2094.5	2043.2	37.591	57.181	149.84	357.38	223.96	0	102.71	0	0	599.88	1859.5	1063.7	0	64.594	0	100.6	53.475	315.03	581.34	0	0	1605.3	371.68	572.34	66.712	412.45	262.08	438.92	155.13	130.25	149.31	172.07	160.96	1.0589	0	0	0.52946	3.7062	0	154.07	0	0	0	76.242	0	0	0	0	0	0	0	0	0	362.15	0	0	0	0	0	0	0	0	0	0	0	0	0	0	539.52	0	0	0	0	0	5.824	0	0	13.236	0	0	0	0	0.52946	0.52946	0	0	0	0	0	0	0	0	0	0	0	0	9.5302	0	0	1.5884	1.5884	0	0	2.6473	0	0.52946	2.6473	0	0	2.1178	0	0	0	4.2357	0	0	0	0	0	0	0	0	277.44	0	0	0	0	0	8.4713	0	0	10.589	10.589	0	4235.1	0	0	0	3.1767	0	0	0	102.18	0	0	0	1.0589	0	1.5884	0	0	0
L128_E04	PEP	0	0	0	0	0	0	0	0	0	0	0	0	142.9	142.9	0	0	857.39	0	0	0	0	0	428.69	0	142.9	0	0	0	142.9	0	0	142.9	0	0	0	0	142.9	0	714.49	0	0	0	0	0	0	0	0	142.9	571.59	0	0	142.9	0	0	571.59	0	428.69	0	1143.2	0	142.9	142.9	0	857.39	142.9	0	0	2000.6	0	0	0	428.69	142.9	0	0	0	0	0	0	0	1143.2	0	142.9	0	0	0	0	0	0	0	0	0	285.8	142.9	0	0	0	0	0	285.8	0	0	0	0	0	0	0	0	0	0	0	0	0	0	0	0	571.59	0	0	0	142.9	0	0	0	0	0	0	0	0	142.9	0	0	0	0	0	0	0	0	285.8	142.9	0	0	0	0	0	0	0	0	0	0	0	0	0	0	0	0	0	0	0	0	0	0	0	0	142.9	0	0	0	285.8	285.8	0	0	0	0	0	0	0	0	0	142.9	0	0	0	0	142.9	0	0	0	0	0	0	0	0	0	0	0	0	0	0	0	0	0	0	0	1143.2	0	0	0	142.9	0	0	0	0	285.8	0	142.9	0	0	0	0	0	0	0	0	0	0	0	0	142.9	1000.3	142.9	0	0	0	0	428.69	0	0	0	5430.1	571.59	0	0	0	0	1286.1	142.9	0	0	0	0	0	9574.2	0	0	0	0	0	0	714.49	0	0	2000.6	0	285.8	0	428.69	0	0	0	0	0	0	0	0	0	0	0	0	0	0	0	142.9	0	285.8	0	0	0	0	0	142.9	0	0	0	0	0	0	0	1143.2	142.9	142.9	0	0	0	0	0	0	0	0	0	0	142.9	0	428.69	0	0	0	0	0	0	0	142.9	0	0	0	0	0	285.8	0	0	0	0	0	16290	0	428.69	285.8	1571.9	0	0	285.8	714.49	0	714.49	0	0	0	0	0	0	0	0	0	714.49	0	0	0	0	0	428.69	0	0	0	0	0	0	0	0	142.9	0	0	0	0	0	571.59	0	0	0	0	428.69	0	0	0	0	0	0	0	0	0	0	0	142.9	0	0	0	142.9	0	0	0	0	0	142.9	142.9	285.8	0	0	0	0	0	0	0	0	0	0	0	0	0	0	0	0	0	0	0	0	0	0	0	0	0	0	0	571.59	285.8	0	1143.2	0	0	0	0	0	0	0	142.9	0	0	0	0	0	0	0	0	0
L128_E05	PEP	0	0	0	0	0	0	0	0	0	0	2671.4	0	0	1780.9	0	0	890.47	0	0	0	0	0	0	0	0	0	0	0	0	0	0	0	0	0	0	0	0	0	296.82	0	0	0	0	0	0	0	0	890.47	0	0	0	296.82	0	0	296.82	593.65	0	0	2077.8	0	0	0	0	296.82	0	0	296.82	890.47	0	0	0	0	593.65	890.47	0	0	0	296.82	0	0	890.47	0	890.47	0	0	0	0	0	0	0	296.82	0	0	0	0	0	0	0	0	0	0	0	0	0	0	0	0	0	296.82	593.65	0	0	0	0	296.82	0	890.47	0	1187.3	0	2077.8	296.82	0	0	0	0	0	0	0	296.82	0	0	0	0	0	0	593.65	0	296.82	0	0	0	0	0	0	1484.1	296.82	0	0	0	0	0	0	0	0	0	0	0	0	0	0	0	0	0	0	0	296.82	0	0	0	0	0	0	0	0	0	0	0	0	0	0	0	0	0	0	0	0	0	0	0	0	0	0	0	0	0	0	0	0	0	0	0	0	0	296.82	0	0	0	296.82	0	0	0	0	0	0	0	0	0	0	296.82	0	0	0	0	0	0	0	0	0	0	0	0	0	0	0	0	0	0	0	8311.1	0	0	0	0	0	890.47	0	0	0	0	0	0	6530.1	0	0	0	0	0	0	0	0	0	2077.8	0	296.82	890.47	890.47	0	0	0	0	0	296.82	0	0	0	0	0	0	0	0	0	0	0	0	0	0	0	0	0	890.47	0	0	0	0	0	0	0	890.47	0	0	0	0	0	0	0	0	0	0	0	0	0	0	0	0	0	0	0	0	0	0	0	0	0	0	296.82	0	296.82	0	0	0	296.82	0	11576	0	0	0	0	296.82	0	0	0	0	0	0	0	0	0	0	0	0	0	0	296.82	0	0	0	0	0	0	0	0	0	0	0	0	0	0	0	0	0	0	0	0	0	0	0	0	0	296.82	0	0	296.82	0	0	0	0	0	0	0	0	0	0	0	0	0	0	0	0	0	0	890.47	0	0	0	0	0	0	0	0	0	0	0	0	0	0	0	0	296.82	0	0	0	0	0	0	0	0	0	0	0	0	0	0	0	0	0	0	0	0	0	0	0	0	0	0	0	0	0	0	0	0	0
L128_D09	PEP	0	0	0	0	0	0	0	201.49	0	0	0	402.98	0	201.49	0	0	1208.9	402.98	0	0	0	201.49	0	0	402.98	0	0	0	0	0	0	0	0	0	0	0	0	0	1208.9	0	0	0	0	0	0	0	0	201.49	201.49	0	402.98	0	0	0	201.49	1208.9	0	0	0	0	402.98	0	0	805.96	0	0	0	4231.3	0	0	0	1007.5	604.47	402.98	0	0	0	0	0	0	604.47	0	0	0	0	0	0	0	0	0	0	0	0	0	0	0	0	0	0	0	0	0	0	0	0	0	0	0	0	0	0	0	0	0	0	0	0	0	1007.5	0	402.98	201.49	0	0	201.49	0	0	0	0	0	201.49	0	0	0	0	0	0	0	0	0	0	0	0	0	0	0	0	0	201.49	0	0	0	0	0	0	0	0	0	0	0	0	0	0	0	0	0	0	0	201.49	0	0	0	0	0	0	0	0	0	0	0	0	0	0	0	805.96	0	0	0	0	0	0	0	0	0	0	0	0	0	0	805.96	0	0	0	0	402.98	0	0	0	201.49	0	0	0	0	201.49	0	0	0	0	0	201.49	0	0	0	0	0	0	0	0	402.98	604.47	0	0	0	0	0	0	0	0	201.49	11888	0	201.49	0	0	0	402.98	0	0	201.49	0	0	0	5037.3	0	0	0	0	0	0	1007.5	0	0	1611.9	0	0	0	604.47	0	0	0	201.49	0	0	0	0	0	0	0	0	0	0	0	201.49	0	0	0	0	0	0	0	0	0	0	0	0	0	0	0	805.96	0	0	0	0	0	0	0	0	0	0	0	0	0	0	201.49	0	0	0	0	0	0	0	0	0	0	0	0	0	0	0	0	0	0	201.49	55410	0	0	201.49	1007.5	805.96	805.96	0	0	0	0	0	0	0	0	0	0	0	0	0	0	0	0	0	0	0	0	0	0	0	0	0	0	0	0	0	0	0	0	0	0	201.49	0	0	0	0	0	402.98	0	0	0	0	0	0	0	0	0	0	0	0	0	0	0	0	0	0	0	0	0	0	0	0	0	0	0	0	0	0	0	0	0	0	0	0	0	0	0	0	0	0	0	0	0	0	0	0	0	0	604.47	0	0	402.98	0	0	0	0	0	0	0	0	0	0	0	0	0	0	0	0	0
L128_F10	PEP	0	0	412.27	1978.9	0	0	0	82.454	0	0	82.454	0	0	329.82	82.454	0	2473.6	0	247.36	0	0	0	82.454	742.08	906.99	0	0	0	0	0	164.91	0	0	0	0	82.454	247.36	82.454	1401.7	0	0	0	0	0	0	0	0	824.54	412.27	0	0	0	0	0	0	577.18	82.454	0	412.27	0	659.63	0	0	412.27	0	0	412.27	742.08	82.454	0	0	82.454	412.27	247.36	0	0	412.27	247.36	0	0	329.82	0	82.454	0	742.08	0	0	0	0	0	0	247.36	247.36	247.36	0	0	0	0	0	0	0	0	0	82.454	0	742.08	0	0	0	1649.1	0	0	0	0	0	0	164.91	0	989.45	0	329.82	0	0	0	329.82	0	82.454	82.454	0	0	82.454	329.82	0	0	0	0	329.82	0	0	0	0	0	0	0	0	0	0	0	0	0	0	0	0	0	0	0	0	0	0	0	0	0	0	0	0	0	0	0	329.82	0	0	0	0	0	0	164.91	0	0	0	0	0	0	0	0	0	0	0	0	0	0	0	0	0	0	0	0	0	0	0	0	0	0	0	0	1896.4	82.454	0	0	0	0	329.82	0	0	0	0	494.72	0	0	742.08	82.454	0	0	0	0	0	0	0	0	742.08	0	0	0	0	164.91	0	0	0	0	82.454	4205.1	0	164.91	0	0	0	0	0	164.91	0	0	0	0	14182	0	0	0	0	0	0	7255.9	0	0	1978.9	0	0	82.454	329.82	577.18	0	0	82.454	0	82.454	0	0	0	0	164.91	0	0	82.454	0	247.36	0	0	0	0	164.91	0	0	247.36	0	0	0	0	0	0	0	742.08	0	0	0	0	0	0	0	0	0	0	0	0	0	0	164.91	0	0	0	0	0	0	0	247.36	0	0	0	0	0	82.454	0	0	0	0	247.36	14759	1236.8	0	329.82	0	0	0	0	0	0	0	0	0	906.99	412.27	0	0	0	0	0	329.82	0	0	0	0	0	494.72	0	0	82.454	0	0	0	0	0	659.63	164.91	82.454	0	0	0	1154.3	0	0	0	0	494.72	0	0	0	0	0	0	0	0	0	0	0	0	0	0	0	0	82.454	0	247.36	82.454	0	164.91	82.454	0	0	0	0	0	0	164.91	0	0	0	82.454	0	0	0	0	0	0	0	0	0	0	0	0	0	0	82.454	0	0	824.54	0	0	742.08	0	0	0	82.454	0	0	0	0	0	0	0	247.36	0	82.454	0	0	0
L128_A11	PEP	0	0	0	0	0	0	0	0	0	0	83.215	83.215	0	83.215	0	0	1581.1	0	0	0	0	0	0	0	0	0	0	0	0	332.86	332.86	0	83.215	0	0	0	166.43	0	332.86	0	0	0	0	0	0	0	0	83.215	332.86	0	0	0	0	0	83.215	249.65	0	0	249.65	83.215	0	83.215	0	332.86	0	0	83.215	332.86	166.43	0	166.43	166.43	915.37	0	0	0	0	83.215	0	0	416.08	0	83.215	0	83.215	0	0	0	0	0	0	0	83.215	0	0	0	0	0	0	0	0	0	0	0	0	0	0	0	0	1664.3	0	0	0	83.215	0	0	249.65	0	83.215	0	0	83.215	0	83.215	0	0	0	0	0	0	0	0	0	0	0	0	0	0	83.215	0	83.215	0	0	0	0	0	0	0	0	166.43	0	0	0	0	0	0	0	0	0	0	0	0	0	0	0	0	83.215	0	0	499.29	0	0	0	0	0	0	0	0	0	83.215	0	0	0	0	0	0	0	0	0	0	0	0	0	0	83.215	0	0	83.215	0	332.86	0	0	249.65	0	1248.2	0	0	499.29	83.215	0	166.43	0	166.43	166.43	0	332.86	0	83.215	332.86	166.43	0	0	0	0	0	0	0	0	748.94	1081.8	1331.4	0	0	332.86	0	83.215	0	0	83.215	5492.2	1331.4	0	83.215	83.215	0	998.59	0	0	166.43	0	83.215	0	9153.7	0	0	0	0	0	0	3245.4	0	0	1497.9	0	0	166.43	332.86	1165	0	0	83.215	0	0	0	0	0	0	249.65	0	0	0	0	166.43	0	0	0	0	0	416.08	0	416.08	0	0	0	0	0	0	0	915.37	0	0	0	0	0	0	0	83.215	0	0	0	0	0	0	332.86	0	0	0	0	0	0	0	83.215	0	582.51	0	0	0	0	0	0	0	0	83.215	108850	0	0	416.08	416.08	0	332.86	0	0	0	83.215	0	166.43	0	0	0	0	0	0	83.215	332.86	0	0	0	582.51	0	332.86	0	0	332.86	0	0	0	0	0	166.43	166.43	0	0	249.65	0	249.65	0	0	0	0	416.08	83.215	0	0	0	0	0	166.43	0	0	0	0	0	0	0	0	83.215	0	0	0	0	0	249.65	0	0	0	0	0	0	0	0	0	0	0	0	0	0	0	0	0	0	0	0	0	0	0	0	0	0	83.215	0	0	83.215	0	0	166.43	0	0	0	0	0	0	0	0	0	0	0	83.215	83.215	0	0	0	0
L128_A12	PEP	0	0	0	0	0	0	0	0	0	0	813.34	0	0	0	0	406.67	406.67	0	0	0	0	0	0	406.67	0	0	0	0	0	0	0	0	0	0	0	0	0	0	406.67	406.67	0	0	0	0	0	0	0	813.34	1220	0	0	0	0	0	0	0	0	0	1220	0	0	0	0	813.34	0	0	0	0	0	0	0	0	0	0	0	0	0	406.67	0	0	1220	0	406.67	0	0	406.67	0	0	0	406.67	0	813.34	0	0	0	0	0	0	0	0	0	0	0	0	0	406.67	0	0	0	0	0	0	0	0	0	0	406.67	0	406.67	0	813.34	0	0	0	0	0	0	0	0	0	0	0	0	0	0	0	0	0	0	0	0	0	0	0	0	0	0	0	0	0	0	0	0	0	0	0	0	0	0	0	0	0	0	0	0	0	0	0	406.67	0	0	0	0	0	0	0	0	0	0	0	0	0	0	0	0	0	0	0	0	0	0	0	0	0	0	0	0	0	0	0	0	0	0	0	813.34	0	0	0	0	0	0	0	0	0	0	0	0	0	813.34	813.34	0	0	0	0	0	0	0	0	813.34	813.34	0	0	0	0	0	0	0	0	0	2440	0	0	406.67	0	0	0	0	0	406.67	0	0	0	8946.7	0	0	0	0	0	0	0	0	0	813.34	0	0	0	813.34	406.67	0	0	0	0	0	813.34	0	0	0	0	0	0	0	0	0	0	0	0	0	813.34	0	0	0	0	0	0	0	0	0	0	0	0	0	0	0	0	0	0	0	0	0	0	406.67	0	0	0	0	0	0	0	0	0	0	406.67	0	0	0	0	0	0	0	0	0	0	0	13420	0	0	0	406.67	406.67	406.67	0	0	0	0	0	0	0	0	0	0	0	0	0	0	0	0	0	0	0	0	0	0	0	0	0	0	0	0	0	0	0	0	0	0	0	0	0	0	0	0	0	0	0	0	0	0	0	0	0	0	0	0	0	1220	0	0	0	0	0	0	0	0	0	0	0	0	0	0	0	0	0	0	0	0	0	0	0	0	0	0	0	0	0	0	0	0	0	0	0	0	0	0	0	0	813.34	0	0	0	0	0	0	0	0	0	0	0	0	0	406.67	0	0	0
L128_H12	PEP	0	0	0	0	0	0	0	0	0	0	191.76	0	0	1150.5	191.76	767.02	1534	0	0	0	0	0	0	575.26	0	0	0	0	0	191.76	0	0	0	0	0	0	0	0	1150.5	191.76	0	0	0	0	0	0	0	191.76	767.02	0	0	0	0	0	575.26	383.51	0	0	958.77	0	0	0	0	767.02	0	0	0	2492.8	191.76	0	0	191.76	0	191.76	0	0	0	0	0	0	383.51	191.76	0	0	191.76	191.76	0	0	0	0	0	0	0	575.26	0	0	0	0	0	0	0	0	0	0	0	575.26	0	0	0	383.51	0	0	0	0	0	0	575.26	0	0	0	575.26	0	0	0	0	0	0	0	0	0	0	0	0	0	0	0	0	0	0	0	0	0	0	0	0	0	0	0	0	0	0	0	0	0	0	0	0	0	0	0	0	0	0	0	0	0	0	0	0	0	383.51	0	0	0	0	0	0	0	0	0	0	0	0	0	0	0	0	0	0	0	0	0	0	0	383.51	0	0	191.76	0	0	0	191.76	0	0	191.76	0	0	0	0	0	0	0	0	0	191.76	191.76	0	0	383.51	575.26	0	0	0	0	0	0	0	0	0	767.02	0	0	0	0	0	0	0	0	191.76	7861.9	0	383.51	0	0	0	383.51	0	0	0	0	191.76	0	6519.6	0	0	0	0	0	0	383.51	0	0	1534	0	0	0	1725.8	0	0	0	0	0	383.51	0	0	0	0	0	0	0	0	0	191.76	0	0	0	0	0	0	0	958.77	0	0	0	0	0	0	0	1725.8	0	0	0	0	0	0	0	0	0	0	0	0	0	0	0	0	0	0	0	0	0	0	191.76	0	575.26	0	0	0	191.76	0	0	0	0	191.76	14190	0	0	767.02	575.26	3643.3	0	0	0	0	191.76	0	0	0	0	0	0	0	0	191.76	383.51	0	0	0	0	0	0	0	0	0	0	0	0	0	0	767.02	191.76	0	0	191.76	0	0	0	0	0	0	575.26	0	0	0	0	0	0	0	0	0	0	191.76	0	0	0	0	191.76	0	0	0	0	0	0	0	0	0	0	0	0	0	0	0	0	0	0	0	191.76	0	0	0	0	0	0	0	0	0	0	0	0	0	0	0	767.02	575.26	0	0	0	0	0	0	0	0	0	0	0	0	0	0	0	0	0	0	0
L129_D04	PEP	0	0	0	0	0	0	0	0	0	0	0	0	0	0	0	0	2551	0	0	0	0	0	0	0	0	0	0	0	0	0	0	0	0	0	0	0	0	0	0	0	0	0	0	0	0	1275.5	0	1275.5	1275.5	0	0	0	0	0	0	0	0	0	1275.5	0	0	0	0	0	0	0	0	1275.5	1275.5	0	0	0	0	1275.5	0	0	0	0	0	0	1275.5	0	0	0	0	0	0	0	0	0	0	0	0	0	0	0	0	0	0	0	0	0	0	0	0	0	0	0	0	0	0	0	0	0	0	0	0	0	0	0	1275.5	0	0	0	0	0	0	0	0	0	0	0	0	0	0	0	0	0	0	0	0	0	0	0	0	0	0	0	0	0	0	0	0	0	0	0	0	0	0	0	0	0	0	0	0	0	0	0	0	0	0	0	0	0	0	0	0	0	0	0	0	0	0	0	0	0	0	0	0	0	0	0	0	0	0	0	0	0	0	0	0	0	0	0	15306	0	0	0	0	0	0	0	0	0	0	0	0	0	0	0	0	0	0	0	0	0	0	0	0	0	0	0	0	0	0	0	0	0	0	0	0	0	0	0	0	0	0	0	0	0	0	0	7653.1	0	0	0	0	0	0	8928.6	0	0	0	0	0	0	0	0	0	0	0	0	0	0	0	0	0	0	0	0	0	0	0	0	0	0	0	0	0	0	0	0	0	0	0	0	0	0	0	0	0	0	0	0	0	0	0	0	0	0	0	0	0	0	0	0	0	0	0	0	0	6377.5	0	0	0	0	0	0	0	0	0	0	0	21684	1275.5	6377.5	1275.5	0	0	0	0	0	0	0	0	0	0	0	0	0	0	0	0	0	0	0	0	0	0	0	0	0	0	0	0	0	0	0	0	0	0	0	0	0	0	0	0	0	0	0	0	0	0	0	0	0	0	0	0	0	0	0	0	0	0	0	0	0	0	0	0	0	0	0	0	0	0	0	0	0	0	0	0	0	0	0	0	0	0	0	0	0	0	0	0	0	0	0	0	0	0	0	0	0	0	0	0	0	0	0	0	0	2551	0	0	0	0	0	0	0	0	0
L129_C06	PEP	0	0	0	0	0	0	0	0	0	0	0	0	0	0	0	0	1271.5	0	0	0	0	0	0	0	0	0	0	0	0	0	0	0	0	0	0	10490	0	0	0	317.86	0	0	0	0	0	0	0	0	0	0	0	0	0	0	0	0	0	0	0	0	0	317.86	0	0	0	0	0	3178.6	0	0	0	953.59	0	0	0	0	0	0	0	0	317.86	317.86	0	0	0	0	0	0	0	0	0	0	317.86	0	0	0	0	0	0	0	0	0	0	0	0	0	0	0	0	0	0	0	0	635.73	0	0	0	0	0	0	0	0	0	0	0	0	0	0	0	0	0	0	0	0	0	0	0	0	0	0	0	0	0	0	0	0	0	0	0	0	0	0	0	0	0	0	0	0	0	0	317.86	0	0	0	0	0	0	0	0	0	0	0	0	0	0	0	0	0	0	0	0	0	0	0	3496.5	0	0	0	0	0	0	0	0	0	0	0	0	0	0	0	0	0	0	0	2860.8	0	0	0	0	0	0	0	0	635.73	0	0	0	0	0	0	0	0	0	0	0	0	0	0	0	4450.1	953.59	0	0	0	0	0	0	0	317.86	9535.9	0	0	0	0	0	2542.9	0	0	0	0	0	0	11125	0	0	0	0	0	0	3178.6	0	0	2542.9	0	0	0	635.73	0	0	0	2542.9	0	0	0	0	0	0	0	0	0	0	0	317.86	0	1271.5	0	0	0	0	0	0	0	0	0	0	0	0	0	0	0	0	0	0	0	0	0	0	0	0	0	0	317.86	0	0	0	0	0	317.86	0	0	0	0	0	0	0	0	0	635.73	0	0	0	0	953.59	21615	953.59	635.73	317.86	317.86	0	953.59	953.59	953.59	0	317.86	0	0	0	0	0	0	0	0	635.73	1271.5	0	0	0	0	0	1271.5	0	0	0	0	0	0	0	0	317.86	0	317.86	0	0	0	0	0	0	0	0	0	0	0	0	0	0	0	0	0	0	0	0	0	0	0	0	0	953.59	0	0	0	0	0	635.73	0	0	0	0	0	0	0	0	0	0	0	0	0	0	0	0	0	0	0	0	0	0	0	0	0	0	0	0	0	0	0	0	0	0	0	0	0	0	0	0	0	0	0	0	0	0	0	0	0
L129_E07	PEP	0	0	0	0	0	0	0	0	0	0	0	0	0	0	0	0	0	0	0	0	0	0	799.36	0	0	0	0	0	799.36	0	0	0	0	0	0	0	0	0	0	0	0	0	0	0	0	0	799.36	0	0	0	0	0	0	0	0	0	0	0	0	0	799.36	0	0	0	0	0	0	0	1598.7	0	0	0	0	0	0	0	0	0	0	0	0	0	0	0	0	0	0	0	0	0	0	0	0	0	0	0	0	0	0	0	0	0	0	0	0	0	0	0	0	0	0	0	0	0	0	0	0	0	0	0	0	0	0	0	0	0	0	0	0	1598.7	0	0	0	0	0	0	0	0	0	0	0	0	0	0	0	0	0	0	0	0	0	0	0	0	0	0	0	0	0	0	0	0	0	0	0	0	0	0	0	0	0	0	0	0	0	0	0	0	0	0	0	0	0	0	0	0	0	0	0	0	0	0	0	0	0	0	0	0	0	0	0	0	0	0	7194.2	0	0	0	0	0	0	0	0	0	0	799.36	0	0	0	0	0	0	0	0	0	0	0	0	799.36	0	0	0	0	0	0	0	0	0	0	24780	0	799.36	0	0	0	0	0	0	0	0	0	0	12790	0	0	0	0	0	0	10392	0	0	0	0	799.36	0	799.36	0	0	0	0	0	0	0	0	0	0	0	0	0	0	0	0	0	0	0	0	0	0	0	0	0	0	0	0	0	0	0	1598.7	0	0	0	0	0	0	0	0	0	0	0	0	0	0	0	0	0	0	0	0	0	0	0	0	0	0	0	0	0	0	0	0	0	799.36	63149	0	3996.8	0	0	0	0	0	799.36	0	0	0	0	0	0	0	0	0	0	0	0	0	0	0	0	0	0	0	0	0	0	0	0	0	0	0	0	0	0	0	0	0	0	0	0	0	1598.7	0	0	0	0	0	0	0	0	0	0	0	0	0	0	0	0	0	0	0	0	0	0	0	0	0	0	0	0	0	0	0	0	0	0	0	0	0	0	0	0	0	0	0	0	0	0	0	0	0	0	0	0	0	0	799.36	0	0	0	0	0	0	0	0	0	0	0	0	0	0	0	0	0
L129_G07	PEP	0	0	0	0	0	0	0	0	0	0	0	0	0	321.7	804.25	0	482.55	0	0	0	0	0	160.85	0	804.25	0	0	0	0	0	0	0	0	0	0	0	0	0	0	0	0	321.7	0	0	0	0	0	160.85	321.7	0	0	0	0	0	0	1447.6	0	0	160.85	0	321.7	0	0	643.4	0	0	0	2091	160.85	0	0	160.85	1125.9	160.85	0	0	0	0	0	0	643.4	0	804.25	0	0	0	0	0	0	0	0	0	0	0	0	0	0	0	0	0	0	0	0	0	0	0	0	0	0	804.25	0	0	0	0	0	0	321.7	0	160.85	0	0	643.4	0	0	0	0	0	0	0	0	0	0	0	0	0	0	0	0	0	0	0	0	0	0	0	0	0	0	0	0	0	0	0	0	0	0	0	0	0	0	0	0	321.7	0	0	0	0	0	0	0	0	0	0	0	0	0	0	0	0	0	0	0	0	0	0	0	0	0	0	0	0	0	0	0	160.85	0	0	0	0	0	0	0	0	0	1125.9	0	0	0	0	0	0	0	0	0	0	0	0	0	0	482.55	0	0	0	0	0	0	0	0	0	0	0	0	0	0	0	0	0	0	0	5790.6	0	0	0	0	0	643.4	0	0	643.4	0	0	0	15924	0	0	0	0	0	0	6273.1	0	0	643.4	0	0	0	0	0	0	0	0	0	160.85	0	0	0	0	965.1	0	0	0	0	643.4	0	160.85	0	0	0	0	0	0	0	0	0	0	0	0	0	2251.9	0	0	0	0	0	0	0	0	0	0	0	0	643.4	0	0	0	0	0	0	0	0	0	160.85	0	321.7	0	0	0	0	0	0	0	0	0	31527	160.85	0	1769.3	0	643.4	0	0	965.1	0	804.25	0	0	0	0	643.4	0	0	0	0	482.55	0	0	0	0	0	160.85	0	0	0	0	0	0	0	0	643.4	0	321.7	0	0	0	0	1286.8	804.25	0	0	321.7	0	0	0	0	0	0	0	0	0	0	321.7	0	0	0	0	0	0	0	0	160.85	321.7	0	0	0	0	0	0	0	0	0	0	0	0	0	0	0	0	0	0	321.7	0	0	0	0	0	0	0	0	0	0	0	160.85	0	0	160.85	0	0	0	160.85	0	0	0	0	0	0	0	0	0	0	0	0	0
L129_A08	PEP	0	0	0	0	0	0	0	0	0	0	0	0	0	0	0	0	3824.1	0	735.4	0	0	0	0	0	0	0	0	0	0	0	0	0	0	0	0	0	147.08	0	0	0	0	0	0	0	0	0	0	441.24	1470.8	0	0	0	0	0	147.08	147.08	147.08	0	0	0	0	0	0	1176.6	0	0	0	2059.1	882.48	0	0	294.16	0	0	0	0	0	0	0	0	147.08	0	147.08	0	1617.9	0	0	0	0	147.08	0	0	0	147.08	0	0	0	0	0	0	0	0	0	0	0	0	0	0	0	147.08	0	0	0	147.08	0	0	0	0	147.08	0	147.08	735.4	0	0	147.08	0	0	0	0	0	0	441.24	0	0	0	0	0	0	0	0	0	0	294.16	0	147.08	294.16	0	0	0	0	0	0	0	0	0	0	0	0	0	0	0	0	0	0	0	0	0	0	294.16	0	0	0	0	0	0	0	147.08	0	0	294.16	0	0	0	0	0	0	0	0	0	0	0	0	0	0	0	0	0	0	0	0	0	0	0	0	4853.6	0	0	0	0	0	0	0	0	882.48	0	0	0	0	0	441.24	0	0	0	0	0	0	0	0	882.48	588.32	0	0	0	147.08	0	0	0	0	1323.7	294.16	294.16	147.08	0	0	0	588.32	0	0	294.16	0	0	0	11472	0	0	0	0	0	0	13237	0	0	735.4	0	1323.7	0	0	0	0	0	0	0	0	0	0	0	0	0	0	0	0	0	441.24	0	0	0	0	0	0	0	1323.7	0	0	0	0	0	0	0	882.48	0	0	0	882.48	0	0	0	0	0	0	1323.7	0	0	0	147.08	0	0	0	0	0	0	0	147.08	0	147.08	0	0	0	0	0	0	0	0	0	13384	735.4	147.08	147.08	147.08	0	0	0	735.4	0	441.24	0	0	1323.7	0	0	0	0	0	0	1470.8	0	0	0	0	0	441.24	0	588.32	1323.7	0	0	0	0	0	441.24	735.4	147.08	0	147.08	0	147.08	0	0	0	0	294.16	0	0	0	0	0	0	0	0	0	0	0	0	0	0	0	0	0	147.08	0	147.08	0	0	147.08	0	0	0	0	0	0	0	0	0	0	0	0	0	0	0	0	0	0	0	294.16	0	0	0	0	0	0	0	0	882.48	0	0	0	0	0	0	0	0	0	0	0	0	0	0	0	147.08	0	0	0	0
L129_B08	PEP	0	0	0	0	0	0	0	0	0	0	0	0	0	0	0	0	0	0	0	0	0	0	0	0	0	0	0	0	0	0	0	0	0	0	0	1870.9	1870.9	0	0	0	0	0	0	0	0	0	0	0	0	0	0	0	0	0	0	0	0	0	935.45	0	0	0	0	0	0	0	1870.9	1870.9	1870.9	0	0	0	0	0	0	0	0	0	0	0	0	0	0	0	0	0	0	0	0	0	0	0	0	0	0	0	0	0	0	0	0	0	0	0	0	0	0	0	0	0	0	0	0	0	0	0	0	0	0	0	0	0	0	0	0	0	0	0	0	0	0	0	0	0	0	0	0	0	0	0	0	0	0	0	0	0	0	0	0	0	0	0	0	0	0	0	0	0	0	0	0	0	0	0	0	0	0	0	0	0	0	0	0	0	0	0	0	0	0	0	0	0	0	0	0	0	0	0	0	0	0	0	0	0	0	0	0	0	0	0	0	0	935.45	0	0	0	0	0	0	0	0	0	0	0	0	0	0	0	0	0	0	0	0	0	0	0	0	0	0	0	0	0	0	0	0	0	0	0	0	2806.4	0	0	0	0	0	0	0	0	1870.9	0	0	0	7483.6	0	0	0	0	0	0	13096	0	0	0	0	7483.6	0	5612.7	0	0	0	0	0	0	0	0	0	0	0	0	0	0	0	0	0	0	0	0	0	0	0	0	0	0	0	0	0	0	0	0	0	0	0	0	0	0	0	0	0	0	0	0	0	0	0	0	0	0	0	0	0	0	0	0	0	0	0	0	0	0	0	0	0	0	1870.9	0	0	1870.9	0	0	0	0	0	0	0	0	0	0	0	0	0	0	0	0	1870.9	0	0	0	0	0	1870.9	0	0	935.45	0	0	0	0	0	0	0	0	0	0	0	0	0	0	0	0	0	0	0	0	0	0	0	0	0	0	0	0	0	0	0	0	0	0	0	0	1870.9	0	0	0	0	0	0	0	0	0	0	0	0	0	0	0	0	0	0	0	0	0	0	0	0	0	0	0	0	0	0	0	0	0	0	0	0	0	0	0	0	0	0	0	0	0	0	0	0	0	0	0	0
L129_C08	PEP	0	0	0	0	0	0	0	0	0	0	142.53	142.53	0	0	0	0	4703.5	0	0	0	0	0	0	0	285.06	0	0	0	0	0	0	0	0	0	0	0	0	0	0	0	0	0	0	0	0	0	0	0	142.53	0	0	0	0	0	142.53	0	570.13	0	1140.3	0	0	0	0	855.19	0	0	142.53	2850.6	1282.8	0	0	0	0	142.53	0	0	285.06	0	427.59	0	0	0	0	0	1710.4	0	0	0	427.59	0	0	142.53	0	0	0	0	0	0	0	142.53	0	142.53	0	0	0	0	0	0	427.59	0	0	0	0	0	0	0	570.13	0	285.06	0	0	0	0	0	0	0	0	0	0	0	0	142.53	0	0	0	0	0	0	0	0	0	0	0	0	0	0	0	0	0	0	0	0	0	0	0	142.53	0	0	0	0	0	0	0	285.06	0	0	0	0	0	0	0	0	0	0	0	0	0	0	0	0	0	0	0	0	0	0	0	0	0	0	0	0	0	0	0	0	0	0	0	0	0	0	0	0	285.06	0	0	0	0	0	427.59	0	0	712.66	0	427.59	0	0	142.53	142.53	0	0	0	0	0	0	0	0	285.06	2708.1	0	0	0	0	0	0	0	0	285.06	2423	0	142.53	0	0	0	0	0	0	0	0	0	0	9692.1	0	0	0	0	0	0	1995.4	0	0	1425.3	0	142.53	0	0	0	0	0	0	0	1710.4	0	0	0	0	0	0	0	0	0	712.66	0	285.06	0	0	427.59	0	0	2993.2	0	0	0	0	0	0	0	570.13	0	0	0	0	0	0	0	0	0	0	0	0	0	0	0	0	0	0	0	0	0	712.66	0	0	1425.3	0	0	0	0	0	0	0	0	0	24088	712.66	0	427.59	712.66	0	0	0	285.06	0	0	0	0	2138	0	0	0	0	0	0	1425.3	570.13	0	0	0	0	0	0	0	0	0	0	0	0	0	1425.3	0	0	0	0	0	285.06	0	0	0	0	855.19	0	0	0	0	0	0	0	0	0	0	0	0	0	0	0	0	142.53	0	0	0	0	0	0	285.06	0	0	285.06	0	0	0	0	0	0	0	142.53	0	0	0	0	0	0	0	0	0	0	0	0	0	0	0	0	0	0	0	570.13	0	0	0	0	0	0	0	0	0	0	0	0	0	0	0	0	0
L129_D08	PEP	0	0	0	0	0	0	0	0	0	0	0	0	0	0	0	0	386.7	0	0	0	0	0	0	0	0	0	0	0	0	0	580.05	0	0	0	0	0	0	0	0	0	0	0	0	0	0	0	0	0	773.4	0	0	0	0	0	0	386.7	0	0	1546.8	0	386.7	0	0	0	0	0	0	1160.1	0	580.05	0	0	1546.8	0	0	966.74	0	0	0	0	0	0	0	0	2126.8	0	0	0	0	0	0	0	0	0	0	0	0	0	0	0	0	0	0	0	0	0	0	0	0	0	0	0	0	0	0	0	0	0	386.7	0	0	193.35	0	0	0	0	0	0	0	0	0	0	0	0	0	0	0	0	0	0	0	0	0	0	0	0	0	0	0	0	0	0	0	0	0	0	0	0	0	0	0	193.35	0	0	0	0	0	0	193.35	0	0	0	0	0	0	0	0	0	0	0	0	0	0	0	580.05	0	0	0	0	0	0	0	0	0	0	0	0	0	0	0	0	0	0	0	0	0	0	0	386.7	0	0	0	0	0	0	193.35	0	0	0	966.74	0	0	0	0	0	0	0	0	386.7	2706.9	0	0	0	0	0	386.7	0	0	0	9280.7	580.05	0	0	0	0	193.35	0	0	0	0	773.4	0	17788	0	0	0	0	0	0	193.35	0	0	193.35	386.7	0	0	1546.8	0	0	0	0	0	193.35	0	0	0	0	0	0	0	0	0	580.05	0	1160.1	0	0	193.35	0	0	386.7	0	0	0	0	0	0	0	580.05	0	0	0	0	0	0	0	0	0	0	0	193.35	0	0	0	0	0	0	0	386.7	0	0	0	0	0	0	0	0	0	0	0	0	0	0	34803	0	0	386.7	0	386.7	193.35	0	0	0	0	0	0	0	0	0	0	0	0	0	1546.8	0	0	0	0	0	0	0	0	0	0	0	0	0	0	193.35	0	0	0	0	0	0	0	193.35	0	0	0	0	0	0	0	0	0	0	0	0	0	0	0	0	0	0	0	0	0	0	0	0	0	0	0	0	0	0	0	0	0	0	0	0	0	386.7	0	0	0	0	0	0	0	0	0	0	0	0	0	0	0	0	2900.2	0	0	193.35	0	0	0	0	0	0	0	0	0	0	0	0	0	0	0	0	0
L129_E08	PEP	0	0	0	0	0	0	0	0	0	0	0	0	0	0	0	0	1523.1	0	870.32	0	0	0	0	0	435.16	0	0	0	0	0	0	0	435.16	0	0	1523.1	0	0	0	0	0	0	0	0	0	0	652.74	0	217.58	0	0	0	0	0	217.58	0	0	0	0	0	0	0	0	217.58	0	0	0	5657.1	3916.4	0	0	0	0	0	0	0	217.58	0	0	0	1087.9	0	0	0	0	0	0	0	0	0	0	0	0	0	0	0	0	0	0	217.58	0	652.74	0	652.74	0	0	0	0	0	0	0	0	217.58	870.32	0	0	435.16	0	217.58	0	0	0	0	0	0	0	0	0	0	0	0	0	0	0	217.58	0	0	0	0	0	0	0	0	0	0	0	0	0	0	0	0	0	0	0	0	0	0	0	0	0	0	0	0	0	0	0	0	0	0	0	0	0	0	0	0	0	0	0	0	0	0	0	0	0	0	0	0	0	0	0	0	0	0	0	0	0	0	0	0	0	0	0	0	0	3481.3	0	0	0	0	0	0	0	0	0	0	0	0	435.16	435.16	0	0	0	0	0	0	0	0	0	0	652.74	0	0	0	0	0	0	0	0	0	6092.3	0	0	0	0	0	0	0	0	435.16	0	0	0	12620	0	0	0	0	0	0	5221.9	0	0	435.16	0	435.16	0	0	0	0	0	0	0	0	0	0	0	0	0	0	0	0	0	1087.9	0	0	0	0	2393.4	0	0	0	0	0	0	0	0	0	0	0	0	0	0	217.58	0	0	0	0	0	0	0	0	870.32	0	0	0	0	0	0	0	0	0	0	0	652.74	0	0	0	0	0	0	0	0	0	31332	652.74	0	0	1740.6	435.16	0	0	0	0	0	0	0	0	870.32	0	0	0	0	0	1305.5	0	0	0	0	0	0	0	0	870.32	652.74	0	0	0	0	435.16	0	0	0	0	0	0	0	0	0	0	217.58	0	0	0	0	0	0	0	0	0	0	652.74	0	0	0	0	0	0	0	0	0	0	0	0	435.16	0	0	0	0	0	217.58	0	0	0	0	0	0	0	0	217.58	0	0	0	217.58	0	0	0	0	0	0	0	0	652.74	0	0	217.58	0	0	0	0	0	0	0	0	0	0	0	0	0	0	0	0	0
L129_F08	PEP	0	0	0	0	0	0	0	0	0	0	0	0	0	0	0	0	0	0	0	0	0	0	0	0	0	0	0	0	0	0	0	0	343.41	0	0	0	0	0	0	2747.3	0	0	0	0	0	0	0	0	3090.7	0	0	0	0	0	0	0	343.41	0	343.41	0	0	0	0	1030.2	0	0	0	0	6524.7	0	0	686.81	0	0	686.81	0	0	0	0	0	0	0	0	0	0	0	0	0	0	0	0	0	0	0	0	0	0	0	0	0	0	0	0	0	0	0	0	0	0	0	0	0	0	0	0	0	0	0	0	0	1030.2	0	0	0	0	0	0	0	0	0	0	0	0	0	0	0	0	0	0	0	0	0	0	0	0	0	0	0	0	0	0	0	0	0	0	0	0	0	0	0	0	0	0	0	0	0	343.41	0	0	0	0	0	0	0	0	0	0	0	0	0	0	0	0	0	0	0	0	0	0	0	0	0	0	0	0	0	0	0	0	0	0	0	343.41	0	7211.5	0	0	0	0	0	0	0	686.81	0	0	0	0	0	0	0	0	0	0	0	0	0	0	0	0	0	0	0	0	0	0	0	0	0	0	9958.8	0	686.81	0	0	0	0	0	0	0	0	0	0	1717	0	0	0	0	0	0	8585.2	0	0	0	0	0	0	0	0	0	0	0	0	686.81	0	0	0	0	343.41	0	0	0	0	0	0	0	0	0	0	0	0	0	0	0	0	0	0	0	0	0	0	0	0	0	0	0	0	0	0	0	0	0	0	0	343.41	0	0	0	0	0	0	0	1373.6	0	0	0	0	0	0	0	0	0	0	1030.2	19918	0	343.41	1030.2	3090.7	0	0	0	0	0	0	0	0	0	0	0	0	0	0	0	0	0	0	0	0	0	0	0	0	0	0	0	0	0	0	0	0	0	0	0	0	0	0	0	0	0	0	0	0	0	0	0	0	0	0	0	0	0	0	0	0	0	0	0	0	0	0	0	0	0	0	0	0	0	0	0	2403.9	0	0	0	0	343.41	0	0	0	0	0	0	0	343.41	0	0	0	0	0	0	0	0	0	0	0	686.81	0	0	0	0	0	0	0	0	0	0	0	0	0	0	0	0	0
L129_G08	PEP	0	0	0	0	0	0	0	300.57	0	0	300.57	450.86	0	300.57	0	0	1953.7	0	150.29	0	0	0	0	0	0	0	0	0	0	0	0	0	0	0	0	0	0	0	0	450.86	0	0	0	0	0	0	300.57	300.57	300.57	0	0	0	150.29	0	0	0	0	0	150.29	0	300.57	0	0	1052	0	0	0	4809.1	601.14	0	0	601.14	601.14	0	0	300.57	0	0	0	0	0	0	150.29	0	0	0	0	0	0	0	0	1502.9	0	0	0	0	0	0	0	300.57	0	300.57	0	0	0	150.29	0	0	0	0	0	0	0	150.29	450.86	0	0	150.29	0	0	0	0	0	0	601.14	0	0	0	0	0	0	0	0	0	0	0	0	0	0	0	0	0	0	0	0	0	0	0	0	0	0	0	0	0	0	0	0	0	0	0	0	0	0	0	2404.6	0	0	0	0	0	0	0	150.29	0	0	0	0	0	0	0	0	0	0	0	0	0	0	0	0	0	0	0	0	0	0	0	0	0	0	0	0	0	0	0	2705.1	0	0	0	0	0	0	0	0	150.29	0	300.57	0	0	751.43	3306.3	0	0	0	0	0	0	0	0	0	150.29	0	0	0	0	0	0	0	0	0	17734	1352.6	0	0	0	0	1202.3	0	0	150.29	0	0	0	7965.1	0	0	0	0	0	0	8716.6	0	0	1052	0	0	0	0	0	0	0	0	0	450.86	0	0	0	0	0	0	0	0	0	0	0	0	0	0	0	150.29	0	150.29	0	0	0	0	0	0	0	0	0	0	0	0	0	0	0	0	0	0	0	0	0	0	0	0	0	0	0	0	0	0	300.57	0	0	0	0	0	751.43	0	0	0	0	1202.3	28103	0	0	601.14	150.29	0	150.29	0	0	0	0	0	0	0	0	0	0	0	0	601.14	901.71	0	0	0	0	0	450.86	0	0	150.29	0	0	0	0	0	0	0	0	0	0	0	150.29	0	0	0	0	0	0	0	0	0	0	0	150.29	0	0	0	751.43	0	0	0	0	0	0	0	0	0	0	0	0	0	0	0	0	0	0	0	0	0	0	0	0	0	0	0	0	0	0	0	0	0	0	0	0	0	0	0	0	300.57	0	0	300.57	150.29	0	0	0	0	0	0	0	0	0	0	0	0	0	0	0	0
L129_H08	PEP	0	0	0	0	268.89	0	0	0	0	0	0	806.67	0	0	0	0	1075.6	0	0	0	0	0	0	0	0	0	0	0	0	0	0	0	0	0	0	806.67	537.78	0	0	3495.6	0	0	0	0	0	0	0	537.78	806.67	0	0	0	0	0	0	0	268.89	0	268.89	0	0	0	0	1344.4	0	0	0	1075.6	5377.8	0	0	0	806.67	0	0	537.78	1075.6	537.78	0	0	0	0	0	0	0	0	0	0	0	0	0	0	0	0	0	0	0	0	0	0	0	537.78	0	0	0	0	0	0	0	0	0	0	0	0	0	0	806.67	0	0	0	0	0	0	0	11562	0	0	0	0	0	0	0	0	0	0	0	0	0	806.67	0	0	0	0	0	0	0	0	0	0	0	0	0	0	0	0	0	0	0	0	0	0	0	537.78	0	0	0	0	0	0	0	0	0	0	0	0	0	0	0	0	0	0	0	0	0	0	0	0	0	0	0	0	0	0	0	0	0	0	0	0	0	0	0	0	0	3495.6	0	0	0	0	0	0	0	0	0	0	0	0	0	0	0	0	0	0	0	0	0	0	0	0	0	0	0	0	0	0	0	0	0	0	8873.3	0	0	0	0	0	0	0	0	0	0	0	0	806.67	0	0	0	0	0	0	5646.7	0	0	268.89	0	0	0	0	0	0	0	0	0	268.89	0	0	0	0	268.89	0	0	0	0	0	0	0	0	0	0	0	0	268.89	0	0	0	0	0	0	0	268.89	0	0	0	0	0	0	0	0	0	0	0	0	0	0	0	0	0	0	0	537.78	0	0	0	0	0	0	0	0	806.67	0	0	0	0	0	26889	537.78	0	537.78	0	0	0	0	0	0	0	0	268.89	0	0	0	0	0	0	0	0	0	0	0	0	0	0	0	0	537.78	0	268.89	0	0	0	0	0	0	0	0	0	0	0	0	0	0	0	0	0	0	0	0	0	0	0	0	0	0	0	0	0	0	0	0	0	0	0	0	0	0	0	0	0	0	0	0	0	0	0	0	0	0	0	0	0	0	0	0	0	2151.1	0	0	0	0	0	0	0	0	0	0	0	537.78	0	0	0	0	0	0	0	0	0	0	0	0	0	0	0	0	0
L129_C12	PEP	0	0	0	0	0	0	0	0	0	0	343.64	0	0	0	0	0	343.64	0	0	0	0	0	0	0	0	0	0	0	0	0	0	0	0	0	0	0	0	0	0	16839	0	0	0	0	0	0	0	1030.9	0	0	0	0	0	0	0	0	0	0	0	0	0	0	0	343.64	0	0	0	0	1718.2	0	0	1030.9	0	0	0	343.64	687.28	0	0	0	0	0	0	0	0	0	0	0	0	0	0	0	0	0	0	0	0	0	0	0	0	0	0	0	0	1030.9	0	0	0	0	0	0	0	0	0	0	0	0	343.64	0	0	0	0	687.28	0	0	0	0	0	0	0	0	0	0	0	0	0	0	0	343.64	0	0	0	0	0	0	0	0	0	0	0	0	0	0	0	0	0	0	0	0	0	0	0	0	0	0	0	0	0	0	0	0	0	0	0	0	0	0	0	0	0	0	0	0	0	0	0	0	0	0	0	0	0	0	0	0	0	0	0	0	0	0	0	0	687.28	0	0	0	0	0	0	0	0	0	0	0	0	0	0	0	0	0	0	0	0	0	0	0	0	0	0	0	0	0	0	0	0	0	0	687.28	0	343.64	0	0	0	0	0	0	0	0	0	0	2405.5	0	0	0	0	0	0	22337	0	0	343.64	0	0	0	0	0	0	0	0	0	0	0	0	0	0	1030.9	0	0	0	0	0	0	0	343.64	0	0	0	0	1374.6	0	0	0	0	0	0	0	0	0	0	0	0	0	0	0	0	0	0	0	0	687.28	0	343.64	0	0	0	0	0	0	0	0	0	0	0	0	0	0	0	0	0	0	0	14089	343.64	0	0	687.28	0	343.64	0	0	0	0	0	0	0	0	0	0	0	0	0	0	0	0	0	0	0	0	0	0	0	0	0	0	0	0	0	0	0	0	0	0	1718.2	0	0	0	0	1374.6	0	0	0	0	0	0	0	0	0	0	0	0	0	0	0	0	0	0	0	343.64	0	0	0	0	0	0	0	0	0	2061.9	0	0	0	0	0	0	0	0	0	0	0	1030.9	1030.9	0	0	0	0	0	0	0	0	0	0	0	343.64	0	0	0	0	0	0	0	0	0	0	0	0	0	0	0	0	0
L129_E12	PEP	0	0	114.55	114.55	0	0	0	114.55	0	0	0	229.1	0	229.1	0	0	687.28	0	0	0	0	0	0	0	0	0	0	0	0	114.55	0	0	0	0	0	1145.5	114.55	0	0	0	0	0	0	0	0	458.19	0	343.64	114.55	0	0	0	0	0	114.55	229.1	114.55	0	458.19	0	343.64	0	0	1260	114.55	0	0	2978.2	801.83	0	0	687.28	0	0	0	0	0	0	0	0	114.55	0	0	0	229.1	0	0	0	0	0	0	0	0	0	0	0	0	0	0	0	0	0	0	0	0	0	0	0	0	0	0	0	0	0	0	0	229.1	0	0	0	572.74	0	0	0	114.55	114.55	0	0	0	0	0	1489.1	0	0	0	0	0	0	0	0	343.64	0	0	0	0	0	0	0	0	0	0	0	0	0	0	0	0	0	0	0	229.1	0	229.1	0	0	0	0	0	0	0	916.38	0	0	0	0	0	0	0	0	0	0	0	0	0	343.64	0	0	0	0	0	0	0	0	0	229.1	0	0	0	0	0	0	0	0	0	114.55	0	0	0	114.55	0	0	0	0	0	0	0	0	0	229.1	343.64	0	0	0	0	0	0	0	0	343.64	229.1	0	0	0	0	0	0	0	0	0	343.64	0	114.55	0	0	0	0	0	0	0	0	0	0	12829	0	0	0	0	0	0	5154.6	0	0	687.28	0	572.74	0	1489.1	0	458.19	0	0	0	343.64	0	0	0	0	3894.6	0	0	0	0	458.19	0	114.55	0	0	0	0	0	0	0	0	0	0	0	0	0	1832.8	114.55	0	0	0	0	0	0	0	0	0	0	0	0	0	0	0	0	0	0	0	0	0	114.55	0	114.55	0	0	0	0	0	0	0	0	1145.5	21764	801.83	0	1832.8	1260	4238.3	687.28	572.74	801.83	0	2176.4	0	0	114.55	0	2978.2	0	0	0	0	458.19	0	0	0	0	0	0	0	0	572.74	0	0	0	0	0	114.55	229.1	0	0	0	0	0	0	114.55	0	0	114.55	0	0	0	0	0	0	0	0	0	0	0	0	0	0	0	0	0	0	0	0	0	0	0	0	0	0	0	0	0	0	0	0	0	0	0	0	0	0	0	0	0	0	0	0	0	0	0	0	0	0	0	229.1	0	0	0	0	0	0	114.55	0	0	0	0	0	0	0	0	229.1	0	0	0	0
L130_G02	PEP	0	0	0	0	0	0	0	0	0	0	0	0	0	0	0	0	1689.9	0	0	0	0	0	0	1689.9	0	0	0	0	0	0	0	0	0	0	0	2957.3	422.48	0	422.48	0	0	0	0	0	0	0	0	0	2112.4	0	0	0	0	0	0	0	0	0	0	0	0	0	0	0	0	0	422.48	1267.4	0	0	0	0	0	0	0	0	0	0	0	0	422.48	0	0	0	0	0	0	0	0	0	0	0	0	0	0	0	0	0	0	0	0	0	0	0	0	0	0	0	0	844.95	0	0	0	0	0	0	844.95	0	0	0	0	0	0	0	0	0	0	0	0	0	0	0	0	0	0	0	0	0	0	0	0	0	0	0	0	0	0	0	0	0	0	0	0	0	0	0	0	0	0	0	0	0	0	0	0	0	0	0	0	0	0	0	0	0	0	0	0	0	0	0	0	0	0	0	0	0	0	0	0	0	0	0	0	0	0	0	0	0	0	0	0	0	0	0	2112.4	0	0	0	0	0	0	0	0	0	0	0	0	0	2112.4	422.48	0	0	0	0	0	0	0	0	422.48	0	0	0	0	0	0	0	0	0	0	0	844.95	0	0	0	0	844.95	0	0	0	0	0	0	6337.1	0	0	0	0	0	0	2534.9	0	0	0	0	422.48	0	0	0	0	0	0	0	0	0	0	0	0	0	0	0	0	0	844.95	0	0	0	0	0	0	0	844.95	0	0	0	0	0	0	0	0	0	0	0	0	0	0	0	0	0	0	0	0	0	0	0	0	0	0	0	0	0	0	0	0	0	0	0	0	1267.4	0	0	0	0	0	49852	422.48	0	844.95	0	0	844.95	0	0	0	0	0	0	0	0	0	0	0	0	0	0	0	0	0	0	0	0	0	0	0	0	0	0	0	0	0	0	0	0	0	0	0	0	0	0	0	0	0	0	0	0	0	0	0	0	0	0	0	0	0	0	0	0	422.48	0	0	0	0	422.48	0	0	0	0	0	0	0	0	0	0	0	0	0	0	0	0	422.48	0	0	0	0	0	0	0	0	0	0	0	0	0	1267.4	0	844.95	0	0	0	0	0	0	0	0	0	0	0	0	0	0	0	0	0
L130_F03	PEP	0	0	72.114	0	0	0	0	0	0	0	0	0	0	576.91	0	0	937.48	72.114	0	0	0	0	0	72.114	937.48	0	0	0	0	0	144.23	0	72.114	0	72.114	0	216.34	0	144.23	432.68	0	0	0	0	0	0	216.34	144.23	72.114	0	0	0	0	0	793.25	504.8	360.57	288.45	1514.4	72.114	144.23	72.114	144.23	1658.6	216.34	0	144.23	721.14	504.8	288.45	0	0	865.36	72.114	0	216.34	216.34	0	0	0	288.45	0	432.68	0	216.34	216.34	0	0	0	0	0	0	72.114	0	0	0	0	0	0	72.114	0	144.23	0	0	0	0	0	0	0	360.57	0	0	0	0	72.114	216.34	144.23	0	0	0	0	0	0	0	0	0	72.114	0	0	576.91	216.34	0	0	0	72.114	0	360.57	0	0	0	504.8	72.114	72.114	72.114	0	72.114	144.23	0	0	0	0	216.34	0	0	0	144.23	0	0	0	0	0	0	72.114	0	0	144.23	216.34	72.114	144.23	72.114	0	72.114	144.23	0	0	0	0	72.114	0	0	0	0	72.114	0	144.23	0	0	0	0	0	0	0	0	0	0	0	0	0	0	576.91	0	0	0	0	2163.4	0	0	144.23	144.23	144.23	216.34	0	144.23	72.114	0	649.02	0	360.57	144.23	432.68	0	0	0	0	216.34	0	0	0	865.36	72.114	72.114	0	0	72.114	0	0	0	0	360.57	18677	72.114	216.34	360.57	0	0	0	0	0	72.114	0	649.02	0	8437.3	0	0	0	0	0	0	1947.1	0	0	1225.9	0	865.36	144.23	504.8	432.68	72.114	0	360.57	0	72.114	0	0	0	0	721.14	0	0	0	0	72.114	0	0	0	0	144.23	0	0	0	72.114	0	0	0	0	0	0	360.57	0	0	0	0	0	0	0	0	0	0	0	0	144.23	0	432.68	0	0	72.114	216.34	0	0	0	72.114	0	0	0	72.114	72.114	144.23	72.114	0	0	0	0	104490	0	0	72.114	0	0	288.45	0	0	0	0	0	72.114	0	0	0	0	0	0	72.114	360.57	0	0	288.45	0	1081.7	0	0	0	0	0	0	0	0	2596.1	72.114	216.34	0	3533.6	0	0	72.114	72.114	2019.2	0	0	72.114	0	0	0	0	0	0	0	0	0	0	0	0	0	216.34	0	144.23	216.34	0	72.114	0	144.23	0	0	72.114	0	72.114	72.114	72.114	72.114	0	72.114	0	0	0	0	0	0	0	144.23	0	0	0	0	72.114	0	0	0	0	0	0	0	144.23	0	0	1514.4	0	0	0	72.114	0	72.114	0	72.114	72.114	0	0	72.114	0	144.23	0	0	0
L130_C07	PEP	0	0	208.16	0	0	0	0	0	0	0	0	0	0	0	0	0	0	0	0	0	0	0	0	0	0	0	0	0	0	0	0	0	416.32	0	0	0	416.32	0	0	6869.3	0	0	0	0	416.32	0	0	208.16	0	0	0	0	0	0	1249	0	0	0	832.64	416.32	0	0	0	208.16	0	0	1040.8	1249	3746.9	0	0	0	1249	0	0	0	208.16	0	0	0	624.48	0	208.16	0	0	0	0	0	208.16	416.32	0	0	416.32	0	0	0	0	208.16	0	0	0	0	0	0	0	0	0	0	0	0	0	208.16	208.16	0	0	0	0	0	0	0	208.16	0	0	832.64	7493.8	0	0	0	0	0	0	208.16	0	0	0	0	416.32	0	208.16	0	208.16	0	0	0	0	0	0	0	0	208.16	0	0	0	0	0	0	0	0	0	0	0	0	416.32	0	0	0	0	0	624.48	0	208.16	0	208.16	0	208.16	0	0	0	0	0	0	0	0	0	0	0	0	0	0	0	0	0	0	0	0	0	0	0	0	0	0	0	0	0	0	0	0	0	0	0	0	0	0	0	0	0	0	0	0	0	0	0	0	0	0	0	0	0	0	0	0	0	0	0	0	0	0	0	208.16	24771	0	0	416.32	0	0	208.16	208.16	0	0	0	0	0	0	0	0	0	0	0	0	416.32	0	0	624.48	0	0	0	208.16	0	0	0	0	0	0	0	0	0	0	0	0	0	0	0	0	0	0	0	0	0	0	0	208.16	0	0	0	0	0	0	0	208.16	0	0	0	0	0	0	0	0	0	0	0	0	0	0	0	0	0	0	0	0	0	0	208.16	0	0	0	0	0	0	0	0	0	0	0	53913	208.16	0	0	0	0	0	0	0	0	0	0	832.64	0	0	0	1249	0	0	0	0	0	0	0	0	0	0	0	0	0	0	0	0	0	0	624.48	0	0	0	0	0	0	0	0	0	0	0	0	0	0	0	0	0	0	0	0	0	0	0	0	0	0	0	0	0	0	0	416.32	0	0	208.16	0	0	0	0	0	0	0	0	0	0	0	0	0	0	0	0	0	0	1873.4	0	0	0	0	0	0	0	0	0	0	0	832.64	0	0	0	0	0	0	0	0	0	0	0	0	0	208.16	0	0	0
L130_B09	PEP	0	0	0	0	0	0	0	0	0	0	0	0	0	0	0	0	1202.7	0	0	0	0	0	0	0	0	0	0	0	0	0	0	0	0	0	0	0	0	0	601.32	0	0	0	0	0	0	0	0	601.32	601.32	0	0	0	0	0	0	601.32	0	0	1202.7	0	601.32	0	0	0	0	0	0	601.32	2405.3	0	0	0	601.32	0	0	0	0	0	0	0	1804	0	0	0	0	0	0	0	601.32	0	0	0	1202.7	0	0	0	0	0	0	0	0	0	0	0	0	601.32	0	0	0	0	0	0	0	0	0	0	601.32	0	0	0	601.32	0	0	0	0	0	0	0	0	0	0	0	0	0	0	0	0	0	0	0	0	0	0	0	0	0	0	0	0	0	0	0	0	0	0	0	0	0	0	0	0	0	0	0	0	0	601.32	0	0	0	0	0	0	0	0	0	0	0	0	0	0	0	0	0	0	0	0	0	0	0	0	0	0	0	0	0	0	0	0	0	0	0	0	0	601.32	0	0	0	0	0	0	0	0	0	0	0	0	0	0	1804	0	0	0	0	0	0	0	0	0	3006.6	0	0	0	0	0	0	0	0	0	0	0	0	0	0	0	0	0	0	0	0	0	0	9019.8	0	0	0	0	0	0	0	0	0	1202.7	0	601.32	0	1804	1804	0	0	0	0	0	0	0	0	0	0	0	0	0	0	0	0	0	0	0	0	0	0	0	0	0	0	0	0	0	0	0	0	0	0	0	0	0	0	0	0	0	0	0	601.32	0	0	0	0	0	0	0	0	0	0	0	0	0	0	0	1202.7	0	0	0	0	0	26458	1202.7	0	601.32	0	1804	601.32	0	0	0	0	0	0	0	0	0	0	0	0	0	1202.7	0	0	0	0	0	601.32	0	0	0	0	0	0	0	0	0	0	0	0	0	0	601.32	0	0	601.32	0	1804	0	0	601.32	0	0	0	0	0	0	0	0	0	0	0	0	0	0	0	0	0	0	0	0	0	0	0	0	0	0	0	0	0	0	0	0	0	0	0	0	0	0	0	0	0	0	0	0	0	0	0	0	1202.7	0	0	601.32	0	0	0	0	0	0	0	0	0	0	0	0	1804	0	0	0	0
L130_D09	PEP	0	0	84.789	0	0	0	0	84.789	0	0	0	0	0	169.58	0	0	1187	0	0	0	0	0	0	0	0	0	0	0	0	0	0	0	0	0	84.789	0	423.94	0	339.16	0	0	0	0	0	0	0	0	678.31	508.73	0	0	0	0	0	169.58	423.94	0	0	254.37	0	1187	0	0	593.52	0	0	0	3900.3	0	0	0	84.789	254.37	84.789	0	84.789	423.94	84.789	0	84.789	508.73	0	0	0	0	0	0	0	0	0	0	0	84.789	423.94	0	0	84.789	0	0	0	0	84.789	0	0	0	763.1	0	0	0	423.94	0	0	0	0	0	0	508.73	0	254.37	0	678.31	0	0	0	0	0	0	0	0	0	0	0	0	0	0	0	84.789	0	0	0	84.789	0	0	0	0	0	0	0	0	0	0	0	0	0	0	0	0	0	0	0	0	0	0	0	0	0	84.789	0	508.73	0	339.16	0	0	0	84.789	0	0	0	0	0	0	0	0	0	0	0	0	0	0	0	0	254.37	0	0	0	0	0	0	0	0	0	0	0	0	763.1	0	0	1780.6	0	0	0	0	0	169.58	0	423.94	0	0	0	1017.5	0	0	0	0	0	0	0	0	847.89	0	0	0	0	254.37	0	0	0	0	0	6274.4	84.789	0	0	0	0	0	0	0	0	0	0	0	15686	0	0	0	0	0	0	3730.7	0	0	1356.6	0	339.16	339.16	763.1	678.31	0	0	0	0	0	0	0	0	0	0	0	0	0	0	254.37	0	0	0	0	0	0	0	339.16	0	0	0	0	0	0	0	1102.3	84.789	0	0	0	0	0	0	0	0	0	0	0	0	0	339.16	0	0	0	0	0	0	0	423.94	0	593.52	0	0	0	0	0	0	0	0	0	200530	0	169.58	169.58	423.94	508.73	0	0	84.789	0	339.16	0	0	0	0	0	0	0	0	0	423.94	0	0	0	0	0	84.789	0	0	84.789	0	0	0	0	0	1356.6	0	0	0	0	0	254.37	84.789	932.68	0	0	1441.4	84.789	0	339.16	0	0	0	0	0	84.789	0	0	0	0	0	0	0	169.58	0	0	0	0	169.58	0	0	0	0	0	169.58	0	0	0	0	0	0	84.789	0	0	0	0	0	0	0	0	0	0	0	0	84.789	0	0	0	254.37	0	0	339.16	0	0	0	0	0	0	0	169.58	0	0	0	0	0	0	0	0	0
L130_H10	PEP	0	0	0	0	0	0	0	0	0	0	0	0	0	0	0	0	0	0	0	0	0	0	0	0	0	0	0	0	0	0	0	0	0	0	0	0	0	0	0	21478	0	0	0	0	0	0	0	0	0	0	0	0	0	0	0	859.11	0	0	1718.2	0	0	0	0	1718.2	0	0	0	859.11	3436.4	0	0	0	0	0	0	0	0	0	0	0	859.11	0	0	0	0	0	0	0	0	0	0	0	0	0	0	0	0	0	0	0	0	0	0	0	0	1718.2	0	0	0	0	0	0	0	0	0	0	0	0	0	0	0	859.11	0	0	0	859.11	0	0	0	0	0	2577.3	0	0	0	0	0	0	0	0	0	0	0	0	0	0	0	0	0	0	0	0	0	0	0	0	0	0	0	0	0	0	0	0	0	0	0	0	0	0	0	0	0	0	0	0	0	0	0	0	0	0	0	0	0	0	0	0	0	0	0	0	0	0	0	0	0	0	0	0	0	0	0	0	0	0	0	0	0	0	0	0	0	0	0	0	0	0	0	0	0	0	0	0	0	0	0	0	0	0	0	0	0	0	0	0	0	0	0	4295.5	0	0	0	0	0	859.11	0	0	0	0	0	0	0	0	0	0	0	0	0	0	0	0	1718.2	0	0	0	0	0	0	0	0	0	0	0	0	0	0	0	0	0	0	0	0	0	0	0	0	0	0	0	0	0	0	0	0	0	0	0	0	0	0	0	0	0	0	0	0	0	0	0	859.11	0	0	0	0	0	0	0	0	0	0	0	0	0	0	0	0	0	0	0	0	0	0	139180	859.11	0	0	0	0	0	0	0	0	0	0	0	0	0	0	0	0	0	0	0	0	0	0	0	0	0	0	0	859.11	0	0	0	0	0	0	0	0	0	0	0	0	0	0	0	0	0	0	0	0	0	0	0	0	0	0	0	0	0	0	0	0	0	0	0	0	0	0	0	0	0	0	0	0	0	0	859.11	0	0	0	0	0	0	0	0	0	0	0	0	1718.2	0	0	0	0	0	0	0	0	0	0	0	0	0	0	0	0	0	0	0	0	0	0	0	0	0	0	0	0	0
L141_C01	PEP	0	0	0	29.3	0	0	0	102.55	0	0	366.25	922.94	0	0	0	0	2549.1	0	366.25	0	0	0	0	0	1406.4	0	0	0	131.85	0	0	0	0	0	14.65	0	263.7	0	0	14.65	14.65	0	0	0	0	0	58.599	703.19	1289.2	0	0	0	0	0	146.5	0	29.3	0	117.2	58.599	175.8	58.599	0	1010.8	0	0	0	3120.4	2812.8	0	0	2490.5	0	0	0	0	43.95	87.899	0	0	0	0	73.249	0	43.95	14.65	0	0	0	0	0	117.2	58.599	0	0	0	0	0	0	14.65	0	366.25	0	0	0	0	0	0	0	29.3	0	0	0	29.3	0	0	512.74	0	0	0	0	0	0	0	0	0	0	0	0	0	0	0	0	0	102.55	0	0	0	0	29.3	0	0	0	0	0	0	0	0	0	14.65	0	0	0	0	0	73.249	0	0	0	0	0	0	0	0	0	0	0	0	0	161.15	0	0	0	0	0	0	0	0	0	0	0	0	0	0	87.899	0	0	0	0	0	0	0	0	0	0	0	0	73.249	0	0	0	0	29.3	0	966.89	0	0	14.65	0	0	0	0	0	703.19	0	0	0	0	673.89	0	0	0	0	0	0	0	0	0	146.5	117.2	0	0	0	0	0	0	0	0	571.34	6607.1	0	0	58.599	0	0	0	0	0	0	0	0	0	6270.1	0	0	0	0	0	0	19133	0	0	14.65	0	0	0	0	0	0	0	0	0	0	0	0	0	0	629.94	0	0	0	0	58.599	0	14.65	0	0	878.99	0	0	87.899	0	0	0	0	0	0	0	117.2	117.2	0	0	0	0	0	0	0	0	0	14.65	14.65	43.95	0	0	0	0	0	0	0	0	0	29.3	190.45	0	0	14.65	0	0	0	0	0	0	205.1	80867	483.45	0	688.54	0	0	278.35	0	0	0	205.1	0	73.249	0	0	0	0	0	0	366.25	527.4	102.55	0	0	0	0	0	0	0	0	0	0	0	0	0	351.6	615.29	0	0	0	0	410.2	0	0	0	0	937.59	0	0	0	0	0	0	0	0	0	0	0	0	0	0	0	0	0	0	0	395.55	14.65	336.95	0	0	0	0	0	0	0	263.7	0	0	0	0	1172	0	0	0	0	0	0	0	0	0	0	0	0	0	0	0	0	58.599	0	0	249.05	0	0	0	0	0	0	0	0	0	0	0	0	102.55	0	0	0	0
L141_E01	PEP	0	0	0	0	0	0	0	27.806	0	0	111.22	74.148	0	0	0	9.2685	2150.3	0	139.03	0	0	0	0	0	157.57	0	0	0	0	157.57	0	0	231.71	0	0	0	203.91	0	333.67	0	0	83.417	0	0	0	0	18.537	991.73	1557.1	0	0	0	0	37.074	203.91	37.074	0	46.343	185.37	0	55.611	9.2685	9.2685	231.71	9.2685	0	18.537	1825.9	1121.5	0	0	834.17	18.537	268.79	0	1371.7	129.76	0	0	0	213.18	231.71	74.148	0	315.13	0	0	0	9.2685	0	0	0	64.88	166.83	0	0	0	27.806	0	0	9.2685	0	0	0	0	0	166.83	0	0	0	0	0	0	0	46.343	0	491.23	0	64.88	0	18.537	0	0	0	9.2685	0	0	0	0	9.2685	0	0	0	0	74.148	0	324.4	0	0	18.537	0	0	0	0	0	0	0	0	0	0	27.806	0	0	0	0	0	0	0	0	0	0	0	9.2685	0	0	0	0	0	0	0	55.611	0	0	0	0	0	0	0	0	55.611	0	0	0	0	0	0	0	0	0	0	0	0	0	0	27.806	0	0	0	0	0	0	0	0	9.2685	1510.8	0	0	0	0	0	129.76	0	74.148	0	0	101.95	0	0	435.62	64.88	0	0	0	0	0	0	0	0	148.3	1112.2	0	0	0	0	0	0	0	0	111.22	435.62	18.537	361.47	18.537	0	0	111.22	0	0	0	0	0	0	8629	0	0	0	0	0	0	11178	0	0	213.18	0	305.86	0	407.82	0	0	0	0	0	166.83	0	0	0	0	315.13	0	0	0	0	139.03	0	528.31	0	0	18.537	0	0	463.43	0	0	0	0	46.343	0	0	74.148	37.074	0	0	0	0	0	0	0	0	0	0	0	0	0	361.47	0	0	0	0	0	18.537	46.343	27.806	0	750.75	0	101.95	0	0	0	0	0	0	9.2685	66409	287.32	37.074	463.43	1677.6	0	0	0	222.45	0	583.92	0	0	111.22	83.417	0	0	0	0	213.18	1149.3	0	0	0	0	0	1714.7	0	509.77	0	0	0	166.83	0	0	417.08	259.52	92.685	0	0	0	185.37	0	0	0	0	120.49	0	0	0	0	0	0	0	0	0	0	0	0	0	0	0	0	185.37	0	0	0	0	0	0	0	0	0	0	0	0	352.2	0	0	0	0	0	0	9.2685	0	139.03	0	0	0	0	0	0	0	0	0	0	0	0	509.77	18.537	0	361.47	0	0	0	0	0	0	0	0	0	0	0	148.3	157.57	0	0	0	0
L141_A02	PEP	0	0	0	0	0	0	0	0	0	0	0	0	0	0	0	0	4628.1	0	0	0	0	0	0	0	228.76	0	0	0	35.194	0	0	0	0	0	0	0	0	0	17.597	0	0	0	0	0	0	0	0	0	1179	0	0	0	0	0	52.792	0	17.597	0	422.33	0	35.194	0	0	1302.2	0	0	0	1284.6	1935.7	527.92	0	0	0	0	0	0	369.54	35.194	0	0	52.792	0	0	0	0	0	0	0	0	0	0	0	87.986	0	0	0	0	0	0	0	0	0	0	0	0	0	0	0	0	211.17	0	0	0	0	0	0	193.57	0	897.46	0	0	0	0	0	0	0	0	0	0	17.597	0	0	0	0	0	0	0	0	0	35.194	0	0	193.57	0	0	0	0	0	17.597	0	0	0	0	0	0	0	0	0	0	0	0	0	0	0	0	0	0	0	0	0	0	0	0	0	0	0	0	0	0	0	0	0	0	0	387.14	0	0	0	0	0	0	0	0	0	316.75	0	0	0	0	0	0	35.194	0	0	334.35	0	0	0	0	0	1073.4	0	0	123.18	0	35.194	0	0	0	246.36	0	0	0	0	0	0	0	0	0	0	87.986	0	0	0	0	0	0	0	0	5912.7	0	0	0	0	0	2410.8	0	0	0	0	0	0	7056.5	0	0	0	0	0	0	10506	0	0	1548.6	0	0	0	0	0	0	0	0	0	211.17	0	0	0	0	0	0	0	0	0	211.17	0	0	0	0	0	0	0	35.194	0	0	0	0	0	0	0	0	0	0	0	0	0	0	0	0	0	0	0	0	0	0	0	0	0	0	0	0	0	0	105.58	0	0	0	158.38	0	0	0	0	0	0	0	82162	932.66	0	52.792	1108.6	228.76	35.194	0	0	0	17.597	0	0	0	17.597	0	0	0	0	563.11	263.96	0	0	0	0	0	756.68	0	211.17	0	0	0	0	0	0	580.71	0	0	0	0	0	87.986	0	87.986	0	0	351.95	0	0	0	0	0	0	0	0	0	0	0	0	0	0	0	0	0	0	0	0	0	0	0	0	0	0	0	0	0	123.18	0	0	0	0	0	35.194	0	0	0	0	0	52.792	70.389	0	0	0	0	0	0	0	0	123.18	0	0	228.76	0	0	0	0	0	0	0	70.389	0	0	0	0	0	0	0	0	0
L141_D03	PEP	47.915	0	17.968	0	0	0	0	83.851	0	5.9894	437.23	89.841	0	53.904	0	5.9894	2455.6	23.958	53.904	0	0	0	47.915	0	365.35	0	0	0	113.8	0	53.904	0	29.947	0	17.968	23.958	161.71	0	527.07	113.8	0	17.968	0	0	77.862	5.9894	0	1090.1	1311.7	0	0	17.968	23.958	0	263.53	407.28	131.77	89.841	814.56	29.947	820.55	29.947	23.958	467.17	5.9894	47.915	0	1850.7	1599.2	29.947	29.947	95.83	47.915	89.841	107.81	299.47	125.78	5.9894	5.9894	0	353.37	17.968	95.83	0	149.74	0	0	0	35.936	35.936	0	23.958	11.979	47.915	0	0	0	0	0	11.979	0	0	0	0	0	167.7	53.904	0	0	155.72	0	0	77.862	59.894	0	11.979	467.17	0	191.66	239.57	0	71.873	0	5.9894	137.76	0	0	0	0	0	0	53.904	0	0	29.947	0	23.958	0	95.83	0	17.968	0	5.9894	0	11.979	0	0	0	0	35.936	0	0	0	0	0	29.947	0	0	0	0	0	0	0	215.62	0	0	35.936	0	35.936	17.968	592.95	0	23.958	0	0	77.862	0	0	0	0	0	0	29.947	0	5.9894	0	0	0	0	0	0	0	0	0	41.926	0	0	29.947	0	5.9894	5.9894	0	47.915	17.968	646.85	0	0	0	5.9894	0	443.21	0	41.926	371.34	0	131.77	5.9894	0	365.35	41.926	5.9894	0	0	0	0	0	0	0	329.42	215.62	53.904	0	0	53.904	0	0	0	0	23.958	263.53	65.883	23.958	23.958	5.9894	0	413.27	0	0	17.968	0	35.936	0	6426.6	0	0	0	0	0	0	5144.9	0	0	449.2	35.936	341.39	59.894	23.958	0	185.67	0	119.79	0	155.72	0	0	0	0	353.37	0	0	0	0	65.883	0	155.72	0	0	149.74	0	0	179.68	0	0	0	0	0	0	0	65.883	131.77	5.9894	0	0	0	23.958	0	0	0	0	0	17.968	113.8	0	29.947	0	11.979	0	83.851	0	0	53.904	143.74	0	119.79	0	29.947	0	0	0	0	0	0	11.979	62122	395.3	694.77	563	694.77	131.77	203.64	0	53.904	0	401.29	0	1287.7	551.02	197.65	0	0	0	748.67	71.873	820.55	323.43	0	0	0	0	221.61	41.926	1335.6	17.968	119.79	0	0	0	0	101.82	83.851	107.81	5.9894	0	0	239.57	0	563	0	0	293.48	0	0	5.9894	0	0	0	5.9894	0	0	0	0	0	0	0	0	53.904	293.48	0	0	35.936	155.72	113.8	0	29.947	5.9894	5.9894	29.947	0	17.968	185.67	0	0	0	0	0	23.958	0	0	209.63	0	0	0	0	0	0	0	0	0	0	0	0	622.9	17.968	0	365.35	0	0	0	0	0	0	0	191.66	0	0	0	0	0	53.904	0	0	0
L141_E03	PEP	11.337	0	11.337	2734.5	2.2674	0	0	45.349	0	0	478.43	210.87	6.8023	544.18	6.8023	0	95.232	13.605	0	0	165.52	0	0	43.081	52.151	0	61.221	45.349	54.418	6.8023	9.0697	2.2674	15.872	0	344.65	2.2674	963.66	0	267.56	467.09	2.2674	15.872	0	0	86.162	4.5349	49.884	269.83	884.3	0	0	0	43.081	0	1147.3	403.6	29.477	126.98	1004.5	43.081	795.87	145.12	9.0697	1510.1	15.872	0	11.337	7779.6	124.71	24.942	0	142.85	1571.3	174.59	0	97.5	38.546	13.605	224.48	2.2674	1158.7	79.36	242.62	11.337	136.05	27.209	0	0	56.686	49.884	206.34	0	219.94	494.3	0	0	0	0	0	56.686	0	102.04	0	13.605	0	192.73	172.32	0	0	74.825	0	0	149.65	0	68.023	4.5349	1149.6	0	1136	120.17	215.41	129.24	0	13.605	20.407	428.55	0	258.49	0	36.279	81.628	40.814	0	0	13.605	2.2674	83.895	0	2.2674	6.8023	49.884	0	20.407	22.674	0	11.337	43.081	18.139	74.825	11.337	0	0	0	27.209	0	9.0697	0	0	0	0	49.884	29.477	83.895	0	61.221	0	88.43	0	9.0697	260.76	317.44	9.0697	2.2674	0	2.2674	0	0	11.337	0	15.872	0	0	0	0	95.232	9.0697	0	11.337	0	13.605	0	6.8023	6.8023	0	190.46	4.5349	0	18.139	18.139	181.4	2.2674	4.5349	0	106.57	185.93	0	0	6.8023	106.57	0	27.209	0	190.46	133.78	2.2674	120.17	6.8023	0	27.209	197.27	2.2674	0	0	0	0	2.2674	0	0	353.72	319.71	90.697	0	0	92.965	0	20.407	0	0	2.2674	5596	0	204.07	36.279	0	2.2674	158.72	0	0	6.8023	0	571.39	0	3038.4	0	0	0	0	0	0	6664	0	0	349.18	45.349	102.04	92.965	2065.6	68.023	0	0	260.76	0	4.5349	0	54.418	0	0	4.5349	0	29.477	0	0	217.67	0	0	0	27.209	0	0	45.349	29.477	0	0	4.5349	0	0	0	0	487.5	49.884	0	0	0	0	0	0	70.29	0	0	0	68.023	124.71	0	31.744	0	0	20.407	9.0697	104.3	0	0	292.5	0	315.17	0	120.17	0	258.49	0	0	2.2674	0	95.232	24073	9.0697	0	0	535.11	1600.8	244.88	0	0	0	208.6	0	0	0	278.89	0	0	0	0	52.151	439.88	0	0	0	0	0	0	0	2.2674	0	0	0	0	0	0	265.29	77.093	0	0	333.31	0	40.814	233.55	852.56	0	0	163.26	90.697	167.79	11.337	0	0	0	1462.5	102.04	0	0	140.58	0	0	0	22.674	238.08	65.756	0	40.814	65.756	408.14	353.72	0	34.012	9.0697	29.477	0	0	0	136.05	0	0	0	0	117.91	0	0	0	49.884	0	0	0	70.29	0	0	0	4.5349	0	0	2.2674	2.2674	40.814	0	0	278.89	0	0	0	70.29	0	0	0	61.221	0	0	0	0	54.418	0	0	0	0
L141_F03	PEP	0	0	69.948	32.642	27.979	9.3264	0	452.33	0	4.6632	191.19	93.264	18.653	97.927	0	79.274	1977.2	102.59	88.6	0	27.979	0	4.6632	13.99	4.6632	0	13.99	0	107.25	46.632	18.653	41.969	125.91	23.316	93.264	46.632	895.33	4.6632	83.937	620.2	0	4.6632	13.99	0	111.92	69.948	209.84	937.3	592.22	23.316	9.3264	32.642	51.295	41.969	1151.8	219.17	303.11	186.53	2289.6	144.56	410.36	223.83	69.948	2527.4	88.6	0	186.53	1935.2	2065.8	139.9	32.642	163.21	587.56	139.9	0	396.37	368.39	163.21	23.316	0	335.75	65.285	517.61	0	65.285	93.264	32.642	0	74.611	0	4.6632	256.48	116.58	181.86	23.316	60.621	0	0	9.3264	4.6632	27.979	88.6	0	4.6632	0	69.948	93.264	0	18.653	312.43	0	0	0	60.621	153.88	83.937	293.78	18.653	601.55	18.653	37.305	27.979	4.6632	13.99	107.25	51.295	18.653	0	0	284.45	46.632	163.21	0	0	51.295	0	27.979	0	51.295	79.274	51.295	4.6632	74.611	4.6632	0	27.979	102.59	0	0	0	0	0	0	0	69.948	55.958	0	9.3264	0	13.99	0	0	23.316	27.979	18.653	0	88.6	60.621	88.6	685.49	60.621	4.6632	41.969	0	27.979	23.316	0	9.3264	0	60.621	0	4.6632	18.653	0	32.642	0	32.642	32.642	0	27.979	0	41.969	4.6632	0	4.6632	0	51.295	0	0	116.58	0	23.316	116.58	65.285	741.45	0	4.6632	18.653	27.979	9.3264	97.927	18.653	55.958	74.611	0	27.979	9.3264	9.3264	237.82	554.92	13.99	0	0	0	0	0	4.6632	0	242.49	177.2	88.6	0	0	60.621	0	88.6	0	0	181.86	3301.5	153.88	130.57	349.74	13.99	0	209.84	13.99	18.653	41.969	4.6632	153.88	0	2928.5	0	4.6632	0	0	0	0	4933.6	0	0	326.42	4.6632	433.68	4.6632	88.6	0	0	51.295	0	0	9.3264	0	65.285	0	0	102.59	0	0	23.316	4.6632	181.86	0	186.53	0	0	0	0	0	74.611	0	0	27.979	4.6632	18.653	0	0	27.979	130.57	0	0	0	0	0	0	13.99	0	0	55.958	181.86	172.54	0	18.653	0	0	9.3264	46.632	4.6632	27.979	4.6632	298.44	9.3264	195.85	0	37.305	0	97.927	23.316	0	9.3264	0	0	39852	181.86	83.937	620.2	1081.9	18.653	83.937	4.6632	0	0	125.91	0	9.3264	0	4.6632	0	0	0	4.6632	13.99	205.18	0	0	0	4.6632	0	4.6632	0	443	9.3264	23.316	9.3264	4.6632	0	1758	345.08	27.979	0	1795.3	13.99	9.3264	41.969	0	429.01	18.653	0	27.979	0	18.653	46.632	0	0	13.99	0	0	0	13.99	0	0	0	13.99	0	0	233.16	0	0	0	55.958	121.24	4.6632	51.295	0	69.948	18.653	4.6632	18.653	181.86	0	0	0	18.653	83.937	4.6632	0	0	83.937	18.653	0	9.3264	27.979	0	0	0	18.653	4.6632	111.92	27.979	0	307.77	41.969	0	2522.8	0	0	0	4.6632	0	0	0	116.58	32.642	9.3264	0	60.621	18.653	13.99	0	0	0
L141_G03	PEP	0	23.89	0	9.5558	52.557	0	0	28.667	9.5558	0	33.445	1700.9	62.113	9.5558	215.01	14.334	1414.3	0	157.67	0	0	0	0	0	888.69	0	0	4.7779	119.45	66.891	195.9	0	62.113	0	4.7779	1266.2	200.67	57.335	109.89	66.891	0	0	0	0	23.89	119.45	28.667	1055.9	764.47	0	0	4.7779	143.34	0	310.57	38.223	90.781	19.112	563.79	109.89	348.79	81.225	0	535.13	215.01	0	167.23	2484.5	1075	23.89	0	33.445	86.003	57.335	38.223	152.89	66.891	14.334	0	0	812.25	100.34	66.891	0	0	0	0	0	133.78	4.7779	0	0	205.45	33.445	0	0	4.7779	0	66.891	253.23	19.112	62.113	9.5558	0	0	0	152.89	0	9.5558	47.779	0	0	14.334	19.112	0	100.34	888.69	52.557	152.89	0	86.003	9.5558	0	0	38.223	9.5558	0	0	0	38.223	14.334	0	0	0	52.557	310.57	387.01	0	90.781	9.5558	9.5558	0	4.7779	0	0	0	33.445	0	0	0	0	23.89	0	0	0	200.67	0	19.112	0	477.79	4.7779	0	0	262.79	43.001	19.112	43.001	0	468.24	0	86.003	0	0	0	9.5558	0	14.334	0	0	0	0	0	0	0	133.78	0	0	0	0	0	4.7779	0	0	0	0	0	4.7779	191.12	0	0	0	0	9.5558	0	950.81	38.223	0	0	0	0	9.5558	0	4.7779	224.56	0	281.9	0	0	234.12	812.25	19.112	0	0	4.7779	0	0	0	0	238.9	506.46	129	0	0	66.891	0	0	0	0	95.558	191.12	143.34	57.335	95.558	4.7779	0	143.34	0	0	23.89	0	66.891	0	7429.7	0	0	0	0	0	0	2494.1	0	0	57.335	0	415.68	14.334	215.01	43.001	4.7779	14.334	62.113	0	28.667	0	4.7779	0	0	262.79	0	0	0	0	516.02	0	43.001	0	0	296.23	0	0	439.57	14.334	0	0	0	0	0	0	883.92	23.89	0	0	33.445	0	0	0	0	0	0	0	109.89	0	0	47.779	0	0	0	0	0	0	0	238.9	0	420.46	0	52.557	0	9.5558	23.89	0	0	0	525.57	37478	353.57	133.78	1055.9	1729.6	152.89	387.01	186.34	492.13	0	143.34	0	129	931.7	9.5558	0	0	0	0	38.223	826.58	0	0	0	0	0	210.23	0	750.13	554.24	47.779	0	0	0	0	496.9	38.223	66.891	0	43.001	0	453.9	0	0	0	0	243.67	23.89	0	4.7779	0	0	0	477.79	33.445	4.7779	14.334	0	0	0	0	0	28.667	200.67	0	43.001	14.334	0	81.225	14.334	66.891	4.7779	9.5558	4.7779	0	9.5558	262.79	0	0	0	0	157.67	0	0	0	0	0	0	14.334	291.45	0	0	0	0	4.7779	9.5558	0	23.89	434.79	0	0	363.12	0	0	0	0	0	0	0	291.45	0	0	0	0	138.56	14.334	0	0	0
L141_A09	PEP	0	0	352.14	0	0	0	0	11.004	0	0	0	0	0	99.039	0	0	4126.6	0	0	0	0	0	0	0	0	0	0	0	55.022	0	616.24	0	0	0	11.004	0	77.031	0	132.05	44.018	0	0	0	0	0	0	132.05	671.27	1166.5	0	0	0	0	0	319.13	0	11.004	0	374.15	0	88.035	0	0	286.11	0	0	275.11	2685.1	231.09	187.07	0	1716.7	1089.4	22.009	0	0	0	0	0	0	11.004	341.14	121.05	0	0	0	0	0	0	0	0	0	22.009	0	0	0	0	0	0	0	0	55.022	0	11.004	0	0	0	0	0	44.018	0	0	0	0	0	0	0	0	176.07	0	44.018	0	0	77.031	0	0	0	0	0	121.05	77.031	0	0	0	0	0	0	0	0	0	198.08	0	33.013	0	0	0	0	11.004	0	0	0	0	0	0	286.11	0	0	0	0	0	297.12	0	0	0	0	0	0	0	0	0	0	0	0	0	0	0	0	0	0	0	0	0	0	0	407.16	0	0	0	0	0	0	0	0	0	110.04	0	0	0	0	0	0	0	0	0	231.09	0	0	0	0	0	693.28	0	0	22.009	0	88.035	0	0	0	11.004	0	0	0	0	0	0	0	0	0	33.013	44.018	0	0	0	0	11.004	0	0	33.013	6723.7	0	0	11.004	0	0	0	0	0	0	0	0	0	8220.3	0	0	0	0	0	0	8715.5	0	0	1386.6	0	440.17	0	352.14	0	0	0	0	0	77.031	0	0	0	0	121.05	0	0	0	0	660.26	0	0	0	0	0	0	0	0	0	0	0	0	0	0	0	627.25	11.004	0	0	0	0	0	0	0	0	0	0	0	66.026	0	22.009	0	0	0	77.031	0	0	0	121.05	0	66.026	0	0	0	0	0	0	0	0	3752.5	213570	1199.5	55.022	209.08	2244.9	605.24	55.022	44.018	143.06	0	0	0	187.07	0	220.09	0	0	0	0	0	649.26	0	0	0	0	0	11.004	0	0	55.022	0	0	0	0	0	143.06	561.22	0	0	0	0	0	0	0	0	0	0	0	0	0	0	0	0	2178.9	0	0	0	0	0	0	0	0	286.11	11.004	0	11.004	110.04	0	0	0	0	0	22.009	0	0	0	22.009	0	0	0	0	0	0	0	0	0	0	0	0	11.004	33.013	0	0	0	0	0	0	0	0	0	0	341.14	0	0	0	495.2	0	0	0	0	0	0	0	198.08	0	0	0	0	0
L141_B09	PEP	0	0	0	0	0	0	0	0	0	0	0	0	0	0	0	0	406.87	0	1546.1	0	0	0	0	0	1546.1	0	0	0	0	0	0	0	0	0	0	0	0	0	162.75	81.374	0	0	0	0	0	0	0	569.61	81.374	0	162.75	0	0	0	488.24	0	1302	0	732.36	0	244.12	244.12	0	1953	0	0	0	569.61	81.374	0	0	895.11	0	0	0	0	81.374	81.374	0	0	2034.3	81.374	0	0	0	0	0	0	0	0	0	0	0	0	0	0	0	0	0	0	0	0	0	0	0	0	0	0	0	0	0	0	0	244.12	0	0	1546.1	0	0	0	81.374	0	0	0	0	0	0	0	0	0	0	0	0	0	0	0	0	0	0	0	0	0	0	0	0	0	0	0	0	0	0	0	0	0	0	0	0	0	0	0	0	0	0	81.374	0	0	0	0	81.374	0	0	0	0	0	0	0	0	0	0	0	0	0	0	0	0	0	0	0	0	0	0	0	732.36	0	0	0	0	0	0	0	0	0	0	0	162.75	0	0	0	0	0	0	0	0	0	0	162.75	0	0	1220.6	244.12	0	0	0	0	0	0	0	0	0	406.87	0	0	0	0	0	0	0	0	244.12	162.75	0	0	0	0	0	732.36	0	0	0	0	0	0	4312.8	0	0	0	0	0	0	4394.2	0	0	81.374	0	1627.5	0	81.374	0	0	0	0	0	244.12	0	0	0	0	0	0	0	162.75	0	162.75	0	488.24	0	0	0	0	0	162.75	0	0	0	0	0	0	0	3661.8	162.75	0	0	0	0	0	0	0	0	0	0	0	0	0	0	0	0	0	0	0	0	0	0	0	0	0	0	0	569.61	0	0	0	0	0	2197.1	81.374	0	1871.6	1464.7	0	0	1383.3	0	0	0	0	0	81.374	0	0	0	0	0	976.48	895.11	0	0	0	0	0	81.374	0	0	0	0	0	0	0	0	81.374	81.374	0	0	0	0	0	0	0	0	0	162.75	0	0	0	0	0	0	0	0	0	0	0	0	0	0	0	0	0	0	0	0	81.374	0	81.374	0	0	0	0	0	0	0	0	0	0	0	0	0	0	0	0	0	0	0	0	0	0	0	0	0	81.374	0	0	0	0	0	325.49	0	0	0	0	0	0	0	0	0	0	0	0	0	0	0	0	0
L141_C09	PEP	0	0	0	0	0	0	0	0	0	0	43.691	305.84	0	34.953	0	0	2586.5	0	0	0	0	0	0	0	69.906	0	0	0	34.953	17.476	0	0	0	0	0	0	235.93	0	244.67	34.953	0	8.7382	0	0	8.7382	0	0	43.691	297.1	0	0	0	0	0	541.77	1170.9	52.429	8.7382	314.58	113.6	113.6	113.6	0	786.44	8.7382	0	69.906	637.89	227.19	17.476	0	26.215	690.32	0	43.691	8.7382	78.644	52.429	0	0	1048.6	0	34.953	0	0	0	0	0	0	0	52.429	8.7382	0	17.476	0	0	0	0	0	0	0	87.382	34.953	0	0	0	0	0	0	61.167	0	0	0	17.476	1170.9	0	8.7382	0	218.46	0	0	0	0	0	0	0	0	0	0	131.07	26.215	0	0	0	17.476	0	0	0	78.644	17.476	0	0	0	0	0	0	0	0	8.7382	0	0	26.215	0	0	0	0	0	0	0	0	0	0	0	8.7382	0	0	0	0	0	17.476	17.476	0	34.953	0	0	0	0	0	0	0	26.215	0	17.476	0	0	26.215	0	0	0	26.215	0	0	0	0	524.29	0	0	0	0	401.96	0	0	0	8.7382	1258.3	0	0	253.41	131.07	0	375.74	0	96.12	227.19	0	17.476	0	0	61.167	602.94	0	0	0	0	0	0	0	0	917.51	279.62	43.691	0	0	0	0	0	0	0	0	5985.7	0	52.429	26.215	0	0	637.89	0	0	471.86	0	0	0	12408	0	0	0	0	0	0	7934.3	0	0	1590.3	0	655.36	0	297.1	235.93	0	0	996.16	0	3617.6	0	0	0	0	52.429	0	0	0	0	393.22	0	0	0	0	0	0	52.429	52.429	0	0	0	0	0	0	0	646.63	8.7382	0	0	0	0	0	0	0	8.7382	0	0	8.7382	349.53	0	637.89	0	0	0	0	0	0	0	0	0	1214.6	0	17.476	0	34.953	0	0	0	0	0	132610	0	0	436.91	1599.1	0	17.476	0	157.29	0	2665.1	0	0	0	1625.3	0	0	0	0	0	515.55	0	0	0	0	0	1240.8	0	0	1240.8	0	0	0	0	0	279.62	96.12	0	0	26.215	0	235.93	0	9472.2	8.7382	0	61.167	279.62	0	0	0	0	0	0	0	0	0	0	0	0	122.33	0	26.215	0	0	235.93	0	0	0	0	0	8.7382	0	0	0	0	0	0	0	0	0	0	0	0	0	0	0	0	0	8.7382	0	8.7382	0	0	0	0	0	0	78.644	0	0	2647.7	0	0	0	0	0	0	0	0	0	17.476	0	0	0	17.476	0	0	0
L141_G11	PEP	0	0	138.58	0	0	0	0	0	0	0	57.741	34.645	0	0	0	0	4007.3	0	196.32	0	0	0	0	0	0	0	23.097	46.193	0	0	11.548	0	34.645	0	57.741	23.097	115.48	0	0	69.29	0	0	0	0	0	0	46.193	981.6	1293.4	0	34.645	92.386	0	0	207.87	46.193	138.58	0	334.9	69.29	161.68	23.097	0	161.68	0	0	196.32	3926.4	2852.4	69.29	0	369.55	80.838	265.61	0	0	0	11.548	173.22	11.548	785.28	11.548	184.77	0	127.03	11.548	0	0	11.548	0	80.838	80.838	542.77	0	0	0	0	0	0	92.386	0	0	0	0	0	34.645	11.548	0	0	11.548	0	0	0	0	0	0	11.548	0	0	288.71	0	0	0	0	0	23.097	11.548	0	0	34.645	46.193	0	0	0	0	0	0	0	0	92.386	0	0	0	23.097	0	0	0	0	0	0	0	0	0	0	0	0	0	0	0	0	0	0	34.645	0	0	0	0	184.77	0	173.22	11.548	0	0	0	0	0	0	0	0	0	0	0	0	0	23.097	0	0	0	0	34.645	0	0	0	0	0	0	0	0	0	0	0	0	0	0	542.77	11.548	0	0	0	0	254.06	0	0	381.09	0	438.83	0	0	1131.7	427.29	0	0	0	0	0	0	0	0	473.48	34.645	34.645	0	0	80.838	0	92.386	0	0	0	3083.4	69.29	0	46.193	0	0	0	0	0	23.097	0	0	0	6097.5	0	0	0	0	0	0	14736	0	0	103.93	0	1085.5	0	854.57	0	0	0	11.548	0	3383.6	0	0	0	0	23.097	0	0	0	0	346.45	0	0	0	0	0	0	0	0	0	0	0	0	0	0	0	92.386	138.58	0	0	0	0	0	0	0	0	0	23.097	0	461.93	0	0	0	0	0	0	0	0	0	34.645	0	23.097	46.193	173.22	0	496.58	0	0	0	0	57.741	67835	854.57	588.96	565.87	2044.1	265.61	0	0	565.87	0	46.193	0	0	0	57.741	0	0	0	0	173.22	669.8	0	0	0	0	0	0	0	496.58	23.097	0	0	161.68	0	0	277.16	11.548	0	0	161.68	0	831.48	0	0	0	0	34.645	0	0	0	0	0	0	0	0	0	0	0	0	0	11.548	0	0	46.193	0	0	80.838	0	0	0	80.838	0	46.193	0	0	0	358	0	0	0	0	0	0	0	23.097	0	0	0	0	588.96	0	0	0	0	0	34.645	46.193	46.193	519.67	0	0	727.54	0	0	0	0	0	0	0	11.548	0	0	0	0	0	0	0	0	0
L142_D01	PEP	0	0	48.251	24.125	0	0	0	193	0	0	0	48.251	0	458.38	0	24.125	1326.9	24.125	0	0	0	48.251	24.125	0	1640.5	0	0	0	24.125	0	0	0	0	48.251	48.251	0	2074.8	48.251	48.251	144.75	217.13	0	0	0	217.13	48.251	72.376	554.89	651.39	0	0	144.75	0	0	1182.2	337.76	434.26	96.502	2026.5	313.63	1206.3	313.63	0	1905.9	241.26	72.376	72.376	3305.2	965.02	289.51	168.88	144.75	554.89	120.63	24.125	0	193	241.26	24.125	0	337.76	241.26	506.63	0	0	0	0	0	24.125	24.125	0	0	0	554.89	48.251	0	0	0	0	0	0	0	0	24.125	0	0	0	0	0	217.13	0	0	0	0	120.63	0	0	0	72.376	48.251	24.125	0	0	96.502	193	0	24.125	0	0	265.38	434.26	579.01	0	0	0	0	0	0	0	0	72.376	0	72.376	0	0	0	0	24.125	0	0	0	0	0	0	0	168.88	0	0	0	0	0	0	0	337.76	0	0	96.502	0	193	72.376	24.125	0	217.13	0	0	0	0	0	0	0	0	0	0	0	217.13	0	0	0	0	0	0	0	0	0	144.75	0	0	0	24.125	0	0	0	0	0	530.76	0	0	0	0	0	0	0	0	0	0	0	0	0	24.125	168.88	0	0	0	0	0	0	0	0	0	24.125	144.75	0	0	144.75	0	313.63	0	0	0	9022.9	0	0	265.38	0	0	193	0	0	0	0	410.13	0	4125.5	0	0	0	0	0	0	3835.9	0	0	386.01	0	0	0	48.251	265.38	0	0	0	0	241.26	0	0	0	0	0	0	0	0	96.502	0	0	0	0	0	0	0	0	0	0	0	0	0	0	0	0	2147.2	0	0	0	0	0	0	0	0	0	193	0	217.13	0	0	0	0	0	0	0	0	0	0	0	168.88	0	0	0	0	24.125	0	0	0	0	0	33848	24.125	0	1544	844.39	892.64	0	0	0	0	0	0	0	0	0	0	0	0	0	0	168.88	0	0	0	0	0	0	0	482.51	458.38	0	0	0	0	0	482.51	0	0	0	0	0	506.63	1375.2	96.502	0	0	603.14	0	0	241.26	0	0	168.88	0	0	0	0	0	0	0	0	24.125	0	217.13	0	24.125	193	0	0	0	0	0	72.376	144.75	0	0	0	0	0	0	0	168.88	0	0	0	0	0	0	0	0	24.125	0	0	0	0	96.502	0	0	24.125	48.251	0	820.27	0	0	0	0	0	0	0	144.75	0	0	0	313.63	0	0	0	0	0
L142_F01	PEP	0	0	0	0	0	0	0	0	0	0	0	0	0	0	0	239.36	1735.4	0	0	1675.5	0	0	0	0	0	0	0	0	0	0	0	0	119.68	0	0	0	1316.5	0	0	2692.8	0	0	0	0	957.45	0	179.52	1376.3	1795.2	0	0	0	0	0	1376.3	0	59.841	0	59.841	0	0	0	0	179.52	0	0	1496	598.41	1137	299.2	0	0	299.2	0	0	59.841	179.52	0	0	0	0	0	299.2	0	0	0	0	0	0	0	0	0	0	0	0	0	0	0	0	0	0	59.841	0	0	0	0	0	0	0	0	0	0	0	0	0	0	0	59.841	0	0	0	0	0	0	598.41	0	0	0	0	0	0	0	0	0	0	0	0	0	598.41	0	0	0	179.52	0	0	0	0	0	0	0	0	0	0	0	119.68	0	0	59.841	0	0	0	0	538.57	0	0	0	0	0	0	0	0	0	239.36	0	0	0	0	0	0	0	0	0	0	0	0	0	0	0	0	0	0	0	0	0	0	0	0	0	0	0	0	0	0	0	359.05	0	0	0	0	0	0	0	0	0	0	0	0	0	0	0	0	0	0	0	0	0	0	0	0	59.841	957.45	0	0	0	0	0	0	0	0	2034.6	0	0	0	0	0	0	0	0	0	0	0	0	2094.4	0	0	0	0	0	0	11489	0	0	2333.8	0	0	0	179.52	0	0	359.05	0	0	0	0	0	0	0	179.52	0	0	0	0	0	0	0	598.41	0	0	0	0	0	0	0	0	0	0	0	0	0	0	0	0	0	0	0	0	0	0	0	0	0	0	0	837.77	0	0	0	0	0	0	0	299.2	0	59.841	0	0	0	0	0	0	0	0	0	9514.7	179.52	0	0	0	658.25	59.841	0	0	0	0	0	0	0	0	0	0	0	0	0	0	0	0	0	0	0	0	0	59.841	0	0	0	0	0	0	0	0	0	0	0	0	1436.2	0	0	0	0	538.57	418.89	59.841	1196.8	0	0	179.52	0	0	0	0	0	0	0	0	0	0	0	0	0	0	0	0	0	0	0	0	0	0	0	359.05	0	0	0	0	0	0	0	0	0	0	0	0	0	0	0	0	0	0	0	0	0	0	0	0	1017.3	0	0	0	0	0	0	0	0	0	0	59.841	0	0	0	0	0	0
L142_F02	PEP	0	0	0	0	0	0	0	61.969	0	0	520.54	396.6	0	0	718.84	61.969	3544.6	0	0	0	0	0	0	0	322.24	0	0	0	0	49.576	74.363	0	0	0	0	1797.1	86.757	0	99.151	74.363	0	0	0	0	0	0	0	297.45	334.64	0	0	49.576	0	0	49.576	24.788	0	0	260.27	0	879.97	12.394	12.394	830.39	12.394	0	49.576	2069.8	532.94	86.757	0	1041.1	86.757	371.82	0	12.394	0	49.576	136.33	0	247.88	0	12.394	0	136.33	0	0	0	0	0	0	0	148.73	0	0	0	0	0	0	0	0	12.394	0	0	0	0	0	0	0	74.363	0	0	0	0	49.576	1660.8	24.788	0	3371.1	0	0	0	0	37.182	0	0	0	0	0	12.394	0	0	0	0	0	0	0	0	0	0	0	0	148.73	0	0	0	0	0	0	0	0	0	0	0	111.54	49.576	0	0	0	0	0	0	0	12.394	0	0	0	0	74.363	0	0	0	0	0	12.394	0	0	0	0	0	0	0	0	0	111.54	0	0	0	0	0	0	0	0	0	0	0	0	0	0	0	0	0	0	0	2131.7	0	0	74.363	12.394	0	0	0	111.54	235.48	0	0	0	0	0	86.757	0	0	0	0	0	0	0	0	0	0	0	0	0	0	0	0	0	0	0	12.394	0	49.576	0	0	0	0	0	0	0	0	0	0	8638.5	0	0	0	0	0	0	13237	0	0	371.82	0	793.21	123.94	24.788	0	0	0	161.12	0	0	0	0	0	0	148.73	0	0	0	0	743.63	0	49.576	0	0	37.182	0	0	0	0	0	0	0	0	0	0	99.151	74.363	0	0	0	0	0	0	0	0	0	0	0	37.182	0	86.757	0	0	0	0	0	0	12.394	0	0	0	0	0	0	123.94	0	0	0	0	210.7	84068	532.94	86.757	1611.2	260.27	0	161.12	0	954.33	0	0	0	12.394	0	123.94	0	0	0	0	111.54	929.54	0	0	0	0	0	0	0	322.24	0	0	0	409	0	0	347.03	148.73	0	0	0	0	272.67	0	0	74.363	0	99.151	0	12.394	0	0	0	0	0	0	0	0	0	0	0	0	0	0	0	0	49.576	0	409	0	0	0	0	0	0	0	0	0	0	0	0	0	0	0	0	0	0	0	0	12.394	0	0	0	0	0	0	0	0	0	1078.3	0	0	297.45	0	0	0	0	0	0	0	210.7	0	0	0	0	0	0	0	0	0
L142_C03	PEP	0	0	0	0	0	0	0	91.895	0	0	551.37	275.68	0	0	0	183.79	4135.3	0	0	0	0	0	0	0	183.79	0	0	0	0	0	0	91.895	367.58	0	0	0	1378.4	0	0	367.58	0	0	0	0	0	0	183.79	1010.8	91.895	0	275.68	0	0	0	367.58	1470.3	91.895	367.58	2664.9	0	0	0	0	1378.4	1010.8	0	0	2573.1	2297.4	459.47	0	91.895	918.95	183.79	0	0	367.58	0	0	0	735.16	0	183.79	0	0	0	0	0	0	0	0	91.895	0	0	0	0	275.68	0	0	0	0	275.68	0	0	0	0	367.58	0	0	0	0	0	0	0	0	0	91.895	0	91.895	0	0	0	0	1654.1	0	0	0	0	0	367.58	0	0	0	0	0	0	0	0	0	0	0	0	0	0	0	0	0	0	0	0	0	0	0	0	0	91.895	0	0	0	0	0	0	643.26	91.895	0	0	0	0	551.37	0	0	0	0	0	0	0	0	0	0	0	0	0	0	0	183.79	0	0	0	0	0	0	0	0	0	0	0	0	0	2481.2	0	0	0	0	0	367.58	0	0	0	0	0	0	0	0	0	0	0	0	0	91.895	0	0	0	0	0	0	0	0	0	0	91.895	0	0	0	0	0	0	0	0	0	2205.5	0	0	367.58	0	0	91.895	0	0	0	0	0	0	3032.5	0	0	0	0	0	0	91.895	0	0	0	0	0	0	0	0	0	0	0	0	0	0	0	0	0	0	0	0	0	0	0	0	0	0	0	0	0	0	0	0	0	0	0	0	0	0	0	735.16	0	0	0	0	0	0	0	0	0	0	0	0	0	0	0	0	0	0	0	0	735.16	91.895	0	0	0	0	0	0	0	0	0	0	0	183.79	0	0	0	0	0	0	0	0	0	0	0	0	0	0	0	0	0	0	0	643.26	0	0	0	0	0	2113.6	0	0	0	0	0	0	0	0	0	0	0	0	0	0	0	275.68	91.895	0	0	0	0	0	0	0	0	0	0	0	0	0	183.79	0	0	0	0	0	0	459.47	0	0	275.68	91.895	0	0	0	0	0	0	0	0	0	0	0	0	551.37	91.895	0	0	0	0	0	0	0	0	0	0	0	0	91.895	0	0	91.895	0	0	2848.7	0	0	0	91.895	0	0	0	0	0	0	0	0	0	0	0	0	0
L142_E05	PEP	0	0	5.2899	1137.3	0	0	0	142.83	0	0	100.51	0	79.348	153.41	0	5.2899	4221.3	0	0	0	0	0	0	0	179.86	0	0	137.54	0	5.2899	0	0	137.54	0	116.38	21.16	587.18	5.2899	343.84	10.58	21.16	0	0	0	63.479	0	47.609	1766.8	243.34	0	0	10.58	0	0	158.7	1978.4	121.67	0	793.48	116.38	222.18	121.67	0	1222	137.54	0	5.2899	4052.1	31.739	5.2899	0	185.15	42.319	269.78	0	0	148.12	169.28	0	0	137.54	15.87	158.7	0	243.34	0	0	0	0	0	0	5.2899	79.348	460.22	0	31.739	0	5.2899	216.88	0	0	201.02	0	26.449	0	21.16	84.638	0	15.87	322.68	0	0	0	0	137.54	5.2899	137.54	26.449	375.58	0	52.899	52.899	0	0	47.609	0	15.87	0	0	0	79.348	0	0	0	10.58	0	10.58	0	31.739	1576.4	47.609	0	396.74	0	0	0	15.87	0	21.16	0	0	0	0	0	0	0	0	0	0	0	0	0	0	454.93	0	0	0	0	26.449	280.36	47.609	0	0	0	0	0	0	0	0	0	0	0	0	0	343.84	0	0	0	0	0	0	84.638	0	0	269.78	0	0	0	42.319	555.44	5.2899	0	0	0	306.81	100.51	0	52.899	153.41	0	15.87	0	5.2899	0	0	79.348	0	0	0	370.29	5.2899	0	0	0	0	0	0	0	809.35	121.67	15.87	0	0	74.058	0	0	0	0	0	4655.1	148.12	31.739	26.449	0	0	158.7	0	31.739	158.7	0	121.67	0	17361	0	0	0	0	0	0	1581.7	0	0	936.31	0	216.88	52.899	211.6	481.38	0	58.189	0	0	0	0	0	0	0	528.99	0	0	0	0	618.92	0	0	0	0	74.058	0	0	163.99	0	0	0	0	0	0	0	782.9	52.899	15.87	0	0	0	0	0	0	0	0	0	0	10.58	0	359.71	0	0	68.769	0	0	0	0	68.769	0	100.51	0	37.029	0	190.44	0	0	0	0	42.319	30121	0	0	37.029	253.91	0	10.58	0	0	0	0	0	5.2899	0	0	0	26.449	0	0	0	380.87	0	0	232.76	0	0	343.84	21.16	603.05	58.189	0	0	0	0	0	84.638	121.67	0	0	0	243.34	275.07	402.03	3856.3	0	0	37.029	37.029	0	10.58	0	0	0	1465.3	0	15.87	0	21.16	0	0	0	0	0	15.87	0	185.15	0	195.73	79.348	0	5.2899	0	0	0	0	0	0	5.2899	0	0	5.2899	15.87	0	0	0	47.609	0	0	0	343.84	0	0	0	0	0	0	0	0	142.83	0	0	206.31	0	0	0	0	0	0	0	111.09	0	0	0	0	0	0	0	0	0
L142_E08	PEP	0	0	0	0	0	0	0	180.39	0	0	90.196	0	0	0	0	0	541.17	0	0	0	0	0	0	0	0	0	0	0	0	0	0	0	0	270.59	0	0	1984.3	0	0	180.39	0	0	0	0	0	541.17	90.196	90.196	450.98	0	0	0	90.196	0	0	0	631.37	0	3156.9	0	360.78	0	0	631.37	360.78	0	0	1172.5	901.96	901.96	0	0	0	180.39	0	0	90.196	0	0	0	0	90.196	450.98	0	0	0	0	0	0	0	0	0	0	270.59	0	0	0	0	0	0	0	0	0	0	0	0	0	0	0	0	0	0	0	360.78	0	0	180.39	0	0	270.59	0	0	0	0	270.59	0	0	0	0	360.78	0	0	0	0	0	0	0	0	0	0	0	0	0	0	0	0	0	0	0	0	0	0	0	0	0	0	0	0	0	0	0	0	90.196	0	450.98	0	0	0	90.196	0	0	0	360.78	0	0	0	0	0	0	0	0	0	0	0	0	0	0	0	0	0	0	0	0	0	0	0	0	0	0	0	0	0	0	0	721.57	0	0	0	0	0	0	0	0	0	0	0	0	0	0	0	0	0	0	0	0	0	0	0	0	270.59	0	0	0	0	0	0	0	0	0	721.57	0	0	270.59	0	0	0	0	0	0	0	0	0	0	0	0	0	0	0	0	0	0	0	3788.2	0	0	0	0	0	0	0	0	0	0	0	0	0	0	0	0	0	0	0	0	0	0	0	0	0	0	0	0	0	0	0	0	0	0	0	0	0	0	0	0	0	0	0	0	0	0	0	180.39	0	0	0	0	0	0	0	0	0	0	0	0	0	0	0	0	0	0	0	0	0	0	0	0	0	0	0	0	0	0	0	21286	0	0	0	0	0	0	0	0	0	0	0	0	0	0	0	0	0	0	0	0	0	0	0	0	0	0	0	0	0	0	0	0	0	0	0	0	0	0	0	0	0	0	0	541.17	0	0	0	0	0	0	0	0	0	90.196	0	0	0	0	0	0	90.196	0	0	0	0	0	0	0	0	0	0	0	0	0	0	0	0	0	0	0	0	0	0	0	0	0	0	0	90.196	631.37	0	631.37	0	0	0	0	0	0	0	90.196	0	0	0	180.39	0	270.59	0	0	0
L142_F08	PEP	0	0	453.98	0	0	0	0	17.461	0	0	87.304	104.76	0	0	0	0	785.74	0	0	0	0	0	0	0	0	0	0	0	34.922	0	0	0	104.76	0	0	0	0	0	34.922	5412.9	0	0	0	0	0	0	52.382	226.99	2269.9	0	0	0	0	0	69.843	384.14	0	0	226.99	0	0	0	122.23	401.6	0	0	0	87.304	2916	680.97	0	17.461	1396.9	0	0	0	17.461	0	0	0	366.68	0	139.69	0	331.76	0	0	87.304	0	0	0	0	0	0	0	0	0	34.922	0	0	0	17.461	0	0	0	0	0	0	0	87.304	0	0	0	0	0	0	104.76	0	17.461	0	0	261.91	0	0	0	314.3	0	0	0	17.461	261.91	436.52	0	0	0	0	0	0	0	0	0	0	0	0	0	0	0	0	0	0	0	0	0	0	0	0	0	0	0	0	0	0	34.922	17.461	0	0	0	0	0	34.922	0	0	0	17.461	0	0	0	0	0	0	0	0	0	0	52.382	0	0	0	0	0	0	0	17.461	0	0	0	0	0	0	0	0	0	0	0	488.9	0	0	0	0	0	0	0	69.843	0	0	0	0	0	0	0	0	0	0	0	0	0	0	0	0	87.304	0	0	0	192.07	0	0	0	0	0	2496.9	314.3	122.23	0	0	0	0	0	0	0	0	0	0	366.68	0	0	0	0	0	0	28129	0	0	122.23	0	349.22	0	0	0	0	0	0	0	0	0	0	0	0	87.304	0	0	0	0	0	0	0	0	0	0	0	0	803.2	0	0	0	0	0	0	0	139.69	0	0	0	0	0	0	0	0	0	0	0	0	0	0	0	0	0	0	0	0	0	0	646.05	0	139.69	0	0	0	139.69	0	0	0	0	0	95668	593.67	453.98	52.382	2654.1	0	366.68	0	0	0	838.12	0	0	0	0	17.461	0	0	0	0	0	0	0	0	0	0	0	0	0	0	0	0	0	820.66	0	174.61	0	0	0	0	0	209.53	0	0	0	0	122.23	0	0	436.52	0	0	0	0	0	0	0	0	0	0	0	0	0	192.07	0	0	0	0	0	0	157.15	0	52.382	0	0	0	453.98	0	0	0	0	0	0	0	0	0	0	0	0	1187.3	0	0	0	0	0	0	0	0	401.6	0	0	349.22	0	0	0	52.382	0	0	0	17.461	0	0	0	0	0	0	0	0	0
L142_F10	PEP	0	0	0	0	0	0	0	0	0	0	269.79	148.38	0	0	0	0	1321.9	0	917.27	0	0	0	0	0	67.446	0	0	0	0	0	0	0	26.979	0	40.468	0	242.81	0	0	0	0	0	0	0	0	67.446	0	350.72	1227.5	0	40.468	0	0	0	418.17	40.468	67.446	13.489	296.76	215.83	40.468	0	0	634	13.489	0	0	6070.2	2873.2	0	0	701.44	0	121.4	0	215.83	161.87	0	0	0	53.957	26.979	13.489	0	0	0	0	0	80.936	0	0	0	0	148.38	0	0	0	0	0	0	0	215.83	0	0	0	0	310.25	0	0	53.957	0	40.468	40.468	0	0	499.1	377.7	0	458.64	0	26.979	107.91	0	0	0	0	26.979	0	0	53.957	323.74	0	0	0	0	13.489	0	0	0	0	0	0	0	0	0	0	0	0	0	0	0	0	0	0	0	26.979	0	0	0	0	0	0	0	0	0	0	26.979	0	0	94.425	296.76	0	53.957	0	0	0	0	0	0	0	0	0	0	0	0	0	0	0	0	0	0	0	0	0	0	0	0	256.3	0	0	0	0	0	26.979	1227.5	0	0	0	0	0	0	0	0	0	0	134.89	0	80.936	1281.5	283.27	80.936	0	0	0	0	0	0	0	53.957	741.91	13.489	0	0	0	0	0	0	0	26.979	310.25	0	0	26.979	0	0	0	0	0	0	0	0	0	3493.7	0	0	0	0	0	0	12572	0	0	0	0	553.06	0	40.468	0	0	0	0	0	296.76	0	0	0	0	323.74	0	0	0	0	0	0	0	0	0	0	0	215.83	431.66	0	0	0	0	0	0	0	148.38	0	0	0	0	0	0	0	0	0	0	0	26.979	0	0	0	0	0	0	0	0	0	0	13.489	0	148.38	0	0	0	0	0	0	0	0	26.979	40846	458.64	0	242.81	1335.4	40.468	0	0	0	0	377.7	0	67.446	0	94.425	0	0	0	0	391.19	822.84	0	0	0	0	0	256.3	13.489	1659.2	0	0	148.38	0	0	0	53.957	0	40.468	0	674.46	0	175.36	40.468	0	0	0	0	0	0	0	0	0	0	0	0	0	0	0	0	0	0	0	40.468	0	0	0	0	53.957	0	0	0	0	0	0	0	0	445.15	0	0	0	0	0	0	0	0	0	0	0	0	269.79	0	0	0	0	0	0	0	0	188.85	0	0	728.42	0	0	0	13.489	0	0	0	13.489	0	0	0	0	0	0	0	0	0
L142_E11	PEP	0	0	0	0	0	43.686	0	415.02	0	0	0	87.372	0	65.529	131.06	0	742.67	21.843	0	0	109.22	0	152.9	0	0	109.22	0	0	0	0	0	43.686	436.86	0	0	0	458.71	0	0	567.92	0	0	0	0	0	0	87.372	349.49	283.96	0	0	0	0	0	3909.9	0	371.33	21.843	1398	131.06	21.843	0	21.843	851.88	87.372	0	109.22	10004	1179.5	262.12	0	109.22	1703.8	174.74	0	0	43.686	21.843	0	0	262.12	0	218.43	0	109.22	0	0	0	0	218.43	0	0	21.843	0	0	0	21.843	0	0	0	0	43.686	21.843	21.843	0	0	0	0	0	0	0	0	0	0	0	0	0	0	43.686	0	0	0	0	0	21.843	0	0	0	0	196.59	87.372	218.43	0	0	0	0	0	0	262.12	43.686	43.686	0	0	196.59	0	218.43	43.686	0	0	502.39	21.843	0	0	0	0	21.843	0	0	0	0	262.12	0	0	0	0	0	218.43	0	436.86	174.74	152.9	0	87.372	0	0	0	0	0	0	0	0	0	0	0	0	0	0	0	0	0	0	0	0	0	0	0	0	0	0	0	0	0	0	152.9	65.529	0	0	0	0	0	0	0	0	43.686	0	0	0	0	21.843	0	0	0	0	0	0	0	0	0	0	21.843	0	0	0	0	0	0	0	0	0	9152.3	0	0	21.843	0	0	0	0	43.686	0	0	0	0	458.71	0	0	0	0	0	0	1310.6	0	0	0	0	0	0	0	0	0	0	0	0	0	0	0	0	0	21.843	0	0	21.843	0	0	21.843	0	0	0	0	0	0	0	0	0	0	0	0	0	0	1529	65.529	21.843	0	0	0	0	0	0	0	0	0	393.18	0	0	0	0	0	0	0	0	0	0	262.12	0	0	0	0	0	152.9	0	0	0	0	131.06	15378	589.76	524.23	305.8	0	0	393.18	0	87.372	0	0	0	0	0	0	0	305.8	0	0	0	21.843	0	0	0	0	0	0	0	0	0	0	262.12	0	0	0	131.06	0	0	0	0	0	502.39	0	43.686	0	0	0	0	0	0	0	0	0	0	0	0	0	87.372	0	0	0	0	0	0	0	0	0	830.04	0	0	1354.3	0	0	0	0	0	0	0	109.22	0	0	0	0	0	0	764.51	0	0	0	4019.1	0	0	0	0	0	109.22	0	21.843	0	43.686	0	1157.7	0	0	0	0	0	0	0	65.529	0	0	0	0	0	830.04	0	0	0
L142_F11	PEP	0	0	0	0	0	0	0	58.545	0	0	29.272	497.63	731.81	87.817	278.09	0	1039.2	0	0	0	0	0	0	0	0	0	0	0	0	0	73.181	0	0	0	58.545	0	146.36	87.817	0	1536.8	0	0	0	0	0	29.272	0	336.63	453.72	0	0	14.636	0	0	219.54	1375.8	0	14.636	161	0	0	0	58.545	878.17	29.272	0	263.45	87.817	1536.8	29.272	0	102.45	43.908	0	14.636	0	307.36	14.636	0	0	1229.4	0	58.545	0	351.27	0	0	0	0	14.636	14.636	29.272	14.636	0	0	0	0	0	0	0	0	29.272	0	0	0	58.545	43.908	0	0	819.62	0	0	0	278.09	0	0	292.72	0	29.272	0	0	0	0	87.817	0	190.27	0	0	0	43.908	0	453.72	0	0	0	0	0	0	0	0	0	0	0	0	0	0	0	0	0	0	0	0	0	0	43.908	0	0	0	0	0	87.817	0	0	0	0	0	102.45	14.636	29.272	14.636	424.45	0	0	0	0	0	0	0	0	0	0	0	0	0	58.545	0	0	0	0	0	0	0	14.636	0	0	0	0	0	0	0	0	0	146.36	0	717.17	0	0	0	0	0	0	0	43.908	278.09	0	102.45	321.99	0	73.181	0	0	0	0	0	0	0	0	0	0	0	0	0	0	102.45	0	0	0	0	73.181	761.08	58.545	351.27	43.908	0	0	395.18	0	0	0	0	0	0	717.17	0	0	0	0	0	0	16480	0	0	878.17	0	161	0	439.08	0	0	0	87.817	0	0	0	0	0	0	0	0	0	0	0	248.81	0	0	424.45	0	0	0	0	658.63	380.54	0	0	0	0	0	0	0	87.817	321.99	0	0	0	0	0	0	0	0	0	0	0	0	248.81	0	0	0	0	0	0	0	58.545	58.545	14.636	0	0	0	14.636	0	0	0	0	0	44435	834.26	424.45	234.18	2224.7	0	526.9	0	409.81	0	0	0	0	0	0	0	0	0	0	0	482.99	0	761.08	0	0	0	0	0	0	0	0	0	2693.1	0	0	336.63	0	0	0	0	0	965.99	0	0	0	0	14.636	58.545	0	0	0	0	0	87.817	0	0	0	0	0	0	0	0	0	0	0	219.54	0	204.91	0	14.636	117.09	0	0	14.636	0	0	892.8	0	0	0	29.272	0	0	0	0	0	0	0	0	0	0	0	0	0	0	0	0	0	365.9	336.63	0	673.26	0	0	0	0	0	0	0	43.908	0	0	0	29.272	0	0	0	0	0
L142_A12	PEP	0	0	0	0	0	0	0	0	0	0	434.02	0	0	0	0	0	2856.1	0	0	0	0	0	0	0	0	0	0	0	0	490.02	42.002	0	0	0	56.003	0	70.004	0	0	0	0	0	0	0	14.001	0	28.001	294.02	126.01	0	0	0	0	0	84.004	112.01	0	0	224.01	0	14.001	0	0	854.04	14.001	0	84.004	3318.2	672.03	70.004	0	0	0	28.001	0	0	0	14.001	0	0	0	0	0	0	42.002	0	0	0	42.002	0	14.001	154.01	14.001	42.002	0	28.001	0	0	0	350.02	0	0	0	0	0	0	0	0	0	0	0	0	0	0	126.01	0	42.002	0	0	0	0	0	0	0	0	0	0	0	0	0	0	0	0	0	0	0	0	0	14.001	0	0	0	0	0	0	0	0	0	0	0	0	0	0	0	0	56.003	0	0	0	0	0	0	0	0	0	0	0	0	0	0	0	0	0	0	0	0	0	0	0	0	0	0	0	0	0	0	0	0	0	0	0	0	0	0	0	0	0	0	0	0	0	0	0	0	1078.1	0	0	14.001	0	0	0	0	0	168.01	0	0	0	0	560.03	0	0	0	0	0	0	0	0	0	126.01	364.02	0	0	0	0	0	0	0	0	0	5866.3	0	0	0	0	0	364.02	0	0	0	0	0	0	6860.3	0	0	0	0	42.002	0	2940.1	0	0	0	0	546.03	0	0	0	0	0	0	0	252.01	0	0	0	0	0	0	0	0	0	224.01	0	0	0	0	0	0	0	0	0	0	0	0	42.002	0	0	364.02	0	0	0	0	0	0	0	0	0	0	0	14.001	0	0	0	0	0	0	0	0	0	0	126.01	0	0	0	0	0	0	0	0	0	0	0	63115	994.05	6650.3	1050.1	1232.1	350.02	630.03	0	0	0	0	0	0	0	0	0	0	84.004	0	0	322.02	14.001	0	0	0	0	658.03	0	0	0	0	0	0	0	0	560.03	0	0	0	0	0	336.02	0	0	0	0	0	0	0	56.003	0	0	0	16577	0	0	0	0	0	0	0	70.004	0	56.003	0	0	1358.1	0	0	378.02	0	0	0	0	0	0	770.04	0	0	0	0	154.01	0	14.001	0	84.004	0	0	0	0	0	0	0	0	0	0	0	0	154.01	0	0	98.005	0	0	0	0	0	0	0	0	0	0	0	28.001	0	0	0	0	0
L142_F12	PEP	0	0	0	0	0	0	0	0	990.75	0	330.25	0	0	0	0	0	2972.3	330.25	0	0	0	0	0	0	330.25	0	660.5	0	1981.5	0	0	0	0	0	0	0	0	660.5	0	330.25	0	0	0	0	0	0	0	990.75	0	0	0	0	0	0	990.75	1651.3	330.25	0	10568	0	2311.8	0	0	5614.3	0	0	660.5	1651.3	1321	330.25	0	0	1651.3	330.25	0	0	2642	0	0	0	0	330.25	990.75	0	0	0	0	0	0	1321	0	660.5	0	660.5	0	0	0	0	0	0	0	0	0	0	0	0	0	0	0	0	0	0	0	660.5	0	0	0	0	0	0	0	0	0	0	0	0	0	0	0	0	0	0	0	0	0	0	0	0	0	0	0	0	0	0	0	0	0	0	0	0	0	0	0	0	0	0	0	0	0	0	0	0	0	0	0	0	0	0	0	0	0	0	0	0	0	0	0	0	0	0	0	0	0	0	0	0	0	0	0	0	0	0	0	0	0	0	0	0	0	0	0	0	0	0	0	0	0	0	0	0	0	0	0	0	0	0	0	0	0	0	0	0	0	0	0	0	0	0	0	0	0	990.75	0	0	0	0	0	0	0	1981.5	0	0	2642	0	0	0	0	0	0	0	0	0	0	0	0	0	0	0	0	0	0	0	0	0	0	0	0	0	0	0	0	0	330.25	0	0	0	0	0	0	0	0	0	0	0	0	0	0	0	330.25	0	0	0	0	0	0	0	0	0	990.75	660.5	0	0	0	0	0	0	0	0	0	0	0	2642	0	0	0	0	0	0	0	0	0	0	0	0	0	0	0	0	0	0	0	0	0	2972.3	0	0	0	0	0	0	0	0	0	0	0	0	0	0	0	0	0	0	0	0	0	0	0	0	0	0	0	0	0	0	0	0	0	0	0	0	0	0	0	0	0	0	0	0	0	0	0	0	660.5	0	0	0	0	0	0	0	0	0	0	0	0	0	660.5	0	0	0	0	0	0	0	0	0	0	0	0	0	0	0	0	0	0	0	0	0	0	0	0	0	0	0	0	0	0	0	0	0	0	0	0	0	2972.3	0	0	0	0	0	0	0	0	0	0	0	0	0	0	0	0	0
L226_F04	PEP	0	0	0	0	0	302.7	0	234.41	0	0	0.65662	266.59	0	0	0	0	0	0	0	0	0	0	1.3132	0	0	0	0	0.65662	0	0	0	0	1320.5	0	0	0	0	0.65662	900.23	164.15	0	0	0	0	321.09	76.825	265.27	1229.8	185.17	0	10.506	0	0	0	0.65662	0	0.65662	0	545	278.41	3.9397	1.3132	0	1134.6	0	0	0	0	0.65662	172.04	0	518.73	719	0	0	0	0	127.39	0	0	411.05	0	357.86	0	0	0	0	0	124.1	0	0	0	0	0	0	0	0	0	0	0	0	3.9397	0	0	0	0	0	0	0	0.65662	0	0	214.71	0	0.65662	0	0	1.3132	0.65662	0	569.95	0	0	263.96	351.95	0	0	0	0	0	0	283	0	0	0	0	0	0	0	0	629.7	0	173.35	0.65662	0	0.65662	0	0	0	0	0	0	0	0	0	214.06	0	0	0	0	0	0	0	0	0	0	0	0	0	0	237.7	0	0	0	0	0	0	0	0	3.9397	0	0	0	0	0.65662	0	0	0	0	0	0	0	0	0	0	0	0	0	0	0	0	0	0	0	1.9699	0	0	0	0	0	0	0	0.65662	0	0	0.65662	0	0	7.2228	1.3132	0	0	0	0	0	0	0	0	0	1.9699	0	0	0	0	0	0	0	0	475.39	11.163	0	0	106.37	0	0	146.43	0	1.3132	0	0	0	0	0	0	0	0	0	0	0	692.74	0	0	239.01	0	0.65662	0	334.22	0	0	0	0.65662	0	0	0	0	0	0	296.79	0	0	0	0	0	0	0	0	0	0	0	0	707.84	0	0.65662	0	0	0	0	0	302.7	0	0	0	0	0	0	0	0	0	0	0	165.47	0	0	0	0	0	0.65662	0	0	0	0	449.79	471.45	1575.9	0	0	0	0	0	0	0	0	0	24432	0	339.47	0	0	0	0	0	0	0	0	0	255.43	0	0	0	616.57	0	0	0	917.96	0	0	0	0	0	0	7.2228	0	0	0	0	388.72	0	0	452.41	0	499.03	0	0	0	269.21	124.76	0	0	0	0	0	0	366.39	0	0	0	0	0	0	0	0	0	0	0	0	0	179.26	0	0	0	296.79	738.04	0.65662	2.6265	1.9699	1.3132	0.65662	0.65662	0	1.9699	0	0	1.3132	0	65.662	0.65662	0	0.65662	0.65662	0	0	0	242.95	0	0.65662	0	0	0	3.2831	0	0	6.5662	32.831	0	37.427	0	0	0	271.84	0	0	0	0	0	0	0	0.65662	317.8	370.33	87.987	0	0
L226_C05	PEP	0	0.31438	149.33	0	0	0	0	0.31438	0	0	0	331.36	0	0	35.525	0	2977.8	0	136.76	0	0	0	0	0	356.51	0	0	0	0.62876	0	0	0	0.31438	0	0.31438	0	150.27	0	102.49	0	0	0	0	0	0.31438	0	0.94314	550.48	387	0	0	0	0	0	0.31438	0	0	0	0.31438	0.31438	82.367	0.31438	0	16.976	91.799	0	0	254.96	292.37	4.0869	0	309.66	1.8863	107.52	0	165.36	0	0.62876	0	0	281.37	295.83	41.812	0	53.13	86.14	0	0	0	0	0	0	306.83	0.94314	0	0.31438	0	0	0	0	0.62876	241.44	0	66.963	0	65.391	0	0	0	0.31438	0	0	0.31438	0	89.912	0	183.6	0	282.94	31.752	232.96	95.257	0	0	0	0	0.62876	0	0	0	122.92	0	0	0	0.31438	0	0	0	338.9	0.31438	0	0	0	0	0	0	0	0	0	0	0	0	0	0	189.88	122.29	0	0	0	0	0	0	0	0	0	0	0	0	0.31438	333.24	22.95	0	0	0	0	0	0	0	0	23.264	0	0	0	0	240.81	0	0	0	0	0	0	0	0	0	0	0	0	0	0	0	0	0	0	0	1112.3	0	0	0	0	0	105.63	0	0	67.277	0	72.307	0	0.62876	381.03	0.62876	0	0	0	0	0	0	0	0	592.29	491.06	0	0	0	0	0	0.31438	0	0	41.184	3.4582	0	287.34	1.2575	0	0	590.72	0	145.87	0	0	0	0	9013.9	0	0	0	0	0	0	196.8	0	0	934.33	0	1348.1	0	5.0301	0	0	5.9732	0	0	160.65	0	0	0	0	0	0	0	0	0	94.942	0	160.96	0	0	0	0	0	141.47	0	0	0	0	0	0	0	121.35	41.812	0	0	0	0	0	0	0	0	0	118.83	0	234.84	0	585.37	0	0	0	0	0	0	0	132.67	0	101.23	0	531.61	0	0	0	0	0	0	290.8	20086	676.23	0	291.11	2160.4	133.61	569.65	644.16	160.65	0	80.481	0	954.77	148.07	0	0	0	45.585	0	298.66	1394.3	0	0	0	0	0	0	0	98.4	0	112.23	124.49	0	0	0	987.46	22.007	122.92	0	0	0	127.32	0	0	0	0	112.55	97.143	0	16.033	0	0	0	0	0	0	0	0	0	0	72.936	0	8.1739	409.32	0	0	100.92	0	54.073	0	3.1438	0.62876	0.31438	1.5719	0	0.94314	616.81	0	0.31438	0	0.31438	310.92	0	0	0.31438	1.2575	0	0	0.31438	133.61	0	0.31438	0	0.31438	0	0.94314	0	0	198.06	0.94314	0	240.81	0	0	0	0.62876	0	0	0	0	0	0	0	0.94314	0	0.94314	0	0	0
L226_D05	PEP	0	0	0	0	0	0	0	14.851	0	0	0	648.51	0	11.551	1.6501	521.45	21.452	6.6006	0	0	0	0	0	0	0	0	0	0	1.6501	0	0	658.41	475.24	0	0	232.67	47.854	11.551	706.26	0	0	3.3003	0	0	4.9504	21.452	3.3003	4.9504	1417.5	0	0	1.6501	1.6501	0	165.01	0	19.802	1.6501	735.96	4.9504	29.703	9.9009	3.3003	184.82	539.6	3.3003	226.07	0	100.66	1513.2	3.3003	3.3003	1130.3	6.6006	1.6501	4.9504	11.551	405.93	0	0	4.9504	11.551	66.006	0	0	13.201	0	1.6501	4.9504	8.2507	3.3003	1.6501	1.6501	1.6501	0	0	0	0	0	1.6501	1.6501	9.9009	0	0	0	8.2507	4.9504	0	3.3003	21.452	0	0	0	0	0	1.6501	4.9504	0	433.99	0	4148.5	1.6501	0	3.3003	1.6501	0	1.6501	0	0	33.003	11.551	6.6006	0	0	23.102	0	3.3003	0	3.3003	3.3003	1.6501	0	3.3003	0	0	6.6006	8.2507	8.2507	1.6501	1.6501	1.6501	1.6501	0	0	0	18.152	1.6501	0	0	0	0	0	0	384.48	1.6501	1.6501	13.201	4.9504	570.95	1.6501	11.551	0	67.656	0	4.9504	6.6006	0	1.6501	3.3003	6.6006	0	0	0	0	3.3003	1.6501	3.3003	0	0	3.3003	0	0	1.6501	1.6501	0	0	4.9504	3.3003	0	0	0	0	0	0	0	0	0	0	0	0	209.57	0	186.47	0	0	0	0	0	0	0	0	0	0	0	0	0	0	0	0	0	924.08	0	0	0	0	0	0	0	0	630.35	0	0	0	0	0	4.9504	0	620.45	0	0	815.17	0	0	0	0	0	0	1876.2	0	0	0	0	585.8	0	592.4	0	0	0	0	0	0	0	0	661.71	0	0	0	0	0	0	163.36	0	617.15	0	0	0	0	11.551	0	0	0	0	12556	0	0	0	0	0	0	169.96	0	0	0	0	0	0	0	33.003	0	0	0	0	0	0	0	0	0	0	0	0	0	0	1.6501	3.3003	0	3.3003	0	0	0	0	0	3.3003	0	0	0	0	400.98	0	0	1382.8	0	0	0	0	0	0	0	0	0	0	0	0	0	0	0	0	0	0	0	0	0	0	0	0	0	0	0	0	0	0	0	0	0	0	0	0	0	0	0	1432.3	0	0	0	0	0	0	0	0	0	1.6501	8.2507	0	0	0	0	0	1.6501	0	0	161.71	0	0	0	0	0	0	0	0	0	0	0	0	0	0	202.97	0	0	0	0	0	0	0	0	0	0	0	0	0	0	0	0	145.21	719.46	0	3.3003	0	0	0	0	0	0	0	1199.7	0	0	0	0	0	257.42	0	0	0
L226_F11	PEP	0	0	0	0	0	29.889	0	1054.7	0	0	0	447.18	0	371.48	228.25	0	89.28	0	0	0	0	0	0.77635	0	0	0	0	0	532.19	0	0.38818	0	368.38	0	423.89	0	1.9409	0	0.38818	1422.3	0	0	0	0	107.14	0	588.86	182.83	316.36	29.889	0	0	0	0	1822.1	0.38818	1.1645	107.14	485.22	6.2108	0.38818	118.39	1.5527	1077.2	104.03	0.38818	158.76	90.833	4300.6	0	0	218.15	3666.7	154.49	0	1690.9	647.86	90.833	0	0	264.35	0.77635	810.51	0	123.05	78.8	2.3291	0	271.72	15.139	0	0	0	35.324	0	0	0	212.33	0	0.38818	32.219	0.38818	0	107.14	0	151.39	346.25	0	0.38818	0	0	54.345	0.38818	0	0	0	160.32	0	184.77	69.483	0	0	0	152.16	0	0	0	0	0	0	63.661	64.825	0	0	0	0.38818	3.1054	0	53.956	422.72	223.98	0	395.16	0	0	0.77635	0	0	0	133.53	0	0	0	0	0	0.77635	0	0	0	0	190.59	0	0	464.65	0	0	53.18	0	0.38818	3.4936	258.52	0	0	0	183.99	253.09	0	0	0	71.036	0	0	0	0	0	0	0	0	0	0	0	0	0	0	0	0	0	0	587.7	0	0	0	0	0	1.5527	0	0	0	41.147	0	0	0	177.4	116.45	0	0	0	0	0	0	0	0	0	0	0	0	0	0	0	0	0	0	0	0	0	0	0	0	0	2125.3	0	109.47	878.44	0	0	1176.9	0	0.77635	0	0	0	0	122.66	0	0	0	0	0	0	166.92	0	0	0	0	0	265.12	0	0	0	0	0	0	0	0	0	0	0	1.1645	0	0	0	0	0	0	0	0	0	0	0	0	71.424	0	0	0	0	0	0	0	590.8	215.05	0	0	0	0	0	0	0	0	0	0	0	0	0	0	0	0	0	0	0	0	0	88.116	0	468.92	0	207.29	0	48.91	0	0	0	0	50.463	2630.3	310.93	1691.3	75.694	0	0	0	0	0	0	0	0	258.91	0	225.14	0	604.39	0	0	0	364.89	0	0	0	0	0	0	1024.8	0	0	0	0	0	0	0	336.55	17.08	0	0	0	0	164.98	78.411	0	0	0	127.71	0	0	0	0	0	0	0	0	0	0	0	0	0	0	0	0	0	0	0	76.859	313.65	0	0	0	0	0.77635	0	0	0	0	0	92.774	0	0	0	0	0	0	304.33	0	0	303.94	1388.9	0	0	0	0	0	0	1.5527	0	135.47	0	0	1.5527	0	0	0	2.7172	0	0	0	108.3	0	0	0	0	0	466.59	0	0	0
L227_G05	PEP	0	0	560.12	0	0	0	0	207.9	0	0	116.67	70.222	50.87	0	154.82	0	194.63	0	117.22	141.55	0	0	57.505	0	0	0	0	0	0	1.1059	0	0	570.07	0	0	0	193.53	0	317.38	405.3	0	0	0	0	128.28	43.129	0	497.64	523.07	0	0	0	0	72.987	0.55293	0	0	0	768.02	0	68.563	0	0	562.88	239.42	0	43.682	0	3568.1	134.36	0	152.06	241.63	0	0	647.48	850.96	0	104.5	0	272.6	0	127.73	0	232.78	142.66	0	0	0	3.3176	0	0	69.669	0	0	0	0	0	0	25.988	0	0	0	0	0	40.364	96.21	0	0	723.23	0	0	0	91.787	0	87.363	398.66	0	261.54	34.282	0	138.23	0	227.81	82.94	0	0	0	0	0	0	0	0	0	0	0	0	0	44.787	31.517	0.55293	0	40.917	0	0	79.622	116.12	0	0	0	0	0	0	0	4.4234	0	0	0	0	0	0	0	110.03	165.33	0	0	11.059	0	0	3.8705	75.199	0	0	0	0	0	0	0	0	36.493	0	0	0	0	173.62	0	0	0	0	0	0	0	0	0	0	0	0	157.03	0	0	0	0	0	0	382.08	0	0	0	87.363	0	0	0	30.964	0	0	147.63	0	0	0	0	130.49	0	0	0	0	0	0	0	0	0	0	0	0	30.411	0	0	0	0	0	483.82	110.59	0	0	0	0	86.81	0	0	0	0	0	0	3484.6	0	0	0	0	0	0	734.85	0	0	175.83	0	0	0	97.316	0	51.975	110.59	0	0	457.83	0	0	0	0	0	0	0	0	0	438.48	0	0	129.39	0	0	0	0	601.59	0	0	0	0	99.528	0	0	740.93	64.693	0	0	0	0	0	0	0	0	0	0	50.87	75.199	0	962.65	0	0	0	0	0	0	0	397.56	86.81	823.87	0	77.963	0	367.15	0	0	0	0	38.705	12106	1166.7	629.79	41.47	937.22	0	747.01	0	0	0	915.65	1408.3	156.48	0	322.36	0	0	0	0	94.551	479.94	0	239.42	0	40.364	0	0	0	0	0	0	0	2.2117	89.022	0	310.19	27.647	81.281	0	0	0	960.99	0	0	0	0	159.24	0	0	627.58	0	0	0	0	0	0	0	0	0	0	0	30.411	0	0	0	53.634	64.693	115.01	68.01	0	0	0	1.1059	0	0	0	1633.4	0	0	0	34.282	0	0	0	0	0.55293	0	0	0	368.25	0	0	0	0	6.6352	0	0	0	478.29	0	0	282.55	0	0	0	0	0	0	0	378.76	0	0	0	0	190.76	0	0	0	0
L227_A07	PEP	0	0	0	0	0	0	0	0	0	0	633.91	0	0	0	0	0	2.9901	0	941.89	0	0	0	0	0	3390.8	0	0	0	0	0	0	0	0	0	0	0	0	0	0	0	0	0	0	0	0	0	0	589.05	239.21	0	0	0	0	0	0	0	0	0	2520.7	0	0	0	0	1157.2	0	0	0	1886.8	0	0	0	0	0	0	0	0	0	0	0	0	0	0	0	0	0	1025.6	0	0	0	0	0	0	0	0	0	0	0	0	0	0	0	0	0	0	0	0	0	0	0	0	0	0	0	0	0	0	565.13	0	0	0	645.86	0	0	0	0	0	0	0	0	5.9802	0	0	0	0	0	0	0	0	0	0	0	0	0	0	0	0	0	0	0	0	0	0	0	0	0	0	0	0	0	0	0	0	0	0	0	0	0	0	0	0	149.51	0	0	0	0	0	0	0	0	0	0	0	0	0	2.9901	0	0	0	0	0	0	0	0	0	0	0	0	0	0	0	0	0	0	0	1988.4	2.9901	0	738.56	0	0	0	0	2.9901	0	0	0	0	0	5.9802	481.41	0	0	0	0	0	0	0	0	2.9901	248.18	0	0	0	0	0	5.9802	0	0	0	6802.5	0	0	0	0	0	909	0	0	0	0	0	0	1785.1	0	0	0	0	0	0	956.84	0	0	0	0	1372.5	0	0	0	0	2.9901	0	0	0	0	0	0	0	0	0	0	0	0	0	0	0	0	0	388.71	0	0	0	0	0	0	0	0	0	0	517.29	32.891	0	0	0	0	0	0	0	0	0	0	0	0	0	0	0	0	0	0	0	0	0	0	0	2.9901	0	0	0	328.91	0	0	0	0	0	4201.1	0	0	0	0	0	2972.2	0	0	0	732.58	0	316.95	0	1901.7	0	0	0	0	2347.2	1985.4	0	0	0	0	0	0	0	0	0	0	0	0	0	0	0	23.921	275.09	0	0	0	1788.1	0	0	0	0	0	0	0	355.82	0	0	0	0	0	0	0	0	0	0	0	0	0	0	0	0	0	0	0	0	0	0	0	0	0	0	0	0	0	0	0	0	0	0	0	0	0	0	0	0	0	0	0	0	0	0	0	0	1136.2	0	0	795.37	0	0	0	0	0	0	0	2.9901	0	0	0	0	0	0	0	0	0
L227_C08	PEP	0	0	0	0	0	0	0	0	0	0	576.78	0	0	0	0	0	363.98	0	733.57	0	0	0	0	0	0	0	0	0	0	0	0	0	0	0	0	0	0	0	478.78	0	0	0	0	0	5.5998	0	0	2.7999	2839.1	0	0	0	0	0	467.58	2.7999	0	0	1755.5	0	1847.9	2.7999	0	0	0	0	0	162.39	0	0	0	131.59	243.59	0	0	1237.6	0	0	0	0	0	0	0	0	0	0	0	0	0	44.798	0	0	13.999	0	0	0	0	0	0	0	0	0	0	0	0	0	0	0	0	92.396	0	0	0	148.39	0	0	1472.7	0	377.98	0	0	0	0	0	0	0	0	0	0	5.5998	0	0	0	0	0	0	0	0	0	0	0	0	0	0	0	0	0	0	0	0	0	0	0	0	0	957.56	0	0	0	0	0	0	0	0	237.99	0	2.7999	5.5998	0	0	0	0	0	0	0	145.59	0	0	0	0	0	0	0	0	0	0	0	0	0	0	0	0	0	0	0	0	0	0	0	0	0	0	0	0	895.96	0	0	0	0	0	0	0	11.2	0	0	352.79	0	0	271.59	344.39	0	0	0	0	0	0	0	0	1618.3	1962.7	0	0	0	0	0	0	0	0	151.19	25.199	0	0	0	0	0	884.76	0	0	0	0	0	0	3611.9	0	0	0	0	0	0	865.16	0	0	282.79	0	0	0	1447.5	0	0	0	0	0	279.99	0	0	0	0	0	0	0	0	0	627.17	0	0	0	0	0	0	0	0	0	0	0	0	0	0	0	2007.5	0	0	0	0	0	0	0	0	0	0	0	2.7999	442.38	0	0	0	0	0	0	0	0	0	151.19	0	229.59	0	0	0	408.78	0	0	0	0	249.19	19020	2783.1	0	865.16	307.99	1755.5	16.799	0	123.19	0	2262.3	0	0	0	0	0	0	0	0	2192.3	2116.7	0	0	0	0	0	523.58	0	0	0	0	0	0	0	0	0	212.79	0	0	109.19	0	123.19	0	4113	0	0	677.57	0	0	0	0	0	0	0	0	0	0	268.79	0	0	0	0	0	0	0	0	484.38	0	0	0	2.7999	0	0	0	0	0	2.7999	0	0	0	0	0	0	0	0	0	0	0	2.7999	0	0	0	0	2.7999	0	0	0	0	2.7999	0	0	36.398	0	0	0	0	0	0	0	0	0	0	0	0	209.99	0	0	0	0
L227_G08	PEP	0	0	0	0	0	0	0	0	0	0	667.13	0	0	0	0	0	0	0	0	0	0	0	0	0	0	0	0	0	0	0	0	0	0	0	0	0	0	0	0	0	0	0	0	0	0	0	0	0	0	0	0	0	0	0	0	0	0	0	0	0	0	0	0	0	0	0	0	0	0	0	0	0	1078.5	0	0	0	0	0	0	0	0	0	0	0	0	0	0	0	0	22.237	0	0	0	0	0	0	0	0	0	0	0	0	0	0	0	0	0	0	0	0	0	0	0	0	0	0	0	0	11.119	0	0	0	0	0	0	0	0	0	0	0	0	0	0	0	0	0	0	0	0	0	0	0	0	0	0	11.119	0	0	0	0	0	0	0	0	0	0	0	0	0	0	0	0	0	0	0	0	0	0	0	0	0	0	0	0	0	0	0	0	0	0	0	0	0	0	0	0	0	0	0	0	0	0	0	0	0	0	533.7	0	0	0	0	0	0	0	4547.6	0	0	2168.2	0	0	0	0	0	0	0	0	0	0	11.119	22.237	0	0	0	0	0	0	0	0	0	0	0	0	0	0	0	0	0	0	0	15199	8138.9	0	22.237	0	0	0	0	0	0	0	0	0	0	0	0	0	0	0	0	0	0	0	0	0	0	0	0	0	0	0	0	0	0	0	0	0	0	0	0	0	0	0	0	0	0	0	0	1767.9	0	0	0	489.23	0	1489.9	0	0	0	0	88.95	1312	0	0	0	0	0	0	0	0	0	0	0	0	0	0	0	0	0	0	0	0	0	711.6	0	0	0	0	0	0	0	0	0	0	911.74	0	0	0	0	0	0	0	0	0	0	0	0	0	0	0	0	0	0	0	0	0	0	0	0	0	0	0	0	0	0	0	0	0	0	0	0	0	0	0	0	0	355.8	0	0	0	0	0	0	0	0	0	0	0	0	0	0	0	0	0	0	0	0	0	0	0	0	0	0	0	0	0	0	0	0	0	0	0	0	0	0	0	0	0	0	0	0	0	0	11.119	0	0	0	0	0	0	0	0	0	11.119	11.119	0	2646.3	0	0	0	0	0	0	0	0	0	0	0	0	0	0	0	0	0
L227_A09	PEP	0	0	0	0	0	0	0	0	0	0	1019.6	0	0	3089.3	0	0	0	0	0	0	0	0	0	0	0	0	0	0	0	24.277	0	0	0	0	12.139	0	0	0	0	0	0	0	0	0	0	0	0	0	0	0	0	0	0	0	0	0	1104.6	0	260.98	5092.1	0	0	0	1984.6	0	0	0	8078.2	169.94	36.416	0	0	1620.5	0	0	0	4685.5	546.23	0	0	0	0	12.139	0	0	0	0	0	0	0	0	236.7	0	0	0	0	0	0	0	0	1365.6	0	0	0	0	0	752.59	0	0	0	0	0	0	0	0	0	0	0	0	0	0	0	0	0	0	0	873.97	0	0	0	0	0	0	0	0	0	0	0	0	0	0	0	0	0	0	886.11	0	0	0	0	0	0	0	0	0	0	0	0	0	0	0	0	0	0	0	0	0	0	0	0	0	0	0	0	0	0	0	0	0	0	0	0	0	0	0	0	0	0	0	0	0	0	0	0	0	0	0	0	2300.3	0	0	0	0	0	0	0	0	0	0	0	0	0	0	0	0	0	0	0	0	12.139	0	0	0	0	0	0	0	0	0	0	0	0	0	0	0	6.0693	0	0	0	1863.3	0	0	0	6.0693	0	831.49	0	0	0	0	0	0	0	0	0	0	0	0	0	0	0	0	0	0	0	0	0	0	0	0	0	0	0	0	0	0	0	0	0	0	0	0	0	0	0	0	0	0	0	0	0	0	0	0	0	0	0	0	0	0	0	0	0	0	0	0	0	0	0	0	0	0	0	0	0	0	0	0	0	0	0	0	0	0	0	0	0	315.6	0	0	0	0	0	36.416	0	0	0	0	0	0	0	0	0	12.139	0	0	0	0	0	0	0	0	0	2494.5	0	0	0	0	0	0	0	0	0	0	0	0	0	0	0	0	0	0	0	0	0	0	0	0	0	0	0	0	6.0693	0	0	0	0	0	0	0	0	0	0	0	0	0	0	0	0	0	0	6.0693	0	6.0693	12.139	0	0	0	0	0	0	0	0	0	0	0	0	0	0	0	0	455.19	0	0	0	0	0	0	6.0693	0	0	18.208	0	0	12.139	0	0	0	0	0	0	0	0	0	0	0	0	0	5911.5	0	0	0
L227_B11	PEP	0	0	0	0	0	0	2703.7	1612	0	0	0	0	0	0	0	0	0	2183.2	0	0	0	0	0	0	0	0	0	0	0	12.693	0	0	0	0	0	0	12.693	0	0	0	0	0	0	0	0	0	0	0	203.09	0	0	0	0	0	12.693	0	0	0	533.12	0	0	0	0	12.693	0	0	0	0	9189.9	101.55	0	0	2805.2	0	0	0	0	0	0	0	0	0	0	0	0	0	0	0	0	0	0	0	0	0	0	0	0	0	0	0	342.72	12.693	0	0	0	0	0	0	0	0	0	0	0	0	0	0	0	0	0	0	0	0	0	964.69	0	0	0	0	0	38.08	0	1688.2	0	0	0	0	1840.5	0	0	0	0	0	0	0	0	0	0	0	0	0	0	4201.5	0	0	0	0	0	0	0	0	0	0	0	0	0	0	0	0	12.693	0	0	0	0	0	0	0	0	0	0	0	0	0	0	0	0	0	0	0	0	0	0	0	0	0	0	0	0	0	0	0	0	0	0	0	1853.2	0	0	0	0	0	0	0	0	0	0	0	0	0	0	0	0	0	0	0	0	0	0	0	0	0	0	0	0	0	0	0	0	0	0	0	0	0	1586.7	0	0	0	0	0	0	0	0	0	0	0	0	0	0	0	0	0	0	0	0	0	0	0	647.36	0	0	0	0	0	0	0	0	0	0	0	0	0	0	0	0	0	0	0	0	0	0	0	2043.6	0	0	0	0	0	0	0	1904	0	0	0	0	0	0	0	0	0	0	0	0	0	0	0	0	0	0	0	0	0	0	0	12.693	0	0	0	0	0	0	0	0	0	0	12389	1599.3	0	0	0	0	0	0	0	0	0	0	0	0	0	0	0	0	0	0	330.02	0	0	0	0	0	0	0	0	0	0	0	0	0	0	0	0	0	0	0	0	0	0	0	0	0	0	0	0	0	0	0	0	0	0	0	0	0	0	0	0	0	0	0	0	0	0	0	0	0	0	0	0	0	0	0	7260.5	0	0	0	0	0	0	0	0	0	0	0	0	152.32	0	0	0	0	0	0	0	0	0	0	0	25.386	0	0	0	0	0	0	0	0	0	0	0	0	1891.3	0	0	0	0
L227_B12	PEP	0	0	193.52	0	0	0	0	95.754	0	0	120.95	0	0	0	0	0	2850.4	0	0	0	0	0	0	0	1513.9	0	0	0	1.0079	480.79	880.94	0	0	0	0	0	0	0	430.39	0	0	0	0	0	0	0	0	698.5	491.87	0	0	0	0	0	0	0	0	0	413.25	0	235.86	0	0	216.71	0	0	141.11	619.88	0	0	0	263.07	0	78.619	0	3.0238	0	3.0238	0	0	307.42	0	0	0	330.6	1.0079	0	0	0	0	0	0	0	91.722	0	0	0	0	0	0	0	355.8	0	0	0	38.301	0	0	0	755.95	0	0	110.87	0	0	0	951.49	0	0	0	0	0	0	0	0	0	0	0	0	0	0	0	0	0	0	0	0	0	0	2.0159	0	0	0	0	0	0	0	0	0	208.64	0	0	0	0	0	148.17	0	0	0	0	0	0	0	1.0079	0	0	0	0	343.71	0	55.437	0	0	0	0	0	0	0	0	0	82.651	0	0	0	0	0	0	0	0	0	0	0	0	0	0	0	0	0	0	0	0	0	110.87	0	1647	0	0	0	0	0	0	0	5.0397	86.683	0	319.52	0	0	378.98	1672.2	0	0	0	0	0	0	0	0	320.52	0	220.74	0	0	0	0	0	0	0	76.603	146.15	225.78	0	0	77.611	0	444.5	0	0	0	0	0	0	14078	0	0	0	0	0	0	358.83	0	0	525.13	220.74	1461.5	0	311.45	46.365	0	573.52	0	0	173.37	0	0	0	0	269.12	0	0	0	0	1361.7	0	112.89	0	0	308.43	0	0	371.93	0	0	0	0	0	0	0	579.56	0	0	0	0	0	0	0	0	0	0	0	0	498.93	0	343.71	0	0	0	0	0	0	0	301.37	0	128.01	0	0	0	326.57	0	0	0	0	52.413	32304	500.94	304.4	1256.9	136.07	0	651.13	175.38	339.67	0	124.98	0	378.98	0	0	0	0	511.02	0	620.89	476.75	0	0	0	0	0	185.46	0	241.9	0	0	0	155.22	0	0	454.58	0	0	0	0	0	1081.5	0	0	0	0	215.7	174.37	0	0	0	0	0	0	0	0	0	0	0	0	200.58	0	146.15	4.0317	0	0	0	154.21	0	107.85	1.0079	0	0	0	0	0	867.83	0	0	0	0	0	0	0	0	102.81	0	0	0	0	0	0	0	0	0	0	0	0	748.9	0	0	210.66	0	0	0	0	0	0	0	0	0	0	0	0	1.0079	0	0	0	0
L228_D02	PEP	0	0	0	0	0	0	0	0	0	0	0	880.47	0	0	0	0	66.242	0	0	0	0	0	0	0	0	0	0	0	0	0	0	0	0	0	0	0	2.7601	0	0	0	2.7601	0	0	0	5.5202	0	0	621.02	0	0	0	0	0	0	0	0	0	0	35.881	0	11.04	0	0	0	1048.8	0	0	0	4540.4	0	0	0	0	0	0	0	0	298.09	0	0	273.25	0	761.79	0	0	0	0	0	540.98	0	0	0	8.2803	0	0	0	0	0	0	0	0	0	0	0	0	0	0	0	0	0	0	0	0	0	0	0	1162	0	0	0	0	1046.1	0	0	0	0	0	0	0	0	0	2.7601	0	0	0	0	0	0	71.762	0	0	0	0	0	0	0	2.7601	0	0	0	0	0	0	0	0	400.21	0	0	0	0	0	0	734.19	0	0	0	0	0	0	284.29	212.53	0	0	0	0	0	0	0	0	0	0	0	0	0	0	0	0	0	0	2.7601	0	0	770.07	0	0	0	0	0	0	0	0	0	0	0	2451	0	0	0	270.49	0	0	0	0	0	0	0	0	0	0	0	0	0	0	0	0	0	0	0	5.5202	333.97	0	0	0	0	0	0	0	0	0	30.361	1614.7	0	0	0	0	281.53	0	0	0	0	0	0	3980.1	0	0	0	0	0	0	0	0	0	0	0	0	0	717.63	0	0	0	0	0	0	0	0	0	0	0	0	0	0	0	0	0	0	0	0	0	0	0	281.53	0	0	0	0	0	0	0	259.45	736.95	0	0	0	0	0	0	0	0	0	0	0	0	0	311.89	0	0	0	0	0	0	0	0	0	0	0	0	0	347.77	0	0	0	0	0	3858.6	19.321	0	0	1534.6	126.96	441.62	552.02	0	0	554.78	0	0	0	0	0	0	0	0	187.69	0	1454.6	0	0	0	0	0	0	0	0	0	0	0	0	0	0	0	0	0	0	0	0	0	0	0	0	0	0	0	0	0	0	0	0	0	0	0	0	0	0	0	0	0	11.04	0	811.47	0	0	0	0	0	0	0	0	0	0	1065.4	0	0	0	0	0	0	0	0	0	0	0	0	0	0	0	0	0	0	0	0	0	452.66	0	0	905.31	0	0	0	0	0	0	0	0	0	0	0	0	0	0	0	0	0
L228_D03	PEP	0.7997	0	0.7997	1.5994	0	2.3991	0	5.5979	0	0	1.5994	125.55	0	14.395	0	0	1345.9	0	171.13	0	0	0	0.7997	0	802.1	0	0	8.7967	142.35	0	0	0	232.71	0	6.3976	0	17.593	0	11.196	9.5964	0	0.7997	0	0	2.3991	0	7.997	299.89	504.61	0	0	0	2.3991	0	775.71	0	11.196	4.7982	275.1	3.1988	228.71	3.1988	0.7997	336.67	1.5994	3.1988	11.196	778.11	5718.6	1.5994	0.7997	269.5	19.992	0.7997	0.7997	0	745.32	1.5994	0	0	387.85	4.7982	22.392	2.3991	4.7982	0.7997	0	0	0	164.74	0	0	1.5994	0.7997	0	0	0	0	0	0	4.7982	4.7982	0	0	0	0	0	0	0	11.995	0	0	3.1988	0.7997	1.5994	19.193	3162	255.1	578.18	5.5979	11.196	377.46	0	0	189.53	0	0	0	0	0.7997	0	0	0	0	0	0	0	0	190.33	0	0.7997	0	130.35	6.3976	0	143.15	8.7967	0	0	168.74	0	0.7997	0.7997	0	0	289.49	0	0	0	0	612.57	0	1367.5	0	0	0	0.7997	0	3.9985	230.31	0	0	11.196	0	0	38.386	0	0	0	135.95	0	0	0	0	0	0	0	0	0	0	0	0	0	0	0	0	0	255.1	0	0	0	0	5.5979	0.7997	1689.8	0	0	0	107.96	0	3.1988	0	0	98.363	0	0	0	0	0.7997	0	3.1988	0	0	0	0	0	0	0	5.5979	267.1	304.68	0	0	0.7997	0	7.997	0	0	152.74	630.96	0	0	5.5979	0	0	471.02	0	0	0	0	0	0	3260.4	0	0	0	0	0	0	310.28	0	0	456.63	0	533.4	11.196	403.05	0	0	0	0	0	540.59	0	2.3991	0	0	65.575	0	0	0.7997	0	249.51	0	75.172	0	0	103.16	0	0	191.13	0	0	0	0	0	0	0	343.07	436.64	0	0	0	0	0	0	0	0	0	149.54	107.16	0	0	0	0	0	0	0	2.3991	0	0	175.93	97.563	352.67	0	3.9985	0	2.3991	0	0	0	0.7997	100.76	13935	117.56	274.3	1068.4	265.5	0	976.43	74.372	0	0	0	0	39.985	0	0	0	0	0	0	101.56	812.49	412.64	0	0	0	0	710.93	0	0	144.74	0	0	0	0	0	340.67	135.95	164.74	0	35.986	0	14.395	0	0	0	0	0.7997	339.87	0	27.19	0	0	0	0	0	0	0	0	0	0	3.1988	0	83.968	122.35	0	0	238.31	197.52	113.56	52.78	3.1988	0	0.7997	13.595	0	0	90.366	3.9985	0	4.7982	3.1988	11.995	0	0	0	363.06	0	0	4.7982	3.1988	3.1988	0.7997	0	0	0	11.995	5.5979	0	229.51	1.5994	0	109.56	0	0	0	2.3991	0	0	0	0	7.997	0	0	7.997	0	2.3991	0	0	0.7997
L228_A06	PEP	0	0	6.3415	0	0	0	0	6.3415	0	0	0	0	14.268	0	233.05	0	911.59	0	0	0	0	0	0	0	421.71	0	0	0	0	0	4.7561	0	6.3415	0	0	0	1.5854	0	0	0	0	0	0	0	0	0	0	239.39	244.15	0	0	0	0	0	402.68	0	0	0	0	0	263.17	0	0	1043.2	0	0	0	345.61	548.54	0	17.439	0	4.7561	0	0	0	44.39	0	0	0	1515.6	0	3.1707	0	0	0	0	0	0	0	0	0	0	0	0	0	0	0	0	683.29	0	0	0	0	0	0	0	0	0	0	0	1.5854	0	0	0	0	3923.8	0	209.27	0	0	0	0	0	0	0	0	0	0	0	0	0	0	0	0	0	0	0	0	0	0	0	0	0	0	0	7.9268	0	0	0	0	0	0	0	515.24	0	0	0	0	0	669.03	0	0	0	0	0	0	0	0	0	187.07	0	0	0	0	0	0	0	0	0	0	0	0	0	0	0	0	0	0	0	0	0	0	0	0	0	0	0	0	0	0	0	0	0	1281	0	0	0	0	0	0	0	0	399.51	0	0	0	0	358.29	952.81	0	0	0	0	0	0	0	0	575.49	285.37	0	0	0	0	0	0	0	0	494.64	1238.2	621.47	0	0	0	0	474.02	0	0	4.7561	0	15.854	0	4125.1	0	0	0	0	0	0	193.41	0	0	0	0	1086	768.9	405.85	0	1057.4	364.64	794.27	0	0	0	0	0	0	0	0	0	0	7.9268	0	0	0	0	0	237.8	0	0	202.93	0	0	0	0	0	0	0	223.54	0	0	0	0	0	0	0	95.122	0	0	0	0	426.46	0	0	0	0	0	4.7561	0	0	0	0	0	416.95	0	0	0	623.05	0	0	0	0	1035.3	12480	0	0	1544.2	1155.7	0	0	350.37	137.93	0	497.81	0	0	0	0	0	0	0	0	0	0	0	0	0	0	0	0	0	0	0	0	0	22.195	0	0	0	1.5854	0	0	434.39	0	1105	0	0	0	0	0	0	0	0	0	0	0	0	0	0	0	827.56	0	0	0	0	0	3.1707	0	1.5854	0	0	336.1	0	0	0	0	0	0	0	0	0	0	0	0	0	0	0	0	0	0	0	0	0	6.3415	0	0	0	0	0	0	0	697.56	14.268	0	6.3415	0	0	0	0	0	0	0	0	0	0	0	0	269.51	0	0	0	0
L128_H03	PEP	0	0	0	332.67	0	0	0	166.33	0	0	0	0	0	3160.4	0	0	1497	0	0	0	0	0	0	0	166.33	0	0	0	0	0	0	0	0	0	332.67	0	998	0	831.67	166.33	0	0	0	0	0	332.67	166.33	1996	166.33	0	0	0	0	0	1829.7	998	998	1497	2328.7	166.33	166.33	0	499	2162.3	0	0	665.34	2495	0	0	0	166.33	4324.7	332.67	0	0	166.33	499	0	0	998	166.33	998	0	0	0	0	0	831.67	166.33	0	0	0	332.67	0	0	166.33	0	1497	0	0	1164.3	0	0	0	0	0	0	499	998	0	0	0	499	0	0	332.67	166.33	998	0	499	0	0	0	0	0	0	0	0	166.33	0	0	0	0	0	0	998	0	0	166.33	0	0	332.67	0	0	0	0	0	0	0	0	0	0	0	0	0	0	0	0	0	0	0	0	0	0	0	0	0	166.33	0	0	0	0	0	0	0	0	0	0	0	0	0	332.67	0	0	0	0	0	0	0	0	0	0	0	0	0	0	0	0	0	0	0	166.33	0	665.34	0	0	0	0	0	0	0	166.33	0	0	0	0	0	166.33	166.33	0	0	0	0	0	0	0	0	1164.3	1663.3	499	0	0	0	0	0	0	0	166.33	4657.4	0	0	0	0	0	0	0	0	0	0	0	0	6487	0	0	0	0	0	0	665.34	0	0	166.33	0	0	831.67	665.34	0	0	0	0	0	0	0	0	0	0	0	0	0	0	0	166.33	0	0	0	0	0	0	0	0	0	0	0	0	0	0	0	831.67	0	0	0	0	0	0	0	0	0	0	0	0	0	0	0	0	831.67	0	0	0	0	0	332.67	0	0	0	0	0	0	0	0	0	0	0	0	0	0	0	0	0	0	0	0	0	499	0	0	0	0	0	0	0	0	0	0	0	0	0	0	0	332.67	0	0	0	0	0	0	0	0	0	166.33	0	0	0	0	665.34	0	0	166.33	0	499	166.33	0	1164.3	0	166.33	332.67	0	166.33	0	0	831.67	166.33	0	0	0	0	831.67	166.33	0	332.67	831.67	332.67	0	0	0	0	0	0	0	0	0	0	0	0	0	0	0	0	0	0	0	0	0	0	0	0	0	0	332.67	0	0	0	0	0	166.33	0	0	0	0	0	0	0	0	0	0	0	166.33	0	0	0	0	0
L128_A09	PEP	0	0	0	950.38	0	0	0	256.86	0	0	256.86	0	0	1643.9	25.686	0	2183.3	25.686	154.12	0	0	25.686	0	25.686	77.057	0	0	0	102.74	25.686	25.686	0	179.8	25.686	539.4	77.057	1720.9	25.686	693.52	616.46	25.686	0	0	0	77.057	25.686	77.057	1618.2	333.92	0	0	0	0	0	924.69	1078.8	770.57	205.49	2054.9	488.03	410.97	102.74	231.17	3390.5	0	0	205.49	6678.3	51.372	0	0	719.2	1746.6	488.03	0	0	436.66	231.17	0	0	308.23	77.057	899	0	102.74	179.8	0	128.43	231.17	128.43	0	51.372	51.372	333.92	0	0	128.43	0	410.97	154.12	0	744.89	0	25.686	0	25.686	282.54	0	436.66	873.32	0	0	102.74	616.46	154.12	77.057	744.89	308.23	616.46	0	179.8	821.95	0	51.372	128.43	179.8	51.372	0	0	0	25.686	51.372	0	0	51.372	0	102.74	0	0	0	0	0	51.372	0	0	0	0	0	0	0	0	0	0	0	0	179.8	0	0	0	0	0	0	0	0	0	0	102.74	0	128.43	410.97	0	0	0	0	0	0	0	0	0	25.686	0	0	0	0	154.12	0	0	0	0	0	0	128.43	0	0	0	0	0	0	0	0	0	0	77.057	0	590.77	0	0	0	0	0	77.057	0	51.372	0	0	462.35	0	0	205.49	385.29	0	0	0	0	0	0	0	0	770.57	847.63	25.686	0	0	51.372	0	0	0	0	77.057	5882	179.8	25.686	25.686	0	0	1027.4	0	0	0	0	0	0	9709.2	0	0	0	0	0	0	1515.5	0	0	0	25.686	0	796.26	333.92	847.63	0	0	0	0	0	0	0	0	0	308.23	0	0	0	0	51.372	0	25.686	0	0	25.686	0	0	128.43	0	0	0	0	0	0	0	1258.6	25.686	77.057	0	0	0	0	0	0	0	0	0	51.372	0	0	0	0	0	0	0	0	0	51.372	128.43	0	51.372	0	25.686	0	0	0	0	0	0	0	0	0	0	25.686	0	0	0	0	0	0	77.057	0	0	102.74	0	0	0	0	0	0	154.12	0	0	0	0	0	333.92	0	0	77.057	0	0	0	0	0	0	77.057	25.686	0	0	0	102.74	488.03	1078.8	333.92	0	436.66	744.89	0	333.92	0	205.49	231.17	0	308.23	0	231.17	308.23	25.686	51.372	205.49	0	205.49	1515.5	0	51.372	128.43	308.23	385.29	128.43	128.43	0	0	205.49	0	0	0	0	0	0	0	0	0	0	0	77.057	0	0	0	128.43	0	0	25.686	0	0	25.686	0	0	308.23	51.372	0	128.43	0	0	0	51.372	0	0	0	51.372	0	0	0	0	0	0	0	0	0
L128_F09	PEP	0	0	0	1020.5	0	18.899	0	415.77	0	0	188.99	37.797	0	1020.5	56.696	37.797	1115	207.88	245.68	0	0	0	18.899	18.899	812.64	0	0	56.696	75.594	37.797	340.17	0	37.797	0	1285.1	0	2003.3	37.797	1682	1908.8	0	0	0	0	94.493	37.797	94.493	1417.4	359.07	0	0	0	56.696	0	3382.9	1058.3	1568.6	377.97	2891.5	566.96	680.35	264.58	207.88	4611.3	75.594	75.594	755.94	4479	566.96	0	0	793.74	2853.7	661.45	0	75.594	415.77	226.78	0	18.899	1436.3	207.88	793.74	0	604.76	188.99	0	377.97	188.99	170.09	0	151.19	151.19	1398.5	0	0	340.17	0	321.28	56.696	56.696	340.17	0	0	0	888.23	188.99	0	18.899	926.03	0	0	56.696	699.25	151.19	0	434.67	75.594	1058.3	132.29	226.78	207.88	0	75.594	18.899	245.68	18.899	113.39	113.39	226.78	207.88	132.29	0	0	94.493	0	94.493	0	0	56.696	0	0	94.493	132.29	0	0	18.899	0	0	18.899	0	0	0	0	0	151.19	0	0	0	0	0	0	18.899	0	0	0	207.88	0	151.19	510.26	18.899	0	0	0	0	75.594	0	0	0	56.696	0	0	18.899	0	188.99	0	0	0	0	0	18.899	151.19	0	0	151.19	0	0	94.493	37.797	0	0	0	18.899	0	472.46	56.696	0	18.899	0	0	302.38	0	0	0	0	0	0	0	170.09	548.06	0	0	0	0	0	0	0	0	434.67	1001.6	18.899	0	0	94.493	0	18.899	0	0	604.76	2853.7	302.38	113.39	18.899	0	0	75.594	37.797	0	37.797	0	0	0	6425.5	0	0	0	0	0	0	661.45	0	0	0	0	0	264.58	680.35	264.58	0	37.797	0	0	0	0	0	0	0	56.696	0	0	0	0	207.88	0	0	0	0	0	0	0	340.17	0	0	0	0	0	0	0	453.57	207.88	0	0	0	0	0	0	0	0	0	0	37.797	75.594	0	0	0	0	0	0	0	0	0	151.19	18.899	170.09	0	0	0	0	0	0	18.899	113.39	94.493	56.696	0	0	0	0	0	0	0	0	0	18.899	0	0	0	0	0	0	0	0	0	75.594	0	0	0	0	0	94.493	18.899	18.899	18.899	0	0	0	0	0	0	18.899	18.899	0	0	0	491.36	94.493	1020.5	113.39	188.99	453.57	207.88	37.797	510.26	0	0	56.696	718.15	0	37.797	359.07	132.29	18.899	0	94.493	75.594	37.797	491.36	37.797	56.696	113.39	264.58	359.07	18.899	0	0	0	0	0	0	0	0	0	0	18.899	0	0	0	0	113.39	0	0	0	37.797	0	0	0	0	0	0	0	0	188.99	264.58	0	56.696	0	0	0	56.696	0	0	0	75.594	18.899	0	0	56.696	94.493	0	0	0	0
L129_G04	PEP	0	0	0	1665.3	0	0	0	832.64	0	0	416.32	0	0	832.64	0	0	1434	416.32	0	0	0	0	0	0	370.06	0	0	0	0	46.258	138.77	0	0	0	416.32	46.258	4440.7	0	693.87	555.09	46.258	92.516	0	0	370.06	0	138.77	1850.3	555.09	0	0	0	0	0	508.83	2868	1804.1	138.77	1896.6	323.8	647.61	185.03	46.258	1619	0	0	185.03	7447.5	2220.4	0	0	786.38	740.12	92.516	0	0	185.03	185.03	46.258	0	693.87	0	185.03	0	2127.9	647.61	0	0	0	0	0	46.258	46.258	832.64	0	0	0	0	0	0	0	508.83	0	0	0	92.516	138.77	0	231.29	1434	0	0	0	138.77	0	0	138.77	46.258	92.516	185.03	370.06	92.516	0	0	46.258	92.516	0	0	0	0	92.516	0	0	0	0	0	0	0	0	46.258	0	0	185.03	0	0	0	0	0	0	0	0	0	416.32	0	0	0	0	0	0	0	0	0	92.516	0	0	0	0	0	0	0	0	0	0	0	0	0	0	0	0	0	0	0	0	0	46.258	0	0	0	0	0	0	323.8	0	0	0	0	0	0	0	0	0	0	0	0	1341.5	277.55	0	0	46.258	0	323.8	0	0	0	0	92.516	0	0	92.516	92.516	0	0	0	0	0	0	0	0	1156.4	0	0	0	0	0	0	0	0	0	185.03	8835.2	92.516	231.29	0	0	0	0	0	0	0	0	0	0	16375	0	0	0	0	0	0	1896.6	0	0	0	0	0	92.516	138.77	0	0	0	0	0	0	0	0	0	0	92.516	0	0	0	0	92.516	0	0	0	0	0	0	0	46.258	46.258	0	0	0	0	46.258	0	0	0	0	0	0	0	0	0	0	0	0	0	185.03	0	0	0	0	0	0	0	46.258	0	0	0	0	0	0	92.516	0	0	0	0	0	0	0	0	0	0	46.258	0	0	0	0	0	0	0	0	0	0	0	0	0	0	0	0	46.258	0	0	0	0	0	0	0	0	46.258	0	0	0	0	0	0	0	0	0	0	0	1572.8	323.8	3238	323.8	92.516	277.55	0	0	370.06	0	0	185.03	370.06	0	0	416.32	185.03	46.258	0	0	0	0	971.41	0	92.516	92.516	46.258	185.03	0	0	0	0	0	0	0	0	0	0	0	0	0	0	0	0	0	0	0	0	46.258	0	0	0	0	0	0	0	0	185.03	0	0	231.29	0	0	0	92.516	0	0	0	46.258	0	0	0	0	0	0	0	0	0
L129_F10	PEP	0	0	351.7	5392.7	0	0	0	234.47	0	0	0	117.23	0	2696.4	0	0	4689.3	351.7	0	0	0	0	0	0	0	0	0	0	0	0	2696.4	0	0	0	586.17	0	468.93	0	468.93	117.23	0	0	0	0	0	0	0	1758.5	586.17	0	0	0	0	0	0	1172.3	117.23	0	0	0	351.7	0	351.7	703.4	0	0	351.7	9613.1	117.23	0	0	468.93	3282.5	117.23	0	0	0	468.93	0	0	351.7	0	1875.7	0	0	0	0	234.47	234.47	0	0	0	0	0	0	0	0	0	0	0	0	1289.6	0	0	0	0	117.23	0	0	0	0	0	0	0	234.47	0	703.4	468.93	234.47	0	0	234.47	0	0	0	0	586.17	0	0	0	0	468.93	0	0	0	0	234.47	0	0	0	0	0	0	0	0	0	0	0	0	0	0	0	0	0	0	0	0	0	0	0	0	0	234.47	0	0	0	586.17	0	0	351.7	0	0	0	0	0	0	0	0	0	0	0	0	0	0	0	0	0	0	0	0	0	0	0	0	0	0	0	0	0	0	0	0	0	0	0	0	0	234.47	0	0	0	0	0	0	117.23	351.7	0	0	0	586.17	0	0	0	0	0	0	0	0	1524	586.17	0	0	0	0	0	0	0	0	0	2930.8	351.7	0	0	0	0	2227.4	0	0	0	0	0	0	9261.4	0	0	0	0	0	0	1406.8	0	0	0	0	0	234.47	1758.5	0	0	0	0	0	0	0	0	0	0	234.47	0	0	0	0	0	0	0	0	0	0	0	0	586.17	0	0	0	0	0	0	0	703.4	0	0	0	0	0	0	0	0	0	0	0	0	0	0	0	0	0	0	0	586.17	0	0	117.23	0	0	0	0	0	0	0	0	0	0	234.47	0	0	0	0	0	0	0	0	0	0	117.23	0	0	0	0	0	0	0	0	0	0	0	0	0	0	0	234.47	0	0	0	0	0	0	0	0	0	117.23	0	0	0	0	351.7	351.7	0	937.87	0	351.7	1993	820.63	234.47	1406.8	0	468.93	234.47	0	0	468.93	234.47	0	0	937.87	0	0	2110.2	234.47	0	0	0	0	0	703.4	0	0	0	0	0	0	0	0	0	0	0	0	0	0	0	0	0	0	234.47	0	0	0	0	0	0	0	0	117.23	0	0	117.23	0	0	0	234.47	0	0	0	1055.1	0	0	0	117.23	0	0	0	0	0
L129_A12	PEP	0	0	0	3844.1	0	0	0	680.73	0	0	160.17	0	0	240.26	360.39	0	40.043	40.043	240.26	0	0	0	0	0	1401.5	0	80.087	0	40.043	0	0	0	0	0	280.3	40.043	4484.8	0	1401.5	1521.6	0	0	0	0	40.043	0	0	1441.6	800.86	0	0	0	0	0	1481.6	840.91	240.26	160.17	1001.1	720.78	400.43	240.26	40.043	2282.5	0	0	320.35	6527	1241.3	0	0	560.6	2042.2	280.3	0	0	160.17	80.087	0	0	1721.9	160.17	760.82	0	760.82	80.087	0	480.52	120.13	40.043	0	0	0	1601.7	0	0	40.043	0	280.3	40.043	0	600.65	0	80.087	0	800.86	0	0	200.22	2442.6	0	0	80.087	40.043	480.52	0	640.69	120.13	400.43	320.35	40.043	40.043	0	200.22	80.087	160.17	0	0	280.3	0	640.69	0	0	0	80.087	0	480.52	0	0	640.69	0	0	80.087	0	0	0	0	0	40.043	0	0	0	160.17	0	0	40.043	0	0	0	0	0	0	0	0	80.087	0	120.13	0	440.48	120.13	360.39	0	0	0	0	0	0	0	0	0	0	0	0	0	0	0	0	0	0	0	0	80.087	0	0	80.087	0	0	40.043	0	0	0	0	0	80.087	400.43	0	0	0	0	0	480.52	0	0	0	0	160.17	0	40.043	0	0	0	0	0	0	0	0	0	0	160.17	80.087	40.043	0	0	0	0	0	0	0	1361.5	7968.6	0	0	0	0	0	40.043	0	0	0	0	0	0	2442.6	0	0	0	0	0	0	3523.8	0	0	0	0	0	240.26	160.17	0	0	0	0	0	0	0	0	0	0	0	0	0	0	0	120.13	0	0	0	0	0	0	0	520.56	0	0	0	0	0	80.087	0	80.087	280.3	0	0	0	0	0	0	0	0	0	0	160.17	0	0	0	0	0	0	0	0	0	0	120.13	0	80.087	0	0	0	40.043	0	0	0	0	80.087	0	0	0	0	0	0	0	0	0	0	0	0	0	0	0	0	0	0	0	160.17	480.52	0	0	0	0	0	240.26	0	0	40.043	0	0	0	0	0	0	0	0	0	0	0	120.13	0	200.22	0	120.13	240.26	320.35	200.22	1001.1	0	0	40.043	1121.2	0	120.13	80.087	0	0	0	40.043	0	0	480.52	0	80.087	0	360.39	240.26	80.087	0	0	0	0	0	0	40.043	0	0	0	0	0	0	0	0	0	0	0	0	0	0	0	0	0	0	0	0	0	80.087	0	0	0	0	0	0	240.26	0	0	0	120.13	0	0	0	0	0	0	0	0	0
L129_D12	PEP	0	0	561.94	1430.4	0	0	0	357.6	0	0	970.63	0	0	2554.3	51.086	0	1430.4	153.26	0	0	0	0	0	255.43	204.34	0	0	0	0	919.54	51.086	0	102.17	0	255.43	0	715.2	0	1379.3	0	0	0	0	0	51.086	51.086	0	970.63	868.46	0	0	0	0	0	561.94	1226.1	102.17	102.17	102.17	153.26	102.17	0	0	1685.8	0	0	153.26	8786.7	51.086	0	0	459.77	2452.1	153.26	0	817.37	255.43	153.26	0	0	255.43	0	817.37	0	102.17	0	0	0	102.17	0	0	0	204.34	0	0	0	51.086	0	51.086	0	0	561.94	0	0	0	306.51	102.17	0	0	459.77	0	0	102.17	102.17	0	204.34	0	204.34	715.2	51.086	613.03	51.086	0	0	153.26	51.086	0	0	0	51.086	0	0	0	0	0	0	357.6	0	0	459.77	0	0	0	0	0	0	0	0	0	0	0	0	0	0	0	204.34	0	0	0	0	0	0	0	0	0	0	51.086	0	0	102.17	51.086	0	0	0	0	0	0	0	0	0	0	0	0	0	0	0	0	0	0	0	0	0	0	0	0	0	0	0	0	0	0	0	0	0	153.26	0	0	0	255.43	153.26	0	0	0	0	0	204.34	0	0	306.51	459.77	0	0	0	0	0	0	0	0	1379.3	306.51	0	0	0	0	0	0	0	0	102.17	3167.3	204.34	51.086	0	0	0	102.17	0	0	0	0	0	0	11903	0	0	0	0	0	0	664.11	0	0	357.6	0	0	51.086	255.43	102.17	102.17	0	0	0	0	0	0	0	0	0	0	0	0	0	306.51	0	0	0	0	0	0	0	459.77	0	0	0	0	0	0	0	1021.7	0	0	0	0	0	0	0	0	0	0	51.086	0	0	0	0	0	0	0	0	153.26	0	0	0	0	0	0	0	0	0	0	0	0	0	0	0	0	0	51.086	0	0	0	0	0	0	0	0	0	0	0	0	0	0	0	0	510.86	0	0	0	0	0	561.94	0	0	0	153.26	0	0	0	0	153.26	0	0	0	0	0	306.51	1226.1	2247.8	357.6	204.34	255.43	102.17	510.86	1175	970.63	51.086	357.6	766.28	255.43	0	1021.7	613.03	0	0	102.17	255.43	0	664.11	664.11	0	255.43	357.6	102.17	357.6	0	0	0	51.086	0	0	766.28	0	0	0	0	0	0	0	0	0	0	0	0	204.34	0	0	0	0	0	0	0	0	408.68	0	0	102.17	0	0	0	102.17	0	0	0	255.43	0	0	0	0	0	0	0	0	0
L130_F01	PEP	0	0	91.567	5219.3	0	0	0	366.27	0	0	91.567	0	0	732.53	0	0	1648.2	0	0	0	0	0	1190.4	0	0	0	0	640.97	0	0	0	0	0	0	1373.5	0	4395.2	0	91.567	4486.8	0	0	0	0	91.567	0	0	1739.8	183.13	0	0	0	0	0	2380.7	3021.7	915.67	0	2380.7	915.67	2472.3	0	0	2930.1	91.567	91.567	183.13	9797.6	91.567	0	0	640.97	2197.6	0	0	0	91.567	549.4	0	0	732.53	0	183.13	0	1648.2	0	0	732.53	0	0	0	91.567	183.13	1465.1	0	0	91.567	0	183.13	0	183.13	824.1	0	0	0	91.567	91.567	0	91.567	274.7	0	0	0	0	91.567	274.7	0	183.13	2655.4	91.567	183.13	0	0	91.567	0	91.567	0	0	0	0	183.13	0	0	0	0	0	0	0	0	0	0	0	0	0	0	91.567	0	0	0	0	0	0	0	0	0	0	0	0	0	0	0	0	0	0	91.567	0	0	0	91.567	1922.9	91.567	0	0	0	0	0	0	0	0	91.567	0	0	0	0	0	0	0	0	0	0	0	91.567	0	0	0	0	0	0	0	0	0	0	0	0	91.567	0	0	0	0	0	91.567	0	0	0	0	0	0	0	0	824.1	0	0	0	0	0	0	0	0	183.13	0	0	0	0	0	0	0	0	0	183.13	20603	0	0	0	0	0	91.567	0	0	0	0	0	0	8057.9	0	0	0	0	0	0	2380.7	0	0	0	0	0	0	0	0	0	0	0	0	0	0	0	0	0	0	0	0	0	0	183.13	0	0	0	0	0	0	0	0	0	0	0	0	0	0	0	183.13	0	274.7	0	0	0	0	0	0	0	0	0	0	0	0	0	0	0	0	0	0	0	0	274.7	0	0	0	0	0	0	0	0	0	91.567	0	0	0	0	0	0	0	0	0	0	0	0	0	0	0	0	0	0	0	0	0	274.7	0	0	0	0	0	0	0	0	0	0	0	0	0	0	0	91.567	0	0	0	0	366.27	274.7	0	274.7	183.13	274.7	0	0	366.27	0	0	915.67	732.53	0	1739.8	0	0	91.567	0	274.7	0	91.567	824.1	0	183.13	0	91.567	91.567	91.567	0	0	0	366.27	0	0	0	0	0	91.567	0	0	0	0	0	0	0	0	0	0	0	0	0	0	0	0	0	0	91.567	0	0	457.83	0	0	0	0	0	0	0	91.567	0	0	0	91.567	0	0	0	91.567	0
L130_H01	PEP	0	0	0	1419.7	0	12.906	0	51.624	0	0	348.46	0	0	1768.1	77.436	0	129.06	116.15	0	0	38.718	0	0	283.93	0	0	12.906	129.06	90.342	154.87	0	0	0	0	1032.5	141.97	2090.8	0	232.31	412.99	0	0	0	0	129.06	12.906	90.342	967.95	232.31	0	0	0	0	0	1729.4	671.11	335.56	2684.5	2568.3	877.61	374.28	1574.5	38.718	4155.8	0	25.812	387.18	11009	103.25	0	141.97	864.71	3265.2	245.21	38.718	25.812	387.18	400.09	0	0	903.42	141.97	722.74	0	309.74	12.906	0	0	400.09	12.906	25.812	12.906	116.15	374.28	25.812	25.812	129.06	0	180.68	167.78	77.436	503.34	0	90.342	0	0	167.78	0	529.15	374.28	0	0	12.906	516.24	193.59	180.68	696.93	361.37	451.71	103.25	245.21	103.25	0	38.718	38.718	103.25	154.87	38.718	0	90.342	64.53	12.906	0	0	38.718	12.906	154.87	0	64.53	593.68	0	0	12.906	0	0	0	51.624	0	0	64.53	25.812	0	0	0	0	64.53	25.812	0	0	0	0	0	0	0	38.718	0	283.93	0	25.812	813.08	77.436	0	0	0	0	0	0	0	0	64.53	0	0	0	0	90.342	0	0	0	0	38.718	0	64.53	0	0	116.15	0	0	38.718	0	116.15	0	0	25.812	167.78	38.718	0	0	193.59	90.342	0	283.93	0	12.906	0	0	141.97	0	12.906	25.812	1226.1	0	0	0	0	0	0	0	0	593.68	619.49	0	0	0	103.25	0	0	0	0	38.718	15629	64.53	206.5	103.25	0	25.812	851.8	12.906	0	0	0	0	0	6272.3	0	0	0	0	0	0	1097	0	0	12.906	77.436	12.906	593.68	1303.5	0	0	0	0	0	12.906	0	0	0	0	77.436	0	0	0	0	0	51.624	0	0	0	51.624	0	0	12.906	0	0	12.906	0	0	0	0	206.5	51.624	0	0	0	0	0	0	0	0	0	0	77.436	64.53	0	0	0	12.906	0	0	0	0	0	206.5	0	90.342	0	64.53	0	12.906	0	0	0	103.25	25.812	64.53	0	0	12.906	0	0	0	0	0	0	0	0	12.906	0	0	0	0	0	0	12.906	51.624	0	12.906	0	0	0	0	0	0	0	0	0	0	0	0	12.906	38.718	0	0	0	0	116.15	412.99	1239	722.74	0	477.52	283.93	154.87	813.08	0	0	51.624	516.24	0	0	77.436	245.21	0	12.906	90.342	64.53	77.436	955.05	77.436	0	77.436	77.436	322.65	0	25.812	0	0	0	0	0	0	0	0	0	12.906	25.812	0	0	0	77.436	0	25.812	0	12.906	0	12.906	0	12.906	0	64.53	0	0	387.18	38.718	0	180.68	0	0	0	0	0	0	0	116.15	0	0	0	25.812	0	12.906	0	0	0
L130_F02	PEP	0	0	0	4181	0	0	0	264.62	0	0	423.39	0	0	635.09	476.32	264.62	529.24	0	0	0	0	0	0	0	105.85	0	0	0	52.924	0	0	0	0	0	264.62	1323.1	1958.2	0	423.39	1323.1	0	0	0	0	0	0	52.924	423.39	264.62	0	0	0	0	0	846.78	317.54	158.77	688.01	1799.4	0	740.94	317.54	105.85	2275.7	0	0	0	13231	52.924	0	0	635.09	1217.3	476.32	0	158.77	264.62	211.7	476.32	0	370.47	105.85	158.77	0	529.24	0	0	0	105.85	0	0	105.85	0	846.78	0	0	0	0	0	52.924	0	370.47	0	52.924	0	211.7	52.924	0	0	635.09	0	0	0	0	0	0	1640.7	158.77	423.39	211.7	264.62	899.71	0	105.85	0	211.7	0	0	0	0	529.24	0	0	0	0	0	105.85	0	0	52.924	0	0	0	0	0	0	0	0	0	0	52.924	0	0	0	0	158.77	0	0	0	0	0	1111.4	0	52.924	52.924	0	52.924	0	52.924	582.16	529.24	0	0	0	0	0	0	0	0	0	52.924	0	0	0	52.924	0	0	0	0	0	0	158.77	0	0	0	52.924	0	0	0	211.7	0	0	0	0	370.47	0	0	0	0	0	0	52.924	0	0	0	52.924	0	0	0	158.77	0	0	0	0	0	0	0	0	423.39	529.24	0	0	0	0	0	0	0	0	105.85	14395	423.39	52.924	52.924	0	0	105.85	0	0	0	0	0	0	3334.2	0	0	0	0	0	0	2963.8	0	0	688.01	0	0	370.47	688.01	264.62	105.85	0	0	0	0	0	0	0	0	211.7	0	0	0	105.85	740.94	0	0	0	0	0	0	0	0	0	0	0	0	0	0	0	370.47	0	0	0	0	0	0	0	0	0	0	0	0	158.77	0	0	0	0	52.924	0	0	0	0	0	0	158.77	0	0	0	0	0	211.7	105.85	0	0	0	0	0	0	0	0	0	0	0	0	52.924	0	0	0	0	0	0	0	0	0	264.62	0	0	0	0	0	582.16	0	0	0	0	0	0	0	0	52.924	0	0	0	0	0	105.85	105.85	423.39	317.54	0	211.7	0	423.39	317.54	0	0	105.85	52.924	0	0	0	105.85	0	52.924	0	0	158.77	529.24	0	105.85	105.85	158.77	0	52.924	0	0	0	0	0	0	0	0	0	0	0	52.924	0	0	0	105.85	0	0	0	0	0	0	0	0	0	0	0	0	370.47	0	0	317.54	0	0	0	52.924	0	0	0	0	0	0	0	0	158.77	0	0	0	0
L130_B04	PEP	0	0	220	2227.5	0	0	0	110	0	0	330.01	0	0	825.01	0	0	1897.5	82.501	0	0	0	0	0	137.5	0	0	0	0	0	0	55.001	27.5	27.5	0	935.02	907.52	1842.5	0	412.51	605.01	0	0	0	0	55.001	27.5	192.5	1622.5	220	0	0	0	137.5	0	770.01	1732.5	1155	302.51	1705	412.51	385.01	27.5	137.5	2997.6	275.01	0	82.501	8635.2	165	110	0	1540	1375	522.51	0	27.5	247.5	330.01	0	0	110	137.5	770.01	27.5	330.01	0	0	275.01	82.501	27.5	0	82.501	27.5	137.5	0	0	192.5	0	412.51	82.501	0	825.01	0	27.5	0	110	137.5	0	137.5	1155	0	0	0	495.01	82.501	0	852.52	55.001	192.5	220	220	82.501	0	0	27.5	660.01	27.5	0	0	82.501	220	0	0	0	27.5	0	27.5	0	27.5	825.01	0	0	137.5	0	0	0	0	0	0	0	0	0	0	55.001	0	55.001	0	0	0	0	0	0	27.5	0	55.001	0	247.5	0	82.501	687.51	0	0	27.5	0	0	0	0	0	0	0	0	0	0	0	27.5	0	0	0	0	27.5	55.001	0	0	0	55.001	0	0	137.5	0	55.001	0	0	0	0	715.01	0	0	0	0	0	0	0	27.5	0	0	55.001	0	0	55.001	495.01	0	0	27.5	0	0	0	0	0	715.01	302.51	0	0	0	55.001	0	0	0	0	0	6820.1	0	55.001	0	0	0	192.5	0	0	27.5	0	0	0	4812.6	0	0	0	0	0	0	2172.5	0	0	0	0	0	165	632.51	55.001	0	0	0	0	0	0	0	0	0	110	0	0	0	0	0	0	0	0	0	0	0	0	110	0	0	0	0	0	0	0	440.01	0	110	0	0	0	0	0	0	0	0	0	0	0	0	0	0	0	0	0	0	0	0	137.5	0	27.5	0	82.501	0	0	0	0	0	0	0	192.5	0	0	0	0	0	0	0	0	0	27.5	0	0	0	0	0	0	0	0	0	110	0	0	0	0	0	110	0	0	275.01	0	0	0	0	0	0	110	0	0	0	0	220	2475	3630.1	1237.5	0	412.51	302.51	165	1045	55.001	55.001	550.01	0	0	55.001	82.501	275.01	82.501	137.5	357.51	0	110	3025.1	0	0	165	165	165	110	55.001	0	0	192.5	0	0	0	0	55.001	0	0	55.001	0	0	0	82.501	0	0	0	27.5	0	0	0	0	0	0	0	0	467.51	165	0	220	0	0	0	55.001	0	0	0	82.501	0	0	0	0	55.001	0	0	0	0
L130_G11	PEP	0	0	393.66	8857.4	0	0	0	295.25	0	0	147.62	0	0	590.49	0	0	2755.6	246.04	147.62	0	0	0	0	246.04	0	0	147.62	0	639.7	0	0	0	0	0	1033.4	0	2411.2	0	984.16	3592.2	0	0	0	0	49.208	98.415	0	1476.2	393.66	0	0	0	0	0	639.7	2214.4	196.83	295.25	393.66	49.208	492.08	0	0	2804.8	393.66	0	98.415	10088	98.415	0	0	98.415	1673.1	393.66	0	0	295.25	0	1082.6	0	1230.2	49.208	688.91	0	639.7	0	0	0	0	0	0	0	0	688.91	0	0	295.25	0	0	49.208	0	688.91	0	147.62	0	98.415	246.04	0	0	738.12	0	0	0	196.83	246.04	344.45	836.53	196.83	442.87	344.45	344.45	147.62	0	0	0	147.62	0	49.208	0	0	246.04	885.74	0	0	0	0	98.415	0	49.208	147.62	0	0	196.83	0	0	0	49.208	0	0	0	0	0	0	0	0	49.208	0	0	0	0	0	0	0	0	49.208	0	196.83	0	0	147.62	0	0	49.208	0	0	0	0	0	0	0	0	0	0	0	0	0	0	0	0	0	0	49.208	0	0	49.208	0	0	0	0	49.208	0	0	0	0	49.208	0	0	0	0	0	0	0	0	0	0	98.415	0	0	49.208	0	0	0	0	0	0	0	0	0	836.53	393.66	0	0	0	0	0	0	0	0	49.208	19978	0	0	0	0	0	0	0	0	0	0	0	0	9152.6	0	0	0	0	0	0	2854.1	0	0	0	0	0	98.415	442.87	1131.8	0	49.208	0	0	0	0	147.62	0	0	49.208	0	0	0	0	196.83	0	0	0	0	0	0	0	49.208	0	0	0	0	0	0	0	541.28	196.83	0	0	0	0	0	0	0	0	0	0	147.62	0	0	49.208	0	0	0	0	49.208	0	0	442.87	0	0	0	98.415	0	0	0	0	0	0	0	98.415	0	0	49.208	0	0	0	0	0	0	0	0	0	0	0	0	0	0	0	0	442.87	0	0	0	0	0	147.62	0	0	0	0	0	0	0	0	295.25	0	0	0	0	0	196.83	590.49	1427	246.04	688.91	147.62	98.415	442.87	541.28	49.208	0	196.83	1033.4	0	0	147.62	98.415	98.415	0	295.25	0	98.415	1279.4	0	196.83	196.83	147.62	49.208	147.62	0	0	0	0	49.208	0	49.208	0	0	0	0	295.25	0	0	0	0	0	0	0	0	0	0	0	0	0	0	0	0	492.08	147.62	0	0	0	0	0	49.208	0	0	0	688.91	0	0	0	98.415	0	0	0	0	0
L141_C02	PEP	0	0	60.368	546.49	0	0	0	393.98	3.1772	0	482.94	346.32	0	1652.2	98.495	0	1846	0	31.772	0	12.709	0	12.709	0	130.27	0	0	0	165.22	943.64	0	0	254.18	0	209.7	12.709	1636.3	0	629.09	1563.2	0	0	0	0	225.58	31.772	92.14	3361.5	600.5	0	0	0	355.85	0	743.48	1207.3	530.6	343.14	1331.3	435.28	492.47	92.14	25.418	2986.6	38.127	19.063	98.495	4085.9	152.51	22.241	15.886	810.2	2011.2	413.04	0	54.013	92.14	317.73	0	0	219.23	50.836	444.81	0	305.02	0	0	235.12	146.15	9.5317	3.1772	495.65	165.22	28.595	0	0	41.304	0	85.786	60.368	0	447.99	0	25.418	0	165.22	9.5317	0	0	136.62	0	0	25.418	155.68	60.368	6.3545	95.317	200.17	308.19	393.98	311.37	6.3545	0	0	38.127	31.772	69.899	0	0	41.304	66.722	9.5317	0	0	60.368	0	57.19	0	0	594.15	12.709	0	409.86	0	0	0	0	0	3.1772	9.5317	0	0	0	0	0	79.431	0	0	0	0	0	0	136.62	0	69.899	0	50.836	28.595	3.1772	454.35	3.1772	0	0	0	0	3.1772	0	0	0	57.19	0	0	0	0	104.85	0	31.772	0	0	0	0	9.5317	3.1772	0	98.495	0	3.1772	0	0	0	0	0	3.1772	3.1772	162.04	0	0	3.1772	0	3.1772	676.75	0	34.95	0	0	174.75	0	0	632.27	104.85	0	0	0	0	0	0	9.5317	0	657.69	1471.1	50.836	0	0	0	0	19.063	0	0	114.38	4645.1	104.85	12.709	34.95	28.595	0	9.5317	0	0	22.241	0	6.3545	0	3603	0	0	0	0	0	0	4794.5	0	0	79.431	0	0	101.67	857.86	343.14	0	0	0	0	9.5317	0	0	0	0	155.68	0	0	9.5317	0	98.495	0	0	3.1772	0	0	0	0	101.67	0	0	9.5317	0	0	0	0	1372.6	22.241	0	0	0	0	0	0	22.241	9.5317	0	0	28.595	238.29	0	0	0	0	0	174.75	0	6.3545	6.3545	317.73	0	73.077	0	171.57	0	0	22.241	0	22.241	0	0	127.09	0	0	0	6.3545	3.1772	0	0	0	0	44.481	0	0	3.1772	0	0	0	0	0	0	457.52	0	0	0	0	0	98.495	0	0	0	0	0	28.595	0	0	219.23	28.595	0	6.3545	0	0	359.03	1172.4	76.254	1131.1	0	181.1	139.8	273.24	1521.9	6.3545	0	127.09	546.49	0	47.659	765.72	470.23	50.836	69.899	190.63	0	219.23	975.41	0	3.1772	336.79	791.13	6.3545	92.14	34.95	3.1772	0	54.013	0	0	311.37	0	0	0	0	9.5317	0	0	63.545	6.3545	0	0	0	0	0	0	0	0	0	34.95	0	3.1772	101.67	15.886	0	381.27	0	0	0	123.91	0	0	0	152.51	0	0	0	60.368	69.899	9.5317	0	0	0
L142_H02	PEP	0	0	82.68	9.3015	0	0	0	142.62	0	0	318.32	6.201	0	1715.6	5.1675	0	1493.4	176.73	59.943	0	0	0	17.569	13.436	38.239	0	66.144	0	105.42	278.01	81.646	9.3015	9.3015	0	504.35	28.938	3064.3	1.0335	868.14	78.546	0	0	0	0	85.78	24.804	75.445	1750.8	290.41	3.1005	5.1675	0	84.747	1.0335	3525.3	946.68	396.86	695.54	2231.3	414.43	1136.8	232.54	37.206	2331.6	27.904	0	200.5	6233	137.46	3.1005	3.1005	1443.8	2160	440.27	44.44	2.067	484.71	379.29	0	0	525.02	95.082	628.37	0	143.66	142.62	0	206.7	789.59	226.34	2.067	78.546	71.311	39.273	11.368	0	48.574	0	378.26	302.82	2.067	522.95	0	31.005	0	60.976	170.53	2.067	156.06	480.58	0	38.239	15.502	172.59	110.58	247.01	1003.5	334.85	770.99	26.871	169.49	119.89	0	11.368	21.704	554.99	78.546	43.407	0	57.876	70.278	1.0335	0	0	16.536	1.0335	103.35	0	25.837	353.46	0	0	48.574	1.0335	2.067	1.0335	1.0335	0	0	55.809	0	1.0335	3.1005	0	0	142.62	0	0	1.0335	39.273	3.1005	0	108.52	0	47.541	0	345.19	8.268	110.58	419.6	0	0	10.335	1.0335	1.0335	11.368	0	2.067	0	100.25	0	0	0	0	98.182	0	3.1005	19.636	0	0	4.134	35.139	2.067	0	66.144	1.0335	2.067	7.2345	0	6.201	0	0	5.1675	13.436	384.46	62.01	0	3.1005	17.569	28.938	113.68	2.067	48.574	2.067	0	129.19	0	6.201	205.67	1465.5	0	0	6.201	0	0	0	0	0	933.25	1092.4	5.1675	0	2.067	39.273	0	3.1005	0	1.0335	57.876	4375.8	147.79	80.613	27.904	0	0	538.45	2.067	0	5.1675	0	0	0	8470.6	0	0	0	0	0	0	2361.5	0	0	144.69	46.507	0	269.74	594.26	290.41	0	3.1005	2.067	0	0	0	0	0	0	354.49	1.0335	0	12.402	36.173	43.407	0	0	0	0	24.804	0	0	208.77	0	1.0335	0	0	0	0	0	1050	47.541	44.44	0	0	0	20.67	0	0	0	0	1.0335	37.206	5.1675	0	0	0	0	0	1.0335	0	0	0	222.2	0	89.914	0	19.636	0	41.34	2.067	0	0	138.49	8.268	25.837	1.0335	0	5.1675	0	0	0	0	0	0	91.981	0	0	21.704	0	0	4.134	0	0	0	94.048	1.0335	0	0	0	0	864.01	1.0335	0	62.01	0	0	0	0	0	67.177	2.067	8.268	2.067	0	0	77.512	1244.3	1597.8	752.39	0	477.48	192.23	137.46	761.69	0	42.374	217.04	0	235.64	136.42	97.149	206.7	80.613	18.603	131.25	34.105	321.42	2226.2	115.75	50.641	46.507	347.26	252.17	95.082	7.2345	5.1675	3.1005	77.512	0	0	21.704	0	0	0	0	63.043	0	0	0	2.067	0	0	1.0335	38.239	0	0	0	0	0	48.574	9.3015	0	550.85	130.22	0	199.46	0	0	0	27.904	0	0	0	93.015	0	0	0	29.972	0	1.0335	0	0	0
L226_H06	PEP	0	0	0	365.31	0	0	0	205.25	0	0	104.33	0	0	1092.4	4.9984	31.692	620.76	172.6	0	0	0	0	0	25.524	0	0	0	0	0	123.05	0	0	0	0	394.13	49.346	3956.6	0	369.24	60.725	0	0	0	0	62.427	30.097	255.98	1499	238.86	0	0	0	69.872	0	1022.8	581.31	374.56	130.28	827.19	269.38	64.129	129.21	22.972	1565.7	0.2127	28.183	110.07	763.7	0	33.925	16.59	871.75	709.24	472.62	5.1048	0	464.64	160.16	0	0	238.43	130.7	449.86	0	207.91	9.2524	0	52.111	55.621	33.819	0	64.873	0	244.5	0	183.45	34.138	0	140.59	101.35	0	1303.8	0	68.595	0	0	88.589	0	90.184	307.24	0	0	27.545	416.78	159.52	164.31	503.78	130.07	148.89	111.45	225.14	66.894	0	0	0	227.69	0	0	0	0.31905	209.83	0	0	0	55.727	0	0.31905	0	38.818	36.371	0	0	0	0	0	13.932	0.31905	0	0	0.10635	0	0	0	0	0	82.208	0	0.10635	0	0	0	0	0	132.3	22.121	0	41.902	2.0206	110.28	133.04	7.8699	106.14	0	0	0	21.483	0	0	0	12.975	0	0	0	0	352.65	49.452	0	0	0	0.4254	0	0	0	0	120.39	0	0	0	187.49	274.49	0	0	15.527	303.52	126.56	0	0	40.944	140.06	0	21.27	0	0	0	0	218.87	0	0	32.224	532.39	41.583	0	0	0	0	0	0	0	1538.6	283.32	0	253.43	0	0	0	0	0	0	0	4306.7	73.594	80.507	225.04	91.461	0	40.944	0	0	0	0	0.53175	0	12125	0	0	0	0	0	0	135.38	0	0	199.83	3.0841	0	265.77	673.3	0	0	0	0	0	0	0	0	0	0	374.56	0	0	0	0	0	0	0	0	0	0	0	0	48.708	0	0	0	0	0	0	0	124.64	0	0	0	0	0	0	0	31.692	0	0	0	246.2	79.337	0	0	0	0	0	0	0.10635	0	0	214.93	0	219.72	0	394.56	0	30.203	0	0	27.651	6.5937	111.14	0	0	0	0	0	0	0	0	0	0	0	0	62.853	0	0	0	0	0	0	0	91.354	0	0	0	0	0	0	0	1.0635	18.398	0	0	0	0	0	41.795	0	0	0	0	0	0	143.15	2018.2	953.53	0	623.21	258	135.38	480.91	0	0	159.1	516.01	0	0	0	179.84	0	0	68.17	153.14	24.567	1825.2	32.33	0	88.057	242.9	90.822	0	0	0	0	0.2127	0	0	0.6381	0	0	0	17.548	11.273	0	0	0	27.119	0	0	0	45.411	0	0.10635	0	0	0	69.021	0	0	291.4	12.762	0	53.068	0	0	0	0	0	0	0	64.767	0	0	0	118.26	0	0	0	0	0
L228_E03	PEP	0	0	0	222.59	0.086343	0	0	281.31	0	0	280.88	23.14	0	1771	131.76	0	142.04	74.514	84.617	0	0	0	5.526	23.485	561.58	0	0	31.602	129.69	22.795	0	39.459	0.34537	0	889.86	0.77709	3153.3	5.6987	1715.2	356.94	0	8.4617	0	0	248.07	119.59	215.08	1671.3	636.27	0	0	0	90.747	0.43172	3442.7	1248.3	522.72	196.95	4361.6	576.6	1301.9	855.75	31.515	4471.6	0.69075	16.923	356.6	550.35	858.17	0	0.43172	319.13	1351	815.26	25.04	17.7	136.6	176.31	0	11.656	1487.4	289.34	1002.5	0	146.27	41.359	0	149.12	86.603	95.669	0	96.791	8.7207	1498	0	0	279.23	0	23.917	73.133	13.297	788.49	0	28.58	0	449.07	242.8	0	179.94	721.31	15.455	71.838	75.205	272.85	159.82	30.652	1353.2	312.22	415.05	280.36	677.02	192.8	36.869	160.34	78.486	189.09	40.15	0	99.986	0	301.08	65.103	0	0	80.04	14.16	78.486	0	27.716	113.37	0	0	59.145	27.889	0	0	31.774	0	0	0	0	0	0.77709	0	0	44.294	0	0	0	0	0.086343	0	78.918	7.8573	79.35	0	279.67	0	5.0079	118.12	351.59	0	0	0	0	35.66	27.457	0	0	35.401	0	0	0	0	68.298	0	12.434	0	0	0	0	73.565	0	0	99.64	0	13.815	61.304	56.728	0.17269	0	0	3.8855	0	425.59	74.601	0	0	118.55	0	230.36	0	11.052	0	0	4.1445	0	0	123.64	657.16	0	0	0	0	0	0	0	0	1181.7	153.86	45.848	0	0	20.463	0	0.86343	0	0	452.96	1361.7	108.45	119.07	0.25903	0	0	218.28	0	7.9436	0	0	0	0	11967	0	0	0	0	0	0	85.653	0	0	0	12.002	0	396.14	754.9	135.56	0	17.873	11.052	0	0	0	0	0	0	84.271	0	0	0.17269	0	309.2	8.1163	0	0	0	20.291	0	0	495.87	0	0	0	0	0	0	0	688.68	64.067	3.1947	0	0	0	6.2167	0	0	0	0	0.17269	276.64	8.2026	0	0	0	0	0.25903	0	9.1524	0	34.537	335.88	0	207.4	0	36.092	2.6767	25.385	0	0.34537	13.556	164.48	87.034	0.25903	0	0	0.086343	0	0.6044	0	0	0	0	34.106	0	0	0	11.311	0	0	0	0	0	317.83	0	0	0	0	0	192.37	0	0	33.242	0	0	0	0	0	142.73	29.443	12.174	0	0	0	387.68	65.535	197.99	52.929	117.25	994.5	44.985	0	782.36	0	0	178.73	667.69	0	67.003	172.69	146.96	62.426	13.297	48.352	0	64.585	1083.1	113.63	267.67	23.744	378.44	328.02	20.982	0.51806	0	0.34537	48.784	0	0.086343	0	0	0	0	0.086343	8.0299	35.574	0	0	53.015	0	0	0	0.6044	0	0.086343	0	0.17269	0	26.594	0	0	526.35	19.514	0	24.435	0	0	0	9.3251	0	0	0	99.122	0	0	0	85.135	0	0.25903	0	0	0
L228_C11	PEP	0	0	128.22	0	0	0.81152	0	370.26	0	0	195.78	52.546	0	1687.3	30.432	0	1508	11.97	0	0	0.40576	0	66.95	0	29.823	0	0	0	147.9	157.84	0	39.967	26.78	0	582.47	0	1155	0	582.27	103.06	0	0	0	0	49.3	102.45	187.26	1006.3	616.15	0	0	0	41.388	0	1606.6	531.75	215.26	290.52	2509.2	171.03	652.06	134.91	0	3303.5	46.054	0	198.42	455.46	172.85	0	0	931.83	974.03	647.39	0	189.49	248.93	917.42	0	0	504.36	391.15	944.2	0	281.19	32.664	0	0	318.12	0	0	70.399	80.34	23.737	0	0	306.15	0	171.43	148.71	8.7238	616.55	0	0	0	0	108.14	0	24.143	391.76	0	26.577	44.836	407.79	164.13	34.49	658.34	473.93	333.33	0	462.16	14.607	0	0.81152	0	231.49	114.83	0	0	1.0144	15.013	57.415	0	0	0	0	104.89	0	15.419	91.093	0	0	6.695	0.81152	0	0	0	0	0	0	0	0	0	0	0	114.22	0	0	0	0	0	0	63.501	21.708	128.22	0	17.853	0.20288	53.763	102.86	97.382	0	0	0	0	0	0	0	0	8.9267	0	0	0	0	229.46	0	0	0	0	0	0	176.91	0	0	178.13	0	0	50.314	0	0	0	0	0	0	863.46	0	0	0	13.999	57.212	8.521	0	56.604	92.31	0	0	0.20288	0	295.39	276.52	0	0	0	0	0	0	1.0144	0	1539.3	635.01	1.0144	0	0	29.215	0	199.43	0	0	131.26	223.57	48.894	49.503	38.75	0	0	179.14	68.776	0	15.419	0	0	0	5205.3	0	0	0	0	0	0	117.47	0	0	0	0	0	410.63	731.79	398.66	0	0	0	0	0	0	0	0	0	56.401	0	0	0	0	30.432	0	0	0	0	0	0	0	118.28	0	0	0	0	0.20288	0	0	639.68	68.168	57.821	0	0	0	0	0	0	0	0	0.20288	8.3181	0	0	0	0	0	0	0.20288	0	0	0	359.91	0	265.77	0	72.022	0	0	0	0	0	172.24	91.296	133.29	0	0	0	0	0	0	0	0	0	0	0	0	0	0	0	0	0	0	0	70.602	0	0	0	0	0	251.57	0	0	0	1.8259	0	0	0	0	0	14.405	0	0	0	0	239.6	186.85	97.382	109.96	0	1175.1	2.8403	127.21	1252.6	198.42	155	137.35	0	11.97	0	67.559	187.46	0	1.0144	420.77	0	42.605	1356.7	91.905	71.819	258.67	957.19	130.45	66.545	276.12	58.227	281.19	444.71	23.331	60.255	562.59	0	119.5	0	136.74	47.271	0	120.92	0	305.54	0	0	55.183	22.114	0	150.74	0	128.83	0	160.48	0	0	713.53	215.46	0	3841.3	0	0	0	133.49	0	0	0	184.42	0	0	0	178.74	40.17	164.13	0	0	0
L128_C01	TH	0	0	0	0	0	0	0	151.95	0	0	0	0	0	0	0	0	0	0	0	0	0	0	0	0	0	0	0	0	0	0	0	303.9	0	0	0	0	151.95	0	0	0	0	0	0	0	0	0	151.95	911.72	607.81	0	0	0	0	0	0	0	151.95	0	303.9	0	151.95	0	0	303.9	0	0	0	0	303.9	0	0	0	0	0	0	0	303.9	455.86	0	0	303.9	1367.6	303.9	0	0	607.81	0	0	0	0	0	0	0	0	0	0	0	0	0	0	0	0	0	0	0	0	0	0	0	0	0	0	0	0	0	0	151.95	0	0	0	607.81	0	0	0	0	0	0	0	0	0	0	0	0	0	0	0	0	0	607.81	0	0	0	0	0	0	0	0	0	0	0	0	0	0	0	0	0	0	0	0	0	0	0	0	0	0	0	0	0	455.86	0	0	0	0	0	0	0	0	0	0	0	0	0	0	0	0	0	0	0	0	0	0	151.95	0	0	0	0	0	0	0	303.9	0	0	151.95	0	759.76	0	0	0	0	0	0	0	0	0	0	0	0	0	151.95	1063.7	0	0	0	0	0	0	0	0	151.95	607.81	0	0	0	0	0	303.9	0	0	151.95	303.9	0	151.95	0	0	0	911.72	0	0	0	0	0	0	0	0	0	0	0	0	0	0	0	0	0	0	0	0	0	0	0	0	0	0	607.81	0	0	0	0	0	0	0	0	0	0	0	0	0	0	0	0	0	0	0	0	0	0	0	0	0	0	0	0	0	0	0	0	0	0	0	0	0	0	0	0	0	0	0	0	0	0	0	0	151.95	0	0	0	0	0	0	0	0	0	0	0	303.9	0	0	0	0	0	0	0	0	0	0	0	0	0	0	0	0	0	0	0	0	0	0	0	0	0	0	0	0	0	0	0	0	0	0	303.9	0	0	0	0	0	0	0	0	0	0	0	0	0	0	0	0	0	0	0	0	0	0	0	0	0	0	0	151.95	0	0	0	0	0	0	12612	0	303.9	911.72	0	151.95	303.9	0	0	0	0	455.86	0	0	0	0	0	0	151.95	0	455.86	0	151.95	0	0	0	0	0	151.95	151.95	0	7293.7	0	0	0	303.9	0	0	0	303.9	0	0	0	0	303.9	303.9	0	0	0
L128_E01	TH	0	0	0	0	0	0	0	160.19	0	0	80.096	0	0	0	80.096	0	400.48	0	0	0	0	0	160.19	0	0	0	0	0	240.29	160.19	0	240.29	0	0	80.096	0	0	0	560.67	2402.9	0	0	0	0	80.096	0	80.096	720.86	800.96	0	0	0	0	0	80.096	0	961.15	0	480.58	0	160.19	80.096	0	720.86	0	0	80.096	0	160.19	0	0	0	1121.3	0	0	0	80.096	160.19	0	0	240.29	160.19	640.77	0	0	240.29	0	0	0	0	0	0	0	0	0	0	0	0	0	0	0	400.48	0	0	0	0	0	0	0	480.58	0	0	0	160.19	0	0	320.38	0	0	0	720.86	0	0	0	0	0	0	0	0	0	0	160.19	0	0	160.19	0	0	0	0	720.86	0	0	0	0	0	0	0	0	0	160.19	0	0	0	0	0	160.19	0	0	0	0	0	0	0	0	0	0	0	0	0	0	0	0	0	0	0	0	0	0	0	0	0	0	0	0	0	0	0	0	0	0	0	0	0	0	0	0	0	0	0	0	0	0	0	0	1041.3	0	0	0	0	0	160.19	0	0	0	0	0	80.096	0	320.38	400.48	0	0	0	0	0	0	0	0	0	240.29	0	0	0	0	0	320.38	0	0	0	640.77	0	80.096	560.67	80.096	0	320.38	0	80.096	320.38	0	0	0	160.19	0	0	0	0	0	0	0	0	0	0	0	0	0	0	0	0	0	0	0	0	0	0	0	0	0	80.096	0	0	160.19	0	0	0	0	0	0	0	0	0	0	0	0	0	0	0	0	0	0	0	0	0	0	0	0	0	0	0	0	0	0	0	0	0	0	0	0	0	0	0	0	0	240.29	0	0	0	0	0	0	0	0	0	1601.9	0	0	0	0	0	0	0	0	0	0	0	0	0	0	0	0	0	0	0	160.19	0	0	0	0	0	0	0	0	0	0	0	0	0	0	0	0	0	0	0	0	0	0	0	0	0	80.096	0	0	160.19	0	0	0	0	0	0	0	0	0	0	240.29	0	0	640.77	0	0	0	0	0	0	5126.1	80.096	560.67	1041.3	0	0	400.48	0	0	160.19	80.096	80.096	160.19	0	0	320.38	240.29	0	0	400.48	0	0	0	160.19	0	881.06	0	80.096	1121.3	560.67	0	9050.9	0	0	0	0	0	80.096	0	480.58	0	0	0	80.096	1121.3	320.38	0	0	0
L128_D02	TH	0	0	0	0	0	109.49	0	437.97	0	109.49	218.99	0	109.49	109.49	0	109.49	437.97	109.49	0	0	109.49	0	0	0	0	0	0	437.97	0	328.48	0	0	109.49	109.49	0	0	109.49	0	328.48	1094.9	0	0	0	0	218.99	0	109.49	328.48	437.97	0	0	0	0	0	218.99	109.49	0	437.97	109.49	0	0	109.49	0	1094.9	0	0	0	0	109.49	0	0	109.49	1094.9	0	0	437.97	218.99	109.49	0	0	218.99	437.97	218.99	0	0	109.49	0	0	328.48	0	0	0	0	0	0	0	0	0	0	0	109.49	109.49	0	0	0	0	109.49	0	0	1094.9	0	0	0	0	0	0	218.99	0	109.49	0	218.99	0	0	0	0	0	0	0	0	218.99	0	0	0	0	0	0	0	0	0	0	0	0	0	0	0	0	0	0	0	0	0	0	0	0	0	218.99	0	0	0	0	0	0	0	109.49	109.49	0	0	0	547.47	0	218.99	0	0	0	0	0	0	0	0	0	0	0	0	0	0	0	0	0	0	109.49	0	0	0	0	0	0	0	0	0	109.49	0	0	218.99	0	547.47	0	0	0	0	0	0	0	0	0	0	0	0	0	218.99	328.48	0	0	0	0	0	0	0	0	0	1204.4	0	0	0	0	0	218.99	0	0	0	3284.8	0	0	328.48	0	0	109.49	0	0	109.49	0	109.49	0	0	0	0	0	0	0	0	328.48	0	0	0	0	0	0	0	0	0	0	0	0	109.49	0	0	0	0	0	0	0	0	0	0	0	0	0	0	0	0	0	0	0	0	0	0	0	0	0	0	0	0	0	0	0	0	0	0	0	0	0	218.99	0	0	0	0	0	0	109.49	0	0	0	109.49	0	0	0	0	0	0	109.49	0	0	0	0	109.49	0	0	0	0	0	0	0	0	0	0	0	0	0	0	0	0	0	0	0	0	0	0	0	0	0	0	0	0	0	0	0	0	0	0	0	0	0	0	0	0	0	0	0	0	0	0	0	0	109.49	0	0	0	0	0	0	0	0	0	0	218.99	0	0	766.45	0	0	0	0	218.99	0	3722.8	0	328.48	328.48	0	109.49	437.97	0	328.48	0	437.97	656.96	437.97	0	0	218.99	0	0	109.49	109.49	0	0	109.49	0	0	766.45	0	0	1313.9	547.47	0	4927.2	0	0	0	218.99	0	0	0	547.47	0	0	0	0	218.99	109.49	0	0	0
L128_G03	TH	0	0	38.11	38.11	0	38.11	0	0	0	38.11	381.1	0	38.11	38.11	0	38.11	38.11	0	0	114.33	38.11	38.11	76.219	0	0	0	0	38.11	76.219	114.33	0	342.99	114.33	76.219	0	0	0	0	266.77	1448.2	0	0	0	0	38.11	76.219	228.66	533.54	1143.3	38.11	0	0	38.11	0	76.219	38.11	419.21	38.11	342.99	114.33	114.33	38.11	0	1410.1	38.11	0	152.44	114.33	533.54	38.11	0	38.11	533.54	0	0	152.44	228.66	228.66	0	0	190.55	228.66	724.09	0	228.66	76.219	0	0	38.11	76.219	0	0	76.219	0	0	0	0	0	0	0	0	38.11	0	0	0	0	38.11	0	0	114.33	0	0	0	190.55	0	0	266.77	38.11	38.11	38.11	342.99	38.11	0	0	0	0	0	0	0	38.11	0	0	0	0	76.219	0	0	0	0	609.76	0	0	0	0	0	0	0	0	0	38.11	0	0	0	0	0	76.219	0	0	0	0	0	0	38.11	0	0	0	0	0	419.21	76.219	38.11	0	38.11	0	0	0	0	0	0	38.11	0	0	0	0	38.11	0	0	0	0	0	0	76.219	0	0	0	0	0	0	0	0	38.11	38.11	0	0	1105.2	0	0	38.11	0	0	38.11	0	76.219	38.11	0	0	0	0	342.99	114.33	0	0	0	0	0	0	0	0	0	762.2	0	0	0	0	0	647.87	0	0	0	724.09	0	76.219	1105.2	0	0	304.88	0	0	114.33	0	0	0	38.11	0	38.11	0	0	0	0	190.55	0	0	0	0	38.11	0	38.11	0	0	0	0	0	38.11	0	38.11	0	0	38.11	0	0	304.88	0	0	0	0	0	0	38.11	0	0	0	0	0	0	0	0	0	0	0	228.66	0	0	0	0	0	0	0	0	0	0	38.11	0	0	0	0	0	0	0	0	0	0	0	0	0	0	0	0	76.219	0	0	0	0	0	1562.5	0	0	0	0	38.11	0	0	0	0	0	0	0	0	0	0	0	0	0	0	0	0	0	0	0	0	0	0	0	0	0	0	0	0	0	0	0	0	0	0	0	0	0	0	0	0	38.11	0	0	685.98	0	0	0	0	0	0	0	0	0	0	0	0	0	571.65	0	0	0	0	38.11	0	5106.7	76.219	342.99	381.1	419.21	152.44	228.66	0	38.11	38.11	38.11	685.98	0	266.77	0	533.54	0	0	38.11	190.55	76.219	38.11	0	228.66	0	457.32	0	0	1295.7	647.87	0	5182.9	0	0	0	76.219	0	0	0	1029	38.11	0	38.11	266.77	381.1	266.77	0	0	0
L128_A06	TH	0	0	0	0	0	0	0	0	0	0	328.57	0	0	0	82.142	0	657.14	0	0	0	82.142	82.142	0	246.43	0	0	0	0	246.43	164.29	0	246.43	410.71	0	0	0	0	0	0	1150	82.142	0	0	0	164.29	0	164.29	328.57	492.85	0	0	0	0	0	82.142	82.142	246.43	164.29	164.29	246.43	164.29	164.29	0	739.28	0	164.29	0	0	164.29	164.29	0	0	328.57	0	0	1150	82.142	82.142	0	0	410.71	82.142	657.14	0	0	82.142	0	0	0	0	0	82.142	0	0	0	0	0	0	0	0	164.29	164.29	0	0	0	164.29	0	0	0	410.71	0	0	0	0	82.142	0	82.142	0	0	0	1067.8	82.142	0	0	0	0	0	0	0	0	0	0	0	0	0	0	0	0	0	575	0	0	0	0	0	0	0	0	0	82.142	0	0	0	0	0	575	0	0	0	0	0	0	0	0	246.43	0	0	0	164.29	164.29	82.142	0	0	0	0	0	0	0	0	0	0	0	0	0	0	82.142	0	0	0	0	0	0	0	0	0	0	0	0	0	0	0	82.142	0	0	2135.7	0	0	0	0	0	0	0	0	0	0	0	0	82.142	82.142	985.71	0	0	0	0	0	0	0	0	82.142	246.43	0	0	0	82.142	0	82.142	0	0	164.29	3367.8	0	82.142	1067.8	0	0	4189.3	0	0	82.142	0	0	0	0	0	0	0	0	0	0	821.42	0	0	0	0	328.57	0	0	0	0	0	0	0	0	0	0	0	0	0	0	0	0	0	0	0	0	0	0	0	0	0	82.142	0	0	0	0	0	0	0	82.142	0	0	0	0	0	0	0	0	0	0	0	164.29	0	0	0	0	0	0	82.142	0	0	0	164.29	0	82.142	0	0	0	0	0	0	0	0	0	82.142	0	0	0	0	0	0	0	0	0	0	0	0	0	0	0	0	0	0	0	0	0	0	0	0	0	0	0	0	0	0	0	0	0	0	0	0	0	0	0	0	0	0	0	0	0	82.142	0	0	0	0	0	0	0	0	0	0	0	0	82.142	82.142	0	0	410.71	0	0	0	82.142	164.29	0	6571.4	0	492.85	985.71	0	0	164.29	164.29	82.142	82.142	164.29	246.43	0	0	0	82.142	0	0	821.42	0	657.14	0	82.142	0	0	246.43	0	0	1478.6	1067.8	0	5750	0	0	0	0	0	0	0	246.43	0	0	0	82.142	246.43	246.43	0	0	0
L128_B06	TH	0	0	0	0	0	0	0	157.28	0	0	0	0	0	0	0	0	786.41	0	0	314.56	0	0	0	0	0	0	0	0	0	0	0	314.56	157.28	0	0	0	314.56	0	157.28	5819.4	0	0	0	0	0	0	0	314.56	629.13	0	0	157.28	0	0	314.56	0	314.56	471.85	1258.3	0	0	157.28	157.28	1258.3	0	0	0	471.85	786.41	0	0	0	471.85	0	0	0	0	157.28	0	0	157.28	0	1101	0	157.28	0	0	0	0	0	0	0	0	471.85	0	0	0	0	0	0	314.56	0	0	0	0	157.28	471.85	0	0	471.85	0	0	314.56	0	0	0	0	157.28	157.28	0	943.69	0	0	0	0	0	0	0	0	314.56	0	157.28	0	0	0	0	0	0	0	314.56	0	0	0	0	0	157.28	157.28	0	0	0	0	0	0	157.28	0	314.56	0	0	0	0	0	0	0	0	0	0	0	314.56	157.28	314.56	0	0	0	0	0	0	0	0	0	157.28	0	0	0	0	0	0	157.28	0	0	0	0	0	157.28	0	0	0	0	0	0	0	0	0	157.28	0	943.69	0	0	0	0	0	0	0	157.28	0	0	0	0	0	0	471.85	0	0	0	0	0	0	0	0	0	157.28	0	0	0	471.85	0	629.13	0	0	0	1730.1	314.56	0	471.85	0	0	0	0	157.28	0	0	0	0	0	0	0	0	0	0	0	943.69	0	0	0	0	0	0	157.28	0	0	0	0	0	0	0	0	0	0	0	0	0	0	0	0	0	0	0	0	0	0	0	0	0	0	0	0	0	0	0	0	0	0	0	0	0	0	0	0	0	0	0	0	0	0	0	0	0	0	0	0	0	0	0	0	0	0	0	0	314.56	0	0	0	0	0	0	0	0	0	0	0	0	0	0	0	0	0	0	0	0	0	0	0	0	0	157.28	0	0	0	0	0	0	0	0	0	0	0	0	0	0	157.28	0	0	0	0	0	0	0	0	0	0	0	0	0	0	0	0	0	0	0	0	0	0	0	0	0	0	0	314.56	0	0	0	0	157.28	0	0	314.56	629.13	314.56	0	0	0	0	0	0	157.28	314.56	157.28	0	0	0	157.28	0	157.28	0	157.28	0	0	157.28	0	0	157.28	0	629.13	314.56	0	8178.7	0	0	0	157.28	157.28	0	0	1101	0	0	0	0	0	629.13	0	157.28	0
L128_C06	TH	0	0	0	0	0	106.18	0	212.36	0	0	0	0	0	0	0	0	106.18	0	0	0	0	0	0	0	0	0	0	0	0	0	212.36	212.36	955.62	106.18	0	0	106.18	0	530.9	106.18	0	0	0	0	212.36	0	106.18	106.18	849.44	0	0	0	0	0	0	106.18	1911.2	0	530.9	212.36	0	530.9	0	530.9	0	0	0	0	106.18	0	0	0	849.44	106.18	0	743.26	0	424.72	0	0	212.36	106.18	1380.3	0	212.36	0	0	0	0	0	0	0	0	0	0	0	0	0	0	106.18	0	0	0	0	0	0	106.18	0	0	1805.1	0	0	0	0	106.18	0	106.18	0	106.18	0	849.44	0	0	0	0	0	0	0	0	0	0	1486.5	0	0	0	0	0	0	0	318.54	0	0	0	0	0	0	0	0	0	0	0	0	0	0	0	212.36	0	0	0	0	0	0	0	0	0	0	0	0	106.18	106.18	0	0	0	0	0	0	0	0	0	0	0	0	0	0	0	0	0	0	0	0	0	0	0	0	0	0	0	0	0	0	0	0	0	0	849.44	0	0	0	0	0	106.18	0	0	0	0	0	0	318.54	318.54	424.72	0	0	0	0	0	0	0	0	106.18	849.44	0	0	0	0	0	424.72	0	0	318.54	743.26	0	0	1486.5	0	0	318.54	0	0	106.18	0	0	0	318.54	0	0	0	0	0	0	0	0	0	106.18	0	106.18	0	0	0	0	0	0	0	0	0	0	0	0	0	0	0	0	0	0	0	0	0	0	0	0	0	0	0	0	0	0	0	0	0	0	106.18	0	0	0	0	0	0	0	0	0	0	106.18	0	0	0	0	0	0	0	0	0	0	0	0	743.26	0	0	0	0	0	0	0	0	0	1168	0	0	0	0	0	0	0	0	0	0	0	0	0	0	0	0	0	0	0	106.18	0	0	0	0	0	0	0	0	0	0	0	0	0	0	0	0	0	0	0	0	0	0	0	0	0	0	0	0	0	0	0	0	0	0	0	0	0	0	0	0	0	0	849.44	0	0	0	0	0	0	2017.4	106.18	743.26	318.54	0	0	424.72	318.54	212.36	106.18	0	106.18	106.18	0	0	212.36	0	0	106.18	0	0	0	0	106.18	0	318.54	0	0	743.26	743.26	0	5521.3	0	0	0	106.18	0	212.36	0	1274.2	0	0	0	318.54	1168	212.36	0	0	0
L128_B08	TH	0	0	0	0	0	0	0	0	0	0	416.38	0	0	0	0	0	1665.5	0	0	0	0	0	0	693.96	0	0	0	0	138.79	0	0	0	138.79	0	277.58	0	0	277.58	0	1387.9	0	138.79	0	0	0	0	138.79	416.38	832.76	0	0	0	0	0	0	0	832.76	138.79	0	0	555.17	0	0	971.55	0	0	138.79	0	832.76	0	0	0	555.17	0	0	0	0	0	0	0	693.96	0	277.58	0	138.79	277.58	0	0	0	0	0	138.79	0	0	0	0	0	0	0	138.79	138.79	0	0	0	0	0	0	0	0	1110.3	0	0	0	0	0	0	138.79	0	138.79	0	138.79	0	0	0	0	0	0	0	0	0	0	0	0	0	0	0	0	0	0	0	0	0	138.79	0	0	0	0	0	0	0	0	0	0	0	0	0	0	0	0	0	0	0	0	0	0	0	0	0	555.17	0	0	0	0	0	0	0	0	0	0	0	0	0	0	0	0	0	0	0	0	0	0	0	0	0	0	0	0	0	0	0	0	0	0	0	2081.9	0	0	0	138.79	0	138.79	0	0	0	0	0	138.79	0	416.38	277.58	0	0	0	0	0	0	0	0	138.79	1387.9	0	0	0	0	0	555.17	0	0	0	2914.6	0	693.96	1249.1	0	0	138.79	0	0	0	0	0	0	0	0	0	0	0	0	0	0	0	0	0	0	0	0	0	0	0	0	0	0	138.79	0	0	0	0	0	0	0	0	0	0	0	0	0	0	0	0	0	0	0	0	0	0	0	0	0	138.79	0	0	0	0	0	0	0	0	0	0	0	277.58	0	0	0	0	0	0	0	0	0	0	0	0	416.38	0	0	0	0	0	0	0	0	0	1249.1	0	0	0	0	0	0	0	0	0	0	0	0	0	0	0	0	0	0	0	0	0	0	0	0	0	0	0	0	0	0	0	0	0	0	0	0	0	0	0	0	277.58	0	0	0	0	0	0	0	0	0	0	0	0	0	0	0	0	0	0	0	0	0	555.17	0	0	0	0	0	0	7633.6	0	277.58	138.79	138.79	138.79	555.17	0	277.58	0	0	1249.1	138.79	138.79	0	138.79	138.79	0	277.58	416.38	0	138.79	138.79	138.79	0	138.79	0	0	971.55	555.17	0	5690.5	0	0	0	0	0	0	0	693.96	0	0	0	0	0	0	0	0	0
L128_C09	TH	0	0	0	0	0	286.98	0	0	0	0	114.79	57.395	57.395	0	0	0	344.37	0	0	0	459.16	0	0	0	0	0	0	0	0	0	0	286.98	114.79	0	172.19	688.74	57.395	57.395	172.19	2410.6	0	229.58	0	0	401.77	57.395	57.395	803.54	803.54	0	0	0	0	0	57.395	0	516.56	57.395	286.98	172.19	0	0	0	746.14	114.79	0	0	57.395	860.93	57.395	57.395	0	860.93	0	0	401.77	0	114.79	0	0	114.79	0	631.35	0	172.19	0	0	0	0	0	0	0	0	57.395	0	0	0	0	0	0	57.395	114.79	0	114.79	0	0	0	0	57.395	631.35	0	0	0	0	0	0	114.79	57.395	344.37	0	344.37	0	0	0	0	0	0	0	0	57.395	0	0	0	0	57.395	0	0	0	0	631.35	0	0	0	0	0	0	0	0	0	0	0	0	0	0	0	229.58	0	0	0	0	0	0	0	0	0	0	0	0	172.19	573.95	114.79	0	0	0	0	0	0	0	0	0	0	0	0	0	0	0	0	0	0	0	0	0	0	0	0	0	0	0	0	0	0	0	0	0	2582.8	0	0	0	57.395	0	0	0	172.19	229.58	0	0	0	3443.7	229.58	631.35	0	0	0	0	0	0	0	0	0	516.56	0	0	0	0	0	1377.5	0	0	57.395	5108.2	0	114.79	573.95	0	0	172.19	0	0	0	0	0	0	57.395	0	0	0	0	0	0	57.395	0	0	0	0	57.395	57.395	57.395	0	0	57.395	0	0	0	0	0	0	0	0	0	0	57.395	0	0	0	0	0	0	0	0	0	0	0	0	0	0	0	0	0	0	57.395	0	0	0	0	0	0	0	0	0	0	0	0	0	0	0	0	0	0	0	0	0	57.395	0	573.95	0	0	0	172.19	0	0	0	0	0	4649	0	0	0	0	0	0	0	0	0	0	0	0	0	0	0	0	0	0	0	57.395	0	0	0	0	0	0	0	0	0	0	0	0	0	0	0	0	0	0	0	0	0	0	0	0	0	0	57.395	0	0	0	0	0	344.37	0	0	0	0	0	0	57.395	0	0	344.37	0	0	0	57.395	0	0	3042	229.58	1090.5	688.74	0	344.37	229.58	114.79	0	114.79	114.79	114.79	114.79	0	0	57.395	57.395	0	172.19	0	57.395	0	0	172.19	0	229.58	172.19	0	1721.9	573.95	0	5567.4	0	0	0	401.77	0	0	0	746.14	0	0	0	114.79	401.77	344.37	0	0	0
L128_E09	TH	0	0	0	0	0	0	0	80.415	0	0	201.04	241.24	0	80.415	40.208	40.208	120.62	40.208	40.208	40.208	0	0	80.415	40.208	40.208	80.415	0	0	281.45	120.62	0	0	160.83	0	241.24	0	241.24	0	80.415	1166	0	40.208	0	0	281.45	80.415	120.62	522.7	482.49	0	0	0	0	0	402.08	40.208	120.62	321.66	361.87	241.24	80.415	120.62	0	562.91	40.208	0	603.11	40.208	804.15	0	0	80.415	643.32	0	0	0	201.04	281.45	0	0	241.24	80.415	643.32	0	120.62	361.87	0	40.208	0	0	0	40.208	0	0	0	0	0	0	0	120.62	120.62	281.45	0	0	0	40.208	40.208	0	0	361.87	0	0	80.415	40.208	40.208	0	120.62	80.415	120.62	40.208	321.66	0	0	0	40.208	40.208	0	0	0	402.08	80.415	120.62	0	0	80.415	0	40.208	0	80.415	482.49	160.83	0	0	0	0	40.208	40.208	80.415	40.208	0	0	0	0	0	0	402.08	0	0	0	0	0	0	0	40.208	0	0	0	241.24	522.7	201.04	120.62	0	0	0	0	40.208	0	0	0	80.415	0	0	0	0	80.415	0	0	40.208	0	40.208	0	80.415	0	0	0	0	0	0	0	40.208	0	0	0	0	1407.3	40.208	0	0	0	0	40.208	0	0	40.208	0	0	0	0	160.83	1005.2	0	0	0	0	0	0	0	0	241.24	1125.8	80.415	0	0	40.208	0	201.04	0	0	0	4060.9	0	201.04	1166	0	0	160.83	0	0	80.415	0	0	0	80.415	0	0	0	0	0	0	80.415	0	0	0	0	0	0	0	0	0	80.415	0	0	201.04	0	0	0	0	0	0	0	0	0	0	0	0	0	0	0	0	0	0	0	0	0	0	0	0	0	40.208	80.415	0	0	0	0	0	0	0	0	0	0	120.62	0	0	0	0	0	0	0	0	0	0	160.83	0	0	0	40.208	0	0	0	0	0	0	120.62	1728.9	0	0	0	0	0	0	0	0	0	0	0	0	0	0	0	0	0	0	0	281.45	0	0	0	0	0	0	0	0	0	0	0	0	0	0	80.415	0	0	0	0	0	0	0	0	0	0	0	0	0	0	0	0	0	0	0	0	0	0	0	0	0	0	0	482.49	0	0	0	80.415	40.208	0	4865.1	0	361.87	603.11	80.415	201.04	321.66	40.208	201.04	40.208	80.415	321.66	241.24	0	0	361.87	120.62	0	80.415	40.208	0	40.208	40.208	80.415	0	402.08	80.415	0	804.15	241.24	0	4463	0	0	40.208	0	0	40.208	40.208	120.62	40.208	80.415	40.208	120.62	160.83	522.7	80.415	40.208	0
L128_G09	TH	0	0	0	0	0	0	0	169.82	0	0	226.42	113.21	0	0	0	0	169.82	0	0	0	0	56.606	169.82	169.82	0	0	0	0	56.606	0	0	226.42	226.42	0	113.21	0	56.606	0	0	2943.5	0	0	0	0	113.21	0	226.42	566.06	962.3	0	0	0	113.21	0	226.42	56.606	339.64	113.21	452.85	0	56.606	0	0	1188.7	0	0	56.606	113.21	962.3	0	0	113.21	226.42	0	0	0	0	56.606	0	0	339.64	56.606	962.3	0	56.606	0	0	0	0	0	0	56.606	56.606	0	0	0	0	0	0	56.606	113.21	0	0	0	0	0	169.82	0	0	0	0	0	113.21	0	0	0	169.82	56.606	0	0	283.03	0	0	0	0	0	0	0	0	113.21	0	0	0	0	0	0	0	0	56.606	339.64	0	0	0	0	0	0	113.21	0	0	56.606	0	0	0	0	56.606	169.82	0	0	0	0	0	0	169.82	113.21	0	0	0	0	452.85	226.42	0	0	0	0	0	0	0	0	0	0	0	0	0	0	169.82	0	0	0	0	0	0	0	0	0	0	0	113.21	56.606	0	0	0	0	0	56.606	2151	56.606	0	0	0	0	56.606	0	0	113.21	0	0	0	0	679.27	283.03	0	0	0	0	0	0	0	0	56.606	509.45	113.21	0	0	0	0	849.09	0	0	56.606	7019.1	0	0	1301.9	56.606	0	905.7	0	0	56.606	0	0	0	113.21	0	0	0	0	0	0	679.27	0	0	0	0	0	56.606	169.82	0	0	0	0	0	56.606	56.606	0	56.606	0	56.606	0	113.21	0	0	0	0	0	0	0	0	0	0	0	0	0	0	0	0	0	0	0	56.606	0	0	0	0	0	0	0	0	0	0	0	0	0	0	0	0	0	0	0	0	0	113.21	0	396.24	0	0	0	0	0	56.606	0	0	283.03	1132.1	0	0	0	0	0	0	0	0	0	0	0	0	0	0	0	0	0	0	0	283.03	0	0	0	0	0	0	0	0	0	0	0	0	0	0	0	0	0	0	0	0	0	0	0	0	0	113.21	0	0	452.85	0	0	0	0	0	0	0	56.606	0	0	0	0	0	452.85	0	0	0	113.21	56.606	0	7472	396.24	339.64	452.85	0	169.82	169.82	0	283.03	113.21	226.42	566.06	0	0	56.606	169.82	113.21	0	452.85	113.21	169.82	0	0	169.82	0	735.88	56.606	0	1245.3	452.85	0	5604	113.21	0	0	56.606	0	0	0	1301.9	0	0	0	169.82	452.85	283.03	169.82	0	0
L128_A10	TH	0	0	0	43.565	0	217.83	0	130.7	0	0	304.96	43.565	43.565	0	43.565	130.7	1045.6	0	0	0	0	174.26	174.26	0	0	0	0	87.131	87.131	43.565	0	304.96	87.131	0	43.565	348.52	43.565	43.565	0	1873.3	0	43.565	0	0	43.565	0	217.83	609.91	566.35	0	0	0	0	0	130.7	43.565	261.39	174.26	392.09	43.565	43.565	0	0	1307	43.565	0	174.26	0	479.22	0	0	87.131	871.31	0	0	0	43.565	0	0	0	522.78	174.26	522.78	0	87.131	0	0	0	43.565	0	0	0	43.565	0	0	0	0	0	0	0	0	43.565	0	0	0	0	217.83	0	0	0	0	0	43.565	87.131	43.565	0	174.26	0	0	0	130.7	87.131	0	0	43.565	0	0	0	0	87.131	0	0	0	0	0	0	43.565	0	43.565	697.05	0	0	0	0	0	435.65	0	0	0	0	0	0	0	0	0	261.39	0	0	0	0	0	0	0	0	0	0	0	0	304.96	0	43.565	0	0	0	0	0	0	0	0	0	0	0	0	0	0	0	0	0	0	0	0	43.565	0	0	0	0	0	0	0	0	0	0	0	0	1960.4	0	0	43.565	43.565	0	522.78	0	87.131	130.7	0	0	0	348.52	217.83	653.48	0	0	0	0	0	0	0	0	0	784.18	0	0	0	87.131	0	217.83	0	0	0	1437.7	0	87.131	1742.6	0	0	1437.7	0	0	87.131	0	0	0	174.26	0	0	0	0	0	0	348.52	0	0	0	0	130.7	43.565	0	0	0	0	0	0	87.131	0	0	43.565	0	0	0	0	0	43.565	0	0	43.565	0	0	0	0	0	0	0	0	0	0	0	0	0	0	43.565	0	0	0	0	0	0	0	0	0	0	0	0	0	0	0	0	87.131	0	0	0	0	87.131	0	87.131	0	0	0	348.52	0	0	0	0	0	740.61	0	0	43.565	0	0	0	0	0	0	0	0	0	0	0	0	0	0	0	0	392.09	0	0	0	0	0	0	0	0	0	0	0	0	0	0	392.09	0	0	0	0	0	0	0	0	0	0	0	0	0	261.39	0	0	0	0	0	0	0	0	0	0	0	0	0	261.39	0	0	0	87.131	0	0	6926.9	392.09	304.96	435.65	43.565	0	392.09	0	0	43.565	261.39	304.96	174.26	0	0	87.131	43.565	0	43.565	130.7	0	130.7	0	0	0	261.39	0	0	1524.8	479.22	0	5794.2	0	43.565	0	87.131	0	43.565	0	1350.5	87.131	0	0	87.131	435.65	217.83	0	0	0
L128_G10	TH	0	0	0	0	0	333.5	0	0	0	0	1167.2	0	166.75	0	0	0	500.25	0	0	0	0	0	0	0	0	0	0	0	0	0	0	500.25	0	0	0	0	0	0	0	4168.8	0	166.75	0	0	0	0	1000.5	166.75	333.5	0	0	0	0	0	0	166.75	0	500.25	1167.2	0	0	333.5	0	667	0	0	166.75	0	0	0	0	0	166.75	0	0	0	0	0	0	0	0	166.75	2001	0	0	166.75	0	333.5	0	0	0	0	0	0	0	0	0	0	0	0	0	0	0	0	0	0	0	0	0	166.75	0	0	0	166.75	0	0	333.5	166.75	166.75	0	166.75	0	0	0	0	0	0	0	0	0	0	0	0	0	0	0	0	0	0	0	0	0	0	0	0	0	0	166.75	0	166.75	166.75	0	0	0	0	0	0	0	0	0	0	0	0	0	0	0	0	0	0	0	0	0	0	0	0	0	0	0	0	0	0	0	0	0	0	0	0	0	0	0	0	0	0	0	0	0	0	0	0	0	0	0	0	0	1334	0	0	0	0	0	0	0	166.75	0	0	0	0	0	0	667	0	0	0	0	0	0	0	0	0	0	0	0	0	0	0	166.75	0	0	0	3001.5	0	0	667	0	0	0	0	0	0	0	0	0	166.75	0	0	0	0	0	0	0	0	0	0	0	833.75	0	0	0	0	0	0	0	0	0	0	0	0	0	0	0	0	0	0	0	0	0	0	166.75	0	0	0	0	0	0	0	0	0	0	0	0	0	0	0	0	0	0	0	0	0	0	0	0	0	0	0	0	0	0	0	0	0	333.5	0	0	0	0	0	0	0	0	0	0	0	7670.5	0	0	0	0	0	0	0	0	0	0	0	0	0	0	0	0	0	0	0	0	0	0	0	0	0	0	0	0	0	0	0	0	0	0	0	0	0	0	0	0	0	0	0	0	0	0	0	0	0	0	0	0	0	0	0	0	0	0	0	0	0	0	0	0	0	0	0	0	0	166.75	1167.2	333.5	1167.2	0	0	1000.5	0	0	0	500.25	1167.2	333.5	0	0	500.25	166.75	0	333.5	0	0	0	0	0	0	1000.5	0	0	2334.5	1334	0	9504.8	0	667	0	166.75	0	0	0	1500.8	0	0	0	166.75	500.25	0	0	0	0
L128_C11	TH	0	0	0	0	0	0	0	0	0	0	549.53	0	0	0	0	0	961.67	0	0	0	0	137.38	0	0	0	0	0	0	0	0	0	0	137.38	137.38	0	0	274.76	0	274.76	961.67	0	0	0	0	0	0	137.38	137.38	412.14	0	0	0	0	0	274.76	0	0	0	549.53	0	0	137.38	0	961.67	0	0	0	137.38	549.53	0	0	0	686.91	0	0	0	412.14	0	0	0	412.14	137.38	549.53	0	274.76	0	0	0	0	0	0	0	0	0	0	0	0	0	0	137.38	0	0	0	0	0	137.38	274.76	0	0	274.76	0	0	0	0	0	0	274.76	137.38	549.53	0	412.14	0	0	0	0	0	0	0	0	0	0	137.38	0	0	0	0	0	0	0	686.91	0	137.38	0	137.38	0	0	0	0	0	0	0	0	0	0	0	0	0	0	0	0	0	0	0	0	0	0	0	0	137.38	0	0	0	0	0	0	0	0	0	0	0	0	0	0	0	0	0	0	0	0	0	0	0	0	0	0	0	0	0	0	0	0	0	0	0	1786	0	0	0	0	0	274.76	137.38	0	137.38	0	0	0	0	137.38	274.76	0	0	0	0	0	0	0	0	137.38	0	0	0	0	0	0	549.53	0	0	0	824.29	137.38	549.53	686.91	0	0	961.67	0	0	137.38	0	0	0	0	0	0	0	0	0	0	0	0	0	0	137.38	137.38	0	0	0	0	0	0	0	0	0	0	0	0	0	0	0	0	0	0	0	0	0	0	0	0	0	0	0	0	0	0	0	0	0	0	0	0	0	0	0	0	0	0	0	0	0	0	0	0	0	0	0	0	0	0	0	0	137.38	0	0	0	0	0	0	0	0	0	0	0	1099.1	0	0	0	0	0	0	0	0	0	0	0	0	0	0	0	0	0	0	0	0	0	0	0	0	0	0	0	0	0	0	0	0	0	0	0	0	0	0	0	0	0	0	0	0	0	0	0	0	137.38	0	0	0	0	0	0	0	0	0	0	0	0	0	0	0	0	0	0	137.38	0	11128	0	137.38	0	0	0	137.38	137.38	0	137.38	0	137.38	137.38	0	0	686.91	137.38	0	137.38	137.38	0	137.38	0	0	0	549.53	0	0	1099.1	549.53	0	8380.3	0	0	0	686.91	0	0	0	1236.4	137.38	0	0	137.38	137.38	0	0	0	0
L128_D11	TH	0	0	0	0	0	0	0	195.2	0	195.2	585.59	0	0	0	0	0	0	0	0	0	0	0	390.4	0	0	0	0	0	0	0	0	0	0	0	0	0	0	0	195.2	0	0	0	0	0	195.2	0	195.2	780.79	585.59	0	0	0	0	0	975.99	0	0	0	780.79	195.2	195.2	0	0	780.79	195.2	0	780.79	195.2	780.79	0	0	0	780.79	195.2	0	0	0	390.4	0	0	0	0	1171.2	0	0	195.2	0	0	0	195.2	0	0	0	0	0	0	0	0	0	0	0	0	0	0	0	0	0	0	0	0	0	0	0	390.4	0	0	195.2	195.2	195.2	0	390.4	0	0	0	0	0	0	0	0	0	0	0	0	0	0	0	0	0	0	0	0	0	0	0	0	0	0	195.2	0	0	0	0	0	0	0	195.2	0	0	0	0	0	0	0	0	0	0	195.2	0	0	0	390.4	0	0	0	0	0	0	0	0	0	0	0	0	0	0	0	0	0	0	0	0	390.4	0	0	0	0	0	0	0	0	0	0	0	0	780.79	0	0	0	0	0	0	0	0	0	0	0	0	0	390.4	0	0	0	0	0	0	0	0	0	0	1561.6	0	0	0	0	0	585.59	0	0	0	1171.2	0	0	195.2	0	0	0	0	0	0	0	0	0	0	0	0	0	0	0	0	0	0	0	0	0	0	0	0	0	0	0	0	0	0	0	0	0	0	195.2	0	0	0	0	0	0	0	0	0	0	0	0	0	0	0	0	0	0	195.2	0	0	0	0	0	0	0	0	0	0	0	0	0	0	0	0	0	0	0	0	0	0	0	0	0	0	0	0	0	0	0	0	0	0	0	0	195.2	0	0	0	0	0	0	0	0	0	0	0	0	0	0	0	0	0	0	0	585.59	0	0	0	0	0	0	0	0	0	0	0	0	0	0	0	0	0	0	0	0	0	0	0	0	0	0	0	0	0	0	0	0	0	0	0	0	0	0	0	0	0	0	195.2	0	0	0	0	0	0	390.4	390.4	0	585.59	0	0	0	0	0	390.4	195.2	1171.2	195.2	0	0	195.2	0	0	390.4	390.4	780.79	195.2	0	0	0	390.4	0	0	2537.6	195.2	0	5855.9	0	0	0	0	0	0	0	1952	0	0	0	195.2	0	0	0	0	0
L128_F11	TH	0	0	0	0	0	54.439	0	108.88	0	54.439	163.32	54.439	0	0	0	0	489.96	54.439	163.32	0	435.52	0	272.2	54.439	0	0	0	0	0	163.32	0	108.88	272.2	0	0	0	54.439	0	326.64	871.03	0	0	0	0	0	54.439	108.88	762.15	653.28	0	0	54.439	0	0	272.2	0	326.64	0	489.96	435.52	0	108.88	0	1306.6	0	0	489.96	54.439	381.08	54.439	0	0	653.28	0	0	54.439	54.439	163.32	0	0	435.52	217.76	544.4	0	163.32	217.76	0	0	108.88	54.439	0	54.439	0	108.88	0	0	0	0	0	54.439	0	163.32	0	0	0	54.439	163.32	0	0	0	0	0	54.439	54.439	163.32	0	381.08	54.439	163.32	54.439	163.32	108.88	0	0	0	0	108.88	0	0	0	54.439	1143.2	0	0	0	0	0	0	0	381.08	0	0	54.439	0	54.439	598.84	0	0	0	435.52	0	0	0	0	0	0	0	0	0	0	0	0	0	0	0	0	0	0	108.88	163.32	217.76	0	108.88	0	0	0	0	0	0	0	0	0	0	0	0	0	0	0	0	0	0	54.439	0	0	0	0	217.76	0	0	0	0	0	108.88	0	925.47	0	0	0	0	0	0	0	54.439	54.439	0	0	54.439	326.64	108.88	489.96	163.32	0	0	0	0	0	0	0	0	871.03	0	0	0	0	0	489.96	0	0	0	2449.8	0	163.32	653.28	54.439	0	163.32	0	0	54.439	0	217.76	0	163.32	0	0	0	0	0	0	0	0	0	0	0	108.88	326.64	0	54.439	0	0	0	0	163.32	0	0	0	0	0	0	0	108.88	54.439	0	0	0	0	0	0	0	0	0	0	0	0	0	0	0	0	0	0	0	0	0	0	0	0	0	0	0	0	54.439	0	0	0	0	0	0	54.439	0	0	0	54.439	0	54.439	0	0	0	217.76	0	0	0	0	54.439	544.4	0	0	0	0	54.439	0	0	0	0	0	0	0	0	0	0	0	0	0	0	0	0	0	0	0	0	0	0	0	0	0	0	0	0	0	435.52	0	0	0	0	0	0	0	0	0	0	0	0	0	0	0	0	0	0	0	0	0	0	0	0	0	0	54.439	381.08	0	0	0	0	0	0	9690.2	54.439	381.08	598.84	326.64	0	707.71	0	54.439	0	54.439	326.64	0	0	0	217.76	54.439	0	435.52	163.32	0	0	0	54.439	0	381.08	0	0	762.15	272.2	0	5226.2	0	0	0	54.439	0	0	0	1361	0	0	0	54.439	108.88	217.76	0	0	0
L128_G11	TH	0	0	0	0	0	0	0	0	0	0	176.63	0	0	0	0	0	1118.6	0	0	0	0	0	0	0	0	0	0	0	294.38	235.5	0	58.875	58.875	58.875	0	0	0	0	58.875	2296.1	0	0	0	0	176.63	58.875	117.75	353.25	883.13	0	0	0	0	0	647.63	117.75	58.875	117.75	883.13	353.25	294.38	0	0	1059.8	0	0	117.75	235.5	471	0	0	0	412.13	0	0	588.76	58.875	58.875	58.875	0	176.63	58.875	883.13	0	117.75	0	0	0	0	0	0	0	58.875	0	0	0	0	0	0	0	0	58.875	0	0	0	0	235.5	0	0	58.875	0	0	0	1000.9	0	0	235.5	58.875	58.875	0	412.13	0	0	0	58.875	0	0	0	58.875	58.875	0	58.875	0	0	0	58.875	0	0	58.875	353.25	0	0	0	0	0	0	0	0	0	0	0	0	0	0	0	235.5	0	0	0	0	0	0	0	0	0	0	0	0	1118.6	0	58.875	0	0	0	0	0	0	0	0	0	0	0	117.75	0	0	0	0	0	0	0	0	0	0	0	0	0	0	0	0	0	0	0	0	0	942.01	0	0	0	0	0	0	0	58.875	0	58.875	0	0	0	471	765.38	0	0	0	0	0	0	0	0	58.875	1059.8	58.875	0	0	0	0	176.63	0	0	0	6181.9	58.875	58.875	2531.6	0	0	294.38	0	58.875	0	0	0	0	58.875	0	0	0	0	0	0	0	0	0	0	0	0	0	58.875	117.75	0	0	0	0	294.38	0	0	0	0	0	0	0	0	0	0	0	0	0	0	0	0	0	117.75	0	0	0	0	0	0	0	0	0	0	0	0	0	0	0	0	0	0	0	58.875	0	0	0	0	0	0	0	0	0	58.875	58.875	0	58.875	0	0	0	294.38	0	0	0	0	0	1236.4	0	0	58.875	0	0	0	0	0	0	0	0	0	0	0	0	0	0	0	0	0	0	0	0	0	0	0	0	0	0	0	0	0	0	0	647.63	0	0	0	0	0	117.75	0	0	0	0	0	0	0	0	0	0	0	117.75	0	0	0	0	0	0	0	0	0	529.88	0	0	0	0	0	0	1059.8	0	294.38	647.63	0	0	294.38	0	58.875	0	117.75	58.875	117.75	58.875	0	412.13	0	0	58.875	117.75	0	0	0	176.63	0	353.25	0	0	1413	588.76	0	6299.7	0	0	0	117.75	0	58.875	0	706.51	0	0	0	58.875	0	235.5	0	0	0
L128_H11	TH	0	0	0	0	0	0	0	0	0	0	586.94	293.47	0	0	0	0	293.47	0	0	0	0	440.2	0	0	0	0	0	146.74	0	146.74	0	0	293.47	146.74	146.74	0	0	0	0	4548.8	0	0	0	0	146.74	0	0	586.94	1467.3	0	0	0	0	0	0	440.2	440.2	293.47	733.68	146.74	0	293.47	0	880.41	0	0	146.74	0	733.68	0	0	440.2	440.2	293.47	0	0	0	0	0	0	146.74	146.74	1320.6	0	0	440.2	0	0	0	0	0	0	293.47	0	0	0	0	0	0	146.74	0	146.74	0	0	0	0	0	0	0	0	0	0	0	0	0	0	0	0	293.47	0	293.47	0	0	0	0	0	0	0	0	0	0	0	0	0	146.74	0	0	0	0	1320.6	0	0	0	146.74	0	0	0	0	0	0	0	0	0	0	0	293.47	0	0	0	0	0	0	0	146.74	0	0	0	0	146.74	0	146.74	0	0	0	0	0	0	0	0	0	0	0	0	0	0	0	0	0	0	0	0	146.74	0	0	0	0	0	0	0	0	0	0	0	0	1027.2	0	0	0	0	0	586.94	0	0	0	0	0	0	0	146.74	733.68	293.47	0	0	0	0	146.74	0	0	0	146.74	0	0	0	0	0	146.74	0	0	0	7630.2	0	293.47	4402	0	0	440.2	0	0	293.47	0	0	0	293.47	0	0	0	0	0	0	0	0	0	0	0	0	0	0	0	0	0	0	0	0	0	0	0	0	0	0	0	0	0	0	0	0	0	0	0	0	0	0	0	0	0	0	0	0	0	0	0	0	0	0	0	0	0	0	0	0	0	146.74	0	0	0	0	0	0	0	0	0	0	0	0	146.74	0	0	0	880.41	0	0	0	0	0	146.74	0	0	0	0	0	0	0	0	0	0	0	0	0	0	0	0	0	0	0	146.74	0	0	0	0	0	0	0	0	0	0	0	0	0	0	146.74	0	0	0	0	0	0	0	0	0	0	0	0	0	0	0	0	0	0	0	0	0	0	0	0	0	0	0	146.74	0	0	0	0	0	0	146.74	0	0	0	0	0	293.47	0	146.74	293.47	440.2	586.94	440.2	0	0	0	0	0	0	0	146.74	0	0	0	0	440.2	0	0	293.47	586.94	0	6162.9	0	0	0	0	293.47	0	293.47	880.41	0	0	0	586.94	440.2	146.74	0	0	0
L128_B12	TH	0	0	0	0	0	0	0	0	0	81.288	243.86	81.288	0	81.288	0	0	731.59	0	0	81.288	0	0	0	0	0	0	0	0	650.3	0	0	0	162.57	0	0	0	81.288	81.288	0	1707	0	0	0	0	0	0	325.15	569.01	325.15	0	0	0	0	0	650.3	0	406.44	325.15	650.3	243.86	162.57	81.288	0	1056.7	162.57	0	243.86	81.288	1381.9	0	0	325.15	975.45	81.288	0	0	81.288	81.288	0	0	243.86	81.288	1219.3	0	325.15	81.288	0	81.288	243.86	0	0	81.288	162.57	81.288	0	0	81.288	0	0	0	81.288	0	0	0	0	162.57	0	0	0	325.15	0	0	0	0	0	0	0	0	81.288	0	81.288	0	0	0	325.15	0	0	0	0	81.288	81.288	162.57	0	0	81.288	0	0	0	0	162.57	81.288	0	81.288	0	0	0	162.57	0	0	0	0	0	0	0	0	81.288	0	0	0	0	0	0	0	81.288	0	81.288	0	162.57	406.44	325.15	0	0	0	0	0	0	0	0	0	0	0	81.288	0	0	0	0	0	0	0	81.288	0	81.288	0	0	0	0	81.288	0	0	0	0	0	0	0	2194.8	0	0	0	0	81.288	0	0	0	0	0	0	0	0	569.01	894.16	0	0	0	0	0	0	0	0	81.288	1138	81.288	0	0	0	0	569.01	0	0	0	2926.4	0	0	731.59	0	0	162.57	0	0	0	0	0	0	81.288	0	0	0	0	0	0	2276.1	0	0	0	0	81.288	0	243.86	0	0	81.288	0	0	243.86	0	0	0	0	0	0	0	0	0	0	0	0	0	0	0	0	0	0	0	0	0	0	0	0	0	0	81.288	0	0	0	0	0	0	0	0	0	0	81.288	0	0	0	0	0	0	0	0	0	0	487.73	0	0	0	81.288	0	0	0	0	0	0	0	0	0	0	0	0	0	0	0	0	0	0	0	0	0	0	0	0	0	0	0	0	0	0	0	0	0	0	0	0	0	0	0	0	0	0	0	0	0	0	0	0	0	0	0	0	0	0	0	0	0	0	0	0	0	0	0	0	81.288	0	0	0	0	0	487.73	0	0	0	0	81.288	0	5608.8	0	243.86	243.86	0	0	0	0	0	0	406.44	162.57	162.57	81.288	0	162.57	487.73	0	162.57	0	0	0	0	162.57	0	406.44	81.288	0	812.88	0	0	6503	0	0	0	0	0	0	0	1463.2	162.57	0	0	487.73	569.01	0	0	0	0
L128_E12	TH	97.295	0	0	0	0	97.295	0	0	0	0	0	194.59	0	0	0	0	194.59	0	0	97.295	97.295	0	194.59	0	0	0	0	0	97.295	97.295	0	0	97.295	0	97.295	0	291.89	97.295	97.295	1362.1	0	0	0	0	0	0	97.295	194.59	778.36	0	0	0	0	0	0	0	0	0	194.59	194.59	0	194.59	0	486.48	0	0	0	0	0	0	0	0	486.48	0	0	681.07	97.295	194.59	0	0	0	0	681.07	0	194.59	194.59	0	0	194.59	0	0	0	0	0	0	0	0	0	97.295	0	291.89	291.89	0	0	0	0	0	0	0	194.59	0	0	0	0	0	0	194.59	0	0	0	778.36	291.89	0	0	0	0	0	0	0	0	0	0	0	0	0	0	0	0	0	486.48	0	0	0	0	0	0	0	0	0	0	0	0	0	0	0	486.48	0	0	0	0	0	0	0	0	0	0	0	97.295	583.77	0	97.295	0	0	0	0	0	0	0	0	0	0	0	0	0	0	0	0	0	0	0	0	0	0	0	0	0	0	0	0	0	0	0	0	0	1459.4	0	0	0	97.295	0	194.59	0	97.295	194.59	0	0	0	0	291.89	875.66	0	0	0	0	0	0	0	0	0	291.89	0	0	0	0	0	291.89	0	0	0	4767.5	0	0	681.07	0	0	0	0	0	291.89	0	0	0	194.59	0	0	0	0	0	0	778.36	0	0	0	0	0	0	0	0	0	194.59	0	0	0	0	0	0	0	0	0	0	0	0	194.59	0	0	0	0	0	97.295	0	0	0	0	0	0	0	0	0	97.295	0	0	0	0	0	0	0	0	0	0	0	0	0	0	0	0	0	0	0	0	0	0	389.18	0	0	0	0	0	0	0	0	0	0	0	1945.9	0	0	97.295	0	0	0	0	0	0	0	0	0	0	0	0	0	0	0	0	0	0	0	0	0	0	0	0	0	0	0	0	0	0	0	0	0	0	0	0	0	0	0	0	0	0	0	0	0	0	0	0	0	0	0	0	0	0	0	0	0	0	0	583.77	0	0	0	0	0	0	9437.6	0	875.66	486.48	291.89	0	681.07	0	194.59	97.295	0	97.295	194.59	0	0	194.59	0	0	0	97.295	0	0	0	681.07	0	681.07	0	0	681.07	486.48	0	5253.9	0	0	0	97.295	0	194.59	0	486.48	0	0	0	97.295	291.89	194.59	0	0	0
L128_F12	TH	0	0	0	0	0	328.79	0	93.941	0	46.97	422.73	0	0	0	0	0	0	0	0	0	0	0	375.76	0	0	0	0	93.941	187.88	422.73	46.97	0	0	140.91	0	0	0	46.97	328.79	1033.3	0	0	0	0	93.941	0	46.97	610.61	657.59	0	0	0	0	0	46.97	93.941	0	0	187.88	187.88	46.97	0	0	939.41	46.97	0	140.91	140.91	46.97	0	0	0	422.73	0	0	0	0	140.91	0	0	375.76	0	1174.3	0	0	140.91	0	0	46.97	0	0	0	46.97	0	0	0	0	0	0	0	46.97	281.82	0	0	0	0	46.97	0	0	0	0	0	0	0	46.97	0	0	140.91	46.97	0	328.79	0	0	140.91	46.97	0	0	0	0	0	0	0	0	0	93.941	0	0	0	0	140.91	0	0	46.97	0	0	46.97	46.97	0	0	0	0	0	0	0	0	140.91	0	0	0	0	0	0	0	0	0	0	0	0	516.67	46.97	93.941	0	0	0	0	46.97	0	0	0	0	0	0	0	0	0	0	0	0	0	0	0	0	0	0	0	0	0	0	0	0	0	0	0	0	516.67	0	0	0	0	0	0	0	46.97	46.97	0	0	0	0	422.73	704.56	0	0	0	0	0	0	0	0	0	375.76	0	0	0	0	0	516.67	0	0	140.91	5166.7	46.97	0	1503.1	0	0	140.91	0	0	140.91	0	0	0	46.97	0	0	0	0	0	0	93.941	0	0	0	0	0	93.941	46.97	0	0	0	0	0	46.97	0	0	0	0	0	46.97	0	281.82	0	0	0	0	0	0	0	0	0	0	0	0	0	0	0	0	0	0	328.79	0	0	0	0	0	0	0	0	0	0	46.97	0	0	0	0	0	0	0	0	0	0	187.88	0	140.91	0	93.941	0	140.91	0	0	0	0	0	1597	0	0	0	0	0	0	0	0	0	0	0	0	0	0	0	0	0	0	0	0	0	0	0	0	0	0	0	0	0	0	0	0	0	0	0	0	0	0	0	0	0	0	0	140.91	0	0	0	0	140.91	0	0	0	0	0	0	0	0	0	0	46.97	0	46.97	187.88	0	0	0	46.97	0	0	7280.4	281.82	375.76	422.73	0	46.97	657.59	0	187.88	46.97	187.88	469.7	46.97	140.91	0	234.85	0	0	140.91	46.97	0	140.91	0	375.76	0	140.91	0	0	704.56	187.88	0	4133.4	0	0	0	46.97	0	93.941	0	1127.3	140.91	0	0	0	375.76	422.73	0	0	0
L129_C02	TH	0	0	0	0	0	0	0	146.6	0	0	0	0	0	146.6	0	0	439.79	0	0	0	0	73.298	0	0	0	0	0	73.298	0	219.89	0	0	219.89	0	0	0	219.89	0	0	2785.3	0	0	0	0	73.298	146.6	73.298	146.6	366.49	0	0	0	0	0	219.89	0	73.298	0	439.79	293.19	73.298	0	0	439.79	0	0	366.49	73.298	513.08	73.298	0	0	513.08	0	0	0	0	73.298	0	0	439.79	0	366.49	0	73.298	73.298	0	0	146.6	0	0	0	0	73.298	0	0	0	0	0	0	0	73.298	0	0	0	0	0	0	0	0	0	0	0	146.6	0	0	0	0	0	0	73.298	0	0	0	0	0	0	0	0	73.298	0	0	0	0	0	0	0	0	73.298	146.6	0	0	73.298	0	0	0	0	0	0	0	0	0	0	0	0	73.298	0	0	0	0	0	0	0	0	146.6	0	0	0	0	0	366.49	0	0	0	0	0	0	0	0	0	0	0	0	0	0	0	0	0	0	0	0	0	0	0	0	0	0	0	0	0	0	0	0	0	1392.7	0	0	0	952.87	0	73.298	0	586.38	0	0	146.6	0	1539.3	293.19	146.6	0	0	0	0	0	0	0	0	0	0	0	0	0	0	0	439.79	0	0	0	513.08	0	0	73.298	0	0	2272.2	0	0	0	0	0	0	0	0	0	0	0	0	0	659.68	0	0	0	0	0	0	0	0	0	0	0	0	0	0	1099.5	0	0	0	0	0	0	0	0	0	0	0	0	0	0	0	0	0	0	0	0	0	0	0	0	0	0	0	0	0	0	0	0	0	0	0	0	0	0	0	0	0	0	0	0	0	0	146.6	0	219.89	0	0	0	219.89	0	0	0	0	0	366.49	0	0	0	0	0	0	0	0	0	0	0	0	0	0	0	0	0	0	0	0	0	0	0	0	0	0	0	0	0	0	0	0	0	0	0	0	0	0	0	0	0	0	0	0	0	0	0	0	0	0	0	0	0	0	0	0	0	0	0	0	0	0	659.68	0	0	0	146.6	146.6	0	1319.4	219.89	0	586.38	0	0	1465.9	0	439.79	0	0	806.27	146.6	219.89	0	219.89	73.298	439.79	146.6	293.19	0	0	0	0	0	293.19	0	0	1539.3	293.19	0	7109.9	0	0	0	219.89	0	0	0	1026.2	0	73.298	0	73.298	513.08	806.27	0	0	0
L130_F10	TH	0	0	0	0	0	147.02	0	0	0	0	0	0	0	0	0	0	0	0	0	0	0	0	294.03	147.02	0	0	0	0	441.05	0	0	294.03	0	0	0	0	0	0	588.06	0	0	0	0	0	0	0	441.05	0	294.03	0	0	0	0	0	735.08	0	0	1176.1	147.02	147.02	147.02	0	0	735.08	0	0	294.03	0	294.03	0	0	147.02	1764.2	0	0	0	0	294.03	0	0	294.03	441.05	1470.2	0	0	0	0	0	0	0	0	0	294.03	0	0	0	0	0	0	0	0	0	0	0	0	0	0	0	0	441.05	0	0	0	0	0	0	0	0	147.02	0	147.02	0	0	0	0	0	0	0	0	0	0	0	0	0	1911.2	0	0	0	147.02	0	0	0	0	0	0	588.06	0	0	0	0	0	0	0	0	0	441.05	0	0	0	0	0	147.02	0	0	0	0	0	0	735.08	0	0	0	0	0	0	0	147.02	0	0	0	0	0	0	0	0	0	0	0	0	0	0	0	0	0	0	0	0	0	0	0	0	0	0	0	735.08	0	0	0	0	0	294.03	0	0	0	0	0	0	0	0	0	0	0	0	0	0	0	0	0	0	882.09	0	0	0	0	0	1029.1	0	0	0	16319	0	0	2352.3	0	0	0	0	0	0	0	0	0	0	0	0	0	0	0	0	0	0	147.02	0	0	0	0	0	0	0	0	0	0	0	0	0	0	0	0	0	0	0	0	0	0	0	0	0	0	0	1323.1	0	0	0	0	0	0	0	0	0	0	0	0	0	0	0	0	0	0	0	0	0	0	0	0	0	0	0	0	0	0	0	1029.1	0	0	0	0	0	294.03	0	0	0	0	0	5439.6	0	0	0	0	0	0	0	0	0	0	0	0	0	0	0	0	0	0	0	0	0	0	0	0	0	0	0	0	0	0	0	0	0	0	0	0	0	0	0	0	0	0	0	0	0	0	0	0	441.05	0	0	0	0	0	0	0	0	0	0	0	0	0	882.09	0	0	0	0	0	0	9703	0	147.02	882.09	0	0	0	147.02	294.03	0	735.08	735.08	0	147.02	147.02	0	0	0	0	0	0	0	0	147.02	0	147.02	0	0	588.06	588.06	0	6468.7	0	0	0	147.02	0	0	0	294.03	0	0	0	147.02	147.02	588.06	0	0	0
L141_F01	TH	15.954	0	0	0	7.9771	0	0	167.52	0	127.63	239.32	0	0	15.954	0	7.9771	670.08	0	0	0	0	0	7.9771	0	7.9771	0	95.726	39.886	31.909	678.06	0	0	0	0	0	0	175.5	0	31.909	135.61	0	0	0	7.9771	598.29	39.886	95.726	1435.9	957.26	0	0	15.954	0	0	119.66	0	23.931	23.931	454.7	135.61	0	143.59	7.9771	1021.1	15.954	0	183.48	103.7	279.2	79.771	31.909	0	366.95	0	0	0	0	422.79	0	0	199.43	47.863	446.72	0	111.68	0	0	15.954	175.5	0	0	23.931	23.931	55.84	0	0	0	0	0	111.68	159.54	39.886	0	0	7.9771	0	15.954	0	0	454.7	0	0	0	143.59	31.909	0	319.09	255.27	255.27	23.931	199.43	0	0	23.931	0	0	0	0	0	87.749	63.817	0	0	0	247.29	0	0	0	7.9771	39.886	0	0	0	0	0	0	15.954	0	0	0	0	0	95.726	0	0	207.41	0	0	0	0	0	0	0	0	0	0	7.9771	0	382.9	263.25	7.9771	7.9771	0	0	0	0	0	0	0	199.43	0	0	0	0	0	0	0	0	0	0	0	319.09	0	0	0	0	0	0	0	7.9771	0	0	0	0	382.9	0	0	0	0	7.9771	598.29	0	0	0	0	31.909	0	0	215.38	39.886	0	0	0	0	0	0	0	0	0	590.31	15.954	0	0	7.9771	0	103.7	0	0	0	231.34	7.9771	103.7	2919.6	0	0	965.24	0	0	15.954	0	0	0	167.52	0	0	0	0	0	0	55.84	0	0	0	0	0	191.45	0	0	0	39.886	0	0	446.72	0	0	0	0	0	0	0	0	0	0	0	0	0	0	0	0	0	0	0	0	0	0	0	0	0	0	39.886	0	0	0	0	0	0	0	0	0	0	23.931	7.9771	0	0	0	0	0	0	0	0	0	486.61	0	478.63	0	103.7	0	71.794	0	0	0	0	0	215.38	0	7.9771	15.954	0	0	0	0	0	0	0	0	0	0	0	0	0	0	0	0	0	0	0	0	0	0	0	0	0	0	0	0	0	0	0	0	0	0	0	0	0	0	0	0	0	0	151.57	0	0	1938.4	0	0	0	0	0	0	0	0	0	0	0	0	0	869.51	0	0	0	79.771	55.84	15.954	949.28	263.25	901.42	207.41	0	0	231.34	0	71.794	0	7.9771	135.61	199.43	0	295.15	103.7	358.97	0	79.771	23.931	0	263.25	0	0	0	382.9	0	0	1100.8	303.13	0	9173.7	0	0	0	159.54	0	0	0	103.7	0	374.93	0	446.72	15.954	95.726	0	0	0
L141_B06	TH	0	0	0	0	286.56	622.96	0	0	0	0	1407.9	0	0	0	0	0	286.56	0	0	0	12.459	0	12.459	0	0	0	0	49.837	149.51	0	0	0	523.29	0	12.459	0	49.837	672.8	49.837	361.32	0	0	0	0	99.674	12.459	0	1171.2	1657.1	0	0	0	0	0	1183.6	74.755	460.99	0	386.23	99.674	37.378	12.459	0	921.98	12.459	0	224.27	0	847.22	0	0	0	647.88	0	0	0	49.837	0	0	0	897.06	186.89	635.42	0	49.837	0	0	0	0	0	0	0	99.674	24.918	0	0	0	0	0	199.35	87.214	62.296	0	0	0	0	0	0	0	0	0	0	0	149.51	1756.8	0	12.459	24.918	398.69	124.59	37.378	74.755	0	0	0	0	0	0	0	12.459	0	12.459	0	0	24.918	0	0	0	0	0	12.459	0	0	0	0	0	0	0	0	0	0	0	0	0	0	0	0	0	0	0	0	0	436.07	0	0	0	0	0	0	0	0	0	0	0	0	0	0	0	0	0	0	0	0	0	0	0	0	0	0	0	0	0	0	0	0	0	0	0	0	87.214	0	0	0	0	24.918	0	0	0	12.459	0	0	0	0	0	0	0	0	0	0	0	0	0	0	0	99.674	0	0	0	62.296	0	0	0	0	0	0	174.43	0	0	0	3525.9	24.918	87.214	747.55	37.378	0	0	0	0	0	0	0	0	24.918	0	0	0	0	0	0	0	0	0	0	0	498.37	0	0	0	0	909.52	0	0	74.755	0	0	0	0	0	0	0	0	0	0	0	0	0	0	0	0	0	0	0	0	0	0	0	0	0	0	0	0	0	0	0	0	0	0	0	0	0	0	0	0	0	0	0	0	0	0	0	0	0	0	149.51	0	0	0	0	0	0	0	0	0	112.13	0	0	0	0	0	0	0	0	0	0	0	0	0	0	0	0	0	0	0	1071.5	0	0	0	0	0	0	0	0	0	0	0	0	0	0	0	0	0	12.459	0	0	24.918	0	0	0	0	0	0	0	0	0	0	0	0	0	0	0	0	0	0	0	0	0	386.23	0	0	0	12.459	0	0	0	311.48	485.91	423.61	0	1358.1	186.89	0	0	0	485.91	1046.6	0	0	398.69	0	0	0	585.58	436.07	87.214	0	0	0	0	37.378	398.69	0	3737.8	137.05	0	7824.4	0	0	0	186.89	0	0	0	0	0	211.81	0	1270.8	386.23	872.14	62.296	0	0
L141_C07	TH	21.505	0	0	0	0	0	0	57.348	0	0	566.31	0	0	28.674	0	0	810.04	7.1685	0	0	0	0	272.4	86.021	0	0	0	121.86	379.93	64.516	0	0	143.37	0	0	14.337	71.685	0	43.011	107.53	0	0	0	0	465.95	0	43.011	587.81	931.9	0	0	0	0	0	200.72	28.674	193.55	7.1685	379.93	50.179	35.842	186.38	35.842	802.87	114.69	0	21.505	172.04	279.57	0	28.674	0	200.72	0	0	28.674	0	114.69	0	0	93.19	114.69	523.3	0	0	43.011	0	0	0	14.337	0	0	71.685	0	0	0	0	0	0	0	293.91	93.19	0	0	0	0	344.09	0	0	100.36	0	0	0	121.86	0	0	186.38	7.1685	7.1685	78.853	121.86	143.37	0	0	0	7.1685	0	50.179	0	14.337	0	28.674	0	0	0	0	0	0	7.1685	28.674	0	0	57.348	28.674	0	0	57.348	0	0	0	0	0	0	0	0	121.86	0	0	7.1685	0	0	0	0	57.348	7.1685	0	0	7.1685	258.07	35.842	43.011	0	14.337	0	0	0	0	0	0	0	0	0	0	0	0	0	0	21.505	0	0	0	0	0	0	21.505	0	0	0	0	0	7.1685	0	21.505	0	1713.3	0	0	0	35.842	0	222.22	0	0	250.9	0	21.505	0	0	437.28	258.07	150.54	0	0	0	0	0	0	0	50.179	1311.8	35.842	0	0	0	0	465.95	0	0	28.674	1792.1	0	0	487.45	14.337	21.505	222.22	0	0	143.37	0	35.842	0	50.179	0	0	0	0	0	0	0	0	0	14.337	0	0	0	0	0	0	0	0	0	57.348	0	93.19	0	0	28.674	0	0	0	0	0	0	0	0	0	0	0	0	57.348	0	0	0	0	0	0	0	0	272.4	0	0	0	0	0	0	0	0	0	0	215.05	7.1685	0	0	35.842	0	0	0	0	0	0	157.71	0	136.2	0	0	0	0	35.842	0	0	0	7.1685	186.38	0	0	0	0	21.505	0	0	0	0	0	0	0	0	0	0	0	0	0	0	7.1685	0	0	0	0	0	0	0	0	0	0	0	0	0	0	0	0	0	0	0	0	0	0	21.505	35.842	0	0	0	0	157.71	0	0	0	0	0	0	0	0	0	0	0	0	0	150.54	0	0	0	724.01	0	0	2509	0	530.47	372.76	0	121.86	831.54	0	0	0	0	107.53	344.09	0	0	50.179	0	0	1491	243.73	0	0	157.71	71.685	0	372.76	0	0	1964.2	301.08	0	4473.1	0	0	0	0	0	0	0	279.57	121.86	0	0	157.71	50.179	78.853	0	0	0
L141_G07	TH	0	0	0	0	0	0	0	77.38	0	5.9523	351.19	23.809	2232.1	0	0	0	577.37	0	0	0	41.666	0	0	17.857	0	0	0	5.9523	904.75	898.8	5.9523	65.475	0	0	273.81	0	285.71	17.857	345.23	238.09	0	0	0	0	660.71	101.19	1083.3	1125	1785.7	0	0	0	160.71	0	220.24	17.857	416.66	11.905	1660.7	196.43	5.9523	184.52	0	666.66	47.618	0	89.285	11.905	77.38	29.762	41.666	0	202.38	0	0	23.809	11.905	380.95	0	0	1321.4	339.28	839.28	0	0	190.47	0	0	0	0	0	0	0	11.905	0	0	0	0	0	0	279.76	0	0	0	0	5.9523	107.14	0	0	0	0	0	0	17.857	208.33	5.9523	803.56	0	11.905	0	119.05	35.714	0	11.905	0	0	0	0	0	17.857	0	0	0	0	23.809	0	0	0	0	0	0	0	35.714	0	0	41.666	0	0	0	59.523	89.285	0	0	0	0	267.85	0	0	0	0	0	0	47.618	35.714	0	0	5.9523	0	202.38	5.9523	65.475	17.857	0	0	0	244.04	0	0	0	0	0	0	0	0	0	0	0	0	0	0	0	380.95	0	0	0	0	29.762	0	0	0	0	0	0	0	565.47	0	0	0	0	0	0	0	0	83.332	0	0	0	0	238.09	619.04	0	0	0	0	0	0	0	0	0	208.33	17.857	0	0	0	0	279.76	0	0	0	684.52	0	83.332	505.95	0	0	95.237	0	0	1041.7	0	0	0	47.618	0	0	0	0	0	0	0	0	0	184.52	0	5.9523	0	0	0	41.666	41.666	0	0	65.475	0	0	0	0	0	0	0	0	0	0	0	0	0	0	0	0	0	0	0	0	0	0	0	0	0	0	41.666	0	0	0	0	0	0	0	0	0	0	0	11.905	0	0	0	0	0	0	0	0	0	23.809	0	53.571	0	0	0	11.905	0	0	0	0	41.666	452.38	0	0	0	0	0	0	0	0	0	0	0	0	0	0	0	0	0	0	0	17.857	0	0	0	0	0	0	0	0	0	0	0	0	0	0	0	285.71	0	0	0	0	148.81	29.762	0	0	0	0	0	0	23.809	0	0	0	0	0	41.666	0	0	0	0	380.95	0	0	59.523	0	0	0	47.618	77.38	0	2273.8	0	1458.3	172.62	0	0	1136.9	0	89.285	601.18	499.99	214.28	0	0	0	422.61	11.905	0	535.71	11.905	0	35.714	0	29.762	0	720.23	0	53.571	1267.8	1196.4	0	3547.6	0	0	0	11.905	0	0	0	101.19	0	0	0	59.523	839.28	226.19	0	0	0
L141_H09	TH	0	0	0	0	0	0	0	143.6	0	313.31	385.11	13.054	13.054	39.164	6.5272	0	1272.8	0	0	26.109	0	0	6.5272	0	0	0	0	0	26.109	215.4	0	293.73	32.636	0	156.65	19.582	52.218	19.582	744.11	3368.1	0	32.636	0	0	0	0	45.691	672.31	2121.4	0	0	0	0	0	208.87	0	176.24	0	613.56	150.13	84.854	97.909	0	600.51	32.636	0	0	19.582	306.78	32.636	0	234.98	450.38	0	0	0	13.054	274.14	0	0	378.58	150.13	300.25	0	71.8	52.218	0	0	221.93	0	0	0	0	13.054	0	0	0	0	0	71.8	19.582	39.164	0	0	0	13.054	84.854	0	0	13.054	0	0	0	65.272	45.691	0	6.5272	110.96	32.636	202.35	163.18	78.327	0	0	0	0	32.636	0	0	65.272	0	0	0	0	176.24	0	0	0	71.8	6.5272	6.5272	0	372.05	0	0	0	0	0	0	0	0	0	0	0	0	0	0	0	0	0	0	0	84.854	0	26.109	0	0	0	509.12	26.109	39.164	0	0	0	0	0	0	0	0	0	0	6.5272	0	0	13.054	0	0	0	0	0	0	32.636	0	0	0	0	0	0	0	0	26.109	0	0	0	483.02	0	0	0	0	0	0	0	221.93	0	0	6.5272	0	110.96	378.58	300.25	0	0	0	0	0	0	0	0	13.054	1331.6	0	0	0	0	0	1475.2	0	0	71.8	2539.1	97.909	91.381	2389	0	0	110.96	0	0	19.582	0	0	0	0	0	0	0	0	0	0	1507.8	0	0	0	0	0	6.5272	0	0	0	0	0	0	91.381	0	0	0	0	0	0	0	0	0	0	0	0	0	0	189.29	0	0	39.164	0	0	0	0	0	0	0	13.054	0	0	0	0	0	0	0	0	0	0	0	45.691	0	0	0	0	0	0	0	0	0	0	97.909	0	0	0	0	0	0	0	0	0	0	0	1357.7	0	0	0	0	0	0	0	0	0	0	0	0	0	0	0	0	0	0	0	130.54	0	0	0	0	0	0	0	0	0	0	0	0	0	0	0	0	19.582	0	0	0	39.164	0	39.164	0	0	13.054	0	0	39.164	0	0	0	0	0	0	0	0	0	0	0	0	0	463.43	0	0	0	13.054	208.87	0	3400.7	0	1325	189.29	0	0	639.67	0	39.164	0	0	352.47	241.51	52.218	280.67	718	0	0	0	293.73	202.35	0	39.164	319.83	0	345.94	776.74	0	417.74	176.24	0	6736.1	0	0	0	13.054	0	65.272	0	26.109	26.109	0	0	163.18	71.8	39.164	0	0	0
L141_D12	TH	0	0	0	0	0	1410.1	0	11.95	0	0	298.74	0	0	11.95	59.748	35.849	609.43	0	0	0	11.95	143.4	0	0	0	0	0	0	0	0	0	47.798	609.43	0	83.647	11.95	11.95	0	394.34	2569.2	0	0	0	0	47.798	131.45	119.5	1517.6	525.78	23.899	0	0	0	0	262.89	95.597	537.73	0	238.99	501.88	203.14	238.99	0	1027.7	0	0	23.899	167.29	227.04	0	0	35.849	633.33	23.899	0	23.899	0	107.55	0	0	979.86	35.849	1744.6	0	0	0	0	0	71.697	0	0	0	0	0	0	0	11.95	0	0	35.849	0	35.849	0	23.899	0	0	0	0	0	1529.6	0	0	47.798	71.697	179.24	0	0	991.82	0	167.29	573.58	0	0	0	11.95	0	0	0	0	23.899	0	430.18	0	0	0	0	0	0	0	0	0	0	0	0	0	0	95.597	0	0	0	0	155.34	0	0	0	0	0	0	0	0	11.95	0	35.849	0	83.647	0	23.899	0	47.798	370.44	23.899	0	0	0	0	71.697	0	0	0	0	0	0	0	0	0	0	0	0	0	0	0	1003.8	0	0	0	0	0	0	0	35.849	0	0	143.4	11.95	633.33	0	0	0	0	0	0	0	0	0	0	0	0	107.55	11.95	0	0	0	0	0	0	0	0	0	0	83.647	35.849	0	0	83.647	0	23.899	0	0	0	4313.8	0	0	2748.4	0	0	0	0	0	179.24	0	155.34	0	0	0	0	0	0	0	0	1971.7	0	0	489.93	0	0	0	0	0	0	501.88	0	0	191.19	0	0	0	0	0	0	71.697	0	0	0	0	0	0	0	0	0	0	0	0	0	0	0	0	0	0	0	0	0	0	0	0	0	0	0	0	0	0	0	0	0	0	0	0	0	0	11.95	11.95	0	0	0	0	0	0	0	119.5	83.647	0	0	0	0	155.34	0	0	0	0	0	11.95	0	0	0	0	0	0	0	0	0	0	0	0	0	83.647	0	0	0	0	0	0	0	0	0	0	0	0	0	0	119.5	0	0	0	0	0	0	0	0	0	0	0	0	0	203.14	0	0	0	0	0	0	0	0	0	0	0	0	0	71.697	0	0	0	716.97	0	0	0	227.04	35.849	95.597	179.24	621.38	191.19	0	0	0	23.899	657.23	597.48	179.24	0	0	0	0	597.48	0	203.14	0	0	0	0	11.95	0	0	1493.7	119.5	0	8221.3	0	0	0	0	11.95	0	0	167.29	0	11.95	0	238.99	215.09	1123.3	0	95.597	0
L142_D06	TH	0	0	0	0	0	3.0185	0	199.22	0	39.241	166.02	0	0	21.129	6.037	6.037	434.66	0	0	0	15.092	0	63.389	51.315	48.296	0	0	0	9.0555	3.0185	27.167	449.76	1249.7	54.333	9.0555	0	66.407	3.0185	93.574	977.99	0	48.296	0	0	63.389	60.37	120.74	990.07	757.64	0	27.167	3.0185	123.76	27.167	169.04	18.111	190.17	0	344.11	66.407	3.0185	181.11	0	1059.5	33.203	0	102.63	138.85	1826.2	3.0185	15.092	9.0555	404.48	129.8	9.0555	96.592	42.259	132.81	0	0	326	9.0555	688.22	0	60.37	24.148	0	0	0	3.0185	0	12.074	39.241	6.037	0	0	0	3.0185	0	18.111	105.65	105.65	0	54.333	0	3.0185	24.148	0	45.278	33.203	0	0	6.037	193.18	12.074	3.0185	96.592	21.129	12.074	0	271.67	87.537	0	0	0	0	0	0	0	21.129	63.389	48.296	0	0	0	0	0	0	0	1074.6	0	0	0	6.037	0	3.0185	18.111	0	0	0	63.389	0	0	3.0185	0	181.11	0	0	0	0	0	0	105.65	36.222	45.278	0	9.0555	0	81.5	208.28	235.44	0	3.0185	0	6.037	0	0	0	0	48.296	0	0	0	0	102.63	0	0	0	0	0	0	0	0	0	0	0	0	0	51.315	3.0185	0	3.0185	15.092	0	712.37	0	0	0	99.611	0	156.96	3.0185	57.352	75.463	0	36.222	9.0555	2034.5	368.26	1391.5	0	0	0	0	0	0	0	0	3.0185	2429.9	0	0	0	0	0	552.39	0	0	0	839.14	0	141.87	69.426	0	0	470.89	0	0	63.389	0	0	0	6.037	0	0	0	0	0	0	33.203	0	0	0	0	0	18.111	0	0	30.185	21.129	0	0	271.67	0	33.203	0	0	3.0185	36.222	0	54.333	0	0	0	0	0	0	0	0	0	15.092	0	0	0	0	3.0185	0	0	18.111	15.092	0	0	0	0	0	3.0185	0	0	12.074	0	21.129	0	0	0	0	0	0	51.315	0	0	0	129.8	0	392.4	0	6.037	0	0	0	0	0	0	12.074	815	0	0	0	18.111	0	0	0	0	0	0	0	0	0	3.0185	0	0	0	0	0	9.0555	0	0	0	0	0	12.074	0	3.0185	0	0	0	0	0	0	60.37	9.0555	0	0	0	0	9.0555	0	0	0	0	0	0	0	636.9	0	0	0	9.0555	0	0	0	0	0	0	0	0	0	419.57	0	0	0	75.463	81.5	0	3791.2	48.296	425.61	431.65	66.407	283.74	446.74	27.167	72.444	9.0555	78.481	802.92	307.89	0	30.185	217.33	24.148	0	144.89	673.13	0	150.93	0	24.148	0	446.74	250.54	0	1147	655.02	0	8476	0	0	0	126.78	0	45.278	0	606.72	21.129	0	0	57.352	531.26	135.83	0	27.167	0
L142_A10	TH	3.9515	0	0	0	0	0	0	71.126	71.126	0	691.51	118.54	0	39.515	7.9029	15.806	426.76	0	0	0	0	31.612	39.515	86.932	0	0	0	106.69	7.9029	15.806	3.9515	0	268.7	3.9515	11.854	0	272.65	110.64	82.981	1568.7	0	67.175	0	0	3.9515	23.709	169.91	616.43	383.29	0	0	11.854	0	0	169.91	31.612	620.38	7.9029	446.52	7.9029	237.09	75.078	3.9515	1027.4	51.369	3.9515	517.64	98.786	857.47	27.66	19.757	122.5	19.757	11.854	15.806	3.9515	31.612	130.4	0	0	138.3	162.01	916.74	0	3.9515	288.46	0	0	0	0	0	23.709	3.9515	0	0	0	0	0	0	0	327.97	75.078	0	0	0	3.9515	241.04	0	55.32	106.69	0	0	3.9515	27.66	0	3.9515	63.223	0	154.11	0	98.786	343.78	0	0	19.757	0	0	3.9515	0	31.612	15.806	7.9029	0	0	3.9515	118.54	35.563	0	3.9515	256.85	0	0	27.66	43.466	0	0	0	0	0	0	0	0	23.709	0	0	221.28	0	0	0	63.223	0	0	59.272	0	39.515	0	15.806	0	316.12	410.95	150.15	0	79.029	0	3.9515	0	0	7.9029	0	0	0	0	3.9515	0	367.49	0	0	0	0	15.806	0	3.9515	0	0	7.9029	0	0	0	0	7.9029	3.9515	0	35.563	7.9029	738.92	0	0	0	27.66	0	11.854	0	39.515	264.75	0	35.563	0	3.9515	264.75	1722.8	0	0	0	0	0	0	0	0	0	233.14	106.69	0	0	7.9029	0	679.65	0	0	7.9029	5563.7	51.369	75.078	1098.5	0	0	292.41	0	0	584.82	0	7.9029	0	0	0	0	0	0	0	0	252.89	0	0	0	0	0	114.59	0	11.854	3.9515	3.9515	0	0	0	0	0	0	0	7.9029	0	0	3.9515	0	0	0	0	0	0	0	0	0	0	0	0	0	19.757	0	0	0	7.9029	59.272	0	0	0	0	0	0	0	0	0	0	15.806	0	0	0	0	0	0	0	0	0	0	79.029	0	165.96	0	23.709	0	158.06	0	0	0	0	3.9515	497.88	0	0	0	0	0	0	0	0	0	0	0	0	0	0	0	0	0	0	0	0	0	0	0	0	0	252.89	0	0	0	0	0	0	0	0	59.272	23.709	0	0	0	0	0	0	7.9029	0	0	0	3.9515	0	845.61	0	0	0	2813.4	0	0	3.9515	0	0	0	0	0	0	553.2	0	0	0	15.806	0	7.9029	1513.4	0	1505.5	154.11	0	71.126	845.61	2414.3	98.786	35.563	233.14	320.07	229.18	59.272	0	434.66	55.32	0	162.01	177.82	102.74	0	27.66	63.223	3.9515	655.94	114.59	0	1699.1	142.25	0	10088	0	0	0	19.757	0	0	0	138.3	359.58	0	0	225.23	300.31	442.56	0	0	0
L142_H10	TH	0	0	0	0	0	0	0	0	0	0	99.197	0	0	0	0	0	283.42	0	0	0	0	0	1034.5	0	0	0	0	0	0	0	0	0	141.71	0	113.37	0	155.88	0	0	325.93	0	0	0	0	0	0	0	439.3	2664.1	0	0	0	28.342	0	0	28.342	0	0	14.171	581.01	113.37	14.171	0	1487.9	0	0	85.026	42.513	269.25	0	0	0	736.89	0	0	0	0	155.88	0	0	212.56	637.69	198.39	0	0	99.197	0	0	0	0	0	0	42.513	0	0	0	0	0	0	0	0	0	0	0	0	0	226.74	0	0	3245.1	0	0	14.171	0	0	0	0	0	14.171	0	240.91	0	0	0	0	0	0	0	0	0	0	0	0	0	212.56	0	0	0	0	127.54	0	0	0	0	0	0	0	0	0	0	28.342	0	0	0	0	113.37	0	0	0	0	0	0	0	0	0	0	0	28.342	552.67	0	0	0	0	0	0	0	0	0	0	42.513	0	0	0	0	0	0	0	0	0	85.026	0	0	0	0	0	0	127.54	0	0	0	0	0	0	0	14.171	0	0	0	56.684	0	0	0	28.342	0	0	0	0	0	0	113.37	0	0	0	14.171	0	0	0	0	0	0	0	0	0	0	0	42.513	0	0	0	495.98	42.513	0	42.513	0	0	56.684	0	0	85.026	0	0	0	0	0	0	0	0	0	0	0	0	0	0	0	0	0	0	0	0	113.37	0	0	765.23	0	0	0	0	0	0	0	0	0	0	0	0	0	0	0	0	0	113.37	0	0	0	0	0	0	0	0	0	0	0	0	0	0	0	0	0	0	0	0	0	0	0	0	0	14.171	0	0	0	0	184.22	0	0	0	0	0	0	0	0	0	0	0	198.39	0	0	0	0	0	0	0	0	0	0	0	0	0	0	0	0	0	0	0	0	0	0	0	0	0	0	0	0	0	0	0	0	0	0	0	0	0	0	0	0	0	0	0	0	0	0	0	0	0	0	0	0	0	0	0	0	0	0	0	0	0	0	581.01	0	0	0	14.171	0	0	836.09	0	1006.1	42.513	0	113.37	340.1	0	0	0	283.42	680.21	0	0	141.71	198.39	226.74	0	0	0	0	0	0	0	0	425.13	0	0	255.08	1232.9	0	6391.1	0	0	0	0	0	0	0	495.98	0	0	0	439.3	170.05	453.47	0	14.171	0
L142_H11	TH	0	0	0	0	0	0	0	42.156	0	0	0	0	0	0	0	0	323.19	0	0	0	14.052	0	0	0	0	0	0	0	56.207	0	0	0	0	0	0	0	168.62	0	0	70.259	0	0	0	0	28.104	0	0	126.47	772.85	0	0	0	0	0	0	14.052	42.156	548.02	84.311	0	0	126.47	0	1742.4	14.052	98.363	210.78	42.156	28.104	0	0	14.052	885.27	323.19	0	42.156	0	0	0	0	674.49	0	744.75	0	28.104	0	0	0	126.47	0	0	0	0	0	0	0	0	0	0	0	0	0	0	0	0	0	0	0	0	98.363	0	0	0	0	0	0	0	98.363	0	168.62	0	0	0	0	0	0	0	0	0	0	0	491.82	0	0	0	0	0	0	0	168.62	0	0	0	0	0	0	0	0	0	0	0	0	0	0	0	0	0	0	0	0	0	0	154.57	0	0	0	0	0	0	323.19	0	0	42.156	0	0	0	0	0	0	0	0	0	0	0	0	0	0	0	0	0	0	0	0	0	0	0	0	0	0	14.052	0	0	56.207	0	252.93	0	0	0	0	0	0	0	702.59	0	0	0	0	0	0	407.5	0	0	0	0	0	0	0	0	0	154.57	0	0	0	0	0	505.87	0	0	0	997.68	0	0	449.66	0	0	266.98	0	0	28.104	0	0	0	0	0	0	0	0	0	0	14.052	0	0	0	0	0	0	0	0	0	84.311	0	0	0	0	0	0	0	0	0	112.42	0	0	0	0	0	0	0	0	0	0	562.07	0	0	0	0	0	0	0	0	0	0	0	0	0	0	0	0	0	0	0	0	0	0	14.052	0	0	0	0	0	0	0	533.97	0	238.88	0	0	0	0	0	0	0	0	0	0	0	0	0	0	0	0	0	0	0	0	0	0	0	0	0	0	0	0	0	0	0	0	0	0	0	0	0	0	0	0	0	0	0	0	28.104	0	0	0	0	0	0	0	0	0	0	0	0	0	112.42	0	0	0	0	0	0	0	309.14	0	0	0	0	0	407.5	0	0	0	1559.8	14.052	0	0	0	140.52	56.207	0	0	421.56	0	0	0	0	0	0	0	0	0	0	0	646.39	0	56.207	14.052	0	70.259	0	4018.8	98.363	140.52	632.33	477.76	0	4117.2	0	0	0	0	98.363	0	0	224.83	28.104	0	0	28.104	281.04	0	0	0	0
L226_C07	TH	0	0	0	0	0	0	0	77.414	0	0	0.24116	0	0	0	0	0	88.025	0	0	0	0	0	253.46	286.02	0	0	0	0	40.516	91.643	0	0	296.63	106.6	201.13	0	0	81.273	291.57	173.4	0	0	0	0	0	54.503	46.063	731.45	1799.6	0	0	0	0	0	1.9293	0	167.13	0	211.26	501.86	0	0	0	632.58	0	0	225.97	0	222.6	0	0	0	605.57	0	0	0	0	99.842	0	0	516.58	622.93	1211.6	0	0	81.273	0	0	0	0	0	0	0	0	0	0	0	0	0	0	88.749	415.77	0	0	0	0	126.85	0	47.027	236.1	0	0	86.578	148.08	62.944	0	175.09	0	0	0	563.12	21.946	0	0	0	0	0	0	0	0	0	0	0	0	79.826	0	0	0	0	30.387	0	0	75.726	0	0	25.563	0	0	0	0	0	0	0	0	0	354.99	0	0	0	0	0	0	2.4116	0	0	0	0	0	0	0	0	0	0	0	0	0	0	0	0	0	0	0	0	0	0	0	0	0	0	0	0	0.24116	0	0	0	0	0	0	0	0	21.946	0.24116	0.24116	0	1420.2	0	0	0	0.48233	0	280.23	0	0	128.54	0	0	0	0	302.9	359.82	0	0	0	0.24116	0	0	0	0	141.56	718.91	0	0	0	0.24116	0	350.65	0	0	0	31.834	0	71.867	1395.6	0	2.4116	743.99	0	0	0.24116	0	49.198	0	0.48233	0	0	0	0	0	0	0	0	0	0	0	81.032	0	0	0	0	0	0.24116	0	0.7235	0	53.056	0	0	0	0	0	39.069	0	0	0	0	0	0	0	0	0	0	0	0	0	0	0	0	0	0	463.28	0	0	0	0	0	0	0	0	0	0	36.898	0	0	0	0	0	0	0	0	0	0	141.8	0	0.24116	0	219.22	0	0	0	0	0	0	0	0	0	0	0	0	0	0	0	0	0	0	0	0	0	0	0	0	0	0	0	13.746	0	0	0	0	0	0	0	103.7	0	0	0	0	0	0	0	0	0	0	0	0	44.616	0	0	0	0	0	0	0	0	0	0	0	0	0	0	0	218.74	0	0	0	0	0	273.72	0	0	0	0	164.96	0	3777.9	0	394.3	787.89	0	335.22	354.51	0	282.65	164.23	314.96	201.61	0	69.938	0	521.64	34.969	10.611	1045.9	142.53	135.29	0	20.499	447.36	0	1523	0.24116	0	1756.7	696.24	0	13178	0	0	19.293	147.35	0	0	0	255.88	25.805	0	0	163.75	204.27	1194.7	0	0	0
L226_D07	TH	0	0	0	0	0	0	0	0	0	0	0	0	0	0	0	0	0	0	0	0	0	323.41	0	0	0	0	0	156.66	0	409.43	0	148.01	368.1	0	0	0	0	0	55.263	151.85	0	0	0	0	222.98	0	283.05	1388.8	1221.1	0	0	0	0	0	259.5	0	503.14	0	799.16	0.48055	0	1.4417	0	570.41	0	0	617.99	0	978.4	0.48055	0	0	518.99	33.158	0	214.81	0	272.95	0	0	714.1	87.46	1666.1	0	145.61	111.01	0	0	0	0	0	0	0	0	0	0	136.48	0	0	0	0	182.61	0	0	0	0	0	0	0	0	0	0	0	214.81	2.4028	0	353.2	0	0	0	0	175.88	0	0	0	0	0	0	0	0	0	0	0	0	500.25	515.63	0	0	25.95	0	129.27	0	0	0	0	0	0	0	0	0	0	0	0	0	0	60.069	0	0	0	0	0	0	0	297.94	0	0	166.75	0	0	0	78.81	0	0	0	0	0	0	0	0	172.04	0	0	0	0	185.49	0	0	0	0	0	0	0.48055	0	0	0	0	0	0	0	0	0	0	267.67	0.48055	580.03	0	0	0	108.61	0	0	0	501.21	8.6499	0	0	0	0	49.977	118.22	0	0	0	0	0	0	0	0	0	942.36	122.06	0	0	0	0	24.508	0	0	0	402.22	0	0	1209.1	0	0	477.67	0	0	0	0.48055	0	0	0	0	0	0	0	0	0	62.952	0	0	0	0	655.95	0	0	0	0	0	0	0	0	0	0	0	0	0	0	0	14.897	0	0	0	0	0	0	0	0	0	95.149	0	0.48055	0	0	0	0	0	0	0	0	0	0	0	0	0	0	0	0	0	5.7666	0	0	0	0	0	0	0	185.49	0	0	257.58	0	113.41	0	0	0	0	0	94.669	0	0	0	0	0	0	0	0	0	0	0	0	0	41.808	0	0	0	0	0	0	0	0	0	130.23	0	0	0	0	0	0	0	0	0	0	0	0	0	0	18.261	181.17	0	0	0	0	164.35	0	0	0	0	0	0	0	51.9	0	0	0	0	0	0	0	0	0	0	0	0	0	2130.3	0	0	0	332.06	0	0	2564.7	224.9	628.08	307.07	0	590.12	472.86	0	0	0	115.33	35.08	305.15	0.48055	0	184.53	0	0	3.3639	58.147	0	0	0	595.88	183.09	98.513	57.666	0	603.57	369.54	0	10239	0	0	0	86.98	0	66.797	0	225.38	0	0	0	0	361.86	282.08	0	0	0
L226_F07	TH	0	0	0	0	0	3.0041	0	0	0	0	244.33	99.468	0	0	0	0	0	0	0	0	0	0	60.415	0	0	0	0	0	402.21	91.457	0	5.0068	3.3379	89.455	6.6757	0	0.33379	0	150.87	18.358	0	0	0	0	258.02	248	166.56	458.29	1634.2	0	0	0	0	0.33379	2.0027	2.6703	524.04	194.6	7.3433	66.757	88.119	195.93	0	602.15	0	0	222.3	0	212.29	0	0	0.33379	985.67	0	0	68.76	0.33379	227.31	0	0	833.8	36.049	1057.8	0	2.6703	110.15	0	0	45.395	0	0	0	0	0	0	0	0	0	0	127.17	0	206.28	0	0	0	0	0.33379	0	0	164.89	0	0	34.714	0	18.024	0	436.59	45.395	0	0	45.729	55.409	0	0	0	0	0	0	0	0	0	0	0	0	184.25	132.18	0	0	105.81	114.82	0	0	0	0	0	0	0	0.33379	0	0	0	0	0	0	0	744.68	0	0	0	0	0	0	0	0	0	0	0	0	4.0054	36.716	250.34	0	0	0	0	52.071	0	0	0	86.117	0	0	0	0	0	0	0	0	0	0	0	2.0027	0	0	0	0	0	0	0	0.66757	0	0.66757	1.3351	0	1597.5	0	0	0	0	0	0	0	131.51	0	0	4.673	0	0	616.84	232.32	0	0	0	0	0	0	0	0	1.3351	213.62	0	0	0	2.3365	0	729.99	0	0	0	59.748	81.444	6.3419	493.34	0	0	256.68	0	4.0054	340.13	0	0	0	7.0095	0	0	0	0	0	0	8.3447	0	0	0	0	161.22	0	0	0	0	0	0	0	52.738	0	0	0	0	0	0	0	140.86	0	0	0	0	0	0	0	0	0	0	0	0	0	0	0	0	0	0	6.3419	0	0	0	0	0	0	0	0	0	0	0	0	0	0	0	0	0	0	0	0	0	639.53	0	144.53	0	0	0	106.14	0	0	0	0	37.384	346.14	0	0	0	0	0	0	0	0	0	0	0	0	0	0	0	0	0	0	0	0	0	0	0	0	0	0	0	0	0	0	0	3.6716	0	0	75.769	0	0	0	0	0	0	0	0	0	0	0	0	0	15.354	0	0	0	0	0	0	0	0	0	0	0	0	0	300.41	0	0	0	0	0	0	618.17	0	1737.4	463.3	45.729	0	1770.7	0	547.74	209.95	322.1	119.16	0	62.418	161.89	571.78	0	0	724.98	17.357	1.0014	67.759	0	416.23	0	1418.6	114.15	0	2868.2	929.59	0	3900	0	0	0	0	0	0	0	0	2.6703	0	0	0	474.64	146.53	0.33379	0	0
L226_G08	TH	0	0	0	0	0	0	0	0	0	57.695	0	0	0	0	0	0	570.02	0	0	141.93	0	11.539	649.07	0	0	0	0	0	224.43	0	0	337.51	0	0	0	0	0	0	0	40.963	0	0	0	0	106.16	0	0	395.79	1372.6	0	0	0	0	0	0	0	0	0	90.581	804.26	221.55	349.05	0	407.32	0	0	193.28	0	296.55	0	0	0	818.69	0	0	361.17	0	61.156	0	0	548.1	524.44	1377.2	0	272.32	126.35	0	0	0	0	0	0	196.74	0	0	0	0	0	0	0	208.28	0	0	0	0	0	0	0	0	76.157	0	0	153.47	205.97	199.62	0	570.6	71.541	140.2	0	295.97	0	0	0	0	0	0	0	0	0	0	0	0	0	0	0	0	0	45.579	0	0	0	0	0	0	21.924	0	0	0	330.59	0	0	0	0	0	535.41	0	0	0	0	0	0	0	0	0	0	0	0	0	0	40.386	0	0	0	0	0	0	0	0	0	0	0	0	0	0	0	0	0	0	0	0	0	0	0	0	0	0	0	0	0	0	0	1.1539	0	2780.9	0	0	0	0	0	25.386	0	286.17	79.042	0	0	0	0	347.32	2926.9	0	0	0	0	0	0	0	0	0	200.78	0	0	0	0	0	720.61	0	0	0	1421.6	0.57695	155.2	1344.9	0	0	508.87	0	0	12.693	1.7308	0	0	0	0	0	0	0	0	0	634.06	0	0	0	0	0	0	0	0	0	0	0	0	0	0	0	0	0	0	0	0	0	68.657	0	0	0	0	0	0	0	0	0	0	0	0	0	0	0	0	0	0	0	0	0	0	0	0	0	0	0	0	0	0	0	0	0	0	0	0	0	0	0	0	0	3.4617	0	0	0	0	0	0	0	0	0	0	0	0	0	0	0	0	0	0	0	0	0	0	0	0	0	0	0	0	0	377.32	0	0	0	0	0	0	0	0	0	0	0	0	0	0	0	0	0	0	0	0	0	0	0	0	0	0	0	0	247.51	0	0	0	0	0	0	0	0	0	0	0	0	0	714.26	0	0	0	0	60.579	0	455.79	503.1	490.4	139.62	347.9	141.35	630.03	206.55	395.21	334.63	1016	199.62	0	0	0	709.07	0	0	1433.7	24.232	0	0	0	912.73	0	539.45	0	0	1855.5	1492	0	8751.7	0	0	0	0	0	0	0	1.1539	0	0	0	396.36	147.12	298.86	0	0	0
L226_A09	TH	0	0	0	0	0	0	0	0	0	0	723.66	0	0	0	0	0	83.375	0.46064	0	0	0	40.075	0	85.678	0	0	0	0	309.55	395.69	25.796	0	0	91.206	0.92127	0	0	0	0	0	0	0	0	0	0	0	189.78	881.66	1756.4	0	0	0	0	0	0.46064	0	2.7638	75.084	546.31	234	0	0	0	1275	0	0	0	0	0	0	0	0	1357.9	113.32	0	201.76	0	381.41	0	0	201.76	4.1457	2153.5	0	0	183.33	0	0	117	0	0	0.46064	0	0	0	0	0	0	0	0	129.9	152.47	0	0	0	0	116.08	0	0	296.19	0	0	0	335.34	0	0	433	108.25	0	0	622.32	11.516	0	12.898	0	0	0.46064	0	0	0	0	0	0	0	0	0	0	0	0	23.953	0	0	0	0	0	0	0	0	0	0	0	0	0	0	0	343.17	0	0	0	0	0	0	0	0	0	0	0	0	0	0	394.3	0	0	0	0	0	0	0	0	0	0	0	0	0	0	0	0	0	0	0	0	2.7638	0	0	0	0	14.28	0	0	0	0	0	0	0	3027.8	0	0	0	0	0	0.46064	0	26.717	0	0	0	0	1.3819	1558.3	390.16	0	0	0	0	0	0	0	0	0.46064	392.92	5.5276	0	0	0	0	633.37	0	0	0	299.87	0	37.772	972.4	375.42	0	874.29	0	0	7.3702	0	0	0	0.46064	0	0	0	0	0	0	0	0	0	0	0	0	0	0	0	0	0	408.58	0	0	0	0	0	0	0	0	0	92.127	0	0	0	0	0	0	0	0	0	0	0	0	0	0	0	0	0	0	134.51	0	0	0	0	0	0	0	0	0	0	0	0	0	0	0	0	0	0	0	0	0	292.96	0	1374.1	0	0	0	0	0	0	0	0	0	233.54	0	0	0	0	0	0	0	0	0	0	0	0	0	0	0	0	0	0	0	93.049	0	0	0	0	0	0	0	0	0	0	0	0	0	0	216.04	0	0	0	0	0	0	0	0	0	0	0	0	0	930.95	0	0	0	0	0	0	0	0	0	0	0	0	0	335.34	0	0	0	0	0	0	1463.9	181.03	445.9	196.69	0	85.678	714.45	0	70.938	89.363	218.8	101.8	95.352	0	0	81.072	37.312	0	166.29	781.24	0	111.93	0	422.86	0	2173.7	0	0	567.04	745.77	0	5353.5	129.9	0	0	100.42	0	0	0	512.23	0	0	0	0	95.352	366.67	0	0	0
L226_F09	TH	0	0	0	0	0	0	0	155.35	0	0	129.17	100.92	0	0	0	0.8827	123.87	0	0	0	0	0	52.079	5.8847	57.081	0	0	0	70.027	0	67.968	0.29423	54.433	0	55.316	0	0.8827	0	48.548	553.75	0	0	0	0	198.61	237.15	0	195.37	1691	0	0	0	0	0	0.58846	0.58846	57.67	0	321.01	315.12	121.52	163.89	0	918.01	0	0	143	0	1259.9	0	0	70.616	1341.7	0.29423	0	69.439	0	90.624	0	0	742.94	0	1558.3	0	1.1769	31.777	0	0	0.29423	1.1769	0	0	0	0.8827	0	0	0	0	0	140.35	0	164.48	0	0	0	0	1.4712	0	0	385.15	0	0	0	31.483	0.58846	0	351.02	0	0	142.7	110.04	140.94	0	0	0	0	0	0	0	0	0	0	0	0	0	32.366	0	0	0.29423	75.029	0	0	0	0	0	0	0	0	0	1.4712	0	0	0	0	0	865.04	0	0	0	0	0	0	0	68.851	0	0	0	0	115.63	321.3	0	100.92	0	0	0	0	0	0	0	0	0	0	0	0	20.008	0	0	0	0	0	0	58.258	0	0	0	0	0	0	0	0	0	0	124.46	0	1326.4	0	0	0.29423	30.894	0	0	0	0	0	0	0	0	0	102.69	313.36	0	0	0	0	0	0	0	0	0	222.15	0.29423	0	0	0	0	262.46	0	0	0	960.96	0.29423	211.85	1684.2	0.8827	0	809.43	0	0	681.74	0	0	0	3.825	0	0	0	0	0	0	0	0	0	0	0.29423	0	91.801	0	0	0	0.29423	0	0	2.3539	0	0	0	0	0.29423	0	0.29423	281.58	0	0.29423	0	0	0	0	216.55	0	0	81.208	0	0	0	0	0	0.29423	0	0.58846	0.8827	0	0	0	0.29423	0	0	0.29423	0	0	0	32.366	0	0	0.29423	0	0	0	0.29423	0	0	0	416.05	0	1.1769	0	0.58846	0	42.369	0	0	0	0	0	769.42	0	0	0	0	0	0	0	0	0	0.29423	0	0	0	0	0	0	0	0	0	0	0	0	0	0	0	0	0	0	0.29423	0	0	0	0	0	0	0	0	0	0.29423	0	96.803	0	0	0	0	0.29423	0	0	220.68	0	0	0	0	0	0	0	0	0	0	0	0	0	534.91	0	0	0	129.76	39.721	0	3017.6	0	1256.1	369.26	0	0	1361.4	0	10.887	59.435	167.12	337.48	75.618	181.54	0	555.81	0	0.8827	1717.4	22.067	0	0.29423	0	420.46	25.892	3604.4	55.316	0.29423	1666.8	358.96	0	7240.2	0	0	0	53.256	0	23.539	0	23.833	7.6501	0	0	260.69	376.03	644.37	38.544	0	0
L226_C12	TH	0	0	0	0	0	0	0	780.53	0	1.0505	2.101	895.04	0	0	0	0	1.0505	0	0	0	0	0	362.43	0	0	0	0	0	0	0	0	0	704.89	0	171.23	0	2.101	0	0	2901.5	0	0	0	0	257.38	82.991	0	1.0505	1178.7	0	0	0	0	0	421.26	0	0	1792.2	609.3	0	0	135.52	0	198.55	3.1515	0	17.859	0	2.101	0	0	625.05	2711.4	31.515	0	0	226.91	224.81	0	0	493.74	0	2933	0	509.5	0	0	0	0	0	0	0	0	0	0	0	0	0	0	296.24	607.2	1.0505	0	0	0	0	1.0505	0	0	786.83	0	0	0	3.1515	0	0	0	575.68	21.01	362.43	646.07	0	0	0	0	0	0	0	0	0	0	0	0	0	0	0	0	0	0	0	0	0	0	0	0	845.66	541.01	0	0	0	0	0	0	0	0	18.909	0	0	0	0	0	0	0	0	0	0	0	0	1.0505	0	0	0	0	0	0	0	0	0	0	0	0	0	0	0	0	0	0	0	0	0	0	394.99	0	0	0	0	0	0	0	0	0	0	0	0	261.58	6.3031	0	0	0	0	82.991	0	0	1.0505	0	0	0	146.02	0	1.0505	0	0	0	0	0	0	0	0	0	240.57	0	0	0	0	0	0	0	0	0	1151.4	0	241.62	919.2	0	0	2318.5	0	0	8.4041	0	0	0	1.0505	0	0	0	0	0	0	0	0	0	0	0	0	0	133.41	0	0	325.66	0	0	0	0	0	0	0	0	0	0	0	0	0	0	0	0	0	0	0	0	1.0505	0	0	0	0	0	0	0	0	148.12	0	0	0	0	0	0	0	0	0	0	0	0	0	0	0	0	0	0	0	0	0	1.0505	0	787.89	0	2.101	0	0	0	0	0	0	0	1676.6	0	0	0	0	0	0	0	0	0	0	0	0	0	0	0	0	0	0	286.79	303.6	0	0	0	0	0	0	0	0	0	0	0	0	0	0	0	0	0	0	0	0	0	0	0	0	0	0	0	0	0	0	0	0	0	0	0	0	0	0	0	0	0	0	158.63	0	0	0	0	0	0	2.101	1.0505	548.37	1.0505	0	122.91	0	0	0	1.0505	671.28	445.42	1.0505	1.0505	0	0	0	0	0	0	0	0	0	0	0	0	77.738	0	527.36	0	0	4037.1	0	530.51	0	0	0	0	205.9	0	0	0	0	80.89	0	928.65	0	0	0
L226_F12	TH	0	0.36577	0	0	0	0	0	0.73154	0	0	0	0.36577	0	0	0	0	134.24	0	0.36577	0	194.59	1.0973	271.03	0	0	0	0	8.4127	300.66	0	158.01	116.31	0	0	0.36577	0	1.0973	0	298.83	125.09	0	0	0	0	121.43	107.17	4.0234	71.325	2338.4	0	0	0	0	0	0.36577	0	63.644	248.36	333.21	0.36577	0	79.372	0	902.35	0	0	64.375	0	631.68	0.36577	0	0.36577	1188.4	1.4631	0	0	0.36577	279.45	0	0	0.36577	382.96	2564	0	528.9	79.372	0.36577	0	0.36577	0	0	0	81.566	0	0	0	0	0	0	118.88	207.02	241.04	0	0	0	0	265.91	0	1359.6	234.82	0	0	0	38.771	320.78	0	552.67	139.36	0.36577	0	176.3	227.51	0	0	0	0	0	0	0	0	0	0	0	0	0	0	0	0	68.033	309.44	0	0	0	0	0	219.1	0	0	0	0	0	0	0	0	0	211.41	0	0.36577	0	0	0	0	117.05	0	0	0	0	0	463.79	0	244.33	0	0	0	0	0	0	0	0	10.241	0	0	0	0	0	0	0	0	0	0	0	0	0	0	0	0	0	0	0	0.73154	0.36577	0	10.973	1.4631	637.9	0	0	0	0	0	0	0	0	71.325	0	0.36577	0	83.761	292.25	264.82	0	0	0	0	0	0	0	0	0	846.02	0.73154	0	0	0.36577	0	350.41	0	0	0	312.37	0	331.75	164.23	0	0	339.43	0	0	151.79	0	0	0	0	0	0	0	0	0	0	0	0	0	0	0	0	0	0	0	0	0	0	0	42.063	0	0	0	0	0	0	0	0	0	0	0	0	0	0	0	0	0	42.429	0	0	0	0	0	0	0	0	0	0	0	0	0	0	0	0	0	0	0	0	0	0	0	0	0	0	0	0	0	0	77.543	0	0	0	1.0973	0	53.402	0	0	0	0	163.5	118.14	0	0	0	0	0	0	0	0	0	0	0	0	0	0	0	0	0	0	0	288.96	0	0	0	0	0	0	0	0	0	0	0	0	0	0	236.65	0	0	0	0	0	0	0	0	0	0	0.36577	0	0	703.74	0	0	0	0	0	0	0	0	0	0	0	0	0.36577	226.41	0	0	0	0	4.755	0	422.46	94.002	164.96	616.68	0	152.52	2051.2	0	36.577	111.56	156.91	215.8	113.75	351.14	0	296.27	0	0	625.83	0	0	168.62	0	398.32	0	427.22	42.795	0	1112.7	1399.4	127.29	8161	0	55.597	0	72.422	0	47.55	0	0	0	0	0	2.9261	873.09	0	0	0	0
L227_B01	TH	0	0	0	0	0	115.42	0	771.11	0	0	0	0	0	0	0	0	0	0	0	0	0	0	172.65	0	0	0	0	0	0	656.66	0	119.3	129.97	0	1.9399	0	0	103.79	0	288.08	0	0	0	0	77.596	191.08	300.69	1812.8	691.58	0	0	0	0	0	1.9399	0	181.38	0	1.9399	298.75	6.7897	55.287	0	1516	0	0	114.46	0	305.54	0	0	0	511.17	0	0	887.51	0.96995	516.98	0	0	199.81	287.11	1579.1	0	0	63.047	0	0	0	0	0	0	0	0	0	0	0	0	0	18.429	0	0	0	0	0	0	0	0	0	183.32	0	0	0	153.25	62.077	0	599.43	0	0	8.7296	0	68.867	0	0	0	0	0	0	0	0.96995	0	336.57	0	0	34.918	0	0	0	29.099	74.686	0	0	0	0	0	16.489	0	0	0	56.257	0	0	0	0	0	468.49	0	0	0	0	0	0	0	0	0	0	0	0	13.579	0	477.22	0	0	0	0	0	0	0	0	0	0	0	0	0	0	0	0	0	0	0	0	0	0	0	0	0	0	0	0	0	0	0	0	0	523.78	0	0	0	0	0	0	0	0.96995	47.528	0	0	0	0	110.57	158.1	0	0	0	0	0	0	0	0	0.96995	386.04	2.9099	0	0	0	0	371.49	0	0	0	621.74	0	171.68	244.43	0	0	95.055	0	0	0	0	0	0	0	0	0	0	0	0	0	0	0	0	0	0	0	0	0	0	0	0	0	0	0	0	134.82	0	0	0	0	0	0	0	0	0	0	0	0	0	0	0	0	0	0	0	0	0	0	0	0	20.369	0	0	0	0	0	0	0	0	0	0	43.648	0	0	0	0	0	0	0	0	0	0	74.686	0	72.746	0	165.86	0	0	0	0	0	0	107.67	996.14	0	0	0	0	0	0	0	0	0	0	0	0	0	0	0	0	0	0	0	162.95	0	0	0	0	0	0	0	0	0	0	0	0	0	0	0	0	0	0	0	0	0	0	0	0	0	0	0	0	0	0	0	0	0	0	0	0	0	0	0	0	0	0	630.47	0	0	0	0	123.18	0	688.67	0	935.03	895.27	0	203.69	686.73	0	550.93	0	0	385.07	510.2	0	0	572.27	0	48.498	56.257	569.36	0	118.33	0	259.95	0	158.1	0	0	1877.8	1208.6	0	4671.3	0	0	0	252.19	98.935	0	0	284.2	0	0	127.06	1063.1	77.596	55.287	0	0	0
L227_G02	TH	0	0	0	0	0	0	0	0	0	0	97.975	0	1.3799	0	0	0	387.76	0	0	0	0	97.975	0	0	0	0	0	0	95.215	0	0	0	0	0	0	0	1.3799	0	86.936	391.9	0	0	0	0	556.11	0	0	425.02	970.09	0	0	0	0	0	8.2796	0	17.939	0	1.3799	466.42	458.14	57.957	0	1105.3	0	0	137.99	0	6.8997	0	0	0	263.57	0	0	1159.2	0	0	0	0	466.42	872.12	1386.8	0	191.81	0	0	0	0	0	0	0	0	0	0	0	0	0	0	742.41	0	321.52	0	0	0	0	0	0	0	266.33	0	0	0	0	38.638	0	0	0	0	0	30.359	0	0	0	0	0	0	0	0	0	0	0	0	0	0	0	0	0	0	227.69	0	0	0	0	0	0	44.158	0	0	0	0	0	0	0	0	0	0	0	0	0	0	0	0	0	0	0	0	0	0	0	0	0	0	0	0	0	0	0	0	0	0	0	0	0	0	0	0	0	0	0	0	299.45	0	0	0	0	0	0	5.5197	0	0	0	0	0	803.12	0	0	0	0	0	0	0	4.1398	0	0	0	0	0	0	204.23	0	0	0	0	0	0	0	0	0	495.4	0	0	0	0	0	394.66	0	0	0	136.61	0	24.839	753.44	0	0	0	0	0	80.036	0	1.3799	0	0	0	0	0	0	0	0	0	0	0	0	0	0	0	0	0	0	0	0	0	20.699	0	0	0	0	0	0	0	115.92	0	0	0	0	0	0	0	0	0	0	0	0	0	0	0	0	0	0	0	0	0	0	0	0	0	0	0	0	0	213.89	0	0	0	0	0	0	0	0	0	0	0	0	0	0	0	0	0	0	0	0	0	89.696	1418.6	0	0	0	0	0	0	0	0	0	0	0	0	0	0	0	0	0	0	0	300.83	0	0	0	0	0	0	0	0	0	0	0	0	0	0	0	0	0	0	0	0	0	0	0	0	0	0	0	0	0	0	0	0	0	0	0	0	0	0	0	0	0	0	33.118	0	0	0	0	0	0	412.6	0	143.51	307.73	0	0	1418.6	0	448.48	0	419.5	229.07	0	0	0	96.595	0	0	0	0	0	0	0	371.2	0	880.4	0	0	898.34	1789.8	0	4373	0	0	0	0	9.6595	173.87	0	385	0	0	0	667.89	1397.9	923.18	0	0	0
L227_A04	TH	0	0	0	0	0	0	0	0	0	0	200.05	0	230.94	0	0	0	410.4	0	0	0	0	367.74	0	0	0	0	0	0	0	2.9419	0	0	1.471	0	0	0	0	0	132.39	2.9419	0	0	0	0	0	0	157.39	164.75	1860.8	0	0	0	0	0	0	0	0	0	207.41	213.29	0	1348.9	0	0	0	0	0	0	326.55	0	0	0	398.63	0	0	0	0	554.55	0	0	91.2	75.019	2129.9	0	0	0	0	0	16.181	0	0	0	0	0	0	0	0	0	0	0	139.74	2.9419	0	0	0	0	0	0	0	92.671	0	0	0	0	0	0	2412.4	0	0	0	405.99	0	0	0	0	0	0	0	0	0	0	0	0	0	0	0	0	0	0	0	0	0	0	0	0	0	127.97	0	0	419.22	0	0	1.471	0	0	547.2	0	0	0	0	0	0	0	0	0	0	0	0	397.16	0	0	0	0	0	0	0	0	0	0	0	0	0	0	0	0	0	0	0	0	0	0	0	0	0	0	0	0	0	0	0	0	0	0	0	570.73	0	0	0	0	0	0	0	164.75	0	0	0	0	0	1159.1	303.02	0	0	0	0	0	0	0	0	251.54	832.57	0	0	0	0	0	967.89	0	0	147.1	0	0	0	351.56	0	0	1597.5	0	0	0	0	0	0	0	0	0	0	0	0	0	0	0	0	0	0	0	0	0	0	0	0	0	0	0	0	0	0	0	0	127.97	0	19.122	0	0	0	0	0	0	0	0	0	0	0	0	0	0	0	0	0	0	142.68	0	0	0	0	0	0	0	0	0	0	0	0	0	0	0	0	0	0	0	0	0	0	0	85.316	0	0	0	0	0	0	0	5.8839	0	0	0	0	0	0	0	0	0	0	0	0	0	0	0	0	0	0	0	0	0	0	0	0	0	0	0	0	0	0	0	0	0	0	0	0	0	45.6	0	0	0	0	0	0	0	341.26	0	0	0	0	232.41	0	0	0	0	0	0	0	13.239	0	0	0	0	0	50.013	0	0	0	105.91	58.839	0	1098.8	244.18	2024	0	0	1459.2	801.67	0	1366.5	0	991.43	217.7	261.83	36.774	0	254.48	0	0	603.09	0	4.4129	38.245	0	463.35	0	4105.5	0	116.21	744.31	803.15	0	6844.4	0	0	0	0	232.41	0	0	0	0	0	0	1091.4	85.316	361.86	198.58	0	0
L227_F04	TH	0	0	0	0	0	156.54	0	0	0	0	400	0.44346	0	0	0	0	1.3304	0	0	0	109.53	0	179.6	89.134	0	0	0	37.25	23.947	1.7738	0	313.52	0.88691	0	0	0	0.44346	9.756	176.94	72.283	0	164.08	0	0	146.34	48.337	171.17	892.67	1006.2	0	0	0	0	0	0.44346	0	141.91	29.712	304.21	152.1	44.346	400	0	818.62	0	0	70.953	0	306.87	0	0	0	594.67	0	0	11.973	0	138.8	0	0	94.456	55.432	1320.6	0	178.27	44.346	0	0	0	0	0	0	0	0	0	0	0	0	0	0	0	404.88	0	0	0	0	144.12	0	0	282.48	0	0	58.536	8.8691	141.46	0	174.28	505.54	119.29	0	877.6	0	0	0	0	0	0	0	0	0	1.7738	0	0	0	0	0	0	0	0	78.492	0	0	0	0	0	113.97	0	1.7738	0	0	0	0	0	0	0	102.88	0.44346	0	0	0	0	0	375.16	0	0	0	0	0	11.973	29.712	98.447	25.72	0	0	0	0	0	0	0	62.971	0	0	0	0	0	0	0	0	0	0	0	67.405	0	0	0	0	0	0	0.44346	2.6607	0	0.44346	0.44346	0	1312.6	1.7738	0	0	3.9911	0	0	0	39.911	23.503	0	1.3304	0	0	234.14	306.87	0	0	0	0	0	0	0	0	0.44346	430.6	0	0	0	0	0	91.795	0	0	0	7.0953	0	3.1042	19.955	0	0	145.45	0	0	99.777	0	0	0	0.88691	0	0	0	0	0	0	0	0	0	0	0	0	181.37	0	0	0	66.075	37.694	0	43.459	0	0	0	0	0	0	0	0	0	0	0	0	0	0	0	0	0	0.88691	0	0	0	0	0	0	0	0	0	0	0	0	0	0	0	0	0	0	0	19.955	0	0	0	0	0	0	0	0	0	0	299.78	0	266.07	0	0	0	0	0	0	0	0	21.286	102.88	0	0	0	0	0	0	0	0	0	0	0	0	0	0	0	0	0	0	0	0	0	0	0	0	0	0	0	0	0	0	0	0	0	0	0	0	0	0	0	0	1.3304	0	0	0	0	0	0	0	175.16	0	0	0	0	0	0	0	0	0	0	0	0	0	433.26	0	0	0	18.182	76.718	40.354	767.18	836.8	857.64	272.73	210.2	0	1317.5	0	57.649	291.35	345.01	428.82	287.36	291.35	49.223	373.39	0	0	31.929	56.762	0.88691	442.13	0	52.328	0	457.2	0	0	1023	234.14	0	7118.8	0	0	0	163.63	0	0	0	113.97	0.44346	139.69	0	129.04	293.12	349.44	1.3304	0	0.88691
L227_C05	TH	0	0	0	0	41.662	14.16	0	0	0	42.479	64.263	34.854	60.995	0.2723	0	0	402.46	0	0	0	127.98	0	186.52	0	0	0	0	111.64	258.14	270.12	0	165.01	254.87	0	232.82	0	1.9061	0	131.52	456.37	0	0	0	0	62.084	0.2723	194.15	700.35	1282	0	0	0	23.962	0	68.075	0	147.59	0	124.71	26.685	52.554	166.92	0	843.31	24.235	0	96.394	0	676.12	8.7136	0	30.225	240.71	0	0	59.906	41.934	466.72	0	0	581.36	78.15	1395.8	0	43.84	151.4	0	0	71.07	0	0	0	1.0892	0.5446	0	0.2723	0	0	0	0	292.18	162.29	0	0	0	0	6.5352	0	0	355.9	0	0	89.859	0	0	0.2723	352.36	0	37.033	0	238.54	61.267	0	0	0	0	58	0	0	0	0.2723	39.484	0	0	0	14.704	0	0	22.601	104.02	0	0	0	0	0	8.169	0	0	0	0	0	0	0	0	0	202.59	0	0	0	0	0	0	38.939	184.89	0	29.408	0	0	106.74	59.361	62.901	0	0	0	0	0	0	0	0	0.2723	0	0	0	0	0	0	0	0	0	0	0	12.798	0	0	0	0	0	0	0	0	0	0	72.432	0	762.98	0	0	0	0	0	0	0	74.882	51.192	0	0	0	94.216	456.37	324.85	5.1737	0	0	0	0	0	0	0	0	199.6	0	0	0	0	0	84.685	0	0	0	541.6	0	185.71	662.23	4.0845	0	34.854	0	4.6291	58.817	3.8122	55.005	0	1.6338	0	0	0	0	0	0	0	0	0	0	0	0	0	0	0	0	223.83	0	0	10.62	0	0	0	0	0	0	0	17.427	0	0	0	0	0	0	0	0	0	69.709	0	0	0	0	0	0	0	0.2723	80.328	0	0	0	0	0	0	0	0	0	0	33.765	0	0	0	0	0	44.385	0	0	0	0	220.02	0	83.596	0	0	0	0.2723	0	1.9061	0	0	0	1233.3	0	0	0	0	0	0	0	67.53	0	0	0	0	0	0	0	0	0	0	0.8169	73.521	0	0	0	0	0	0	0	0	0	0	0	0	0	0	0	0	0	0	0	0	0	0	0	0	0	0	0.2723	0	124.71	0	0	0	0	0	0	0	0	0	0	33.221	0	0	614.04	0	0	0	0.8169	236.63	0	1388.5	257.6	307.43	832.69	63.174	324.85	786.4	19.333	375.5	43.296	223.01	265.77	101.02	1.9061	95.577	510.02	74.882	35.944	366.52	131.52	0	18.244	0	253.78	54.188	502.67	35.671	0	1120.5	327.03	0	7235.8	0	0	0	59.089	31.587	0	0	182.99	62.357	13.887	0	491.77	269.85	221.92	0	0	0
L227_A10	TH	0	0	0	0	0	0	0	202.84	0	0	69.726	2691.4	0	0	0	0	1.2677	0	0	0	0	316.93	244.67	0	0	0	0	252.28	420.89	0	185.09	0	54.513	109.03	0	0	0	1.2677	225.66	931.79	0	0	0	0	0	0	346.09	622.46	1250	131.85	0	0	1.2677	0	49.442	0	120.43	349.89	341.02	0	0	1.2677	0	1095.3	1.2677	0	136.91	7.6064	425.96	1.2677	0	0	654.15	0	0	0	286.51	216.78	0	0	1927	157.2	1734.3	0	304.26	1.2677	0	1.2677	1.2677	1.2677	0	0	0	0	0	0	0	112.83	0	0	0	0	0	0	0	0	0	0	0	86.206	0	0	0	0	207.91	0	0	0	0	0	245.94	155.93	0	0	6.3387	0	0	0	0	0	1.2677	275.1	0	0	0	0	0	0	0	1.2677	0	0	0	0	0	0	69.726	0	0	0	0	0	0	0	0	232	0	0	0	0	0	0	27.89	0	0	0	0	0	59.584	0	98.883	0	0	0	0	0	0	0	0	60.851	0	0	0	0	0	0	0	0	0	0	0	3.8032	0	0	0	0	0	0	0	0	0	0	841.78	0	850.65	0	0	0	0	0	0	0	1.2677	84.938	0	0	0	121.7	1.2677	244.67	0	0	0	0	0	0	0	0	0	0	0	0	0	0	0	406.94	0	0	0	1735.5	0	0	507.09	0	0	545.13	0	0	136.91	0	0	0	0	0	0	0	0	0	0	993.91	0	0	0	0	0	0	0	0	0	219.32	0	0	96.348	0	0	0	0	0	0	0	103.95	0	0	0	0	0	0	0	0	0	43.103	0	0	0	0	0	0	0	0	0	0	0	0	0	0	0	0	0	0	0	0	0	0	0	0	0	0	0	0	125.51	0	107.76	0	95.08	0	0	0	1.2677	0	0	0	0	51.977	391.73	0	0	0	0	0	0	0	0	0	0	0	0	0	0	0	0	0	0	0	0	0	0	0	0	0	0	0	0	0	0	0	0	0	0	210.44	0	0	0	0	0	110.29	0	0	0	0	0	0	0	82.403	0	0	0	0	0	0	0	0	0	0	0	0	0	361.3	0	0	0	0	0	0	754.3	36.764	0	349.89	0	214.25	5.0709	131.85	182.55	0	0	172.41	0	1312.1	0	0	0	0	328.34	0	0	0	0	0	0	152.13	230.73	0	226.93	102.69	333.41	6359	0	0	0	0	0	0	1299.4	0	220.59	0	0	62.119	765.71	1154.9	0	0	0
L228_G03	TH	0	0	0	0	0	497.01	0	0	117.43	0	140.04	164.02	0	0.27566	0	0	3.5836	0	0	0	0	93.724	254.71	0	0	0	14.61	40.246	486.26	371.59	0.55132	139.21	46.862	170.91	0.27566	0	41.9	0	264.08	178.63	0	8.5455	0	0	125.7	141.14	330.52	199.85	1244.9	0	0	66.158	85.454	0.27566	50.997	0	282.55	49.894	690.25	221.08	60.921	272.08	0	790.87	50.997	0	257.19	0	77.185	0	0	0	686.12	58.715	0	92.346	0	219.7	88.211	0	257.74	366.63	1433.4	0	75.255	119.08	0	0	56.235	0	0	0	129.28	0.82698	0	0	0	0	83.249	41.073	89.589	211.98	0	0	0	0	121.01	0	0	0	0	0	41.9	92.897	111.37	0	355.33	115.5	9.0968	0	509.97	1.1026	0	0.55132	0.27566	0	0	0	0	0	0	0	0	0	77.46	0	0	0	29.771	113.85	0	0	0	0	0	88.762	74.704	0	0	0	0	0	0	0	0	111.92	0	0	0	0	0	0	5.5132	47.138	0	0	0	0	102.54	455.39	86.006	0	0	0	0	0	0	0	0	14.61	0	0	0	0	240.38	0	0	0.27566	0	0	0	223.28	0	0	0	0	0	0	96.757	0	0	0	0	1.654	1047.5	0	0	0	0	37.765	0	0	5.2375	25.361	0	0	0	0	340.44	271.25	0	0	0	0	0	0	0	0	0	780.94	0	0	0	0	0	504.46	0	0	31.149	109.44	0	143.07	358.36	0	0	281.72	0	94.827	55.408	0	0	0	0	0	0	0	0	0	0	0	0	0	51.824	0	0.27566	134.25	0	0	0	0	31.425	0	169.81	0	121.84	0	0	0	27.842	0	0	0	0	0	0	0	0	0	0	0	30.598	0	0	0	0	0	0	0	0	126.53	0	0	0	0	0	0	11.302	0	0	0	31.976	0	0	0	0	0	0	0	0	0	0	172.29	0	175.6	0	82.698	0	119.64	0	0	0	0	0	92.897	0	0	0	0	0	0	0	0	0	0	0	0	0	0	0	0	0	0	0	70.569	0	0	0	0	0	0	0	0	0	0	0	0	0	0	21.501	0	0	0	0	0	47.413	0	0	0	0	0	0	0	5.5132	0	0	0	0	0	0	0	0	0	0	257.19	0	0	463.66	0	0	0	133.14	2.2053	0	1322.9	137.55	478.82	452.08	50.721	0	628.5	0	191.03	2.7566	31.976	854.54	340.99	0	53.202	506.39	0	0	344.3	103.92	0	186.9	0	159.88	187.45	494.81	44.932	0	2992.6	298.54	0	2981.8	0	0	30.874	119.64	0	0	49.343	358.08	0	0	0	319.21	440.23	1161.3	0	0	646.7
L228_G04	TH	0	2.1499	0.53749	0.53749	1.075	0	0	118.78	0	33.862	109.11	6.4498	5.3748	19.887	0	0	843.85	4.8374	3.7624	0	341.3	0.53749	11.825	1.6125	6.9873	0	2.6874	63.961	125.77	91.91	80.085	167.7	4.8374	1.075	13.975	0	25.262	6.9873	452.56	38.161	0	0	0	0	2.6874	7.5248	382.15	647.67	1492.1	0	0	0.53749	0	0	28.487	6.4498	204.24	5.9123	210.16	11.287	135.98	13.975	5.9123	172.53	4.8374	0	242.94	1.075	360.65	4.8374	0.53749	5.3748	840.09	4.2999	0	1.6125	20.962	707.87	0	0	241.87	173.07	1957	0	9.1372	2.6874	0	0	2.6874	0	0	0.53749	1.6125	8.5998	0	0	0	0	0	0.53749	95.135	13.437	0	0.53749	0	1.075	81.16	0	6.4498	355.82	0	0	226.82	0	2.1499	0	177.37	6.9873	2.6874	3.7624	140.82	3.2249	0	0.53749	0	0	0	0	0	11.825	6.4498	0	0	0	8.0623	0	1.6125	0	116.63	4.8374	1.075	0	0	0	0	2.1499	0	0	0	0	0	0	0	0	0	311.74	0	0	0	0	0	0	1.6125	0	1.075	0	5.3748	3.2249	185.43	223.06	156.95	0	0	0	0	1.6125	0	0	0	0.53749	0	0	0	0	0.53749	0	0	0	0	0	0	0	0	1.075	0	0	0	0	1.075	2.1499	0	0	0.53749	2.1499	685.29	0	0	0	61.273	0	1.6125	0	0	1.075	0	0	0	0	395.59	385.38	0	0	0	0	0	0	2.1499	0	187.04	386.99	0	0	0	0	0	391.29	0	0	96.21	48.374	0.53749	198.33	693.89	0	0	852.45	0	0	87.073	0	2.1499	0	24.724	0	0	0	0	0	0	111.8	0	0	0	0	1.075	184.9	4.2999	2.6874	0	0	0.53749	0	231.66	0	0	0	0	0	0	0	229.51	0	5.9123	0	0	0	0	0	0	0	2.1499	0	0.53749	0	0	0	0	0	2.1499	131.15	0	0	0	0	0	0	0	0	0	0	3.2249	0	0	0	0	0	0	0	0.53749	0	0	56.436	0	3.2249	0	0.53749	0	5.9123	0	0	0	1.075	48.911	174.68	0	0	0	0	0	0.53749	0	0	0	0	0	0	0	0	0	0	0	0	0	60.198	0	0	0	0	0	0	0	0	0	0	0	0	0	0	2.6874	0	0	0	0	0	0	0	0	0	0	4.2999	1441.5	0	203.71	0	0	3.2249	0	0	0	0	0	0	0	0.53749	0	0	676.16	0	0	0	2.1499	125.77	0	2312.8	316.04	545.01	828.8	0	181.13	978.76	168.23	99.972	0	8.5998	641.76	169.85	0.53749	102.12	116.63	36.549	0	281.64	18.274	0	176.29	0	275.19	432.68	596.61	79.548	0	1903.2	1666.7	0	7138.3	0	0	0	0.53749	0	0	0	7.5248	0	0	0	101.58	176.29	1161.5	14.512	0	0.53749
L228_B06	TH	0	0	0	0	0	0	0	2.2977	0	0	4.5953	75.057	0	2.2977	0	0	386.77	0	0	39.826	0	0	0	9.1906	0	0	0	0	125.61	0	0	32.933	382.94	0	88.842	0	0	0	185.34	100.33	0	107.22	0	0	222.11	176.15	190.71	428.89	1410.8	0	0	1.5318	0	0	2.2977	0	349.24	85.013	124.07	173.09	249.68	7.6588	0	696.95	5.3612	0	42.124	0	575.94	0	0	77.354	562.16	0	0	0	1.5318	155.47	0	0	452.64	0	1562.4	0	0	149.35	0	0	0	0	0	0	0	0	0	0	0	0	0	540.71	0	0	0	0	0	0	0	0	0	0	0	0	0	0	33.699	0	424.3	0	16.083	0	240.49	152.41	0	0	0	0	0	0	0	1.5318	0	0	0	0	0	0	0	0	0	10.722	0	0	128.67	0	0	91.14	0	0	0	0	13.02	0	0	0	0	361.5	0	0	0	0	0	0	0	0	0	0	0	0	0	0	7.6588	0	0	0	0	0	0	0	0	0	0	0	0	0	0	0	0	0	0	0	0	0	0	0	0	0	0	0	0	0	0	0	0	0	2751.8	0	0	0	0	0	0	0	0	114.12	0	0	0	0	562.92	202.96	0	0	0	0	0	0	0	0	0	262.7	0	0	0	184.58	0	317.84	0	0	0	158.54	0	0	442.68	0	0	690.06	0	0	350.01	0	0	0	0.76588	0	0	0	0	0	0	0	0	0	0	0	0	183.81	0	0	0	413.58	0	0	274.19	75.822	0	0	0	0	0	0	0	0	0	0	0	0	0	0	0	0	0	0	0	0	0	0	0	0	0	100.33	0	0	0	0	0	0	0	0	0	0	0	0	0	0	0	0	0	0	0	0	0	211.38	0	340.82	0	114.12	0	11.488	0	0	0	0	29.104	231.3	0	0	0	0	0	0	0	0	0	0	0	0	0	0	0	0	0	0	0	519.27	0	0	0	0	0	0	0	0	0	0	0	0	0	0	0	0	0	0	0	0	0	0	0	0	0	0	0	0	4.5953	0	0	0	0	0	0	0	0	0	0	0	0	0	1119.7	0	0	0.76588	161.6	3.8294	0	1871.1	85.779	1138.9	444.21	0	660.96	1249.2	0	0	377.58	0	111.05	222.87	0	0	98.799	153.18	0	1320.4	43.655	0	0	0	232.83	0	836.34	0	114.12	1527.2	464.13	0	3422.7	0	0	176.15	0	320.14	0	0	29.869	0	0	0	415.87	0	588.96	0	1.5318	0.76588
L228_H07	TH	0	0	0	0	1.7948	0	0	74.482	0	0	36.493	0	0	3.5895	0	0	97.515	1.7948	0	0	14.657	227.63	720.89	40.083	0	0	0	0	36.792	77.773	0	93.327	56.535	0.29913	60.424	0	6.5808	0.59825	335.92	582.7	0	0	0	0	433.14	0.89738	75.38	418.48	526.46	0	0.59825	0	0	1.4956	33.502	0.29913	148.67	1.7948	153.15	110.38	2.9913	68.5	0	578.51	160.33	0	118.15	0	899.17	0	2.6921	0.29913	62.817	0	0.89738	204.6	148.96	149.86	0	0	416.98	292.25	1518.4	0	230.03	52.646	0	0	0	0	0	0	0	2.6921	0	0	0	0	0	0	179.77	217.46	0	1.4956	0	0	346.99	0	0	116.96	0	0	181.87	65.808	0	0	318.87	0	41.578	0	357.46	0	0	0	0	0	33.502	0	0	0	1.1965	0	0	0	0	0	0.29913	0	25.725	32.306	0	1.4956	200.12	0	0	0.29913	0	0	0	0	0	0	0.29913	0	0	261.14	0	0	0	0	0	0	0	0.29913	88.242	0	0.29913	0	72.688	201.61	91.832	0.29913	0.29913	0	0	0	0.29913	0	0	54.74	0	0	0	0	68.799	0	0	0	0	0	0	32.306	0	0	0.59825	0	197.72	0	0	0	0	0	0	0	1716.4	0	0	0	0	0	1.4956	0	0	106.79	0	0	0	132.51	216.57	255.45	0	0	0	0	0	0	0	0	402.92	598.85	0	0	0	0	0	255.45	0	0	1.4956	1019.7	1.4956	156.44	739.74	0	0	245.58	0	0	31.109	0	1.1965	0	18.845	0	0	0	0	0	0	68.201	0	0	0	0	0	0	0.29913	0	0	2.0939	0	0	38.886	0	0	0	0	0	0	0	179.48	0	0	0	0	0	0	0	0	0	1.7948	0	0	0	0	0	0	0	0	528.26	0	0	0	0	0	0	0	0	0	0	1.4956	0	0	0	0	0	0	0	0	0	0	203.41	0	239.3	0	0	0	43.074	0	0	0	0	130.12	0.89738	0	0	0	0	0	0	0	0	0	0	0	0	0	0	0	0	0	0	0	1.4956	0	0	0	0	0	0	0	0	0	0	0	0	0	0	0	0	0	0	0	0	0	0	0	0	0	1.4956	0	0	227.93	0	0	20.64	0	0	0	0	0	0	0	189.35	0	0	442.11	0	0	0	64.013	188.15	0	1966.4	174.69	634.75	777.43	56.535	0	384.98	39.485	173.79	154.95	342.5	185.46	317.97	0	64.312	1376	4.786	0	229.43	285.67	57.133	0	34.1	255.75	159.73	919.81	142.68	0	1680.2	404.12	0	7960.3	0	0	0	37.092	0	0	0	359.25	32.605	0	0	252.46	431.34	1044.2	0	0	0.59825
L228_B10	TH	0	0	0	0	0	1.1051	0	2.9468	0	0	180.86	0	0	0	0	0	141.45	0	0.36836	0	0.73671	0	1.8418	0	0.73671	0	0	0	183.07	197.81	38.309	48.623	0.36836	0	0	0	49.36	0	176.81	234.27	0	0	0	0	76.249	45.676	422.14	398.93	1373.2	0	0	0	0.36836	0	0.73671	0	138.13	61.515	345.89	144.03	0	228.38	0	622.89	0	0	166.87	0	0.36836	0	0	0	344.41	1.1051	0	319.73	242.75	209.96	0	0	44.939	141.82	998.24	0	708.35	97.614	0	0	146.97	0	0	0	0	0.36836	0	0	0	0	0.36836	0	110.51	201.86	0	0	0	0	0	0	0	117.5	0	0	0	51.938	0	0	197.81	0	11.787	0	124.5	0	0	0	0	0	0	0	0	0	0	0	0	0	72.198	0	0	0	105.35	48.255	0	0	0	0	0	91.72	0	0	0	0	0	28.732	0	0	0	383.09	0	0	0	0	0	0	0	201.49	0	0	0	0	0	1.4734	152.5	21.733	0	0	0	0	0	0	0	0	0	0	0	0	0	0	0	0	0	0	0	377.56	0	137.76	0	0	37.572	0	0	0	0	0	0	0	1031	0	0	0	0.36836	0	0	0	0	80.301	0	0	0	0	172.02	405.56	0	0	0	0	0	0	0	0	127.82	93.562	0	0	0	0	0	396.72	0	0	0	444.61	0	0	580.16	0	0	4.7886	0	0	114.19	0	449.76	0	0	0	0	0	0	0	0	0	0	0	0	0	0	118.24	0	0	0	0	0	0	369.46	0	0	0	0	0	0.36836	0	0	0	0.36836	0	0	0	0	0	0	0	66.304	0	0	0	0	0	0	0	0	0	0	0	0	0	0	0	0	0	0	0	0	0	0	0	0	0	0	0	0	0	0	148.82	0	97.246	0	131.5	0	64.83	0	0	0	0	190.81	0.73671	0	0	0	0	0	0	0	0	0	0	0	0	0	0	0	0	0	0	0	0.36836	0	0	0	0	0	0	0	98.351	0	0	0	0	0	0	0	0	0	0	0	0	0.73671	0	0	0	0	0	0	0	169.81	0	0	0	0	0	0	0	0	0	0	0	0	0	623.26	0	0	0	0	27.995	0	1850.6	71.461	880	768.76	3.3152	1217.1	634.31	99.456	250.85	133.35	391.56	154.71	96.141	0	0	262.27	12.892	49.728	54.516	117.87	5.5253	0	84.353	0	0	76.618	0	0	1690.4	414.4	0	11366	0	0	0	0	54.516	47.149	0	128.56	174.23	0	0	247.9	18.786	546.64	0	0	0
L128_G08	TH	0	0	0	118.48	0	59.238	0	118.48	0	0	236.95	0	0	0	0	118.48	1717.9	0	0	0	0	0	592.38	0	0	0	0	118.48	118.48	0	0	414.67	177.71	236.95	59.238	0	0	0	236.95	3317.3	0	236.95	0	0	118.48	177.71	59.238	888.57	414.67	0	0	0	0	0	118.48	59.238	236.95	0	296.19	177.71	0	0	59.238	1066.3	0	59.238	355.43	177.71	177.71	0	0	0	770.1	118.48	0	0	0	118.48	59.238	0	473.91	118.48	414.67	0	0	414.67	0	0	0	0	0	0	59.238	118.48	0	0	59.238	0	0	0	0	59.238	0	0	0	0	118.48	0	947.81	118.48	0	0	0	0	0	0	59.238	0	118.48	0	355.43	0	0	0	0	0	0	0	0	0	0	0	0	0	0	0	0	0	0	236.95	0	0	0	0	0	0	177.71	0	0	0	0	0	0	0	0	236.95	0	0	0	0	0	0	0	0	59.238	0	0	0	177.71	177.71	59.238	0	0	0	0	0	0	0	0	59.238	0	0	0	0	0	0	0	0	0	0	0	0	0	0	0	0	0	0	0	59.238	0	0	118.48	0	1895.6	0	0	0	0	0	118.48	0	59.238	118.48	0	59.238	0	2784.2	414.67	355.43	0	0	0	0	0	0	0	0	118.48	533.14	0	0	0	0	0	118.48	0	0	0	2073.3	0	0	473.91	0	0	414.67	0	0	0	0	0	0	118.48	0	0	0	0	0	0	0	0	59.238	0	0	118.48	0	0	0	0	118.48	0	0	59.238	0	0	0	0	0	0	0	59.238	0	0	0	0	0	59.238	0	0	0	0	0	0	0	0	0	0	0	0	0	0	0	0	0	0	0	0	0	0	0	0	0	0	0	0	0	0	0	0	0	0	59.238	0	296.19	0	0	0	177.71	0	0	0	0	0	5153.7	0	0	0	0	0	0	0	0	0	0	0	0	0	0	0	0	0	0	0	0	0	0	0	0	0	0	0	0	0	0	0	0	0	0	0	0	0	0	0	59.238	0	0	0	0	0	0	0	0	59.238	0	0	0	0	0	0	0	0	0	0	177.71	0	0	592.38	0	0	0	59.238	0	0	4561.3	0	592.38	355.43	118.48	118.48	414.67	0	0	0	118.48	651.62	177.71	0	0	1125.5	0	0	533.14	236.95	0	59.238	0	414.67	0	177.71	0	0	947.81	118.48	0	5272.2	0	0	0	0	0	0	0	1184.8	118.48	0	0	533.14	59.238	118.48	0	0	0
L129_C01	TH	0	0	0	0	0	0	0	269.18	0	0	538.36	0	0	0	0	0	0	0	0	0	0	0	538.36	0	0	0	0	0	0	0	0	1884.3	1076.7	0	0	0	0	0	0	2153.4	0	0	0	0	0	0	0	1076.7	1345.9	0	0	0	0	0	0	0	0	0	269.18	0	0	0	0	807.54	0	0	0	0	0	0	0	0	0	538.36	0	0	0	0	0	0	269.18	0	1076.7	0	0	0	0	0	0	0	0	0	0	0	0	0	0	0	0	0	0	269.18	0	0	0	0	0	0	0	0	0	0	0	0	0	0	0	0	0	0	0	0	0	0	0	0	0	0	0	0	0	0	0	0	0	0	0	0	0	0	0	0	0	0	0	0	0	0	0	0	0	0	0	0	0	0	0	0	0	0	0	0	0	0	0	0	0	0	0	0	0	0	0	0	0	0	0	0	0	0	0	0	0	0	0	0	0	0	0	0	0	0	0	0	0	0	0	0	0	0	0	0	0	0	0	0	0	0	0	0	0	0	0	0	0	0	0	269.18	0	0	0	0	0	0	0	0	0	0	0	0	0	0	0	0	0	0	0	0	0	3768.5	0	0	538.36	0	0	0	0	0	0	0	0	0	0	0	0	0	0	0	0	0	0	0	0	0	0	0	0	0	0	807.54	0	0	0	0	0	0	0	0	0	0	0	0	0	0	0	0	0	0	0	0	0	0	0	0	0	0	0	0	0	0	0	0	0	0	0	0	0	0	0	0	0	0	0	0	0	0	0	0	0	0	0	0	0	0	0	0	0	0	0	0	0	0	0	1076.7	0	0	0	0	0	0	0	0	0	0	0	0	0	0	0	0	0	0	0	0	0	0	0	0	0	0	0	0	0	0	0	0	0	0	538.36	0	0	0	0	0	0	0	0	0	0	0	0	0	0	0	0	0	0	0	0	0	0	0	0	0	0	0	1076.7	0	0	0	0	0	0	0	0	0	807.54	0	0	1615.1	0	0	0	0	1615.1	269.18	0	269.18	0	0	0	0	0	0	0	0	0	0	0	0	0	538.36	0	0	16151	0	0	0	0	0	0	0	0	0	0	0	0	0	0	0	0	0
L129_G01	TH	0	0	0	0	0	0	0	75.809	0	0	1061.3	0	0	0	0	0	0	0	0	0	0	75.809	227.43	0	0	0	0	0	75.809	75.809	0	379.05	0	0	454.86	151.62	151.62	0	0	1212.9	0	0	0	0	0	75.809	75.809	454.86	1516.2	0	0	151.62	0	0	151.62	0	379.05	379.05	606.47	303.24	0	75.809	0	682.28	303.24	0	379.05	0	606.47	0	0	0	454.86	0	0	0	75.809	151.62	0	0	75.809	75.809	151.62	0	0	0	0	0	0	0	0	0	0	0	0	75.809	0	0	0	0	0	151.62	0	0	0	0	151.62	0	0	0	0	0	0	0	0	0	0	0	0	0	0	0	0	0	0	0	0	0	0	227.43	0	0	0	0	0	0	0	0	0	0	0	0	75.809	0	0	0	0	0	0	0	0	0	0	0	0	379.05	0	0	0	0	0	0	0	0	0	0	0	0	606.47	75.809	0	0	0	0	0	0	0	0	0	0	0	0	0	0	0	0	0	0	0	0	0	0	0	0	0	0	0	0	0	0	0	0	0	0	2350.1	0	0	0	0	0	0	0	0	0	0	0	151.62	1137.1	75.809	151.62	0	0	0	0	0	0	0	0	303.24	530.66	151.62	0	0	0	0	75.809	0	0	151.62	1061.3	0	75.809	1667.8	0	0	227.43	0	0	379.05	0	0	0	151.62	0	0	0	0	0	0	0	0	0	0	0	0	0	0	0	0	0	0	0	0	0	0	0	0	0	0	0	0	0	0	0	0	0	0	0	0	0	0	0	0	0	0	0	0	0	0	0	0	0	0	0	0	0	0	0	0	0	0	0	0	0	0	0	0	0	0	0	0	75.809	0	151.62	0	75.809	0	151.62	0	0	0	0	0	758.09	0	0	0	0	0	0	0	0	0	0	0	0	0	0	0	0	0	0	0	227.43	0	0	0	0	0	0	0	0	0	0	0	0	0	0	151.62	0	0	0	0	0	0	0	0	0	0	75.809	0	0	151.62	0	0	0	0	0	0	0	0	0	0	0	0	0	227.43	0	0	0	0	151.62	0	3563	0	530.66	682.28	0	0	985.52	0	0	0	75.809	151.62	227.43	0	0	303.24	151.62	227.43	75.809	75.809	0	0	0	227.43	0	227.43	0	0	1288.8	227.43	0	9021.3	0	0	0	454.86	0	0	0	1137.1	151.62	0	0	303.24	0	75.809	0	0	0
L129_G02	TH	0	0	0	0	0	0	0	0	0	273.15	273.15	0	0	0	0	0	1092.6	0	0	0	0	0	0	0	0	0	0	0	0	0	0	0	0	0	0	0	0	0	0	1092.6	0	0	0	0	546.3	0	273.15	1092.6	273.15	0	0	0	0	0	0	0	0	0	0	546.3	0	0	0	1638.9	0	0	0	273.15	273.15	0	0	0	273.15	0	0	0	0	0	0	0	0	273.15	273.15	0	0	273.15	0	0	0	0	0	0	0	0	0	0	0	0	0	0	0	0	0	0	0	0	0	0	0	0	0	0	0	0	0	0	819.45	0	0	0	273.15	273.15	0	0	0	0	0	0	0	0	0	0	0	0	0	0	0	0	0	0	0	0	0	0	0	546.3	0	0	0	0	0	0	0	0	0	0	0	0	0	0	0	0	0	0	0	0	0	0	819.45	0	0	0	0	0	0	0	0	0	0	0	0	0	0	0	0	0	0	0	0	0	0	0	0	0	0	0	0	0	0	0	0	0	0	0	1912.1	0	0	273.15	0	0	0	0	0	0	0	0	0	0	0	1092.6	0	0	0	0	0	0	0	0	0	0	0	0	0	0	0	0	0	0	0	3824.1	0	0	1638.9	0	0	0	0	0	273.15	0	0	0	0	0	0	0	0	0	0	0	0	0	0	0	0	0	0	0	0	0	0	0	0	0	0	0	0	0	0	0	0	0	0	0	0	0	0	0	0	0	0	0	0	0	0	0	0	0	0	0	0	0	0	0	0	0	0	0	0	0	0	0	0	0	0	0	0	0	0	0	0	0	0	0	0	0	0	0	0	0	0	0	819.45	0	0	0	0	0	0	0	0	0	0	0	0	0	0	0	0	0	0	0	0	1365.8	0	0	0	0	0	0	0	0	0	0	0	0	0	0	0	0	0	0	0	0	0	0	0	0	0	0	0	0	0	0	0	0	0	0	0	0	0	0	0	0	0	0	546.3	0	0	0	0	0	0	2185.2	0	273.15	0	0	0	0	0	0	0	0	1092.6	546.3	0	0	273.15	0	0	1638.9	1092.6	0	0	0	0	0	0	0	0	546.3	0	0	13658	0	0	0	0	0	0	0	546.3	0	0	0	0	0	0	0	0	0
L129_H02	TH	0	0	0	0	0	0	0	0	0	0	209.78	629.33	0	0	0	0	629.33	0	0	0	0	0	0	0	0	0	0	0	0	0	0	0	0	0	0	0	0	209.78	0	4405.3	0	0	0	0	0	0	0	209.78	1048.9	0	0	0	0	0	419.55	0	0	209.78	419.55	209.78	0	419.55	0	1048.9	0	0	0	0	209.78	0	0	0	0	0	0	0	209.78	0	0	0	0	419.55	0	0	0	0	0	0	0	0	0	0	0	0	0	0	0	0	0	209.78	0	1048.9	0	0	0	0	0	0	0	0	0	0	0	0	209.78	0	0	0	1048.9	0	0	0	0	0	0	0	0	0	0	0	0	0	0	0	0	0	0	0	0	2097.8	0	0	0	0	0	0	0	0	0	0	0	0	0	0	0	0	0	0	0	0	0	0	0	0	0	0	0	0	1468.4	839.1	419.55	0	0	0	0	0	0	0	0	0	0	0	0	0	0	0	0	0	0	0	0	0	0	0	0	0	0	0	0	0	0	0	0	0	2517.3	0	0	0	0	0	0	0	0	0	0	0	0	0	419.55	0	0	0	0	0	0	0	0	0	0	0	0	0	0	0	0	0	0	0	0	5454.2	0	0	2307.5	0	0	209.78	0	0	0	0	0	0	0	0	0	0	0	0	0	1678.2	0	0	0	0	629.33	209.78	0	0	0	0	0	0	0	0	0	0	0	0	0	0	0	0	0	0	0	0	0	0	0	0	209.78	0	0	0	0	0	0	0	0	0	0	0	0	0	0	0	0	0	0	0	0	0	0	0	0	0	0	0	0	0	0	0	0	0	0	0	0	0	0	0	0	0	0	209.78	0	0	0	0	0	0	0	0	0	0	0	0	0	0	0	0	0	0	0	0	0	0	0	0	0	0	0	0	0	0	0	0	0	0	0	0	0	0	0	0	0	0	0	0	0	0	0	0	0	0	0	0	0	0	0	0	0	0	0	0	0	0	0	0	0	0	0	0	0	0	0	0	1888	419.55	0	0	0	0	0	0	419.55	839.1	0	0	0	0	0	0	0	0	0	0	0	0	0	0	0	0	0	0	9649.7	0	0	0	0	209.78	0	0	1468.4	0	0	0	0	419.55	419.55	0	0	0
L129_A03	TH	0	0	0	0	0	277.2	0	0	0	0	554.4	0	0	0	0	0	1108.8	0	0	0	0	0	0	0	0	0	0	0	138.6	0	0	0	0	0	138.6	0	0	0	0	1524.6	0	0	0	0	0	0	415.8	693	693	0	0	0	0	0	0	0	0	0	138.6	0	0	0	0	554.4	0	0	277.2	0	415.8	0	0	0	138.6	0	0	0	415.8	0	0	0	277.2	0	277.2	0	0	0	0	0	554.4	0	0	0	0	0	0	0	0	0	0	0	0	138.6	0	0	0	0	0	0	0	0	0	0	0	277.2	0	0	0	0	0	0	554.4	0	0	0	0	0	0	0	0	0	277.2	0	0	0	0	0	0	0	0	415.8	0	0	0	0	0	0	0	0	0	0	0	0	0	0	0	277.2	0	0	0	0	0	0	0	0	0	0	0	0	0	0	0	0	0	0	0	0	0	0	0	0	0	0	0	0	0	0	0	0	0	0	0	0	0	0	0	0	0	0	0	0	0	0	0	0	970.2	0	0	0	0	0	0	0	0	0	0	0	0	0	0	277.2	0	0	0	0	0	0	0	0	0	0	0	0	0	0	0	693	0	0	0	4158	0	277.2	138.6	0	0	0	0	0	138.6	0	0	0	0	0	0	0	0	0	0	0	0	0	0	0	0	0	0	0	0	0	0	0	0	0	0	0	0	0	0	0	0	0	0	0	0	0	0	0	0	0	0	0	0	0	0	0	0	0	0	0	0	0	0	0	0	0	0	0	0	0	0	0	0	0	0	0	0	0	0	0	0	0	0	0	0	0	0	554.4	0	0	0	0	0	0	0	0	0	0	0	0	0	0	0	0	0	0	0	0	0	0	0	0	0	277.2	0	0	0	0	0	0	0	0	0	0	0	0	0	0	0	0	0	0	0	0	0	0	0	0	0	0	0	0	138.6	0	0	0	0	0	0	0	0	0	0	0	0	0	831.6	0	0	0	138.6	0	0	6514.2	0	0	138.6	0	0	415.8	277.2	0	0	138.6	693	138.6	0	0	415.8	0	0	0	0	0	0	0	0	0	0	0	0	1386	970.2	0	5682.6	0	0	0	415.8	0	0	0	1108.8	0	0	0	277.2	0	554.4	0	0	0
L129_G03	TH	0	0	0	0	0	80.678	0	80.678	0	0	403.39	322.71	0	0	0	0	1774.9	0	0	0	0	0	0	0	0	0	0	0	322.71	0	0	80.678	80.678	0	0	0	0	0	564.74	1936.3	0	0	0	0	403.39	0	161.35	1048.8	1210.2	0	0	0	0	0	0	161.35	806.78	0	806.78	80.678	0	0	0	1371.5	0	0	0	161.35	80.678	0	242.03	0	322.71	80.678	0	0	403.39	0	0	0	242.03	322.71	1129.5	0	484.07	242.03	0	0	0	0	0	0	0	0	0	0	0	0	80.678	242.03	161.35	0	0	0	0	0	0	0	0	161.35	0	0	0	161.35	0	0	0	0	80.678	0	80.678	564.74	0	0	0	0	0	0	0	0	0	80.678	0	0	0	0	0	0	0	80.678	0	0	322.71	0	0	0	0	0	0	0	0	0	0	0	0	80.678	161.35	0	0	0	0	0	0	0	0	0	0	0	322.71	0	80.678	0	0	0	0	0	0	0	0	0	0	0	0	0	0	0	0	0	0	0	0	0	0	0	0	0	161.35	0	0	0	0	0	0	0	1855.6	0	0	0	0	0	0	0	80.678	0	0	0	0	0	0	242.03	0	0	0	0	0	0	0	0	0	726.1	0	0	0	0	0	403.39	0	0	0	3388.5	0	80.678	322.71	0	0	161.35	0	0	0	0	0	0	80.678	0	0	0	80.678	0	0	484.07	0	0	0	0	0	0	0	0	0	0	0	0	161.35	0	0	0	0	0	0	0	0	0	0	0	0	0	0	0	0	0	0	0	0	0	0	0	0	0	0	0	0	0	0	0	0	0	0	0	0	0	0	0	0	0	0	0	0	0	0	0	0	80.678	0	0	0	0	0	0	0	0	0	0	0	0	0	0	0	0	0	0	0	0	0	0	0	0	0	0	0	0	0	0	0	0	0	0	0	0	0	0	0	0	0	0	0	0	0	0	0	0	0	0	0	0	0	0	0	0	0	0	0	0	80.678	0	0	0	0	0	0	0	0	0	0	0	0	0	322.71	0	0	0	0	0	0	9197.3	0	242.03	806.78	322.71	322.71	0	80.678	0	0	242.03	645.42	242.03	0	0	2178.3	0	0	0	161.35	0	0	0	242.03	0	484.07	0	0	1290.8	80.678	0	12908	80.678	0	0	0	0	0	0	1694.2	0	0	0	322.71	161.35	645.42	0	0	0
L129_A04	TH	0	0	0	0	0	0	0	0	0	0	116.16	0	0	0	0	0	116.16	0	0	0	0	0	0	0	0	0	0	348.47	0	0	0	1045.4	0	0	0	116.16	0	0	0	5924	0	0	0	0	0	0	0	580.79	696.95	0	0	0	0	0	0	0	1858.5	0	116.16	0	0	0	0	696.95	116.16	0	0	348.47	1277.7	0	0	0	348.47	0	0	0	0	0	0	0	0	0	1045.4	0	116.16	0	0	0	0	0	0	116.16	0	0	0	0	0	0	0	116.16	464.63	0	0	0	0	0	0	0	0	0	0	0	0	0	0	0	232.32	0	0	0	0	0	0	0	0	0	0	0	0	0	0	0	0	0	0	0	0	0	0	464.63	0	0	0	0	0	116.16	0	0	0	0	0	0	0	116.16	0	464.63	0	0	0	0	0	0	0	0	0	0	0	0	348.47	0	116.16	0	0	0	0	0	0	0	0	0	0	0	0	0	0	0	0	0	0	0	0	0	0	0	0	0	0	0	0	0	0	0	0	0	1626.2	0	0	0	0	0	0	0	0	0	0	0	0	0	0	116.16	0	0	0	0	0	0	0	0	0	116.16	0	0	0	0	0	116.16	0	0	0	116.16	0	116.16	232.32	0	0	0	0	0	0	0	0	0	0	0	0	0	0	0	0	0	0	0	0	0	0	0	0	0	0	0	0	0	0	0	0	0	0	0	0	0	0	0	116.16	0	0	0	0	0	0	0	0	0	0	0	0	0	0	0	0	0	0	0	0	0	0	0	0	0	0	0	0	0	0	0	0	0	0	0	0	0	0	0	0	0	0	0	0	232.32	0	0	0	0	0	929.26	0	0	0	0	0	0	0	0	0	0	0	0	0	0	0	0	0	0	0	0	0	0	0	0	0	0	0	0	0	0	0	0	0	0	0	0	0	0	0	0	0	0	0	0	0	0	0	0	0	0	0	0	0	0	0	0	0	0	0	0	0	0	696.95	0	0	0	0	0	0	8828	0	464.63	580.79	232.32	929.26	464.63	0	0	0	0	580.79	0	0	0	232.32	0	0	116.16	0	464.63	0	0	116.16	0	0	0	0	1045.4	696.95	0	11616	0	0	0	0	0	0	0	696.95	0	0	0	232.32	696.95	116.16	0	0	0
L129_B05	TH	0	0	0	0	67.268	0	0	336.34	0	0	0	67.268	67.268	0	0	0	201.8	67.268	0	0	67.268	0	0	0	0	0	0	0	67.268	0	0	269.07	0	0	201.8	1278.1	201.8	0	201.8	2825.2	0	0	0	0	336.34	0	0	1614.4	1210.8	0	0	0	0	0	0	67.268	67.268	0	403.61	67.268	0	0	0	1345.3	0	0	134.54	201.8	807.21	0	0	134.54	201.8	0	0	134.54	134.54	269.07	0	0	201.8	0	1009	0	672.68	0	0	0	0	0	0	0	0	0	0	0	0	0	0	0	0	403.61	0	0	0	0	0	0	0	3027	0	0	0	201.8	0	0	0	201.8	0	0	0	0	0	0	0	0	0	0	0	0	0	0	0	0	0	0	0	0	0	67.268	0	0	0	0	0	0	67.268	0	0	0	0	0	0	67.268	0	0	0	0	0	0	0	0	67.268	0	0	0	0	0	0	134.54	0	0	0	0	0	0	0	0	0	0	0	0	0	0	0	0	0	0	0	0	0	0	0	0	0	0	0	0	0	67.268	0	0	67.268	0	807.21	0	0	0	0	0	0	0	0	0	0	0	0	0	269.07	0	0	0	0	0	0	0	0	0	0	67.268	0	0	0	0	0	336.34	0	0	0	3968.8	67.268	67.268	941.75	0	0	1749	0	0	0	0	0	0	201.8	0	0	0	0	0	0	0	0	0	0	0	0	0	0	0	0	269.07	0	67.268	0	0	0	0	0	0	0	0	0	0	0	0	0	0	0	0	0	0	0	0	0	0	0	0	0	0	0	0	0	0	0	0	0	0	0	0	0	0	67.268	0	0	0	0	0	0	0	0	0	0	201.8	0	67.268	0	0	0	0	0	0	0	0	67.268	1614.4	0	0	0	0	0	0	0	0	0	0	0	0	0	0	0	0	0	0	67.268	0	0	0	0	0	0	0	0	0	0	0	0	0	0	0	0	0	0	0	0	0	67.268	67.268	0	0	0	0	0	0	67.268	0	0	0	0	0	0	0	0	0	0	0	0	0	605.41	0	0	0	0	0	0	4776	134.54	269.07	739.94	201.8	201.8	0	0	0	0	134.54	201.8	0	0	0	874.48	0	0	67.268	403.61	538.14	0	0	0	0	269.07	0	0	1614.4	201.8	0	7399.4	0	0	67.268	134.54	0	0	0	269.07	0	0	67.268	269.07	0	0	0	0	0
L129_F05	TH	0	0	0	0	0	0	0	0	0	0	156.29	0	0	0	0	0	312.57	0	0	0	0	312.57	156.29	0	0	0	0	0	0	0	0	0	0	0	156.29	0	0	0	78.143	2500.6	0	0	0	0	234.43	0	234.43	1328.4	937.72	0	0	0	0	0	0	0	0	0	312.57	0	0	78.143	0	1172.2	0	0	312.57	78.143	468.86	0	0	0	78.143	0	0	0	156.29	78.143	0	0	312.57	0	468.86	0	0	0	0	0	0	0	0	0	0	0	0	0	0	0	0	0	0	0	0	0	0	0	0	0	0	390.72	0	0	0	0	0	0	234.43	0	0	0	0	0	0	0	0	0	0	0	0	0	78.143	0	0	0	0	0	0	0	390.72	0	78.143	0	0	0	0	0	0	0	0	0	0	0	0	0	0	78.143	0	0	0	0	0	0	0	0	0	0	0	0	78.143	78.143	78.143	0	0	0	0	0	0	0	0	0	0	0	0	0	0	0	0	0	0	0	0	0	0	0	0	0	0	0	0	0	0	0	0	0	468.86	0	0	0	0	0	0	0	78.143	0	0	0	0	0	156.29	312.57	0	0	0	0	0	0	0	0	0	156.29	0	0	0	0	0	78.143	0	0	0	3672.7	0	0	1250.3	0	0	468.86	0	0	78.143	0	0	0	0	0	0	0	0	0	0	312.57	0	0	0	0	0	0	0	0	0	0	0	0	0	0	0	0	0	0	0	0	0	0	0	0	0	0	0	0	0	0	0	0	0	0	0	0	0	0	0	0	0	0	0	0	0	0	0	0	0	0	234.43	78.143	0	0	0	0	0	0	0	0	0	0	0	0	0	0	0	156.29	0	0	0	0	78.143	1719.2	0	0	0	0	0	0	0	0	0	0	0	0	0	0	0	0	0	0	0	0	0	0	0	0	0	0	0	0	0	0	0	0	0	0	0	0	0	0	0	0	0	0	0	0	0	0	0	0	78.143	0	0	0	0	0	0	0	0	0	0	0	0	0	703.29	0	0	0	0	78.143	0	1094	0	937.72	234.43	0	390.72	390.72	0	312.57	0	156.29	1094	156.29	0	78.143	390.72	0	0	0	78.143	0	0	0	78.143	0	0	0	0	781.43	468.86	0	10315	0	0	0	78.143	234.43	0	0	625.15	0	0	0	234.43	0	78.143	0	0	0
L129_H05	TH	0	0	0	0	0	0	0	0	0	0	460.19	613.59	153.4	0	0	0	613.59	0	0	0	0	153.4	0	1227.2	0	0	0	0	613.59	0	0	153.4	0	0	0	0	460.19	0	153.4	6289.3	0	460.19	0	0	153.4	0	153.4	1534	306.8	0	0	0	0	0	460.19	0	306.8	0	153.4	0	0	0	0	613.59	0	0	153.4	153.4	1994.2	0	0	0	153.4	0	0	0	153.4	0	0	0	766.99	0	1534	0	0	0	0	0	0	0	0	0	0	0	0	0	0	0	0	0	0	153.4	0	0	0	0	0	0	0	0	0	0	0	0	0	0	0	0	306.8	0	306.8	0	0	0	0	0	0	0	0	0	0	153.4	0	0	0	0	0	0	153.4	0	0	0	0	0	0	0	0	0	0	0	0	0	0	0	0	0	0	0	0	0	0	0	0	0	0	0	0	0	153.4	0	0	0	0	0	0	306.8	0	0	0	0	0	0	0	0	0	0	0	0	0	0	0	0	0	0	0	0	0	0	0	0	0	0	0	0	1380.6	0	0	0	0	0	0	0	0	1687.4	0	0	0	0	920.39	306.8	0	0	0	0	0	0	0	0	0	0	0	0	0	0	0	0	0	0	0	10584	0	153.4	153.4	0	0	0	0	0	0	0	0	0	1994.2	0	0	0	0	0	0	460.19	0	0	0	0	0	0	0	0	0	613.59	0	0	0	0	0	0	0	0	0	0	0	0	0	0	0	0	0	0	0	0	0	0	0	0	0	0	0	0	0	306.8	0	0	0	0	0	0	0	0	0	0	0	0	0	0	0	0	0	0	0	0	0	153.4	0	0	0	0	0	0	0	0	0	0	153.4	153.4	0	0	0	0	0	0	0	0	0	0	0	0	0	0	0	0	0	0	0	0	0	0	0	0	0	0	0	0	0	0	0	0	0	0	0	0	0	0	0	0	0	0	0	0	0	0	0	0	0	0	0	0	0	0	0	0	0	0	0	0	0	0	153.4	0	0	0	0	306.8	0	0	0	153.4	613.59	0	306.8	460.19	0	0	0	0	1227.2	0	766.99	0	920.39	153.4	0	153.4	1227.2	0	306.8	306.8	1073.8	0	0	0	0	1687.4	460.19	0	13039	0	0	0	0	0	0	0	1840.8	0	0	0	613.59	0	0	0	0	0
L129_D06	TH	0	0	0	0	0	0	0	85.852	0	0	0	0	0	85.852	0	0	600.96	0	0	0	0	85.852	0	0	0	0	0	0	0	0	0	0	171.7	0	0	0	171.7	0	0	4120.9	0	0	0	0	0	85.852	0	257.55	257.55	0	0	0	0	0	85.852	0	85.852	0	0	171.7	0	85.852	0	1373.6	0	0	85.852	85.852	1030.2	0	0	0	0	0	0	0	0	0	0	0	0	0	772.66	0	0	0	0	0	0	0	0	0	85.852	0	0	0	0	0	0	0	85.852	0	0	0	0	0	0	0	0	0	0	0	0	0	0	0	772.66	0	0	0	85.852	85.852	0	0	0	0	0	0	0	0	0	0	0	0	0	0	0	0	429.26	429.26	85.852	0	0	0	0	0	0	0	0	0	0	0	0	0	0	0	0	0	0	0	0	0	85.852	0	0	0	0	85.852	600.96	515.11	0	0	0	0	0	0	0	0	0	0	0	0	0	0	0	0	0	0	0	0	0	0	0	0	0	0	0	0	0	0	0	0	0	0	2661.4	0	0	0	0	0	0	0	0	0	0	0	0	0	257.55	0	0	0	0	0	0	0	0	0	171.7	858.52	0	0	0	0	0	171.7	0	0	0	4378.4	0	85.852	1459.5	0	0	85.852	0	0	0	0	0	0	85.852	0	0	0	0	0	0	0	0	0	0	0	0	0	0	0	0	0	0	0	0	0	0	0	0	85.852	0	0	0	0	0	0	0	0	0	0	0	0	0	0	0	0	0	0	0	0	0	0	0	0	0	0	0	0	0	0	0	0	0	0	0	0	0	0	0	0	0	0	0	0	0	0	0	0	0	0	0	0	0	0	0	1030.2	0	0	0	0	0	0	0	0	0	0	0	0	0	0	0	0	0	0	0	0	0	0	0	0	0	0	0	0	0	0	0	0	0	0	0	0	0	0	0	0	0	0	0	0	0	0	0	0	85.852	0	0	0	0	0	0	0	0	0	0	0	0	171.7	171.7	0	0	0	772.66	0	0	3004.8	257.55	686.81	85.852	429.26	0	257.55	2146.3	515.11	171.7	0	515.11	0	0	0	171.7	515.11	343.41	85.852	1631.2	0	0	0	0	0	257.55	0	0	1116.1	429.26	0	8241.8	0	0	0	257.55	0	343.41	0	4035	0	0	0	515.11	343.41	0	0	0	0
L129_F06	TH	0	0	0	0	0	0	0	0	0	0	448.19	0	0	89.638	0	0	986.02	0	0	0	0	0	89.638	358.55	0	0	0	0	0	0	0	896.38	179.28	0	89.638	0	0	0	537.83	1523.8	0	0	0	0	0	0	89.638	717.1	448.19	0	0	0	0	0	0	89.638	1165.3	0	89.638	0	0	179.28	0	448.19	0	0	0	89.638	1523.8	0	0	0	627.47	0	0	0	89.638	268.91	0	0	0	0	1165.3	0	0	0	0	0	0	0	0	0	0	0	0	0	0	0	0	0	0	448.19	0	0	0	0	89.638	0	0	89.638	0	0	0	0	89.638	0	0	0	0	0	0	0	0	0	0	0	0	0	0	0	0	0	0	0	0	0	0	0	0	0	0	0	717.1	0	0	0	0	0	0	268.91	0	0	0	0	0	89.638	0	0	0	0	0	0	0	0	0	0	0	0	0	0	448.19	0	0	0	0	0	0	0	0	0	0	0	0	0	1344.6	0	0	0	0	0	0	0	0	0	0	0	0	0	0	0	0	0	0	0	627.47	0	0	0	0	0	0	0	0	0	0	0	0	0	179.28	179.28	0	0	0	0	0	0	0	0	89.638	358.55	0	0	0	0	0	179.28	0	0	0	0	0	89.638	1344.6	0	0	179.28	0	0	0	0	0	0	537.83	0	0	0	0	0	0	0	0	0	0	0	0	0	89.638	0	0	0	0	0	179.28	0	0	0	0	0	0	0	179.28	0	0	0	0	0	0	0	0	0	0	0	0	0	0	0	0	0	0	0	0	0	0	0	0	0	0	0	0	0	0	0	0	0	0	0	0	0	0	0	0	179.28	0	0	0	0	0	0	0	0	0	0	0	1075.7	89.638	0	0	0	0	0	0	0	0	0	0	0	0	0	0	0	0	0	0	0	0	0	0	0	0	0	0	0	0	0	0	0	0	0	448.19	0	0	0	0	0	0	0	0	0	0	0	0	0	0	0	0	0	0	0	0	0	0	0	0	0	0	0	448.19	0	0	0	89.638	0	0	1075.7	268.91	268.91	986.02	89.638	358.55	896.38	0	0	0	0	1882.4	89.638	0	0	0	0	89.638	89.638	0	0	0	0	0	0	448.19	0	0	1344.6	1075.7	0	13177	0	0	0	89.638	0	0	0	2240.9	0	0	0	0	0	89.638	0	0	0
L129_G06	TH	0	0	0	0	0	0	0	0	0	0	384.69	0	0	0	0	0	64.115	0	0	0	0	0	64.115	192.35	0	0	0	0	448.8	0	0	256.46	0	0	448.8	0	128.23	0	0	5578	0	0	0	0	256.46	0	512.92	384.69	1218.2	0	0	0	0	0	0	64.115	64.115	0	0	64.115	64.115	192.35	0	1154.1	0	0	320.57	0	448.8	0	0	0	0	128.23	0	64.115	192.35	0	0	0	64.115	0	192.35	0	2308.1	128.23	0	0	0	0	0	0	0	0	0	0	0	0	0	0	0	192.35	0	0	0	0	0	0	0	64.115	0	0	0	0	0	0	64.115	0	0	0	320.57	0	0	0	0	0	0	0	0	0	0	0	0	0	0	0	128.23	0	0	512.92	0	0	0	64.115	0	0	833.49	0	0	0	0	0	0	0	0	128.23	0	0	0	0	0	0	0	0	0	0	0	0	256.46	0	0	0	0	0	0	0	0	0	0	192.35	0	0	0	0	0	0	0	0	0	0	0	0	0	0	0	0	0	0	0	0	0	0	0	0	3526.3	0	0	0	0	0	0	0	64.115	0	0	64.115	0	192.35	256.46	128.23	0	0	0	0	0	0	0	0	0	64.115	64.115	0	0	0	0	64.115	0	0	64.115	5770.3	0	64.115	833.49	0	0	705.26	0	0	64.115	0	0	0	128.23	0	0	0	0	0	0	64.115	0	0	0	0	0	0	0	0	0	0	0	0	64.115	0	0	0	0	0	0	0	0	0	0	0	0	0	0	0	0	0	128.23	0	0	0	0	0	0	0	0	64.115	0	0	0	0	0	0	0	0	0	0	320.57	0	0	0	0	0	0	0	0	0	0	0	0	256.46	0	0	0	0	0	0	0	0	64.115	1025.8	0	0	0	0	0	0	0	0	0	0	0	0	0	0	0	0	0	0	0	0	0	0	0	0	0	0	0	0	0	0	0	0	0	0	64.115	0	0	0	0	0	0	0	0	0	0	0	0	0	128.23	0	0	0	0	0	0	0	0	0	0	0	0	0	833.49	0	0	0	0	0	0	6860.3	0	512.92	705.26	0	1410.5	705.26	0	64.115	64.115	0	128.23	64.115	0	0	0	320.57	0	192.35	448.8	384.69	0	0	0	0	448.8	0	0	833.49	128.23	0	11092	0	0	0	320.57	0	0	0	128.23	0	0	0	192.35	192.35	256.46	0	0	0
L129_B07	TH	0	0	0	0	0	0	0	0	0	0	669.61	0	0	133.92	0	0	1205.3	0	0	0	937.46	0	0	0	0	0	0	0	133.92	0	0	0	133.92	0	0	0	401.77	0	0	1874.9	0	0	0	0	0	0	267.85	1071.4	669.61	0	0	0	0	0	0	0	0	133.92	401.77	0	0	401.77	0	535.69	0	0	267.85	0	267.85	133.92	0	669.61	0	0	0	0	0	0	0	0	0	133.92	267.85	0	0	0	0	0	0	0	0	0	0	0	0	0	0	0	0	0	0	0	0	0	0	0	0	0	0	0	0	0	0	0	0	0	0	0	0	0	535.69	0	0	0	0	0	0	0	0	0	0	0	0	0	0	0	0	0	0	0	0	0	535.69	0	0	0	0	0	0	0	0	0	0	0	0	0	0	0	0	0	0	0	0	0	0	0	0	0	0	0	0	0	0	0	133.92	0	0	0	0	0	0	0	0	0	0	0	0	0	0	0	0	0	0	0	0	0	0	0	0	0	0	0	0	0	535.69	0	0	0	0	0	0	0	535.69	0	0	0	0	0	0	0	0	0	0	0	0	0	0	0	0	133.92	0	0	0	0	0	401.77	0	0	0	6428.3	0	0	0	0	0	0	0	0	0	0	0	0	0	0	0	0	0	133.92	0	0	0	0	0	0	0	0	0	0	0	0	0	0	0	0	0	0	0	0	0	0	0	0	0	0	0	0	0	0	0	0	0	0	0	0	0	0	0	0	0	0	0	0	0	0	0	0	0	0	0	0	0	0	0	0	0	0	0	0	0	0	0	267.85	0	133.92	0	0	0	803.54	0	0	0	0	0	133.92	0	0	0	0	0	0	0	0	0	0	0	0	0	0	0	0	0	0	0	0	0	0	0	0	0	0	0	0	0	0	0	0	0	0	0	0	0	0	0	0	0	0	0	0	0	0	0	0	0	0	0	0	133.92	0	0	0	0	0	0	0	0	0	937.46	0	0	0	0	0	0	1473.2	267.85	1339.2	937.46	0	0	133.92	0	0	0	803.54	803.54	401.77	0	0	267.85	0	0	669.61	0	401.77	0	0	0	0	0	0	0	669.61	803.54	0	11249	0	0	0	0	0	0	0	1339.2	133.92	0	0	267.85	0	0	0	0	0
L129_F07	TH	0	0	0	0	0	0	0	419.35	0	0	139.78	0	419.35	0	279.56	0	978.47	0	419.35	0	0	0	559.13	0	0	0	0	0	0	0	0	0	0	0	139.78	0	139.78	0	0	8666.5	0	0	139.78	0	0	0	0	1397.8	1537.6	0	0	0	0	0	0	0	0	139.78	559.13	0	0	0	0	559.13	0	0	279.56	279.56	1258	139.78	0	139.78	559.13	0	0	0	139.78	559.13	0	0	0	0	419.35	0	0	0	0	0	0	0	0	0	0	0	0	0	0	0	0	0	0	279.56	0	0	0	0	0	0	0	0	0	0	0	0	0	0	279.56	279.56	0	279.56	0	0	0	0	0	0	0	0	0	0	0	139.78	0	0	0	0	0	0	0	139.78	0	0	0	0	0	0	0	0	0	0	0	0	0	0	0	0	0	0	0	0	0	0	0	0	0	0	0	0	0	279.56	279.56	0	0	0	0	0	0	0	0	0	0	0	0	0	0	0	0	0	0	0	0	0	0	0	0	0	0	0	0	0	0	0	978.47	0	978.47	0	0	0	0	0	0	0	139.78	0	0	0	0	139.78	0	0	0	0	0	0	0	0	0	0	139.78	978.47	0	0	0	0	0	0	0	0	0	10344	279.56	0	978.47	0	0	139.78	0	0	0	0	0	0	0	0	0	0	0	0	0	1677.4	0	0	0	0	0	0	0	0	0	0	0	0	0	0	0	0	0	0	0	139.78	0	0	0	0	0	0	0	0	0	0	0	0	0	0	0	0	0	0	0	419.35	0	0	0	0	0	0	0	0	0	0	559.13	0	0	0	0	0	0	0	0	0	0	0	0	0	0	0	0	0	0	0	0	0	0	1537.6	0	0	0	0	0	0	0	0	0	0	0	0	0	0	0	0	0	0	0	279.56	0	0	0	0	0	0	0	0	0	0	0	0	0	0	419.35	0	0	0	0	0	0	0	0	0	0	0	0	0	0	0	0	0	0	0	0	0	0	0	0	0	0	0	0	0	0	0	0	0	0	0	559.13	279.56	0	0	419.35	279.56	0	139.78	0	0	1677.4	0	0	0	698.91	139.78	0	698.91	139.78	419.35	0	0	0	0	0	0	0	139.78	0	0	13279	0	0	0	0	0	0	0	838.69	0	0	0	0	0	139.78	0	0	0
L129_B09	TH	0	0	0	0	0	0	0	179.86	0	0	539.57	0	0	0	0	0	0	0	0	0	0	0	0	0	0	0	0	0	179.86	0	0	359.71	0	0	179.86	0	179.86	0	0	4496.4	0	0	0	0	179.86	0	179.86	359.71	1978.4	0	0	0	0	0	0	0	0	0	719.42	0	0	0	0	179.86	0	0	0	0	1618.7	0	0	0	179.86	0	0	0	0	0	0	0	0	0	1438.8	0	0	0	179.86	0	0	0	0	0	1259	0	0	0	0	0	179.86	0	0	0	0	0	0	0	0	0	0	179.86	0	0	0	0	0	0	179.86	0	0	0	1079.1	0	0	0	0	0	0	0	0	0	0	0	0	0	179.86	0	0	0	179.86	179.86	0	0	0	0	0	0	0	0	0	0	0	0	0	0	0	0	0	0	0	0	0	0	0	0	0	0	0	0	0	0	0	0	0	0	0	0	0	0	0	0	0	0	0	0	0	0	0	0	0	0	0	539.57	0	0	0	0	0	0	0	719.42	0	0	0	0	4136.7	0	0	0	0	0	0	0	359.71	0	0	0	0	0	359.71	3777	0	0	0	0	0	0	0	0	359.71	179.86	0	0	0	0	0	539.57	0	0	0	4496.4	0	179.86	1618.7	0	0	359.71	0	0	0	0	0	0	0	0	0	0	0	0	0	0	0	0	359.71	0	0	0	0	0	0	0	0	0	0	0	0	0	0	0	0	0	0	0	0	0	0	0	0	0	0	0	0	0	0	0	0	0	0	0	0	0	0	0	0	0	0	0	0	0	0	0	899.28	0	0	0	0	0	0	0	0	0	0	0	0	0	0	0	0	359.71	0	0	0	0	0	0	0	0	0	0	0	0	0	0	0	0	0	0	0	0	0	0	0	0	0	0	0	0	0	0	0	0	0	0	0	0	0	0	0	0	0	0	0	0	0	0	0	0	0	0	0	0	0	0	0	0	0	0	0	0	0	0	0	0	0	0	0	0	719.42	0	0	0	0	0	0	14568	0	2338.1	179.86	0	0	179.86	0	0	0	0	899.28	0	0	0	0	0	0	0	179.86	179.86	359.71	0	0	0	0	0	0	179.86	179.86	0	8813	0	0	0	0	0	0	0	1079.1	0	0	0	179.86	359.71	539.57	0	0	0
L129_D09	TH	0	0	0	0	0	0	0	222.84	0	111.42	0	0	0	0	0	0	779.94	0	0	0	0	445.68	0	0	0	0	0	0	0	0	0	0	222.84	0	111.42	0	0	0	111.42	5793.9	0	0	0	0	445.68	111.42	222.84	1114.2	445.68	0	0	0	0	0	111.42	222.84	0	111.42	0	222.84	0	0	0	1225.6	222.84	0	222.84	111.42	222.84	0	0	0	445.68	0	222.84	0	111.42	111.42	334.26	0	779.94	334.26	1448.5	0	668.52	0	0	0	0	0	0	0	0	0	0	0	0	0	0	0	0	1002.8	0	0	0	0	0	0	0	111.42	0	0	0	0	0	0	0	445.68	111.42	0	0	0	0	0	0	0	0	0	0	0	0	0	0	0	0	0	0	0	0	0	0	0	0	0	0	0	0	0	0	0	0	0	0	0	0	222.84	0	0	0	0	0	0	0	0	0	0	0	0	222.84	222.84	0	0	0	0	0	0	0	0	0	0	0	0	0	0	0	0	0	0	0	0	0	0	0	0	0	0	111.42	0	0	0	0	0	0	0	557.1	0	0	0	0	0	0	0	0	111.42	0	0	0	0	0	111.42	0	0	0	0	0	0	0	0	0	0	0	0	0	0	0	0	0	0	111.42	4902.5	0	0	445.68	0	0	111.42	0	0	0	0	0	0	0	0	0	0	0	0	0	0	0	0	0	0	0	0	0	0	0	0	0	0	0	0	0	0	0	0	0	0	0	0	0	0	0	0	0	0	0	0	0	0	0	0	0	0	0	0	0	0	0	0	0	0	0	0	0	0	0	0	0	0	0	0	0	0	0	0	0	0	0	0	0	0	0	0	0	0	0	0	0	0	111.42	557.1	0	0	0	0	0	0	0	0	0	0	0	0	0	0	0	0	0	0	0	111.42	0	0	0	0	0	0	0	0	0	0	0	0	0	0	0	0	0	0	0	0	0	0	0	0	0	111.42	0	0	0	0	0	0	0	0	0	0	0	0	0	0	0	222.84	0	0	0	0	0	0	0	1559.9	0	1114.2	222.84	111.42	0	445.68	0	222.84	0	222.84	111.42	111.42	222.84	0	0	668.52	111.42	0	222.84	1337.1	0	0	0	0	557.1	111.42	0	1225.6	557.1	0	11031	0	0	0	445.68	0	0	0	7130.9	0	0	0	334.26	334.26	0	0	0	0
L129_E09	TH	0	0	0	0	0	0	0	75.024	0	0	112.54	262.58	0	0	0	0	37.512	0	0	0	412.63	0	112.54	0	0	0	0	0	37.512	0	0	0	37.512	0	0	0	187.56	0	150.05	2700.9	0	0	0	0	37.512	187.56	262.58	937.8	637.71	0	0	0	0	0	75.024	0	112.54	0	450.15	37.512	37.512	75.024	0	1350.4	75.024	0	450.15	0	750.24	0	0	0	525.17	0	0	0	37.512	37.512	0	0	187.56	0	637.71	0	0	0	0	0	0	0	0	0	75.024	0	0	0	0	0	0	0	37.512	75.024	0	37.512	0	0	0	0	0	1425.5	0	0	37.512	112.54	300.1	0	37.512	75.024	0	0	262.58	37.512	0	0	0	0	0	0	0	0	0	0	0	0	0	0	37.512	0	0	0	0	0	0	0	0	0	0	0	0	0	0	0	0	0	0	300.1	0	0	0	0	0	0	0	0	0	0	0	0	487.66	37.512	37.512	0	0	0	0	0	0	0	0	150.05	0	0	0	0	0	0	0	0	0	0	0	112.54	0	0	0	0	0	0	0	0	0	75.024	0	0	1237.9	0	0	0	0	0	0	0	112.54	0	0	0	0	0	150.05	562.68	0	0	0	0	0	0	0	0	112.54	150.05	0	0	0	0	0	375.12	0	0	0	4238.9	0	150.05	525.17	0	0	150.05	0	0	75.024	0	0	0	112.54	0	0	0	0	0	0	0	0	0	150.05	0	0	0	37.512	0	0	0	0	0	300.1	75.024	0	0	0	0	0	0	0	0	0	0	0	0	0	0	0	0	0	0	0	0	0	0	0	0	0	37.512	0	0	37.512	0	0	0	0	0	0	0	37.512	0	0	0	0	0	0	0	0	0	0	0	0	75.024	0	37.512	0	0	0	0	0	0	0	337.61	0	0	0	0	0	0	0	0	0	0	0	0	0	0	0	0	0	0	0	637.71	0	0	0	0	0	0	0	0	0	0	0	0	0	0	150.05	0	0	0	0	0	0	0	0	0	0	0	0	0	0	0	0	0	0	0	0	0	0	0	0	0	0	0	450.15	0	0	0	75.024	0	0	8027.6	0	900.29	450.15	150.05	525.17	525.17	0	37.512	0	0	562.68	0	0	0	637.71	0	0	225.07	112.54	37.512	0	0	0	0	150.05	0	0	562.68	1575.5	0	11891	37.512	0	0	412.63	0	0	0	1463	0	0	0	450.15	337.61	150.05	337.61	0	0
L129_F09	TH	87.735	0	0	0	0	263.2	0	263.2	0	0	0	0	0	0	0	0	1228.3	0	0	0	0	87.735	87.735	0	0	0	0	0	0	0	0	87.735	701.88	0	350.94	0	263.2	0	0	350.94	0	0	0	0	0	0	263.2	877.35	701.88	0	87.735	0	0	0	175.47	0	175.47	87.735	350.94	87.735	0	0	0	526.41	0	0	701.88	175.47	4649.9	0	0	0	350.94	0	0	0	0	0	0	0	526.41	0	175.47	0	0	526.41	0	0	87.735	0	0	0	0	0	0	0	0	0	0	0	0	87.735	0	0	0	0	0	0	0	175.47	0	0	0	0	0	0	175.47	87.735	0	0	175.47	0	0	0	0	0	0	0	0	87.735	0	0	0	0	0	0	0	0	0	175.47	0	0	0	0	0	0	0	0	0	0	0	0	0	0	0	0	0	0	0	0	0	0	0	0	0	0	0	0	0	175.47	0	0	0	0	0	0	0	0	0	0	0	0	0	0	0	0	0	0	0	0	0	175.47	0	0	0	0	0	0	0	87.735	0	0	0	0	350.94	0	0	0	0	0	0	0	350.94	0	0	0	0	0	0	350.94	0	0	0	0	0	0	0	0	0	1052.8	0	0	0	0	0	175.47	0	0	0	8247.1	0	87.735	1930.2	175.47	0	526.41	0	0	0	0	0	0	0	0	0	0	0	0	0	175.47	0	0	0	0	0	0	0	0	0	0	0	0	0	0	0	0	0	0	0	0	0	0	0	0	0	0	0	0	0	0	0	0	0	0	0	0	0	0	0	0	0	0	0	0	0	0	0	0	0	0	87.735	0	0	0	0	0	0	0	0	0	0	0	0	175.47	0	0	0	350.94	0	0	0	0	0	350.94	0	0	0	0	0	0	0	0	0	0	0	0	0	0	0	0	0	0	0	0	0	0	0	0	0	0	87.735	0	0	0	0	0	0	0	0	0	0	0	0	0	0	0	0	0	0	0	0	0	0	0	0	0	0	0	0	0	0	0	0	0	0	0	350.94	0	0	0	0	0	0	3246.2	263.2	350.94	263.2	0	1140.6	350.94	0	175.47	0	0	438.67	0	0	0	0	0	0	1228.3	0	438.67	526.41	0	0	0	438.67	87.735	0	1228.3	0	0	14389	0	0	0	526.41	0	0	0	614.14	0	0	0	263.2	965.08	87.735	0	1052.8	0
L129_G09	TH	0	0	0	206.95	0	0	0	51.738	0	0	0	0	0	0	0	0	1138.3	0	0	0	465.65	0	258.69	1034.8	0	0	0	51.738	413.91	155.21	0	672.6	103.48	0	155.21	0	206.95	51.738	103.48	1190	0	0	0	0	206.95	0	51.738	517.38	1500.4	0	0	0	0	0	0	0	206.95	0	103.48	51.738	51.738	155.21	51.738	931.29	51.738	0	51.738	0	620.86	0	0	51.738	103.48	0	0	103.48	0	0	0	0	51.738	0	569.12	0	0	51.738	0	0	0	0	0	0	103.48	0	0	0	0	0	0	103.48	0	103.48	0	0	0	0	103.48	0	0	155.21	0	0	0	0	206.95	0	51.738	0	0	0	879.55	155.21	0	0	0	0	0	0	0	0	0	51.738	0	0	0	0	0	0	51.738	51.738	155.21	0	0	0	0	0	0	0	0	0	0	0	0	0	0	206.95	0	0	0	0	0	0	0	0	0	0	0	103.48	0	0	155.21	0	0	0	0	51.738	0	0	0	51.738	0	0	0	0	362.17	0	0	0	0	0	0	0	0	0	0	0	0	0	0	0	0	0	0	0	1345.2	0	0	0	0	0	0	0	0	0	0	0	0	0	569.12	103.48	0	0	0	0	0	0	0	0	0	413.91	0	0	0	0	0	258.69	0	0	0	258.69	0	0	879.55	0	0	1086.5	0	0	103.48	0	0	0	103.48	0	0	0	0	0	0	155.21	0	0	0	0	206.95	0	0	0	0	0	0	0	0	0	0	0	0	0	0	0	0	0	0	0	0	0	0	0	0	0	51.738	0	0	0	0	0	0	0	0	206.95	0	0	0	0	0	0	0	0	0	0	51.738	0	0	0	0	0	0	0	0	0	0	51.738	0	0	0	0	0	206.95	0	0	0	0	103.48	51.738	0	0	0	0	0	0	0	0	0	0	0	0	0	0	0	0	0	0	0	0	0	0	0	0	0	0	0	0	0	0	0	0	0	0	0	0	0	0	0	0	0	0	0	0	0	0	0	0	0	0	0	0	0	0	0	0	0	0	0	0	0	0	672.6	0	0	0	155.21	620.86	0	6829.5	206.95	879.55	1034.8	0	931.29	931.29	0	0	0	0	827.82	517.38	0	0	0	51.738	0	0	0	206.95	0	103.48	0	51.738	465.65	103.48	0	931.29	155.21	0	9830.3	0	0	0	258.69	0	155.21	0	1500.4	103.48	0	103.48	155.21	724.34	465.65	0	0	0
L129_H09	TH	0	0	0	0	0	0	0	0	0	0	318.45	0	0	0	0	0	891.66	0	0	0	955.35	0	63.69	0	0	0	0	0	0	0	0	191.07	191.07	0	0	0	127.38	0	0	1019	0	0	0	0	0	0	127.38	382.14	1019	0	0	0	0	0	0	0	254.76	0	0	63.69	0	0	0	1337.5	0	0	127.38	0	1847	0	0	0	1019	0	191.07	0	0	0	0	0	254.76	0	1082.7	0	254.76	0	0	0	0	0	63.69	0	0	0	0	0	0	0	0	0	0	191.07	0	0	0	0	0	0	0	445.83	63.69	0	0	127.38	0	0	0	0	0	0	318.45	0	0	0	0	0	0	0	0	0	0	0	0	0	0	0	0	0	0	0	0	0	0	0	0	63.69	0	0	0	0	191.07	0	0	0	0	63.69	0	0	0	0	0	0	0	0	0	0	63.69	0	700.59	0	254.76	0	0	0	0	0	0	0	0	0	0	0	0	0	0	0	0	0	0	0	0	0	0	0	0	0	0	0	0	0	0	0	0	0	1847	0	0	0	0	0	0	0	0	0	0	0	0	0	63.69	700.59	0	0	0	0	0	0	0	0	63.69	764.28	0	0	0	0	0	254.76	0	0	573.21	5795.8	0	63.69	891.66	0	0	127.38	0	0	0	0	0	0	0	0	0	0	0	0	0	254.76	0	0	0	0	0	0	0	0	0	0	0	0	318.45	0	0	0	0	0	0	0	0	0	0	0	0	0	0	0	0	0	0	0	0	0	0	0	0	0	0	0	0	0	0	0	0	0	0	0	0	0	127.38	0	0	0	0	0	0	0	0	0	0	0	0	191.07	0	63.69	0	0	0	0	0	0	0	0	0	0	0	0	0	0	0	0	0	0	0	0	0	0	0	0	0	0	0	636.9	0	0	0	0	0	0	0	0	63.69	0	0	0	0	0	0	0	0	63.69	0	0	0	0	127.38	0	0	0	0	0	0	0	0	0	0	0	0	0	0	0	0	191.07	0	0	764.28	0	0	0	0	0	0	7133.3	254.76	509.52	127.38	0	0	509.52	0	0	0	254.76	573.21	318.45	127.38	0	0	63.69	0	63.69	127.38	0	0	0	0	0	318.45	0	0	1783.3	254.76	0	10509	0	0	0	0	191.07	0	0	764.28	191.07	0	63.69	127.38	254.76	0	0	0	0
L129_B11	TH	0	0	0	0	0	0	0	223.71	0	0	0	894.85	0	0	0	0	894.85	0	0	0	671.14	0	0	0	894.85	0	0	0	0	0	0	0	894.85	0	0	0	0	0	0	7382.5	0	0	0	0	0	0	447.43	1566	671.14	0	0	0	0	0	0	0	1118.6	223.71	223.71	0	0	0	0	223.71	0	0	0	0	0	0	0	0	0	0	0	0	0	0	0	0	223.71	0	894.85	0	0	0	0	0	0	0	0	0	0	0	0	0	0	0	0	0	0	0	0	0	0	0	0	0	0	671.14	0	0	0	0	0	0	0	0	0	0	0	0	0	0	0	0	0	0	0	0	0	0	0	0	0	0	0	0	0	0	0	0	0	0	0	0	0	0	0	0	0	0	0	0	0	223.71	0	0	0	0	0	0	0	0	0	0	0	0	1118.6	0	0	0	0	0	0	0	0	0	0	0	0	0	0	0	0	0	0	0	0	0	0	0	0	0	0	0	0	0	0	0	0	0	0	0	1342.3	0	0	0	0	0	0	0	0	447.43	0	0	0	447.43	894.85	223.71	0	0	0	0	0	0	0	0	0	0	0	0	0	0	0	0	0	0	0	4698	0	0	0	0	0	0	0	0	223.71	0	0	0	0	0	0	0	0	0	0	0	0	0	0	0	223.71	0	0	0	0	0	0	0	223.71	0	0	0	0	0	0	0	0	0	0	0	0	0	0	0	0	0	0	0	0	0	0	0	0	0	0	0	0	0	0	0	0	0	0	0	0	0	0	0	0	0	0	0	0	0	0	0	0	223.71	0	0	0	0	0	447.43	0	0	0	0	0	2908.3	0	0	0	0	0	0	0	0	0	0	0	0	0	0	0	0	0	0	0	0	0	0	0	0	0	0	0	0	0	0	0	0	0	0	0	0	0	0	0	0	0	0	0	0	0	0	0	0	0	0	0	0	0	0	0	0	0	0	0	0	0	0	223.71	0	0	0	0	0	0	3132	671.14	447.43	223.71	0	894.85	0	0	671.14	0	0	223.71	0	223.71	0	0	0	0	447.43	0	223.71	0	0	0	0	0	0	0	1118.6	223.71	0	8501.1	1566	0	0	0	0	0	0	671.14	0	0	0	894.85	223.71	0	0	0	0
L129_B12	TH	0	0	0	0	0	60.731	0	121.46	0	0	182.19	60.731	0	0	0	0	0	0	0	0	0	0	789.51	0	0	0	0	0	60.731	0	0	364.39	0	0	0	0	0	425.12	0	5222.9	0	0	0	0	0	60.731	303.66	1093.2	1700.5	0	0	121.46	0	0	182.19	0	60.731	0	182.19	0	0	0	0	1153.9	60.731	0	121.46	0	1275.4	0	0	0	303.66	425.12	0	0	546.58	303.66	0	0	303.66	0	1214.6	0	364.39	0	0	0	0	0	0	0	0	0	0	0	0	0	0	0	60.731	182.19	0	0	0	0	60.731	0	242.93	1639.7	0	0	0	121.46	242.93	0	60.731	0	0	0	60.731	0	0	0	0	0	0	0	0	0	0	0	0	0	0	0	0	0	0	1639.7	0	0	0	0	0	0	0	0	0	0	0	0	0	0	0	60.731	0	0	0	0	0	0	0	0	0	0	0	0	0	0	242.93	0	0	0	0	121.46	0	0	0	0	0	0	0	0	60.731	0	0	0	0	0	0	0	0	0	0	0	0	0	0	0	0	0	303.66	0	1700.5	0	0	0	0	0	0	0	0	121.46	0	0	0	60.731	0	303.66	0	0	0	0	0	0	0	0	182.19	910.97	0	0	0	0	0	303.66	0	0	0	6498.2	0	0	1518.3	0	0	0	0	0	121.46	0	0	0	0	0	0	0	0	0	0	60.731	0	0	0	0	0	0	0	0	0	60.731	0	0	182.19	0	0	0	0	0	0	0	0	0	0	0	0	0	0	0	0	0	0	0	0	0	0	0	0	0	0	0	0	0	0	0	0	0	0	0	0	0	0	0	0	0	0	0	0	0	0	0	0	182.19	0	0	0	0	0	182.19	0	0	0	0	0	0	0	0	0	0	0	0	0	0	0	0	0	0	0	0	0	0	0	0	0	971.7	0	0	0	0	0	0	0	0	60.731	0	0	0	0	0	60.731	0	0	0	0	0	0	0	0	0	0	0	0	0	121.46	0	0	0	0	0	0	0	0	0	0	0	0	0	485.85	0	0	0	182.19	0	0	182.19	425.12	60.731	546.58	60.731	0	546.58	0	121.46	60.731	60.731	364.39	0	303.66	0	182.19	0	60.731	121.46	789.51	303.66	0	0	0	0	242.93	60.731	0	789.51	850.24	0	11175	0	0	0	364.39	0	0	0	910.97	0	0	0	182.19	121.46	242.93	60.731	0	0
L129_G12	TH	0	0	142.53	0	0	0	0	0	0	285.06	142.53	0	0	71.266	0	0	783.92	0	0	0	71.266	0	71.266	0	0	0	0	0	0	0	0	0	0	0	356.33	71.266	0	0	213.8	3135.7	0	0	0	0	142.53	142.53	0	1069	570.13	0	0	0	0	0	142.53	0	0	0	213.8	142.53	0	0	0	926.45	0	0	0	213.8	1140.3	0	0	0	142.53	0	0	0	0	0	0	0	0	570.13	356.33	0	0	71.266	0	0	0	71.266	0	0	712.66	0	0	0	0	0	0	71.266	71.266	71.266	0	0	0	0	0	0	0	641.39	0	0	0	0	0	0	0	0	0	0	142.53	0	0	0	0	0	0	0	0	0	0	0	0	0	0	0	0	0	0	71.266	0	0	0	0	0	0	71.266	0	0	0	0	0	0	0	0	0	0	0	0	0	0	0	0	0	0	0	0	0	1354.1	0	285.06	0	0	0	0	0	0	0	0	0	0	0	0	0	0	0	0	0	0	0	0	0	0	0	0	0	0	0	0	0	0	0	0	0	1567.8	0	0	0	0	0	0	0	0	142.53	0	71.266	0	0	570.13	285.06	0	0	0	0	0	0	0	0	213.8	71.266	0	0	0	0	0	427.59	0	0	0	5487.5	0	71.266	641.39	0	0	1995.4	0	0	0	0	0	0	142.53	0	0	0	0	0	0	0	0	0	0	0	0	0	0	0	0	0	0	0	0	0	0	0	0	0	0	0	0	0	0	0	0	0	0	0	142.53	0	0	0	0	0	0	0	0	0	0	0	0	0	0	0	0	0	0	0	0	0	0	0	0	0	0	0	0	0	0	0	0	213.8	0	71.266	0	0	0	0	0	0	0	0	0	712.66	0	0	0	0	0	0	0	0	0	0	0	0	0	0	0	0	0	0	0	0	0	0	0	0	0	0	0	0	0	0	0	0	0	0	71.266	0	0	0	0	0	0	0	0	0	0	142.53	0	0	285.06	0	0	0	0	0	0	0	0	0	0	0	0	0	783.92	0	0	0	0	0	0	1354.1	0	570.13	641.39	0	213.8	498.86	0	356.33	0	0	213.8	213.8	0	0	71.266	0	0	0	142.53	0	0	0	570.13	0	213.8	0	285.06	1211.5	142.53	0	9193.3	0	0	0	142.53	0	0	0	1354.1	0	142.53	0	0	427.59	142.53	0	0	0
L130_E01	TH	0	0	0	0	0	0	0	88.731	0	88.731	88.731	0	0	0	0	0	709.85	0	0	0	0	0	88.731	0	88.731	0	0	88.731	0	88.731	0	88.731	0	0	443.66	0	88.731	0	177.46	1419.7	0	0	0	0	0	0	0	976.04	443.66	0	177.46	0	0	0	88.731	0	88.731	0	88.731	0	88.731	443.66	0	887.31	0	0	266.19	0	354.92	0	0	88.731	709.85	88.731	0	0	88.731	0	0	0	266.19	0	177.46	0	266.19	0	0	0	177.46	0	0	0	88.731	0	0	0	0	0	88.731	0	0	266.19	0	0	0	0	0	0	0	532.39	0	0	177.46	0	0	0	0	0	0	0	443.66	0	0	0	0	0	0	0	0	0	0	177.46	0	0	177.46	0	0	0	0	0	0	0	0	0	0	0	443.66	0	0	0	0	0	0	0	0	0	0	0	0	0	0	0	0	88.731	0	0	0	0	177.46	266.19	0	0	0	0	0	0	0	0	0	0	0	0	0	0	0	0	0	0	0	0	0	177.46	0	0	0	0	0	0	0	0	0	0	0	0	1863.3	0	0	0	0	0	0	0	0	532.39	0	0	0	0	177.46	88.731	0	0	0	0	0	0	0	0	0	88.731	0	0	0	0	0	532.39	0	0	0	9050.6	0	0	798.58	0	0	266.19	0	0	0	0	0	0	0	0	0	0	0	0	0	88.731	0	0	0	0	0	0	0	0	0	0	0	0	0	0	0	0	0	0	0	0	0	0	88.731	0	0	0	0	0	0	0	0	0	0	0	0	0	0	0	0	88.731	0	0	0	0	0	0	0	0	0	0	177.46	0	0	0	0	0	0	0	0	0	88.731	0	177.46	0	0	0	0	0	0	0	0	0	0	12511	0	0	0	0	0	0	0	0	0	0	0	0	0	0	0	0	0	0	0	0	0	0	0	0	0	0	0	0	0	0	0	0	0	0	0	0	0	0	0	0	0	0	0	0	0	0	0	0	177.46	0	0	0	0	0	0	0	0	0	0	0	0	0	976.04	0	0	0	177.46	0	0	5146.4	0	621.12	354.92	0	88.731	709.85	0	0	88.731	266.19	266.19	532.39	0	0	88.731	0	0	354.92	177.46	0	0	266.19	0	0	177.46	0	177.46	266.19	887.31	0	10027	0	0	0	177.46	0	0	0	1419.7	0	0	0	88.731	0	177.46	0	0	0
L130_G01	TH	0	0	0	79.946	0	0	0	159.89	0	0	79.946	0	0	0	0	0	279.81	0	0	0	79.946	0	0	0	0	0	39.973	0	79.946	399.73	0	39.973	79.946	0	0	0	399.73	79.946	79.946	2198.5	0	0	0	0	0	0	159.89	559.62	239.84	0	0	39.973	0	0	39.973	79.946	79.946	0	439.7	199.86	0	0	0	799.46	39.973	0	119.92	39.973	319.78	0	0	79.946	479.67	119.92	0	39.973	0	79.946	0	0	319.78	159.89	399.73	0	79.946	239.84	0	0	0	0	0	0	39.973	0	0	0	0	0	0	0	0	119.92	0	0	0	0	0	0	0	0	0	0	0	39.973	0	0	319.78	39.973	119.92	0	359.76	119.92	0	0	0	79.946	39.973	0	0	0	79.946	439.7	0	0	39.973	0	0	0	39.973	479.67	39.973	0	0	79.946	39.973	0	0	0	0	0	0	0	0	0	0	39.973	0	0	0	0	39.973	0	39.973	79.946	0	0	0	0	119.92	1399.1	319.78	39.973	0	0	0	0	0	0	0	39.973	0	0	0	0	119.92	0	0	0	0	39.973	0	0	0	39.973	0	0	0	0	0	0	0	0	0	0	1878.7	0	0	0	0	0	79.946	0	0	79.946	0	79.946	0	0	79.946	679.54	0	0	0	0	0	0	0	0	0	239.84	0	0	0	0	0	159.89	0	39.973	0	10393	0	39.973	639.57	0	0	1439	0	0	0	0	39.973	0	119.92	0	0	0	0	0	0	559.62	0	0	0	39.973	0	0	0	0	0	0	0	0	0	0	0	0	0	0	0	0	39.973	0	0	0	0	0	0	0	0	0	39.973	0	0	0	0	0	0	0	0	79.946	0	0	0	0	0	0	0	0	0	0	0	0	0	0	0	0	0	0	0	0	0	159.89	0	39.973	0	39.973	0	159.89	0	0	0	0	0	7794.7	0	0	0	0	0	0	0	0	0	0	0	0	0	0	0	0	0	0	0	39.973	0	0	0	0	0	0	0	0	39.973	0	0	0	0	0	0	0	0	0	0	0	39.973	0	0	0	0	0	0	0	0	0	0	0	0	0	0	0	0	0	0	0	0	0	479.67	0	0	0	39.973	0	0	10433	79.946	679.54	679.54	0	519.65	79.946	719.51	79.946	0	159.89	679.54	79.946	319.78	0	119.92	39.973	0	39.973	399.73	0	39.973	119.92	239.84	0	119.92	39.973	39.973	1119.2	359.76	0	7235.1	0	0	0	39.973	0	0	0	879.4	0	0	0	359.76	319.78	79.946	0	0	0
L130_A02	TH	0	0	0	0	0	0	0	0	0	0	0	0	0	0	0	0	370.17	0	0	0	0	0	185.08	1110.5	0	0	0	0	0	0	0	0	0	0	0	0	0	0	0	6292.8	0	0	0	0	0	0	555.25	925.41	555.25	0	0	0	0	0	185.08	0	0	185.08	185.08	0	1295.6	185.08	0	2221	0	0	370.17	0	0	0	0	185.08	555.25	0	0	0	0	0	0	0	370.17	0	185.08	0	0	0	0	0	0	0	0	0	0	0	0	0	0	0	0	0	0	0	0	0	0	0	0	0	0	0	0	0	0	0	185.08	0	0	0	0	0	0	0	0	0	0	0	0	0	0	0	185.08	0	0	0	0	0	0	0	185.08	0	0	0	0	0	0	185.08	0	0	0	0	0	0	0	0	0	0	0	0	0	0	0	0	0	0	0	0	0	0	0	185.08	0	0	0	0	0	0	0	0	0	0	0	0	0	0	0	0	0	0	0	0	0	0	0	0	0	0	0	0	0	0	0	0	0	0	1665.7	0	0	0	0	0	0	0	370.17	0	0	0	0	0	0	740.33	0	0	0	0	0	0	0	0	0	0	0	0	0	0	0	1850.8	0	0	0	20914	0	370.17	925.41	0	0	1850.8	0	0	370.17	0	0	0	0	0	0	0	0	0	0	0	0	0	0	0	555.25	370.17	370.17	0	0	0	0	0	3146.4	0	0	0	0	0	0	0	0	0	0	0	0	0	0	0	0	0	0	0	0	0	0	0	0	0	0	0	0	0	0	0	0	0	0	0	0	0	185.08	0	0	0	0	0	0	0	0	0	0	0	0	0	0	0	0	185.08	0	0	0	0	0	9809.4	0	0	0	0	0	0	0	0	0	0	0	0	0	0	0	0	0	0	0	555.25	0	0	0	0	0	0	0	0	0	0	0	0	0	0	185.08	0	0	0	0	0	0	0	0	185.08	0	0	0	0	925.41	0	0	0	0	0	0	0	0	0	0	0	0	0	555.25	0	0	0	0	0	0	370.17	0	0	1850.8	185.08	555.25	925.41	0	555.25	0	185.08	925.41	0	0	370.17	0	0	0	0	0	3146.4	0	0	0	0	185.08	0	0	1665.7	1480.7	0	7958.5	185.08	0	0	370.17	555.25	0	0	2776.2	0	0	0	185.08	0	555.25	0	0	0
L130_B02	TH	0	0	0	0	0	0	0	87.881	0	0	439.41	0	0	43.941	0	0	351.52	0	0	0	0	0	175.76	0	0	0	0	0	0	703.05	0	0	87.881	0	0	0	131.82	43.941	43.941	1581.9	0	0	0	0	0	131.82	527.29	878.81	395.46	87.881	0	0	0	0	131.82	87.881	87.881	131.82	527.29	87.881	43.941	0	0	1274.3	0	0	878.81	0	1450	0	0	0	439.41	0	0	43.941	527.29	43.941	0	0	0	219.7	615.17	0	395.46	43.941	0	0	43.941	0	0	0	0	0	0	0	0	0	0	0	0	175.76	0	0	0	0	0	0	0	131.82	0	0	0	131.82	87.881	0	659.11	87.881	0	0	43.941	0	0	0	43.941	0	0	0	0	43.941	43.941	790.93	0	0	0	0	87.881	0	43.941	219.7	0	0	43.941	0	0	0	43.941	0	0	0	0	0	0	43.941	0	0	0	0	0	0	0	0	0	0	0	0	0	0	219.7	439.41	0	0	0	0	0	0	0	0	0	0	0	0	0	0	0	0	0	0	0	0	0	219.7	0	0	0	0	0	0	0	0	0	0	0	0	1889.4	0	0	0	0	0	0	0	87.881	87.881	0	0	0	0	43.941	395.46	0	0	0	0	0	0	0	0	0	527.29	43.941	0	0	87.881	0	175.76	0	0	43.941	483.35	0	87.881	615.17	87.881	0	87.881	0	0	131.82	0	43.941	0	43.941	0	0	0	0	0	0	0	0	0	0	0	0	0	0	43.941	0	0	0	0	0	0	0	0	0	0	0	0	0	0	0	0	0	0	0	0	0	0	0	0	0	0	0	0	0	0	0	0	0	0	0	0	0	0	0	0	0	0	43.941	0	0	0	0	0	0	0	0	0	0	87.881	0	87.881	0	0	0	43.941	0	0	0	0	87.881	11381	0	0	0	0	0	0	0	0	0	0	0	0	0	0	0	0	0	0	0	43.941	0	0	0	0	0	0	0	0	43.941	0	0	0	0	0	43.941	0	0	0	0	0	0	43.941	0	0	0	0	0	0	439.41	0	0	0	0	0	0	0	0	0	0	0	0	0	351.52	0	0	0	43.941	43.941	0	5844.1	0	351.52	790.93	0	87.881	263.64	0	43.941	0	0	615.17	131.82	87.881	0	1010.6	131.82	0	43.941	43.941	307.58	0	43.941	0	0	87.881	0	0	878.81	746.99	0	8480.5	0	0	0	131.82	0	0	0	1669.7	0	0	0	219.7	175.76	263.64	0	0	0
L130_C02	TH	0	0	0	0	0	0	0	57.261	0	0	0	0	0	0	0	57.261	57.261	0	0	0	0	0	400.83	0	0	0	0	0	57.261	0	0	400.83	343.56	0	0	0	57.261	0	114.52	3664.7	0	0	0	0	57.261	114.52	171.78	973.43	572.61	0	0	0	57.261	0	114.52	114.52	114.52	0	343.56	171.78	515.35	0	0	1030.7	0	0	0	0	57.261	57.261	0	0	229.04	0	0	57.261	57.261	57.261	0	0	286.3	114.52	458.08	0	400.83	0	0	0	57.261	0	0	0	171.78	0	0	0	0	0	0	0	0	0	0	0	0	0	57.261	0	0	687.13	0	0	0	0	0	0	0	0	57.261	0	229.04	687.13	0	0	0	0	0	0	0	0	0	0	0	0	0	0	114.52	0	57.261	0	57.261	0	0	0	0	0	57.261	0	0	0	0	0	0	0	0	0	0	0	0	0	0	0	0	0	0	0	0	0	0	0	171.78	0	0	0	0	0	0	0	0	0	0	0	0	0	0	0	0	0	0	0	0	0	0	0	0	0	0	0	0	57.261	0	0	57.261	0	1775.1	0	0	0	57.261	0	458.08	0	57.261	0	0	0	0	114.52	458.08	57.261	0	0	0	0	57.261	0	0	0	0	114.52	0	0	0	0	0	400.83	0	0	0	11681	0	57.261	1775.1	0	0	57.261	0	0	0	0	0	0	114.52	0	0	0	0	0	0	458.08	0	0	0	0	0	0	0	0	0	0	0	0	0	0	0	0	0	0	0	57.261	171.78	0	0	0	0	0	0	0	0	57.261	0	0	0	0	0	0	0	0	0	0	0	0	0	0	0	0	57.261	0	0	0	0	0	0	0	0	0	0	0	0	0	57.261	171.78	0	114.52	0	57.261	0	114.52	0	0	0	0	0	12712	0	0	0	0	0	0	0	0	0	0	0	0	0	0	0	0	0	0	0	229.04	0	0	0	0	0	0	0	0	0	0	0	0	0	0	57.261	0	0	0	0	0	0	0	0	0	0	0	0	0	0	0	0	0	0	0	0	0	0	0	0	0	0	0	629.87	0	0	0	0	171.78	0	4065.5	57.261	286.3	286.3	0	171.78	572.61	57.261	171.78	0	0	687.13	171.78	0	0	0	114.52	0	0	229.04	0	0	114.52	0	0	343.56	0	0	1259.7	229.04	0	8703.6	0	0	57.261	0	0	0	0	2347.7	0	0	0	171.78	114.52	0	0	0	0
L130_E02	TH	0	0	0	0	0	0	0	0	0	68.329	0	0	0	0	0	0	751.62	0	0	0	0	0	0	0	0	0	0	0	204.99	0	0	136.66	68.329	0	136.66	68.329	204.99	68.329	68.329	2391.5	0	0	0	0	204.99	0	273.32	136.66	409.98	0	0	0	0	0	136.66	0	0	0	136.66	136.66	136.66	0	0	409.98	68.329	0	0	68.329	751.62	0	0	0	683.29	0	0	68.329	0	136.66	0	0	683.29	136.66	341.65	0	68.329	0	0	0	0	0	0	0	204.99	0	0	0	0	0	0	0	0	204.99	0	0	0	0	204.99	0	204.99	0	0	0	0	0	0	0	0	0	0	0	0	478.3	0	0	0	0	0	0	0	0	0	819.95	0	0	0	0	0	0	0	204.99	0	0	0	0	0	0	546.64	0	0	0	0	0	0	0	0	68.329	0	0	0	0	0	0	0	136.66	0	0	0	136.66	341.65	0	68.329	0	68.329	0	0	0	0	0	0	0	0	0	0	0	0	0	0	0	0	0	0	0	0	0	136.66	0	0	0	0	68.329	0	0	0	0	956.61	68.329	0	0	0	0	478.3	0	0	0	0	0	0	0	136.66	0	0	0	0	0	0	0	0	0	68.329	1708.2	0	0	0	0	0	68.329	0	0	0	11684	0	0	1776.6	0	0	478.3	0	0	68.329	0	341.65	0	68.329	0	68.329	0	0	0	0	0	0	0	0	0	409.98	0	0	0	0	0	0	0	0	0	614.96	0	0	0	0	0	0	0	0	0	0	0	0	0	0	0	136.66	0	0	0	0	0	0	0	0	0	0	0	0	0	0	0	0	0	0	0	0	0	0	0	0	0	0	0	0	0	0	68.329	0	136.66	0	0	0	0	0	0	0	0	0	751.62	0	0	0	0	0	0	0	0	0	0	0	0	0	0	0	0	0	0	0	204.99	0	0	0	0	0	0	0	0	0	0	0	0	0	0	68.329	0	0	0	0	0	0	0	0	0	0	0	0	0	273.32	0	0	0	204.99	0	0	0	0	0	0	136.66	0	0	136.66	0	0	0	68.329	0	0	11343	204.99	478.3	683.29	683.29	0	273.32	0	0	0	0	819.95	136.66	0	68.329	273.32	0	0	68.329	0	0	273.32	0	136.66	0	273.32	0	0	1776.6	1093.3	0	9019.5	0	0	0	0	0	0	0	1093.3	0	0	0	68.329	68.329	204.99	0	0	0
L130_A03	TH	0	0	0	0	0	0	0	0	0	0	0	0	0	0	0	0	0	0	0	0	1308.4	0	130.84	130.84	0	0	0	0	0	0	0	130.84	0	0	0	0	0	0	0	3140.1	0	0	0	0	0	261.68	523.35	523.35	1308.4	0	0	0	0	0	130.84	130.84	0	0	130.84	0	0	0	0	1046.7	0	0	0	0	0	0	0	0	1308.4	0	0	0	0	261.68	0	0	0	0	654.19	0	0	0	0	0	0	0	0	0	392.52	0	0	0	0	0	0	0	0	0	0	0	0	0	0	0	0	130.84	0	0	0	0	0	0	0	130.84	0	0	0	0	0	0	0	0	0	0	0	0	0	0	0	0	0	0	0	0	0	654.19	0	0	0	0	0	0	0	0	0	0	0	0	0	0	0	0	0	0	0	0	0	0	0	0	0	0	0	0	0	130.84	130.84	0	0	0	0	0	0	0	0	0	0	0	0	0	0	0	0	0	0	0	0	0	0	0	261.68	0	0	0	0	130.84	0	0	0	0	1570.1	0	0	0	0	0	0	0	0	0	0	0	0	0	0	0	0	0	0	0	0	0	0	0	0	130.84	0	0	0	0	0	130.84	0	0	0	130.84	0	261.68	261.68	0	0	0	0	0	0	0	0	0	0	0	0	0	0	0	0	261.68	0	0	0	0	0	0	0	0	0	0	0	0	523.35	0	0	0	0	0	130.84	0	0	0	0	0	0	0	0	0	0	0	0	0	0	0	0	0	0	0	0	0	0	0	0	0	0	0	0	0	0	0	0	0	0	0	0	0	0	0	0	0	0	0	0	0	0	261.68	0	0	0	0	0	0	0	9027.9	0	0	0	0	0	0	0	0	0	0	0	0	0	0	0	0	0	0	0	0	0	0	0	0	0	0	0	0	130.84	0	0	0	0	0	0	0	0	0	0	0	0	0	0	0	0	0	0	0	261.68	0	0	0	0	0	0	0	0	0	0	0	0	0	785.03	0	0	0	0	0	0	523.35	0	261.68	523.35	0	0	261.68	0	0	0	0	785.03	0	0	0	392.52	0	0	0	130.84	0	130.84	0	0	0	392.52	0	0	785.03	392.52	0	10075	0	0	0	130.84	0	130.84	0	4056	0	0	0	785.03	261.68	130.84	0	0	0
L130_C03	TH	0	0	0	0	0	0	0	132.07	0	0	66.037	132.07	0	0	0	0	1386.8	0	0	0	0	0	66.037	0	0	0	0	198.11	198.11	198.11	0	330.19	0	0	0	0	0	0	0	3632	0	0	0	0	132.07	0	198.11	396.22	462.26	0	0	0	0	0	594.33	0	198.11	0	198.11	198.11	198.11	0	0	726.41	0	0	66.037	0	66.037	0	0	0	132.07	0	0	0	66.037	66.037	0	0	198.11	396.22	396.22	0	0	66.037	0	0	0	0	0	0	0	0	0	0	0	0	0	0	0	132.07	0	0	0	0	330.19	0	0	594.33	0	0	0	0	264.15	0	66.037	66.037	264.15	0	66.037	66.037	0	0	0	0	0	0	66.037	0	198.11	0	0	0	66.037	0	132.07	0	132.07	594.33	0	0	0	66.037	0	0	330.19	0	0	0	198.11	0	0	0	0	0	0	0	0	0	0	0	0	0	0	0	0	0	66.037	0	0	0	0	0	0	0	0	0	0	0	0	0	0	0	0	0	0	0	0	0	0	0	0	0	0	0	0	0	0	66.037	0	0	0	0	1320.7	66.037	0	0	0	0	330.19	0	0	0	0	0	0	0	198.11	726.41	0	0	0	0	0	0	0	0	0	528.3	132.07	0	0	0	0	132.07	0	0	0	19151	0	0	528.3	0	0	66.037	0	0	0	66.037	0	0	66.037	0	0	0	0	0	0	0	0	0	0	0	0	198.11	0	0	0	0	0	0	66.037	0	0	0	0	0	0	0	0	0	0	0	0	0	0	0	0	0	0	0	0	0	0	0	0	0	0	0	0	0	0	0	0	0	0	0	0	0	132.07	0	0	0	0	0	0	0	0	0	0	132.07	0	66.037	0	66.037	0	0	0	0	0	0	132.07	396.22	0	0	0	0	0	0	0	0	0	0	0	0	0	0	0	0	0	0	0	132.07	0	0	0	0	0	0	0	0	0	0	0	0	0	0	66.037	0	0	0	0	0	0	0	66.037	0	0	0	0	0	462.26	0	0	0	0	0	0	0	0	0	0	0	0	0	462.26	0	0	0	0	132.07	0	2245.3	66.037	726.41	396.22	264.15	66.037	330.19	0	66.037	0	66.037	330.19	198.11	66.037	0	0	66.037	0	0	132.07	396.22	0	0	132.07	0	924.52	0	0	1320.7	0	0	8254.6	0	0	0	132.07	0	0	0	3037.7	0	0	0	792.45	0	0	0	0	0
L130_D03	TH	0	0	0	0	0	0	0	60.01	0	0	300.05	0	0	0	0	0	1020.2	0	0	0	240.04	0	0	0	0	0	0	0	0	0	0	120.02	120.02	0	60.01	0	120.02	0	180.03	1620.3	0	0	0	0	0	120.02	120.02	480.08	240.04	0	0	0	0	0	240.04	0	60.01	60.01	420.07	0	0	0	0	360.06	0	60.01	540.09	60.01	240.04	60.01	0	0	420.07	0	60.01	0	60.01	60.01	0	0	0	60.01	1020.2	0	300.05	60.01	0	0	60.01	60.01	0	60.01	0	0	0	0	0	0	0	0	0	120.02	0	0	0	0	180.03	0	0	0	0	0	0	120.02	60.01	0	0	0	120.02	0	300.05	60.01	0	60.01	180.03	0	120.02	0	0	180.03	0	60.01	0	0	60.01	0	0	0	0	0	0	0	60.01	60.01	0	0	60.01	0	0	300.05	0	0	0	0	0	60.01	0	0	0	0	0	0	0	0	0	0	0	0	1380.2	900.14	60.01	0	0	0	0	0	0	0	0	0	0	0	0	0	0	0	0	0	0	0	0	0	0	0	0	0	0	0	0	0	60.01	0	60.01	0	2400.4	0	0	0	0	0	300.05	0	0	180.03	0	0	0	0	240.04	0	0	0	0	0	0	0	0	0	0	960.15	120.02	0	0	0	0	660.11	0	0	0	10022	0	120.02	120.02	0	0	60.01	0	0	120.02	0	0	0	60.01	0	0	0	0	0	0	0	0	0	0	0	0	0	0	0	0	0	0	0	120.02	0	0	0	0	0	0	0	0	0	0	0	0	0	0	60.01	0	0	0	0	0	0	0	0	0	0	0	0	0	0	0	0	0	0	0	0	0	0	60.01	0	0	0	0	0	0	0	0	0	0	0	0	60.01	60.01	0	0	120.02	0	0	0	0	0	6421	0	0	0	0	0	0	0	0	0	0	0	0	0	0	0	0	0	0	0	0	0	0	0	0	0	0	0	0	0	0	0	0	0	0	0	0	0	0	0	0	0	0	0	0	0	0	0	0	240.04	0	0	0	0	0	0	0	0	0	0	0	0	0	1020.2	0	0	0	0	0	0	3180.5	120.02	120.02	660.11	0	0	360.06	60.01	300.05	0	0	420.07	60.01	0	60.01	120.02	0	0	60.01	240.04	0	180.03	0	0	0	480.08	0	60.01	1980.3	60.01	0	7441.2	0	0	0	240.04	0	0	0	600.1	0	0	0	540.09	180.03	180.03	0	0	0
L130_G03	TH	0	0	0	0	0	0	0	0	0	106.45	106.45	159.68	0	0	0	0	479.03	0	0	0	745.16	0	53.225	0	0	0	0	159.68	159.68	0	0	53.225	0	0	0	0	53.225	0	106.45	3512.9	0	0	0	0	0	0	159.68	585.48	319.35	0	0	0	0	0	0	0	0	479.03	106.45	53.225	0	159.68	0	1064.5	0	0	53.225	0	425.8	0	0	159.68	319.35	0	0	0	212.9	53.225	0	0	0	159.68	212.9	0	372.58	53.225	0	0	0	0	0	0	212.9	0	0	0	0	0	0	0	0	212.9	0	0	0	0	0	0	53.225	372.58	0	0	0	53.225	159.68	0	0	0	0	0	745.16	53.225	0	0	106.45	0	0	0	0	53.225	53.225	0	0	0	53.225	0	0	0	0	266.13	0	0	0	0	0	0	106.45	0	0	0	0	0	0	0	0	159.68	0	0	0	0	0	0	0	0	0	0	53.225	0	0	0	266.13	0	0	0	0	0	0	0	0	0	0	0	0	0	53.225	0	0	0	0	0	0	0	0	0	0	0	0	0	0	0	0	0	0	0	1171	0	0	0	0	0	0	0	53.225	0	0	0	0	53.225	159.68	53.225	0	0	0	0	0	0	0	0	53.225	1117.7	0	0	0	0	0	159.68	0	0	0	18416	0	53.225	2022.6	0	0	585.48	0	0	425.8	0	0	0	106.45	0	0	0	0	0	0	532.26	0	0	0	0	0	0	0	0	0	0	0	0	0	0	0	0	0	0	0	0	53.225	0	0	0	0	0	0	0	0	0	0	0	0	0	0	0	0	0	0	0	0	0	0	0	0	0	0	0	0	0	106.45	0	0	0	0	0	0	0	0	0	0	53.225	0	53.225	0	0	0	0	0	0	0	0	0	16181	0	0	0	0	0	0	0	0	0	0	0	0	0	0	0	0	0	0	0	0	0	0	0	0	0	0	0	0	0	0	0	0	0	0	0	0	0	0	0	0	0	0	0	0	0	0	0	0	0	0	0	0	0	0	0	0	0	0	0	0	0	0	1117.7	0	0	0	0	0	0	5216.1	0	904.83	319.35	106.45	53.225	532.26	53.225	212.9	0	106.45	745.16	159.68	0	106.45	958.06	0	53.225	372.58	0	1117.7	53.225	212.9	319.35	0	212.9	0	0	1596.8	53.225	0	8995.1	0	0	0	53.225	0	0	0	2608.1	106.45	0	0	212.9	106.45	0	0	0	0
L130_H03	TH	0	0	0	0	0	784.78	0	98.097	0	0	0	0	0	0	0	0	392.39	0	0	0	98.097	0	0	0	0	0	0	0	0	0	0	0	0	0	0	0	0	0	196.19	3433.4	0	0	0	0	0	0	0	784.78	196.19	0	0	0	0	0	0	0	784.78	0	98.097	98.097	0	196.19	0	588.58	0	0	0	98.097	1765.7	98.097	0	0	686.68	0	0	294.29	0	294.29	0	0	294.29	0	294.29	0	196.19	0	0	0	294.29	0	0	0	0	0	0	0	0	0	0	0	98.097	0	0	0	0	0	0	0	0	0	0	0	0	0	0	0	0	196.19	0	0	98.097	294.29	0	0	0	0	0	0	0	0	0	0	0	0	0	0	0	0	0	0	0	0	294.29	0	0	0	0	0	0	0	0	0	0	0	0	0	0	0	0	0	0	0	0	0	0	0	0	0	0	294.29	0	0	0	0	0	0	0	98.097	0	0	0	0	0	0	0	0	0	0	0	0	0	0	0	0	0	0	0	0	0	0	0	0	0	0	1471.4	0	0	0	0	0	0	0	0	0	0	0	0	0	0	98.097	0	0	0	0	0	0	0	0	0	882.87	0	0	0	0	0	0	0	0	0	17854	0	0	686.68	0	0	3139.1	0	0	0	0	0	0	0	0	0	0	0	0	0	0	0	0	0	0	0	0	0	0	196.19	0	0	0	0	0	0	0	0	0	0	98.097	0	0	0	0	0	0	0	0	0	98.097	0	0	0	98.097	0	0	0	0	0	0	0	0	0	0	0	0	0	0	0	0	0	0	0	0	0	0	0	0	0	0	0	98.097	0	0	0	0	0	0	0	0	0	0	0	5787.7	0	0	0	0	0	0	0	0	0	0	0	0	0	0	0	0	0	0	0	0	0	0	0	0	0	0	0	0	0	0	0	0	0	0	0	0	0	0	0	0	0	0	0	0	0	0	0	0	0	0	0	0	0	0	0	0	0	0	0	0	0	0	392.39	0	0	0	196.19	0	0	8632.5	0	196.19	392.39	0	98.097	392.39	0	196.19	0	0	98.097	490.48	0	0	1275.3	588.58	0	98.097	588.58	0	0	0	0	0	196.19	98.097	0	392.39	98.097	0	10987	0	0	0	0	0	98.097	0	2746.7	0	0	0	392.39	196.19	392.39	0	0	0
L130_C04	TH	0	0	0	0	0	720.36	0	48.024	0	48.024	48.024	0	0	0	0	0	480.24	48.024	0	0	48.024	0	144.07	0	0	0	0	0	96.048	48.024	0	288.14	288.14	0	192.1	0	48.024	0	192.1	5810.9	0	0	0	0	192.1	0	288.14	240.12	720.36	0	0	0	0	0	48.024	0	1008.5	0	192.1	48.024	0	0	0	624.31	0	0	0	48.024	288.14	0	0	96.048	528.26	0	0	48.024	48.024	96.048	0	0	48.024	0	720.36	0	528.26	0	0	0	48.024	0	0	48.024	0	0	0	0	0	0	0	0	0	48.024	0	0	0	0	0	0	0	864.43	0	0	0	432.21	96.048	0	96.048	48.024	0	0	96.048	0	0	0	0	0	48.024	0	0	48.024	0	0	0	0	0	0	0	0	0	96.048	0	0	0	0	0	0	336.17	0	0	0	0	0	0	0	0	144.07	0	0	0	0	0	0	0	0	0	0	0	0	0	96.048	96.048	0	0	0	0	96.048	0	0	0	48.024	0	0	0	0	432.21	0	0	0	0	0	0	0	0	0	0	0	0	0	0	48.024	0	0	0	0	3409.7	0	0	0	0	0	0	0	48.024	0	0	0	0	0	432.21	672.33	0	0	0	0	0	0	0	0	48.024	1632.8	0	0	0	0	0	480.24	0	0	0	6099	0	192.1	528.26	0	0	144.07	0	0	48.024	0	0	0	96.048	0	0	0	0	0	0	336.17	0	0	0	0	48.024	0	0	0	0	0	0	0	144.07	0	0	0	0	0	0	0	48.024	0	0	0	0	0	0	0	0	0	0	0	0	0	0	0	0	0	0	0	0	0	0	0	0	0	0	0	0	0	0	0	0	0	0	0	0	0	0	0	0	192.1	0	48.024	0	96.048	0	0	0	0	0	0	0	3697.8	0	0	0	0	0	0	0	0	0	0	0	0	0	0	0	0	0	0	0	192.1	0	0	0	0	0	0	0	0	0	0	0	0	0	0	48.024	0	0	0	0	0	0	0	0	0	0	48.024	0	0	0	0	0	0	0	0	0	0	48.024	0	0	0	0	0	816.41	0	0	0	0	48.024	0	4754.4	96.048	432.21	912.45	0	432.21	432.21	624.31	96.048	0	192.1	576.29	192.1	48.024	288.14	96.048	432.21	0	672.33	96.048	192.1	0	0	0	0	672.33	0	0	1344.7	528.26	0	7635.8	0	0	0	144.07	0	0	0	1440.7	96.048	0	0	144.07	288.14	48.024	0	0	0
L130_E04	TH	0	0	0	0	0	0	0	0	0	253.19	0	0	0	0	0	0	675.16	0	0	0	337.58	0	84.395	0	0	0	0	0	0	0	0	0	337.58	0	0	0	253.19	0	0	1941.1	0	0	0	0	0	0	84.395	1687.9	253.19	84.395	0	0	0	0	0	84.395	0	0	253.19	0	0	0	0	337.58	0	0	0	0	337.58	0	0	0	168.79	0	0	0	0	0	0	0	253.19	253.19	337.58	0	253.19	421.98	0	0	0	0	0	84.395	421.98	0	0	0	0	0	0	0	0	0	0	0	0	0	0	0	0	0	0	0	0	253.19	0	0	0	0	168.79	0	0	0	0	0	0	0	0	0	0	0	0	84.395	0	0	0	0	0	0	0	253.19	0	0	0	0	0	0	0	0	0	0	0	0	0	0	0	253.19	0	0	0	0	0	0	0	0	0	0	0	0	168.79	0	168.79	0	0	0	0	0	0	0	0	0	0	0	0	0	506.37	0	0	0	0	0	0	0	0	0	0	0	84.395	0	0	0	0	84.395	0	0	1687.9	0	0	0	0	0	0	0	253.19	0	0	0	0	0	253.19	168.79	0	0	0	0	0	0	0	0	84.395	253.19	0	0	0	0	0	843.95	0	0	337.58	11562	0	0	168.79	0	0	168.79	84.395	0	0	0	0	0	0	0	0	0	0	0	0	421.98	0	0	0	0	421.98	0	168.79	0	0	0	0	0	84.395	0	0	0	0	0	0	0	0	0	0	0	0	0	0	0	0	0	0	0	0	0	0	0	0	0	0	0	0	0	0	0	0	0	0	0	0	0	84.395	0	0	0	0	0	0	0	0	0	0	84.395	0	337.58	0	84.395	0	253.19	0	0	0	0	0	1181.5	0	0	0	0	0	0	0	0	0	0	0	0	0	0	0	0	0	0	0	506.37	0	0	0	0	0	0	0	0	0	0	0	0	0	0	506.37	0	0	0	0	0	0	0	0	0	0	0	0	0	0	0	0	0	0	0	0	0	0	0	0	0	0	0	1012.7	0	0	0	168.79	0	0	3038.2	0	421.98	590.77	0	84.395	506.37	0	253.19	0	0	1350.3	0	0	0	168.79	0	0	0	0	0	0	0	168.79	0	168.79	0	0	1519.1	0	0	7680	0	84.395	0	0	0	0	0	2785.1	0	0	0	421.98	168.79	84.395	0	0	0
L130_B05	TH	0	0	0	0	0	0	0	0	0	0	136.55	0	0	0	0	0	477.91	0	0	68.273	0	0	0	0	0	0	0	0	68.273	0	0	136.55	273.09	0	204.82	0	68.273	0	68.273	1297.2	0	0	0	0	0	136.55	68.273	546.19	409.64	0	0	0	0	0	0	68.273	409.64	0	136.55	0	0	0	0	273.09	0	0	0	0	204.82	0	0	273.09	68.273	68.273	0	0	0	0	0	0	0	0	1228.9	0	0	136.55	0	0	0	0	0	0	0	0	0	0	0	0	0	0	0	0	0	0	0	0	0	0	0	68.273	0	0	0	0	0	0	0	614.46	136.55	0	273.09	0	0	0	0	0	0	0	0	0	0	0	0	0	0	0	68.273	0	0	1228.9	0	0	0	0	0	0	136.55	0	0	0	0	0	0	0	0	68.273	0	0	0	0	0	0	0	0	0	0	0	0	0	2184.8	0	0	68.273	0	0	0	0	0	0	0	0	0	0	0	0	0	0	0	0	0	0	409.64	0	0	0	0	0	0	0	0	204.82	0	136.55	0	2799.2	0	0	0	0	0	0	0	68.273	0	0	0	0	0	0	1092.4	0	0	0	0	0	0	0	0	0	204.82	68.273	0	0	0	0	0	0	0	68.273	13791	0	273.09	1092.4	0	0	68.273	0	0	273.09	0	0	0	68.273	0	0	0	0	0	0	0	0	0	0	0	0	0	0	0	0	0	0	0	68.273	0	0	0	0	0	0	0	0	0	0	0	0	0	0	0	0	0	0	0	0	0	0	0	0	0	0	0	0	0	0	0	0	0	0	0	0	0	68.273	0	0	0	0	0	0	0	0	0	0	68.273	0	0	0	68.273	0	0	0	0	0	0	0	273.09	0	0	0	0	0	0	0	68.273	0	0	0	0	0	0	0	0	0	0	0	0	0	0	0	0	0	0	0	0	0	0	0	0	0	0	68.273	0	0	0	0	0	0	0	0	0	0	0	0	0	0	0	0	0	0	0	0	0	0	0	0	0	0	0	955.83	0	0	0	0	0	0	1024.1	341.37	614.46	204.82	0	68.273	409.64	0	0	0	0	546.19	0	136.55	0	682.73	68.273	0	0	409.64	0	0	0	0	0	68.273	0	0	751.01	68.273	0	6827.3	136.55	0	0	273.09	68.273	0	0	2867.5	0	0	0	273.09	68.273	68.273	0	0	0
L130_C05	TH	0	0	0	0	0	69.759	0	0	0	0	69.759	0	0	0	0	0	348.8	0	0	0	279.04	0	0	0	0	0	0	69.759	209.28	0	0	69.759	0	279.04	0	0	69.759	0	348.8	5022.7	0	0	0	0	69.759	0	348.8	1185.9	627.83	0	0	0	0	0	209.28	69.759	348.8	69.759	279.04	0	0	0	0	209.28	0	0	139.52	69.759	69.759	0	0	209.28	1046.4	0	0	0	0	0	0	0	0	627.83	976.63	0	279.04	0	0	0	0	0	0	0	0	0	0	0	0	0	0	0	0	0	0	0	0	0	69.759	0	69.759	0	0	0	0	0	0	0	0	0	0	0	279.04	0	0	69.759	0	0	0	0	0	0	0	0	0	0	209.28	0	0	0	0	1534.7	0	0	0	0	0	0	0	0	0	0	0	0	0	0	0	139.52	0	0	0	0	0	0	0	69.759	0	0	0	0	976.63	697.59	0	0	0	0	0	0	0	0	0	0	0	0	0	0	209.28	0	0	0	0	0	0	0	0	0	0	0	0	0	0	139.52	0	0	0	0	3139.2	0	0	0	0	0	0	0	0	0	0	0	0	2511.3	69.759	0	0	0	0	0	0	0	0	0	0	0	0	0	0	0	0	0	0	0	0	26788	0	0	488.32	0	0	279.04	0	0	0	0	0	0	69.759	0	0	0	0	0	0	279.04	0	0	0	0	0	0	0	0	0	0	0	0	139.52	0	0	0	0	0	0	0	0	0	0	0	0	0	0	0	0	0	0	0	0	0	0	0	0	0	0	0	0	0	0	0	0	0	0	0	0	0	0	0	0	0	0	0	0	0	0	0	0	0	0	139.52	0	0	0	0	0	0	0	0	139.52	13882	0	0	0	0	0	0	0	0	0	0	0	0	0	0	0	0	0	0	0	139.52	0	0	0	0	0	0	0	0	69.759	209.28	0	0	0	0	209.28	0	0	0	0	0	0	0	0	0	0	0	0	0	0	0	0	0	0	0	0	0	0	0	0	0	0	0	348.8	0	0	0	0	0	0	9557	0	837.11	139.52	69.759	69.759	627.83	0	69.759	0	558.08	69.759	139.52	0	0	1813.7	0	0	69.759	0	139.52	0	69.759	209.28	0	69.759	0	0	1185.9	0	69.759	10743	0	0	0	0	0	0	0	1464.9	0	0	0	1046.4	2023	209.28	0	0	0
L130_E05	TH	0	0	0	0	0	1642.7	0	0	0	0	0	0	0	0	0	0	205.34	0	0	0	0	410.68	0	0	0	0	0	0	0	616.02	0	0	0	0	0	0	0	0	0	2464.1	0	0	0	0	0	0	205.34	0	0	0	0	0	0	0	0	0	205.34	0	0	0	0	0	0	1437.4	0	0	205.34	0	821.35	0	0	0	205.34	0	0	0	205.34	205.34	0	0	0	0	0	0	0	0	0	0	0	0	0	0	205.34	0	0	0	0	0	0	0	0	0	0	0	0	0	0	0	0	0	0	0	0	0	410.68	0	0	0	0	0	0	0	0	0	0	0	0	0	0	0	0	0	0	0	0	0	0	0	0	0	0	0	0	0	0	0	0	0	0	0	0	0	0	0	0	0	0	0	0	0	0	0	0	0	0	0	0	0	0	0	0	0	0	0	0	0	0	0	0	410.68	0	0	0	0	0	0	0	0	0	0	0	0	0	0	0	0	0	0	0	0	0	0	0	0	616.02	0	0	0	0	0	0	0	0	0	0	0	0	0	0	0	0	0	0	0	0	0	0	0	0	0	0	0	0	0	0	205.34	0	0	0	616.02	0	0	0	0	0	205.34	0	0	0	0	0	0	0	0	0	0	0	0	0	0	0	0	0	0	0	0	0	0	0	0	0	0	0	0	0	0	0	0	0	0	0	0	0	0	0	0	0	0	0	0	0	0	0	0	0	0	0	0	0	0	0	0	0	0	0	0	0	0	0	0	0	0	0	0	0	0	0	0	0	0	0	0	0	205.34	0	205.34	0	0	0	0	0	0	0	1026.7	0	0	0	0	0	0	0	0	0	0	0	0	0	0	0	0	0	0	0	0	0	0	0	0	0	0	0	0	0	0	0	0	0	0	0	0	0	0	0	0	0	0	0	0	0	0	0	0	0	0	0	0	0	0	0	0	0	0	0	0	0	0	1848.1	0	0	0	0	0	0	1026.7	0	1026.7	205.34	205.34	205.34	0	0	0	0	0	205.34	0	0	0	0	205.34	0	0	0	0	0	0	205.34	0	205.34	0	0	1848.1	1026.7	0	7186.9	0	0	0	410.68	0	0	0	0	0	0	0	0	410.68	0	0	0	0
L130_F05	TH	0	0	0	0	0	0	0	199.24	0	0	0	0	498.11	0	0	0	697.35	0	0	0	0	0	0	0	0	0	0	0	99.621	0	0	99.621	0	199.24	0	0	99.621	99.621	298.86	3387.1	0	0	0	0	0	0	0	597.73	298.86	0	0	0	0	0	0	0	298.86	0	99.621	0	0	0	0	498.11	99.621	0	0	0	498.11	0	0	996.21	0	0	0	0	0	99.621	0	0	199.24	0	199.24	0	99.621	99.621	0	0	99.621	0	0	0	0	0	0	0	0	0	0	0	99.621	896.59	0	0	0	0	0	0	0	3686	0	0	0	0	398.49	0	0	0	0	0	199.24	0	0	99.621	0	0	0	0	0	0	0	0	0	0	0	0	0	0	99.621	0	0	0	0	0	0	0	0	99.621	0	99.621	99.621	0	0	0	0	199.24	0	0	0	0	0	0	0	498.11	0	99.621	0	0	398.49	0	398.49	0	99.621	0	0	0	0	0	0	0	0	0	0	0	1295.1	0	0	0	0	0	0	0	0	0	0	0	0	0	0	199.24	0	0	0	0	1394.7	0	0	0	0	0	0	0	0	0	0	0	0	0	0	0	0	0	0	0	0	0	0	0	0	896.59	0	0	0	0	0	99.621	0	0	0	5977.3	0	0	796.97	0	0	0	0	0	0	0	0	0	0	0	0	0	0	0	0	0	0	0	0	0	0	199.24	0	0	99.621	0	0	0	0	0	0	0	0	0	0	0	0	0	0	0	0	0	0	0	0	0	0	0	0	0	0	0	0	0	0	0	0	0	0	0	0	0	0	0	0	0	199.24	0	0	0	0	0	0	0	0	0	0	199.24	0	0	0	298.86	0	0	0	0	0	0	0	3686	0	0	0	0	0	0	0	0	0	0	0	0	0	0	0	0	0	0	0	0	0	0	0	0	0	0	0	0	0	0	0	0	0	0	0	0	0	0	0	0	0	0	0	0	0	0	0	0	0	0	0	0	0	0	0	0	0	0	0	0	0	0	1095.8	0	0	0	0	0	0	2689.8	0	796.97	298.86	99.621	498.11	199.24	0	99.621	0	0	199.24	99.621	0	0	298.86	0	0	0	298.86	0	0	99.621	0	0	298.86	0	0	896.59	0	0	8268.6	0	0	0	298.86	0	0	0	7870.1	0	0	0	398.49	0	0	0	0	0
L130_G05	TH	0	0	0	0	0	628.08	0	0	0	0	0	0	0	0	0	0	523.4	0	0	104.68	0	0	0	0	0	0	0	0	0	0	0	523.4	0	0	0	0	0	0	0	2512.3	0	0	0	0	0	0	209.36	1779.6	1360.8	0	0	0	0	0	104.68	0	3140.4	523.4	314.04	0	0	0	0	942.11	104.68	0	209.36	0	1360.8	0	0	0	0	0	0	0	0	418.72	0	0	0	209.36	418.72	0	0	104.68	0	0	209.36	0	0	0	209.36	0	0	0	0	0	0	0	0	0	0	0	0	104.68	0	0	0	1884.2	0	0	0	104.68	0	0	0	104.68	0	314.04	0	314.04	0	0	0	0	0	0	0	104.68	0	1151.5	0	0	0	0	0	0	0	0	0	0	0	0	0	0	0	0	0	0	0	0	0	0	0	0	0	0	0	0	0	0	104.68	0	0	0	0	0	0	209.36	209.36	0	0	0	0	0	0	0	0	0	0	0	0	0	0	0	0	0	0	0	0	0	0	0	0	0	0	0	0	104.68	0	0	0	0	1884.2	0	0	0	0	0	0	0	0	209.36	0	0	0	732.75	0	104.68	0	0	0	0	0	0	0	0	0	209.36	0	0	0	0	0	104.68	0	0	0	3663.8	0	0	628.08	0	0	3977.8	0	0	104.68	0	0	0	104.68	0	0	0	0	0	0	732.75	0	0	0	0	0	0	0	0	0	0	0	0	0	0	0	0	0	0	0	209.36	0	0	0	0	0	0	0	0	0	0	0	0	0	0	0	0	0	0	0	104.68	0	0	0	0	0	0	0	0	0	0	104.68	0	0	0	0	0	0	0	0	0	0	0	0	0	0	0	0	0	0	0	0	0	0	1465.5	0	0	0	0	0	0	0	0	0	0	0	0	0	0	0	0	0	0	0	0	0	0	0	0	0	0	0	0	0	0	0	0	0	0	0	104.68	0	0	0	0	0	0	0	0	0	0	0	0	0	0	0	0	0	0	0	0	0	0	0	0	0	0	314.04	0	0	0	418.72	0	0	6699.5	418.72	628.08	523.4	104.68	732.75	209.36	0	0	0	104.68	1465.5	0	0	0	0	104.68	0	0	104.68	0	0	0	0	0	418.72	104.68	0	1674.9	0	0	9944.5	0	0	0	104.68	0	0	0	732.75	0	0	0	523.4	418.72	314.04	0	0	0
L130_H05	TH	0	0	0	0	0	0	0	88.645	0	0	1063.7	0	88.645	0	0	0	531.87	0	0	0	0	0	0	0	0	0	0	177.29	0	0	0	443.22	531.87	0	0	265.93	0	177.29	88.645	1152.4	0	0	0	0	0	88.645	88.645	1063.7	177.29	0	0	265.93	0	0	88.645	0	265.93	0	0	88.645	0	0	0	1152.4	88.645	0	0	0	1152.4	0	0	0	531.87	0	0	0	88.645	177.29	0	0	177.29	177.29	265.93	0	797.8	88.645	0	0	0	0	0	0	975.09	0	0	0	0	0	0	0	0	0	0	0	0	0	0	0	0	0	0	0	0	0	0	0	0	0	0	0	354.58	0	0	0	0	0	0	0	0	88.645	0	0	0	0	0	0	0	0	0	0	0	0	0	0	0	0	0	0	0	0	0	0	0	0	0	177.29	0	0	0	0	0	0	0	0	0	0	0	0	0	88.645	177.29	0	0	0	0	0	0	0	0	0	0	0	0	0	177.29	0	0	0	0	0	0	0	0	0	0	0	0	0	0	0	0	0	88.645	0	2393.4	0	0	0	0	0	0	0	0	0	0	0	0	0	0	354.58	0	0	0	0	0	0	0	0	0	88.645	1507	0	0	0	0	177.29	0	0	0	9130.4	0	88.645	1329.7	0	0	0	0	0	0	0	0	0	2304.8	0	0	0	0	0	0	354.58	0	0	0	0	443.22	0	0	0	0	0	0	0	0	0	0	0	0	0	0	0	0	0	0	0	0	0	0	0	0	0	0	0	0	0	0	0	0	0	0	0	0	0	0	0	0	0	0	0	0	0	0	0	0	0	0	0	0	0	0	0	0	177.29	0	88.645	0	0	0	0	0	0	0	0	0	2216.1	0	0	0	0	0	0	0	0	0	0	0	0	0	0	0	0	0	0	0	88.645	0	0	0	0	0	0	0	0	0	0	0	0	0	0	0	0	0	0	0	0	0	0	0	0	0	0	0	0	354.58	0	0	0	0	0	0	0	0	0	0	531.87	0	0	531.87	0	0	0	0	177.29	0	8421.2	0	88.645	88.645	0	620.51	88.645	0	0	0	0	265.93	177.29	0	0	886.45	0	0	88.645	0	0	0	0	0	0	177.29	0	0	1418.3	88.645	0	8687.2	0	0	0	0	177.29	0	0	1950.2	0	0	0	1329.7	265.93	0	0	0	0
L130_A06	TH	0	0	0	0	0	461.02	0	102.45	0	0	204.9	0	0	0	0	0	409.79	0	0	0	461.02	0	0	102.45	0	0	0	0	102.45	358.57	0	307.35	102.45	0	102.45	0	102.45	51.224	256.12	1844.1	0	0	0	0	51.224	0	409.79	512.24	922.04	0	0	0	0	0	153.67	0	51.224	153.67	256.12	102.45	0	51.224	0	461.02	0	0	51.224	51.224	102.45	0	0	51.224	819.59	0	51.224	0	51.224	0	0	0	0	153.67	307.35	0	973.26	204.9	0	0	51.224	0	0	0	0	0	0	0	0	0	0	51.224	0	51.224	0	0	0	51.224	0	0	0	204.9	0	0	0	51.224	153.67	0	0	51.224	0	0	665.91	102.45	0	0	0	0	0	0	0	153.67	51.224	0	0	0	102.45	0	0	0	0	0	0	0	0	0	0	51.224	102.45	0	0	51.224	0	0	0	0	0	0	0	0	0	0	0	0	0	0	51.224	0	0	0	102.45	461.02	51.224	0	0	0	0	0	0	0	0	0	0	0	0	0	51.224	0	0	0	0	0	0	0	0	0	0	0	0	0	0	51.224	0	0	0	0	870.81	0	0	0	0	0	0	0	51.224	0	0	0	0	0	102.45	0	0	0	0	0	0	0	0	0	102.45	358.57	0	0	0	51.224	0	256.12	0	0	0	768.36	0	153.67	2202.6	0	0	0	0	0	0	0	0	0	51.224	0	0	0	0	0	0	51.224	0	0	0	0	358.57	0	0	0	0	0	0	0	0	0	0	0	0	51.224	0	0	0	0	0	0	0	0	0	0	0	358.57	0	0	0	0	0	0	0	0	0	51.224	0	0	0	0	0	0	0	0	0	0	0	0	0	0	0	0	0	0	0	0	0	51.224	0	0	0	0	0	0	0	0	0	0	51.224	4712.6	0	0	0	0	0	0	0	0	0	0	0	0	0	0	0	0	0	0	0	204.9	0	0	0	0	102.45	0	0	0	0	0	0	0	0	0	0	0	0	0	0	0	0	51.224	0	0	0	0	0	0	0	0	0	0	0	0	0	0	0	0	0	0	0	0	922.04	0	0	0	0	0	0	102.45	102.45	614.69	358.57	204.9	0	614.69	0	51.224	0	102.45	409.79	102.45	102.45	0	0	0	0	307.35	102.45	0	51.224	0	102.45	0	204.9	51.224	0	1280.6	204.9	0	7939.8	51.224	0	0	768.36	0	0	0	2510	0	0	0	153.67	102.45	102.45	0	0	0
L130_D06	TH	0	0	0	0	0	0	0	0	0	0	0	0	0	0	0	0	249.96	0	0	0	166.64	0	0	0	0	0	0	0	0	249.96	0	0	166.64	166.64	0	0	0	166.64	0	2332.9	0	0	0	0	0	0	0	1416.4	249.96	0	0	0	0	0	0	0	0	83.319	166.64	0	0	166.64	0	416.6	0	0	83.319	166.64	166.64	0	0	83.319	416.6	0	0	0	0	83.319	0	0	0	0	583.24	0	83.319	416.6	0	0	0	0	0	0	0	0	0	0	0	0	0	0	0	0	0	0	0	0	0	0	0	0	0	0	0	0	0	0	83.319	0	333.28	0	83.319	0	0	0	0	0	0	0	0	0	0	0	0	0	166.64	0	0	0	166.64	666.56	0	0	249.96	0	0	0	249.96	0	0	0	0	0	0	0	0	333.28	0	0	0	0	0	0	0	0	166.64	0	0	0	0	249.96	83.319	0	0	0	0	0	0	0	0	0	0	0	0	0	0	0	0	166.64	0	0	0	249.96	0	0	0	0	0	0	0	0	0	0	0	0	3082.8	0	0	0	0	0	0	0	0	0	0	0	0	333.28	416.6	2416.3	0	0	0	0	0	0	0	0	0	166.64	0	0	0	0	0	83.319	0	0	0	11248	0	166.64	499.92	0	0	83.319	0	0	0	0	0	0	0	0	0	166.64	0	0	0	0	0	0	0	0	0	0	0	0	0	0	0	0	0	0	2332.9	0	0	0	0	0	0	0	0	0	0	0	0	0	0	0	0	0	0	0	0	0	0	0	0	0	0	0	0	0	0	0	0	0	0	0	416.6	0	0	0	0	0	0	0	0	0	0	83.319	0	249.96	0	83.319	0	0	0	0	0	0	0	3082.8	0	0	0	0	0	0	0	0	0	0	0	0	0	0	0	0	0	0	0	0	0	0	0	0	0	0	0	0	0	0	0	0	0	0	0	0	0	0	0	0	83.319	0	0	0	0	0	0	0	0	0	0	0	0	0	0	0	0	0	0	0	0	0	916.51	0	0	0	0	0	0	2916.2	0	833.19	499.92	0	0	416.6	499.92	0	0	0	416.6	0	0	0	0	0	0	0	249.96	0	0	0	499.92	0	416.6	0	0	2166.3	999.83	0	7082.1	0	0	0	166.64	0	0	0	1833	0	0	0	333.28	166.64	83.319	0	0	0
L130_A07	TH	0	0	0	0	0	0	0	87.835	0	0	0	0	0	0	0	0	0	0	0	0	0	0	87.835	0	0	0	0	0	0	0	0	175.67	87.835	0	0	0	0	0	87.835	6763.3	0	0	0	0	87.835	87.835	87.835	790.51	790.51	0	0	0	0	0	175.67	0	263.51	2635.1	87.835	263.51	0	87.835	0	1317.5	0	0	0	0	263.51	0	0	0	175.67	87.835	0	175.67	87.835	0	0	0	0	87.835	790.51	0	87.835	439.17	0	0	0	0	0	0	87.835	0	0	0	0	0	0	0	0	0	0	0	0	0	0	0	0	175.67	0	0	0	175.67	0	0	0	87.835	0	0	87.835	0	0	0	0	0	0	0	0	87.835	0	87.835	0	0	0	0	87.835	0	0	175.67	0	0	0	0	0	0	0	0	0	0	87.835	0	0	0	0	87.835	0	0	0	0	0	0	0	0	175.67	0	0	0	0	0	87.835	0	0	0	0	0	0	0	0	0	0	87.835	0	0	0	87.835	0	0	0	0	0	0	0	0	0	0	0	0	0	0	0	0	0	0	2020.2	0	0	0	0	0	0	0	0	0	0	0	0	0	0	878.35	0	0	0	0	0	0	0	0	0	175.67	0	0	0	0	0	87.835	0	0	0	21080	0	0	4743.1	0	0	175.67	0	0	0	0	0	0	0	0	0	0	0	0	0	87.835	0	0	0	0	0	0	0	0	0	87.835	0	0	0	0	0	0	0	0	0	0	0	0	0	0	0	0	0	0	0	0	0	0	0	0	0	0	0	0	0	0	0	0	0	0	0	0	0	0	0	0	0	0	0	0	87.835	0	0	0	0	0	0	87.835	0	0	0	0	0	0	0	0	0	0	0	5621.4	0	0	0	0	0	0	0	0	0	0	0	0	0	0	0	0	0	0	0	0	0	0	0	0	0	0	0	0	0	0	0	0	0	0	0	0	0	0	0	0	0	0	0	0	0	0	0	0	87.835	0	0	0	0	0	0	0	0	0	0	0	0	0	175.67	0	0	0	0	0	0	0	0	790.51	614.84	0	0	527.01	0	0	87.835	175.67	702.68	87.835	0	0	0	0	0	0	0	1054	0	0	0	0	0	87.835	87.835	175.67	263.51	0	7378.1	0	0	0	0	87.835	0	0	1493.2	702.68	0	0	175.67	175.67	263.51	0	0	0
L130_F07	TH	0	0	0	0	0	0	0	284.9	0	0	142.45	0	0	0	0	0	0	0	0	0	0	0	0	0	0	0	0	0	0	0	0	0	142.45	0	0	0	0	0	0	4273.5	0	0	0	0	142.45	0	569.8	712.25	142.45	0	0	0	142.45	0	0	0	569.8	0	427.35	0	0	0	0	427.35	0	0	0	142.45	1709.4	0	0	0	997.15	0	0	0	0	0	0	0	0	0	0	0	569.8	284.9	0	0	0	0	0	0	0	0	0	0	0	0	0	0	0	0	0	0	0	0	0	0	0	0	0	0	0	0	0	0	0	0	1282.1	0	0	0	0	0	0	0	0	0	0	142.45	0	0	0	0	0	0	0	0	0	0	0	0	0	0	0	0	0	0	0	0	0	0	0	0	0	0	0	0	0	0	0	0	0	0	0	0	0	0	142.45	0	0	0	0	0	0	0	0	0	0	0	0	0	0	0	0	0	0	0	0	0	0	0	0	0	0	0	0	0	0	0	0	0	0	0	3418.8	0	0	0	0	0	0	0	0	0	0	0	0	0	0	0	0	0	0	0	0	0	0	0	142.45	854.7	0	0	0	0	0	284.9	0	0	0	25499	0	427.35	569.8	0	0	0	0	0	0	0	0	0	142.45	0	0	0	0	0	0	142.45	0	0	0	0	0	0	0	0	0	284.9	0	0	0	0	0	0	0	0	0	0	0	0	0	0	0	0	0	0	0	0	0	0	0	0	0	0	0	0	0	0	0	0	0	0	0	0	0	0	0	0	0	0	0	0	0	0	0	0	0	0	0	142.45	0	0	0	427.35	0	0	0	0	0	0	0	0	0	0	0	0	0	0	0	0	0	0	0	0	0	0	0	0	0	0	0	0	0	0	0	0	0	0	0	0	0	0	0	0	0	0	0	0	0	0	0	0	0	0	0	0	0	0	0	0	0	0	0	0	0	0	0	0	0	0	0	0	0	0	284.9	0	0	0	0	0	0	0	0	854.7	142.45	2136.8	0	284.9	0	0	0	0	427.35	712.25	0	0	142.45	284.9	0	0	142.45	0	0	0	142.45	0	569.8	142.45	0	427.35	142.45	0	10541	0	0	0	0	0	0	0	1566.9	0	0	0	0	0	284.9	0	0	0
L130_E08	TH	0	0	0	0	0	0	0	0	0	0	0	0	0	58.882	0	0	706.59	0	0	0	0	0	117.76	588.82	0	0	0	0	58.882	176.65	0	294.41	117.76	0	58.882	0	0	58.882	0	4416.2	0	0	0	0	0	0	294.41	235.53	294.41	0	0	0	0	0	58.882	0	1530.9	176.65	0	235.53	0	0	0	1059.9	0	0	824.35	0	883.24	0	0	176.65	647.71	0	0	412.18	117.76	176.65	0	0	58.882	471.06	353.29	0	176.65	58.882	0	0	824.35	0	0	58.882	0	0	0	0	0	0	0	0	58.882	117.76	0	0	0	0	0	0	0	176.65	0	0	0	0	0	0	58.882	0	0	117.76	471.06	0	0	0	0	0	0	0	0	58.882	58.882	0	0	0	0	0	0	0	58.882	58.882	117.76	0	0	0	0	0	0	0	0	0	0	0	0	0	0	176.65	0	0	0	0	0	0	58.882	0	0	0	0	0	883.24	117.76	412.18	0	0	0	0	0	0	0	0	0	0	0	0	0	0	0	0	0	0	58.882	0	0	0	0	0	0	0	0	0	0	0	0	117.76	0	1825.3	0	0	0	0	0	176.65	0	0	0	0	58.882	0	176.65	353.29	353.29	0	0	0	0	0	0	0	0	235.53	235.53	0	0	0	0	0	1118.8	0	0	58.882	14721	0	176.65	58.882	0	0	2649.7	0	0	0	0	0	0	58.882	0	0	0	0	0	0	942.12	0	0	0	0	0	0	0	0	0	0	0	0	0	0	0	0	0	0	0	0	0	0	0	0	0	0	0	0	0	0	0	0	0	0	0	0	0	0	0	0	0	0	0	0	0	0	0	0	0	0	117.76	0	0	0	0	0	0	0	0	0	0	0	0	0	0	117.76	0	58.882	0	0	0	0	0	1059.9	0	0	0	0	0	0	0	0	0	0	0	0	0	0	0	0	0	0	0	0	0	0	0	0	0	0	0	0	58.882	0	0	0	0	0	58.882	0	0	0	0	0	0	0	0	0	0	0	0	0	58.882	0	0	0	0	0	0	0	0	0	0	0	0	0	1177.7	0	0	0	0	0	0	8891.2	58.882	353.29	412.18	0	0	529.94	0	176.65	58.882	235.53	647.71	706.59	0	0	117.76	0	0	0	176.65	117.76	0	0	0	0	235.53	117.76	0	765.47	529.94	0	6830.4	0	0	0	117.76	0	0	0	3709.6	0	0	117.76	117.76	176.65	412.18	0	0	0
L130_F08	TH	0	0	0	0	0	0	0	0	0	0	0	0	0	0	0	0	434.59	0	0	0	0	0	0	108.65	0	0	0	0	108.65	0	0	0	108.65	0	0	0	0	0	0	3042.2	0	0	0	0	0	0	0	543.24	325.95	0	0	0	0	0	0	325.95	1847	108.65	0	108.65	0	0	0	1086.5	108.65	0	0	0	1847	0	0	217.3	977.84	0	0	0	217.3	108.65	0	0	108.65	108.65	0	0	0	0	0	0	0	0	0	0	0	0	0	0	0	0	0	0	217.3	108.65	0	0	0	0	0	0	0	0	0	0	0	0	108.65	0	0	0	0	108.65	217.3	0	0	0	0	0	0	0	0	0	0	0	0	0	0	0	108.65	0	0	760.54	0	0	108.65	0	0	0	0	0	0	0	0	0	0	0	0	108.65	0	0	0	0	0	0	0	0	0	0	0	0	0	0	0	0	0	0	0	0	0	0	0	0	0	0	0	0	0	0	0	0	0	0	0	0	0	0	0	0	0	0	0	0	0	0	108.65	0	651.89	0	0	0	434.59	0	0	0	325.95	0	0	0	0	0	0	0	108.65	0	0	0	0	0	0	0	0	0	0	0	0	0	0	108.65	0	0	0	28792	0	0	760.54	0	0	0	0	0	0	0	0	0	0	0	0	0	0	0	0	651.89	0	0	0	0	0	0	0	0	0	217.3	0	0	108.65	0	0	0	0	0	0	0	0	0	0	0	0	0	0	0	0	0	0	0	0	0	0	0	0	0	0	0	0	0	0	0	0	0	0	0	0	0	0	0	0	0	0	0	0	0	0	0	0	0	0	0	0	0	0	0	0	0	0	0	0	0	0	0	0	108.65	0	0	0	0	0	0	0	0	0	0	0	0	0	0	0	0	0	0	0	0	0	0	0	0	0	0	0	0	0	0	0	0	0	0	0	0	0	0	0	0	0	0	0	0	0	0	0	0	0	0	0	0	0	0	0	0	0	0	325.95	0	0	0	108.65	0	0	18144	0	108.65	651.89	0	651.89	760.54	108.65	0	0	0	217.3	108.65	0	0	0	0	0	543.24	0	217.3	0	108.65	0	0	217.3	0	0	1195.1	217.3	0	7388.1	108.65	0	0	108.65	0	0	0	2281.6	0	0	0	651.89	108.65	0	0	0	0
L130_H08	TH	0	0	0	0	0	0	0	0	0	0	391.54	0	0	0	0	0	0	0	0	0	0	0	0	0	0	0	0	0	0	0	0	0	0	0	0	0	0	0	130.51	6003.6	0	0	0	0	0	0	522.06	1305.1	0	0	0	0	0	0	0	0	1827.2	0	0	0	0	0	0	130.51	0	0	0	0	130.51	0	0	0	130.51	130.51	0	0	0	0	0	0	130.51	0	652.57	0	0	130.51	0	0	130.51	0	0	0	0	0	0	0	0	0	0	0	0	391.54	0	0	0	0	0	0	0	0	0	0	0	130.51	0	0	130.51	0	0	0	261.03	0	0	0	0	0	0	0	0	0	0	0	0	0	0	0	0	0	0	522.06	0	0	0	0	0	0	0	0	0	0	0	0	0	0	0	0	0	0	0	0	0	0	0	0	0	0	0	0	783.09	0	0	0	0	0	0	0	0	0	0	0	0	0	0	0	652.57	0	0	0	0	0	0	130.51	0	0	0	0	0	0	0	130.51	0	0	0	0	2088.2	0	0	0	0	0	0	0	0	0	0	0	0	261.03	0	0	0	0	0	0	0	0	0	0	0	3262.9	261.03	0	0	0	0	0	0	0	0	20360	0	0	1174.6	130.51	0	0	0	0	0	0	0	0	0	0	0	0	0	0	0	130.51	0	0	0	0	0	0	130.51	0	0	0	0	0	913.6	0	130.51	0	0	0	0	0	0	0	0	0	0	0	0	0	0	0	0	0	0	0	0	0	0	0	130.51	130.51	0	0	0	0	0	0	0	0	0	0	0	0	0	0	0	0	0	0	0	0	0	0	0	0	0	261.03	0	0	0	0	0	0	0	130.51	0	0	0	0	0	0	0	0	0	0	0	0	0	0	0	0	0	0	0	0	0	0	0	0	0	0	0	0	0	0	0	0	0	0	0	0	0	0	0	0	0	0	0	0	0	0	0	0	0	0	0	0	0	0	0	0	0	0	0	0	0	130.51	261.03	0	0	0	0	0	0	3262.9	391.54	652.57	130.51	0	261.03	391.54	0	130.51	0	0	1174.6	522.06	0	0	0	130.51	0	0	261.03	261.03	0	130.51	0	0	783.09	0	0	1696.7	0	0	9266.5	0	0	0	0	0	0	0	261.03	0	0	0	391.54	0	0	0	0	0
L130_A09	TH	0	0	0	0	0	270.43	0	135.22	0	67.609	608.48	0	67.609	67.609	0	0	743.7	0	0	0	608.48	0	0	0	0	0	0	0	135.22	135.22	0	270.43	135.22	0	67.609	0	0	0	67.609	5408.7	0	0	0	0	0	0	135.22	1014.1	473.26	0	0	0	0	0	0	0	0	67.609	270.43	0	67.609	67.609	0	1622.6	0	67.609	0	67.609	202.83	0	0	0	67.609	0	0	0	135.22	67.609	0	0	202.83	0	338.04	0	135.22	405.65	0	0	0	0	0	0	67.609	0	0	0	0	0	0	0	0	0	0	0	0	0	540.87	0	0	0	0	0	0	0	0	0	473.26	0	67.609	0	338.04	946.52	0	0	0	0	0	0	0	0	0	0	0	0	135.22	0	67.609	0	0	608.48	0	0	0	0	0	0	0	0	0	0	0	0	0	0	0	67.609	0	0	0	0	0	0	0	0	0	0	0	0	135.22	540.87	0	0	0	0	0	0	0	0	0	0	0	0	0	0	67.609	0	0	0	0	0	0	0	0	0	0	0	0	0	0	0	0	0	0	0	1081.7	0	0	0	0	0	405.65	0	0	0	0	0	0	0	202.83	0	0	0	0	0	0	0	0	0	0	67.609	0	0	0	0	0	270.43	0	0	0	20147	0	202.83	1555	0	0	67.609	0	0	135.22	0	0	0	67.609	0	0	0	0	0	0	135.22	0	0	0	0	0	0	0	0	0	0	0	0	0	0	0	0	0	0	0	0	202.83	0	0	0	0	0	0	0	0	0	1893	0	0	0	0	0	0	0	0	0	0	0	0	0	0	0	0	0	0	0	0	0	0	0	0	0	0	0	0	0	0	135.22	0	202.83	0	0	0	270.43	0	0	0	0	0	18457	0	0	0	0	0	0	0	0	0	0	0	0	0	0	0	0	0	0	0	67.609	0	0	0	0	0	0	0	0	0	0	0	0	0	0	135.22	0	0	0	0	0	0	0	0	0	0	0	0	0	0	0	0	0	0	0	0	0	0	0	0	135.22	0	0	1487.4	0	0	0	67.609	0	0	3312.8	67.609	135.22	270.43	0	405.65	135.22	0	0	67.609	0	270.43	270.43	0	67.609	67.609	67.609	0	67.609	135.22	0	0	0	0	0	135.22	0	0	473.26	676.09	0	7504.6	0	0	0	0	0	202.83	0	1217	0	0	0	67.609	202.83	0	0	0	0
L130_C09	TH	0	0	0	0	0	0	0	102.3	0	0	102.3	0	0	0	0	0	102.3	0	0	0	0	0	0	0	0	0	0	0	102.3	0	0	511.51	102.3	0	0	0	0	0	0	5831.2	0	0	0	0	0	0	204.6	920.72	0	0	0	0	0	0	0	0	204.6	0	204.6	0	0	0	0	920.72	0	0	102.3	102.3	102.3	0	0	0	204.6	0	0	511.51	0	0	0	0	0	102.3	409.21	0	306.9	0	0	0	0	0	0	0	0	0	0	0	0	0	0	0	0	0	0	0	0	0	0	0	0	0	0	0	0	0	0	0	0	0	2455.2	0	818.41	0	0	0	0	0	0	0	102.3	0	0	0	0	0	0	0	0	0	102.3	613.81	0	0	102.3	0	0	0	204.6	0	0	0	0	0	0	0	0	102.3	0	0	0	0	0	0	0	0	306.9	0	0	0	102.3	0	0	0	0	0	0	0	0	0	0	0	0	0	0	0	0	0	0	0	0	0	0	0	0	0	0	0	0	0	0	0	0	0	0	0	102.3	0	0	0	0	0	0	0	0	0	0	102.3	0	0	409.21	204.6	0	0	0	0	0	0	0	0	0	409.21	0	0	0	0	0	409.21	0	0	0	8388.8	0	0	0	0	0	204.6	0	0	0	0	0	0	0	0	0	0	0	0	0	0	0	0	0	0	0	0	102.3	0	0	0	0	0	0	0	0	0	0	0	0	0	0	0	0	0	0	0	0	0	0	0	0	0	0	0	0	0	0	0	0	0	0	0	0	0	0	0	0	0	0	0	0	0	0	0	0	0	0	0	0	0	0	0	0	102.3	0	0	0	0	0	0	0	0	0	8184.1	0	0	0	0	0	0	0	0	0	0	0	0	0	0	0	0	0	0	0	0	0	0	0	0	0	0	0	0	0	0	0	0	0	0	0	0	0	0	0	0	0	0	0	0	0	0	0	0	0	0	0	0	0	0	0	0	0	0	0	0	0	0	1023	0	0	0	0	0	0	6035.8	0	102.3	409.21	0	0	102.3	102.3	0	102.3	0	1023	0	0	0	0	0	0	102.3	204.6	0	0	0	204.6	0	102.3	0	0	409.21	306.9	0	11253	0	0	0	0	0	0	0	2762.1	0	0	0	511.51	306.9	0	0	0	0
L130_H09	TH	0	0	0	117.66	0	0	0	0	0	0	0	0	0	0	0	0	1764.9	0	0	0	0	0	0	0	0	0	0	0	0	0	0	235.32	0	0	588.3	0	0	0	0	5059.4	0	0	0	0	0	0	117.66	470.64	588.3	0	0	0	0	0	0	0	1647.3	0	0	235.32	0	0	0	705.97	0	0	117.66	117.66	588.3	0	0	0	0	0	0	352.98	0	235.32	0	0	0	352.98	352.98	0	0	0	0	0	0	0	0	117.66	0	0	0	0	0	0	0	0	0	235.32	0	0	0	0	0	0	0	705.97	0	0	0	0	117.66	0	0	0	117.66	0	117.66	117.66	0	0	0	0	0	0	0	0	0	0	0	0	470.64	0	0	0	0	352.98	0	0	0	0	0	0	0	0	0	0	0	0	0	0	0	117.66	0	0	0	0	0	0	0	0	0	0	0	0	470.64	0	0	0	0	0	0	0	0	0	0	0	0	0	0	0	0	0	0	0	0	0	0	0	0	0	0	0	0	0	0	0	0	0	0	0	1058.9	0	0	0	0	0	117.66	0	0	0	0	0	0	705.97	235.32	0	0	0	0	0	0	0	0	0	352.98	823.63	0	0	0	0	0	117.66	0	0	0	15296	0	0	470.64	0	0	0	0	0	117.66	0	0	0	0	0	0	0	0	0	0	1647.3	0	0	0	0	0	352.98	0	0	0	0	0	0	0	0	0	0	0	0	0	0	117.66	0	117.66	0	0	0	0	0	0	0	0	0	0	0	0	0	0	0	0	0	0	0	0	0	0	0	0	0	0	0	0	0	0	0	0	0	0	0	0	0	0	117.66	0	0	0	0	0	0	0	0	0	0	0	3294.5	0	0	0	0	117.66	0	0	0	0	0	0	0	0	0	0	0	0	0	0	0	0	0	0	0	0	0	0	0	0	0	0	0	0	0	0	0	0	0	0	0	0	0	0	0	0	0	0	0	117.66	0	0	0	0	0	0	0	0	0	0	0	0	0	1176.6	0	0	0	0	0	0	7059.6	0	352.98	588.3	0	0	470.64	0	0	0	117.66	470.64	1058.9	1176.6	0	0	0	0	0	0	0	0	0	0	0	0	0	0	1058.9	235.32	0	9177.5	0	0	0	0	0	0	0	1294.3	0	0	0	235.32	0	352.98	0	0	0
L130_C10	TH	0	0	0	0	0	0	0	267.38	0	0	534.76	133.69	0	0	0	0	802.14	0	0	0	0	0	0	0	0	0	0	0	0	0	0	0	133.69	0	0	0	0	0	401.07	6283.4	0	0	0	0	0	0	802.14	935.83	133.69	0	0	0	0	0	267.38	0	0	0	401.07	0	0	0	0	935.83	0	0	267.38	0	1604.3	0	0	133.69	133.69	0	0	0	133.69	133.69	0	0	0	0	802.14	0	267.38	0	0	0	0	0	0	133.69	0	0	0	0	0	0	0	0	0	133.69	0	0	0	0	0	0	0	935.83	0	0	0	0	133.69	0	133.69	0	0	0	133.69	0	0	0	0	0	0	0	0	0	0	0	0	0	0	0	0	0	0	0	0	0	0	0	0	0	0	0	0	0	0	0	0	0	0	0	0	0	0	0	0	0	0	0	0	0	0	0	0	1604.3	0	0	0	0	0	0	0	0	0	0	0	0	0	0	0	0	0	0	0	0	0	0	0	0	0	0	0	0	0	0	0	0	0	0	1336.9	0	0	0	0	0	0	0	0	0	0	133.69	0	0	267.38	0	0	0	0	0	0	0	0	0	0	802.14	0	0	0	0	0	0	0	0	0	12032	0	0	2941.2	0	0	0	0	0	133.69	0	0	0	0	0	0	0	0	0	0	0	0	0	0	0	0	0	0	0	0	0	0	0	0	0	0	0	0	0	0	0	0	0	0	0	0	0	0	0	0	0	0	0	0	0	0	0	0	0	0	534.76	0	0	0	0	0	0	0	0	0	0	133.69	0	0	0	0	0	0	0	0	0	0	133.69	0	0	0	0	0	0	0	0	0	0	0	3074.9	0	0	0	0	0	0	0	0	0	0	0	0	0	0	0	0	0	0	0	267.38	0	0	0	0	0	0	0	0	0	0	0	0	0	0	0	0	0	0	0	0	0	0	0	0	0	0	0	0	0	0	0	0	0	0	0	0	0	0	0	0	0	0	401.07	0	0	0	0	0	0	267.38	534.76	133.69	0	133.69	0	133.69	0	0	267.38	267.38	668.45	0	0	0	133.69	0	0	0	0	0	0	0	0	0	0	0	133.69	3342.3	802.14	0	10829	0	0	0	0	133.69	0	0	534.76	0	0	0	534.76	0	133.69	0	0	0
L130_G10	TH	0	0	0	0	0	0	0	0	0	0	0	0	0	0	0	0	1421	0	0	0	710.48	0	0	0	0	0	0	0	0	1065.7	0	0	0	0	0	0	710.48	0	0	1065.7	0	0	0	0	0	0	710.48	1065.7	0	0	0	0	0	0	0	0	0	0	0	0	0	0	0	0	0	0	0	0	0	0	0	0	355.24	0	0	0	0	0	0	0	0	710.48	0	0	0	0	0	0	0	0	0	355.24	0	0	0	0	0	0	0	0	0	355.24	0	0	0	0	0	0	0	0	0	0	0	0	0	0	0	0	0	0	355.24	0	0	0	0	0	0	0	0	355.24	0	0	0	0	0	0	0	0	0	0	0	0	0	0	0	0	0	0	0	0	0	0	0	0	0	0	0	0	0	0	0	0	0	0	0	0	0	0	0	0	0	0	0	0	0	0	0	0	0	0	0	0	0	0	0	0	0	0	0	0	0	0	0	0	0	0	0	0	0	0	0	0	355.24	0	1421	0	0	0	0	0	0	0	0	0	0	0	0	0	0	0	0	0	0	0	0	0	0	0	0	0	0	0	0	0	0	0	0	0	0	11723	0	0	0	0	0	355.24	0	0	0	0	0	0	0	0	0	0	0	0	0	0	0	0	0	0	0	0	0	0	0	0	0	0	355.24	0	0	0	0	0	0	0	0	0	0	0	0	0	0	0	0	0	0	0	0	0	0	0	0	0	0	0	0	0	0	0	0	0	0	0	0	0	0	0	0	0	0	0	0	0	0	0	0	0	0	0	0	0	0	0	0	0	0	0	0	0	0	0	0	0	0	0	0	0	0	0	0	0	0	0	0	0	0	0	0	0	0	0	0	0	0	0	0	0	0	0	0	0	0	0	0	0	0	0	0	0	0	0	0	0	0	0	0	0	0	0	0	0	0	0	0	0	0	0	0	0	0	0	1065.7	0	0	0	0	0	0	1065.7	0	710.48	0	0	0	1065.7	0	0	0	710.48	1065.7	355.24	0	0	0	0	0	710.48	0	0	0	0	0	0	0	0	0	355.24	0	0	16696	0	0	0	0	0	0	0	0	0	0	0	355.24	0	0	0	0	0
L130_B11	TH	0	0	0	0	0	0	0	0	0	0	734.93	0	0	0	0	0	0	0	0	0	0	0	0	0	0	0	0	0	0	0	0	0	244.98	0	0	0	0	0	0	5389.5	0	0	0	0	0	0	1714.8	244.98	244.98	0	0	0	0	0	0	0	4899.6	0	0	0	0	0	0	734.93	0	0	0	0	489.96	0	0	0	0	0	0	0	0	0	0	0	0	0	244.98	0	734.93	0	0	0	0	0	0	0	0	0	0	0	0	0	0	0	0	0	0	0	0	0	0	0	0	0	0	0	0	0	0	0	0	0	0	0	0	0	0	0	0	0	0	0	0	0	0	0	0	0	0	0	0	0	0	0	0	0	0	0	0	0	0	0	0	0	0	0	0	0	0	734.93	0	0	244.98	0	0	0	489.96	0	0	0	0	0	0	0	734.93	0	0	0	0	0	0	0	0	0	0	0	0	0	0	0	0	0	0	0	0	0	0	0	0	0	0	0	0	0	0	0	0	0	734.93	0	0	0	0	0	0	0	244.98	0	0	0	0	0	0	734.93	0	0	0	0	0	0	0	0	0	0	0	0	0	0	0	489.96	0	0	0	9064.2	0	0	4164.6	0	0	0	0	0	0	0	0	0	0	0	0	0	0	0	0	0	0	0	0	0	0	0	0	0	0	0	0	0	0	0	0	0	0	0	0	0	0	0	0	0	0	0	0	0	0	0	0	0	0	0	0	0	0	0	0	489.96	0	0	0	0	0	0	0	0	0	0	0	0	0	0	0	0	0	0	0	0	0	0	0	0	0	0	0	0	0	0	0	0	0	0	0	0	0	0	0	0	0	0	0	0	0	0	0	0	0	0	0	0	0	0	0	0	0	0	0	0	0	0	0	0	0	0	0	0	0	0	0	0	0	0	0	0	0	0	0	0	0	0	0	0	0	0	0	0	0	0	0	0	0	0	0	0	1714.8	0	0	0	0	0	0	12984	979.91	0	1469.9	489.96	0	244.98	244.98	0	0	0	244.98	734.93	0	0	0	0	0	0	0	0	0	0	0	0	0	0	0	489.96	0	0	11024	0	0	244.98	244.98	0	0	0	4899.6	0	0	0	244.98	0	0	0	0	0
L130_H11	TH	0	0	0	0	0	0	0	0	0	0	0	0	0	0	0	0	817.59	0	0	0	999.27	0	0	0	0	0	0	0	90.843	0	0	0	363.37	0	0	0	0	181.69	181.69	2271.1	0	0	0	0	0	0	0	1090.1	272.53	0	0	0	0	0	0	0	272.53	0	0	0	90.843	0	0	635.9	0	0	0	0	0	0	0	0	181.69	0	0	454.21	90.843	0	0	0	0	0	817.59	0	0	0	0	0	0	0	0	0	0	0	0	0	0	0	0	0	0	90.843	0	0	0	0	0	0	0	181.69	0	0	0	0	0	0	0	0	90.843	0	0	0	0	181.69	0	0	0	0	0	0	0	0	0	0	0	0	0	0	0	0	0	0	0	0	0	0	0	0	0	0	0	0	0	90.843	0	0	0	0	0	0	0	0	0	0	0	0	0	0	545.06	545.06	0	0	0	0	0	0	0	0	0	0	0	0	0	0	0	0	0	0	0	0	0	0	0	0	0	0	0	0	0	0	0	0	0	0	1998.6	0	0	0	0	0	0	0	0	0	0	0	0	0	0	181.69	0	0	0	0	0	0	0	0	0	90.843	0	0	0	0	0	545.06	0	0	0	15080	0	181.69	726.74	0	0	0	0	0	0	0	0	0	181.69	0	0	0	0	0	0	0	0	0	0	0	0	0	0	0	0	0	0	0	0	0	0	0	0	0	0	0	0	0	0	0	0	0	0	0	0	0	0	0	0	0	0	0	0	0	0	0	0	0	0	0	0	0	0	0	0	0	0	0	0	0	0	0	0	0	0	0	0	181.69	0	0	0	0	0	0	0	0	0	0	0	0	0	0	0	0	0	0	0	0	0	0	0	0	0	0	0	0	0	0	0	90.843	0	0	0	0	0	0	0	0	0	0	0	0	0	0	0	0	0	0	0	0	0	0	0	0	0	0	0	0	0	0	0	0	0	0	0	0	0	0	0	0	0	0	363.37	0	0	0	90.843	0	0	7540	635.9	363.37	272.53	181.69	0	363.37	0	0	0	0	545.06	0	0	0	0	0	0	181.69	0	0	0	0	0	0	363.37	0	0	1181	90.843	0	7812.5	0	0	0	0	0	0	0	1181	0	0	0	454.21	90.843	90.843	0	0	0
L130_A12	TH	0	0	0	0	0	0	0	0	0	0	0	0	0	0	0	0	1258.8	0	0	0	0	0	125.88	0	0	0	0	0	0	0	0	0	251.76	0	377.64	0	0	0	0	1258.8	0	0	0	0	0	0	881.17	629.41	629.41	0	0	0	0	0	0	0	251.76	0	125.88	0	0	0	0	1258.8	0	0	125.88	0	125.88	0	0	0	251.76	0	0	0	0	0	0	0	251.76	0	125.88	0	0	629.41	0	0	0	0	0	0	125.88	0	0	0	0	0	0	0	0	503.52	0	0	0	0	0	0	0	0	0	0	0	0	0	0	0	0	0	251.76	251.76	0	0	0	0	0	0	0	0	0	0	125.88	0	0	0	0	0	0	0	0	0	0	0	0	0	0	0	0	0	0	0	0	0	0	0	251.76	0	0	0	0	0	0	0	0	0	0	0	0	251.76	125.88	0	0	0	0	0	0	0	0	0	125.88	0	0	0	0	0	0	0	0	0	0	0	0	0	0	0	0	0	0	0	0	0	0	0	0	1258.8	0	0	0	125.88	0	0	0	0	0	0	0	0	0	0	125.88	0	0	0	0	0	0	0	0	125.88	1132.9	0	0	0	0	0	251.76	0	0	0	15232	0	377.64	251.76	0	0	0	0	0	0	0	0	0	629.41	0	0	0	0	0	0	0	0	0	0	0	0	0	0	0	0	0	0	0	0	0	0	0	0	0	0	0	0	0	0	0	0	0	0	0	0	0	0	0	0	0	0	0	0	0	0	0	0	0	0	0	0	0	0	0	0	0	0	0	0	0	0	0	0	0	0	0	0	251.76	0	0	0	0	0	0	0	0	0	0	0	125.88	0	0	0	0	0	0	0	0	0	0	0	0	0	0	0	0	0	0	0	0	0	0	0	0	0	0	0	0	0	0	0	0	0	0	0	0	0	0	0	0	0	0	0	0	0	0	0	0	0	0	0	0	0	0	0	0	0	0	0	0	125.88	0	377.64	0	0	0	0	0	0	2517.6	503.52	1132.9	755.29	251.76	251.76	503.52	0	0	0	0	503.52	629.41	0	0	503.52	0	0	0	0	503.52	0	0	0	0	0	125.88	0	1132.9	0	0	11581	0	0	0	125.88	0	0	0	2140	0	125.88	0	377.64	251.76	629.41	0	0	0
L130_C12	TH	0	0	0	0	0	0	0	283.69	0	283.69	0	0	0	0	0	0	283.69	0	0	0	0	0	283.69	0	0	0	0	0	0	0	0	425.53	283.69	0	0	0	141.84	0	0	10355	0	0	0	0	141.84	0	425.53	567.38	141.84	0	0	0	0	0	141.84	0	0	0	0	0	283.69	0	0	2127.7	141.84	0	0	0	0	0	0	0	0	141.84	0	425.53	0	141.84	0	0	0	0	0	0	141.84	0	0	0	0	0	0	0	283.69	0	0	0	0	0	0	0	283.69	0	0	0	0	0	0	0	0	0	0	0	0	0	567.38	0	0	0	0	0	0	141.84	0	0	0	0	0	0	0	0	0	141.84	0	0	0	0	0	0	0	851.06	0	0	0	0	0	0	0	0	0	0	0	0	0	0	0	0	0	0	0	0	0	0	0	0	0	0	0	0	0	283.69	0	0	0	0	0	141.84	0	0	0	0	0	0	0	0	0	0	0	0	0	0	0	0	0	0	0	0	0	141.84	0	0	0	0	0	0	1418.4	0	0	0	0	0	0	0	0	283.69	0	0	0	0	141.84	0	0	0	0	0	0	0	0	0	0	141.84	0	0	0	0	0	141.84	0	0	0	27518	141.84	0	0	0	0	0	0	0	141.84	0	0	0	0	0	0	0	0	0	0	425.53	0	0	0	0	0	0	0	0	0	283.69	0	0	0	0	0	0	0	0	0	0	0	0	0	0	0	0	0	0	0	0	0	0	0	0	0	0	0	0	0	141.84	0	0	0	0	0	0	0	0	0	0	0	0	0	0	0	0	0	0	0	0	0	0	0	0	0	0	0	0	0	0	0	0	0	141.84	0	0	0	0	0	0	0	0	0	0	0	0	0	0	0	0	0	0	0	709.22	0	0	0	0	0	0	0	0	0	0	0	0	0	0	141.84	0	0	0	0	0	0	0	0	0	0	0	0	0	0	0	0	0	0	0	0	0	0	0	0	0	0	141.84	0	0	0	0	0	0	0	0	0	0	283.69	0	0	141.84	0	0	0	0	425.53	0	0	0	0	425.53	0	0	851.06	141.84	0	0	0	0	425.53	0	0	992.91	283.69	0	6666.7	0	0	141.84	0	141.84	0	567.38	851.06	0	0	0	141.84	141.84	0	0	0	0
L130_E12	TH	0	0	0	0	0	170.14	0	85.07	0	0	0	0	0	85.07	0	0	255.21	0	0	0	0	0	85.07	0	0	0	0	0	170.14	85.07	0	85.07	255.21	0	765.63	0	595.49	0	170.14	2807.3	0	0	0	0	0	0	425.35	850.7	595.49	0	0	0	0	0	170.14	0	170.14	0	255.21	0	0	0	0	935.77	0	0	0	0	170.14	85.07	170.14	0	1020.8	0	0	0	0	85.07	0	0	170.14	170.14	1020.8	0	85.07	85.07	0	0	0	0	0	85.07	0	0	0	0	0	0	0	0	0	340.28	0	0	0	0	85.07	0	0	340.28	0	0	0	0	85.07	0	85.07	0	0	85.07	0	0	0	0	0	0	0	0	0	0	0	85.07	0	0	85.07	0	0	0	0	850.7	0	0	0	170.14	0	0	0	0	0	0	0	0	0	0	0	0	0	0	0	0	0	0	0	0	0	0	0	85.07	85.07	170.14	85.07	0	0	0	0	0	0	0	0	0	0	0	0	0	0	0	0	0	0	85.07	0	85.07	0	0	0	0	0	0	0	0	0	0	0	0	1276.1	0	0	0	0	0	0	0	0	0	0	0	0	4934.1	255.21	85.07	0	0	0	0	0	85.07	0	0	680.56	595.49	85.07	0	0	0	0	255.21	0	0	0	9612.9	0	85.07	3572.9	0	0	0	0	0	0	0	0	0	0	0	0	0	0	0	0	0	0	0	0	0	0	0	0	0	0	0	0	0	85.07	0	0	0	0	0	0	0	0	0	0	0	0	0	0	0	0	0	0	0	0	0	0	0	0	0	340.28	0	0	0	0	0	0	0	0	0	0	0	85.07	0	0	0	0	0	0	0	0	0	0	0	0	0	0	0	0	0	0	0	0	0	0	85.07	0	0	0	0	0	0	0	0	0	0	0	0	0	0	0	0	0	0	0	0	0	0	0	0	0	0	0	0	0	0	0	0	0	0	0	0	0	0	0	0	0	0	0	0	0	0	0	0	0	0	0	0	0	0	0	0	0	0	0	0	0	0	680.56	0	0	0	0	0	0	1701.4	0	340.28	595.49	0	85.07	340.28	510.42	255.21	0	0	255.21	255.21	0	0	680.56	0	0	85.07	0	0	0	0	85.07	0	340.28	0	0	2977.5	255.21	0	9868.1	0	0	0	0	0	0	0	595.49	0	0	85.07	85.07	340.28	85.07	0	0	0
L130_F12	TH	0	0	0	0	116.25	0	0	0	0	0	232.5	0	0	0	0	0	0	0	116.25	0	0	0	0	0	0	0	0	0	0	0	0	116.25	0	0	116.25	0	232.5	0	0	9300.2	0	116.25	0	0	0	116.25	0	232.5	465.01	0	0	0	0	0	0	116.25	348.76	581.26	0	0	0	116.25	0	697.51	0	0	0	232.5	2790.1	0	0	348.76	1395	0	0	0	0	0	0	0	0	0	1511.3	0	232.5	0	0	0	0	0	0	0	116.25	0	0	0	0	0	0	0	232.5	116.25	0	0	0	116.25	0	0	0	465.01	0	0	116.25	0	116.25	0	0	0	0	0	465.01	1627.5	0	0	0	116.25	0	0	0	0	0	0	0	0	348.76	0	0	0	0	0	0	0	232.5	0	0	0	0	0	0	0	116.25	0	0	0	0	0	0	0	0	0	0	0	348.76	0	0	0	0	232.5	581.26	116.25	116.25	0	0	0	0	0	0	0	0	0	0	0	0	0	0	0	0	0	0	116.25	0	0	0	0	0	0	0	0	0	116.25	0	0	116.25	0	2441.3	0	0	0	0	0	0	0	232.5	0	0	0	0	0	116.25	116.25	0	0	0	0	0	0	0	0	348.76	232.5	0	0	0	0	0	0	0	0	465.01	21855	0	0	697.51	0	0	116.25	0	0	0	0	0	0	0	0	0	0	0	0	0	1395	0	0	0	0	232.5	0	232.5	0	0	0	0	0	0	0	0	0	0	0	0	0	0	0	0	0	0	0	0	0	0	0	0	0	0	0	0	0	0	0	0	0	0	0	0	0	0	0	0	0	0	0	0	0	0	0	0	0	0	0	0	0	0	232.5	0	116.25	0	0	0	0	0	0	0	0	116.25	232.5	0	0	0	0	0	0	0	0	0	0	0	0	0	0	0	0	0	0	0	0	0	0	0	0	0	0	0	0	0	0	0	0	0	0	116.25	0	0	0	0	0	0	0	0	0	0	0	0	0	0	0	0	0	0	0	0	0	0	0	0	0	0	0	465.01	0	0	0	232.5	0	0	0	465.01	116.25	116.25	0	232.5	232.5	0	0	0	232.5	1860	0	0	0	0	348.76	0	0	0	232.5	0	0	0	0	348.76	0	0	1743.8	116.25	0	11160	0	0	116.25	0	0	0	0	3836.3	0	0	116.25	232.5	465.01	581.26	0	0	0
L141_E02	TH	0	0	0	0	0	0	0	114.22	0	0	285.54	228.43	0	0	0	28.554	271.26	0	0	0	0	0	0	628.19	0	0	0	0	0	0	0	0	214.15	0	0	0	14.277	0	42.831	7966.5	0	0	0	0	157.05	0	328.37	785.23	1784.6	0	0	28.554	0	0	299.82	0	14.277	28.554	842.34	0	0	42.831	14.277	1270.7	0	0	99.939	57.108	57.108	0	14.277	71.385	214.15	1099.3	0	0	14.277	0	0	14.277	0	0	42.831	0	0	571.08	0	0	0	0	0	0	0	0	0	0	0	0	0	0	0	114.22	0	0	0	0	0	0	0	414.03	0	0	0	0	114.22	0	99.939	0	0	242.71	199.88	0	0	0	0	0	0	0	0	0	0	0	0	0	0	0	0	0	0	214.15	0	0	0	0	0	0	0	0	0	0	0	0	0	0	0	0	0	0	0	0	0	0	0	0	0	0	0	0	14.277	0	0	14.277	0	0	0	0	0	0	0	0	0	0	0	0	0	0	0	0	0	0	0	0	42.831	0	0	0	0	0	0	0	0	0	756.68	0	828.06	0	0	0	0	0	0	0	0	0	0	0	0	0	199.88	0	0	0	0	0	513.97	0	0	0	28.554	356.92	0	0	0	0	0	0	0	0	0	3797.7	0	57.108	371.2	0	0	0	0	0	0	0	0	0	28.554	0	0	0	0	0	0	0	0	0	0	0	0	0	0	0	0	142.77	0	0	0	0	57.108	0	0	0	0	0	0	0	0	0	0	0	0	0	0	0	0	0	0	0	0	0	0	0	0	0	0	0	0	0	0	0	0	0	0	0	185.6	0	0	0	0	0	0	0	0	0	0	0	0	28.554	0	0	0	0	0	0	0	0	14.277	71.385	0	0	0	0	0	0	0	0	0	0	14.277	0	0	0	0	0	0	0	0	228.43	0	0	0	0	0	0	0	0	0	0	0	0	0	0	228.43	0	0	0	0	0	0	0	0	0	0	0	0	0	0	0	0	0	0	0	0	0	0	0	0	0	0	0	157.05	0	0	0	513.97	42.831	0	57.108	99.939	71.385	556.8	0	685.29	28.554	0	0	0	0	970.83	399.75	0	0	0	271.26	0	0	0	71.385	0	0	0	0	99.939	114.22	0	1499.1	85.662	0	8380.6	0	0	0	0	214.15	0	0	128.49	0	0	0	0	0	28.554	0	0	0
L141_H02	TH	0	0	0	0	0	6.9018	0	31.058	0	10.353	138.04	0	10.353	17.254	0	3.4509	1021.5	0	0	17.254	44.861	0	0	0	3.4509	0	0	34.509	17.254	65.567	3.4509	493.48	245.01	31.058	6.9018	0	103.53	134.58	17.254	5190.1	0	0	0	0	103.53	34.509	358.89	714.33	476.22	0	0	0	0	3.4509	106.98	0	79.37	79.37	241.56	20.705	37.96	124.23	13.804	1069.8	24.156	17.254	20.705	41.411	666.02	6.9018	6.9018	13.804	75.919	27.607	0	3.4509	37.96	17.254	0	0	10.353	148.39	383.05	0	13.804	27.607	0	0	89.723	3.4509	0	0	110.43	10.353	0	0	3.4509	0	0	31.058	0	75.919	0	0	0	10.353	65.567	0	0	34.509	0	0	0	0	0	3.4509	0	0	3.4509	72.468	113.88	48.312	0	0	17.254	0	0	0	0	6.9018	44.861	17.254	0	0	0	0	3.4509	0	3.4509	37.96	0	0	3.4509	3.4509	0	0	103.53	0	0	34.509	0	0	0	0	0	65.567	0	0	0	0	0	0	0	0	0	0	3.4509	0	362.34	210.5	37.96	0	34.509	0	20.705	10.353	0	0	0	0	0	0	0	0	10.353	0	0	0	0	0	0	0	0	0	0	0	0	0	0	0	3.4509	0	3.4509	3.4509	590.1	0	0	0	3.4509	0	6.9018	0	286.42	3.4509	0	0	0	6.9018	227.76	462.42	0	0	0	0	0	0	0	0	41.411	58.665	37.96	0	0	0	0	389.95	0	0	0	3768.4	6.9018	55.214	3951.3	0	0	96.625	0	0	0	0	0	0	27.607	0	0	0	0	0	0	69.018	0	0	0	0	0	0	0	0	0	203.6	0	0	0	0	3.4509	0	0	3.4509	3.4509	0	0	27.607	0	0	0	0	0	0	0	0	0	0	0	0	0	0	0	0	10.353	3.4509	0	0	0	0	0	0	0	0	0	0	138.04	0	0	0	0	0	0	0	0	0	0	41.411	0	62.116	0	20.705	0	0	0	0	0	0	0	14435	0	0	3.4509	0	0	0	0	0	0	0	0	0	0	0	0	0	0	0	3.4509	213.96	0	0	0	0	0	6.9018	0	0	0	0	0	0	0	0	3.4509	0	0	0	0	0	0	0	3.4509	0	0	0	0	0	3.4509	0	0	0	3.4509	0	0	0	0	0	0	0	0	186.35	752.29	0	0	0	79.37	0	6.9018	1649.5	117.33	966.25	838.56	0	438.26	200.15	117.33	0	0	217.41	82.821	0	3.4509	0	34.509	41.411	0	41.411	655.67	0	20.705	0	75.919	0	89.723	24.156	0	1097.4	945.54	103.53	13138	6.9018	0	0	134.58	0	31.058	0	924.84	27.607	0	0	455.52	37.96	51.763	0	0	0
L141_H03	TH	0	0	0	0	0	0	0	586.79	0	0	148.65	297.31	7.8239	0	0	0	1204.9	0	0	156.48	2002.9	109.54	54.768	0	0	0	0	0	23.472	0	0	15.648	242.54	0	0	563.32	328.61	46.944	23.472	7002.4	0	0	0	0	101.71	0	492.91	1220.5	704.15	0	0	0	399.02	0	101.71	15.648	62.591	352.08	359.9	375.55	46.944	485.08	0	696.33	179.95	0	23.472	62.591	109.54	23.472	0	0	93.887	0	0	0	62.591	0	0	0	15.648	508.55	704.15	0	492.91	571.15	0	0	0	0	0	0	0	0	0	0	0	203.42	0	0	0	172.13	0	0	0	0	0	0	23.472	0	117.36	0	0	70.415	93.887	0	0	0	7.8239	0	125.18	70.415	0	0	0	0	0	0	0	0	0	117.36	0	0	0	0	0	0	0	2214.2	0	0	0	0	0	0	0	0	0	0	0	0	0	0	7.8239	211.25	0	0	0	0	0	0	31.296	234.72	258.19	0	0	0	179.95	7.8239	78.239	0	172.13	0	0	0	0	0	0	0	0	0	0	0	117.36	0	0	0	0	0	0	0	0	15.648	0	0	0	0	117.36	0	0	0	0	0	1173.6	0	0	0	0	0	0	0	0	766.74	0	0	0	0	54.768	109.54	0	0	0	0	0	0	0	0	78.239	78.239	7.8239	0	0	0	0	15.648	0	0	0	5249.9	7.8239	665.03	3020	0	0	0	0	0	0	0	0	0	0	0	0	0	0	0	0	1056.2	0	0	70.415	0	0	78.239	7.8239	0	0	195.6	0	0	0	0	0	0	0	54.768	0	46.944	0	0	0	0	0	0	0	0	0	0	0	0	0	0	0	0	0	0	0	0	0	0	0	0	0	0	0	0	0	0	23.472	0	0	0	0	0	0	0	101.71	0	0	7.8239	0	62.591	0	0	0	0	0	0	0	0	0	172.13	0	0	0	0	0	0	0	0	0	0	0	0	0	1079.7	0	0	0	0	0	547.67	0	0	0	0	0	0	0	0	0	0	0	0	0	0	31.296	23.472	0	0	0	0	0	0	0	0	0	0	0	0	39.12	0	0	0	0	0	0	0	0	0	0	0	0	54.768	367.73	0	0	0	15.648	0	0	39.12	383.37	140.83	250.37	0	477.26	453.79	0	15.648	0	78.239	1079.7	0	148.65	0	571.15	0	31.296	140.83	1549.1	844.98	0	0	0	0	727.63	62.591	0	2840.1	109.54	0	20021	0	0	0	156.48	250.37	0	133.01	453.79	0	0	0	430.32	109.54	117.36	7.8239	0	0
L141_A04	TH	0	0	0	0	17.328	0	0	25.992	0	0	281.58	0	0	8.6641	0	0	801.43	43.32	0	0	0	0	0	0	0	0	0	121.3	95.305	0	0	108.3	307.58	0	0	0	25.992	0	82.309	2508.3	0	38.988	0	0	0	60.649	56.317	1511.9	506.85	0	25.992	0	0	0	95.305	56.317	619.48	0	238.26	0	4.332	12.996	4.332	879.41	21.66	0	0	34.656	264.26	0	0	0	147.29	0	0	12.996	147.29	0	0	0	220.93	0	589.16	0	0	4.332	0	0	0	0	0	0	51.985	25.992	0	0	0	0	0	0	147.29	103.97	0	0	0	0	56.317	0	0	21.66	0	0	95.305	51.985	34.656	0	147.29	0	0	0	151.62	86.641	0	0	0	0	0	0	0	4.332	0	34.656	0	0	0	0	0	0	134.29	0	0	0	0	0	0	12.996	0	0	0	0	0	0	0	0	0	294.58	0	0	0	0	0	0	0	0	0	0	0	0	17.328	1949.4	129.96	4.332	0	0	0	0	0	0	0	25.992	0	0	0	0	0	0	0	0	0	0	0	34.656	0	0	0	0	0	0	8.6641	8.6641	0	0	0	0	1624.5	0	0	0	0	0	0	0	0	389.88	0	0	0	0	203.61	38.988	0	0	0	0	0	0	0	0	0	0	0	0	0	0	0	654.14	0	0	0	5973.9	0	164.62	2789.8	0	0	43.32	0	0	4.332	0	0	0	0	0	0	0	0	0	0	233.93	0	0	4.332	0	246.93	4.332	0	0	0	0	0	0	194.94	0	0	0	0	0	0	0	12.996	0	0	0	0	0	30.324	0	0	0	0	0	0	0	0	0	0	0	0	8.6641	0	0	0	0	0	0	0	0	0	0	12.996	0	0	0	0	0	0	0	0	0	0	86.641	0	0	0	30.324	0	0	0	0	0	0	4.332	1091.7	12.996	0	0	0	0	0	0	0	0	0	0	0	0	0	0	0	0	0	0	56.317	0	0	0	0	0	0	0	0	0	0	0	0	0	0	17.328	0	0	0	0	0	0	0	0	0	0	4.332	0	0	0	0	0	0	0	0	0	0	0	0	0	0	0	34.656	753.78	0	0	0	307.58	17.328	0	1273.6	116.96	1165.3	493.85	220.93	0	545.84	4.332	116.96	0	95.305	246.93	160.29	0	0	775.44	17.328	0	12.996	1446.9	4.332	0	121.3	17.328	0	316.24	229.6	0	2062.1	95.305	0	20958	0	0	0	199.27	0	0	0	506.85	21.66	4.332	0	467.86	216.6	47.653	0	0	0
L141_B05	TH	0	0	0	0	0	0	0	38.588	0	2.9683	92.017	68.27	2.9683	23.746	29.683	5.9366	575.84	8.9048	0	0	74.207	0	32.651	112.79	0	0	0	0	139.51	32.651	0	240.43	100.92	2.9683	20.778	0	92.017	56.397	338.38	1662.2	0	41.556	0	0	59.366	23.746	403.68	1516.8	742.07	0	0	2.9683	2.9683	0	189.97	5.9366	394.78	2.9683	421.49	5.9366	184.03	154.35	14.841	1086.4	11.873	20.778	115.76	109.83	356.19	14.841	5.9366	62.334	489.77	139.51	0	0	26.715	222.62	0	8.9048	50.461	41.556	620.37	0	175.13	20.778	0	5.9366	17.81	0	0	2.9683	17.81	8.9048	0	0	0	0	0	0	0	243.4	0	0	0	0	97.953	0	0	26.715	0	0	11.873	8.9048	53.429	5.9366	29.683	0	74.207	20.778	430.4	14.841	11.873	0	5.9366	0	14.841	0	0	29.683	0	2.9683	0	0	35.619	0	0	0	47.492	26.715	2.9683	0	0	0	0	2.9683	5.9366	5.9366	0	11.873	0	0	0	0	0	44.524	0	0	0	0	0	0	0	0	8.9048	0	5.9366	0	163.26	74.207	187	2.9683	0	0	0	11.873	0	0	0	2.9683	0	0	0	0	136.54	5.9366	0	17.81	0	0	17.81	56.397	0	0	0	0	5.9366	26.715	0	8.9048	0	2.9683	77.175	2.9683	454.15	0	0	0	23.746	0	11.873	0	133.57	74.207	0	23.746	0	0	133.57	56.397	0	0	0	0	32.651	0	0	0	53.429	976.56	5.9366	0	0	0	0	163.26	0	0	56.397	2552.7	2.9683	97.953	4583	11.873	0	68.27	0	0	71.239	0	0	0	32.651	0	0	0	0	0	0	433.37	0	0	11.873	0	2.9683	35.619	17.81	0	11.873	23.746	0	0	35.619	0	2.9683	0	0	0	0	0	23.746	0	0	0	0	0	0	0	0	0	0	0	23.746	11.873	0	0	0	0	0	0	0	0	0	0	0	0	0	0	0	0	20.778	0	0	0	0	0	0	0	2.9683	0	0	255.27	0	41.556	0	130.6	0	14.841	0	0	0	0	35.619	6536.1	0	0	0	2.9683	0	0	0	0	0	0	0	5.9366	2.9683	0	0	0	0	0	0	175.13	0	0	0	0	0	0	0	0	0	0	0	0	0	0	252.3	0	0	2.9683	0	0	2.9683	0	0	0	0	0	0	0	0	0	0	0	0	0	0	0	0	0	0	0	0	5.9366	997.34	0	0	0	77.175	2.9683	2.9683	1454.4	172.16	1552.4	510.54	0	0	284.95	5.9366	26.715	56.397	231.52	421.49	0	53.429	0	26.715	14.841	0	650.05	893.45	0	65.302	0	845.96	0	501.64	0	2.9683	566.94	56.397	5.9366	18555	0	0	0	77.175	35.619	0	0	466.02	124.67	0	0	664.89	163.26	139.51	0	0	0
L141_G05	TH	0	0	0	0	0	0	0	145.33	0	0	127.17	84.777	0	15.139	0	12.111	669.13	0	0	0	3.0277	3.0277	48.444	21.194	0	0	0	36.333	163.5	60.555	30.277	423.88	6.0555	0	3.0277	0	78.721	0	63.582	2198.1	0	3.0277	0	0	9.0832	18.166	148.36	1495.7	584.35	0	12.111	0	9.0832	0	72.666	30.277	36.333	0	248.27	78.721	6.0555	0	3.0277	1268.6	0	24.222	105.97	36.333	239.19	6.0555	0	0	90.832	9.0832	0	0	3.0277	136.25	0	0	54.499	84.777	266.44	0	51.472	21.194	0	0	12.111	0	15.139	15.139	60.555	0	0	0	0	0	0	0	0	78.721	0	0	0	0	0	0	0	18.166	0	0	9.0832	6.0555	151.39	0	127.17	6.0555	60.555	0	278.55	0	0	0	0	0	0	0	0	45.416	9.0832	0	0	3.0277	0	0	6.0555	0	36.333	0	0	0	9.0832	3.0277	0	6.0555	0	0	0	0	0	0	0	0	0	69.638	0	0	0	0	0	0	0	0	0	0	0	0	644.91	130.19	39.361	3.0277	3.0277	0	0	84.777	0	0	0	6.0555	0	0	0	0	0	0	0	0	0	0	0	30.277	0	0	0	0	0	0	0	0	0	0	78.721	12.111	463.24	0	0	0	18.166	0	266.44	15.139	27.25	6.0555	0	0	3.0277	6.0555	523.8	199.83	0	0	0	0	0	0	0	0	84.777	81.749	0	0	0	0	0	142.3	0	0	0	3142.8	0	3.0277	4690	0	0	118.08	0	21.194	78.721	0	18.166	0	9.0832	0	0	0	0	0	0	617.66	0	0	3.0277	0	0	105.97	60.555	6.0555	0	39.361	0	0	0	0	9.0832	0	0	0	0	3.0277	96.887	0	0	0	0	0	0	0	0	0	0	0	0	0	0	0	0	0	0	36.333	0	0	0	3.0277	0	0	0	0	0	0	115.05	6.0555	0	0	0	0	0	3.0277	0	0	0	93.86	0	39.361	0	0	0	57.527	9.0832	0	0	0	12.111	205.89	0	0	0	3.0277	0	0	0	0	0	0	0	0	0	0	0	0	0	0	0	99.915	0	0	0	0	0	0	0	0	3.0277	0	0	0	0	0	66.61	0	0	0	0	0	9.0832	15.139	3.0277	0	0	0	0	0	3.0277	0	0	0	0	0	0	0	0	0	0	3.0277	0	0	1426.1	0	0	0	502.6	30.277	3.0277	987.04	172.58	990.07	584.35	0	445.08	387.55	0	24.222	0	112.03	275.52	181.66	0	87.804	136.25	69.638	0	0	457.19	0	75.693	15.139	193.77	3.0277	311.86	0	0	1286.8	278.55	0	13858	3.0277	0	0	78.721	0	3.0277	0	584.35	0	0	393.61	466.27	275.52	54.499	0	0	0
L141_A06	TH	0	0	0	6.1434	0	0	0	12.287	0	61.434	172.02	737.21	0	15.359	0	0	1873.8	15.359	0	0	3.0717	21.502	52.219	33.789	3.0717	6.1434	0	113.65	86.008	18.43	3.0717	24.574	325.6	0	43.004	6.1434	46.076	61.434	12.287	6579.6	0	21.502	0	0	18.43	33.789	301.03	906.16	952.23	0	3.0717	0	15.359	0	190.45	6.1434	95.223	0	374.75	73.721	9.2151	33.789	0	1108.9	0	0	58.363	55.291	1714	36.861	0	141.3	436.18	18.43	0	101.37	162.8	15.359	0	0	525.26	9.2151	595.91	0	33.789	55.291	0	0	43.004	0	0	0	27.645	3.0717	18.43	0	0	0	0	0	70.649	129.01	0	6.1434	0	3.0717	79.865	0	0	156.66	0	0	9.2151	0	33.789	0	36.861	27.645	6.1434	6.1434	82.936	0	18.43	0	15.359	0	0	0	0	76.793	3.0717	0	0	0	0	0	6.1434	0	0	184.3	0	0	0	15.359	0	58.363	15.359	0	0	0	0	0	0	9.2151	0	0	0	0	0	0	9.2151	0	49.147	0	0	0	3.0717	0	233.45	227.31	119.8	0	0	0	0	0	0	0	15.359	0	0	9.2151	0	0	0	0	18.43	0	0	12.287	0	6.1434	0	0	12.287	0	0	3.0717	0	12.287	0	0	110.58	0	767.93	0	0	0	0	0	15.359	3.0717	6.1434	0	0	6.1434	0	0	39.932	301.03	0	0	0	0	0	0	0	0	36.861	61.434	0	0	0	0	0	374.75	0	0	0	4641.4	0	92.151	3286.7	3.0717	0	58.363	0	0	21.502	0	0	0	24.574	0	0	0	0	0	0	261.1	0	0	0	0	0	49.147	18.43	0	0	208.88	0	0	482.26	0	0	0	0	0	0	0	3.0717	0	0	0	0	0	0	0	0	0	0	0	0	0	0	0	0	0	0	0	6.1434	0	0	0	0	0	0	0	0	0	55.291	0	0	0	0	0	0	0	0	0	0	21.502	0	0	0	30.717	0	12.287	0	0	0	0	9.2151	1376.1	0	0	0	0	0	0	0	0	0	0	0	0	0	0	0	0	0	0	0	0	0	0	0	0	0	0	0	0	0	0	0	0	0	0	0	0	0	0	0	0	0	0	15.359	0	0	0	36.861	0	0	0	0	0	0	0	0	0	46.076	0	0	0	0	0	841.65	0	0	0	356.32	0	3.0717	1059.7	168.94	1342.3	202.73	147.44	267.24	589.77	138.23	119.8	0	236.52	334.82	156.66	147.44	0	6.1434	86.008	0	531.41	792.5	49.147	104.44	0	67.578	0	304.1	227.31	0	3041	135.15	0	14793	0	0	0	79.865	0	52.219	0	469.97	141.3	0	0	691.14	135.15	43.004	6.1434	0	0
L141_D06	TH	0	0	0	0	0	0	0	329.58	0	23.541	294.27	0	0	0	5.8853	17.656	47.082	0	0	0	0	11.771	0	94.165	11.771	0	0	0	17.656	0	0	5.8853	164.79	0	0	0	41.197	0	288.38	4107.9	0	0	0	0	0	217.76	488.48	1653.8	1100.6	0	0	0	17.656	0	141.25	0	223.64	164.79	594.41	170.67	11.771	11.771	0	1230	0	17.656	235.41	317.81	1300.7	0	0	0	1112.3	23.541	0	311.92	223.64	17.656	0	0	147.13	111.82	153.02	0	5.8853	1141.8	5.8853	0	0	0	0	29.427	47.082	0	0	0	0	0	0	0	0	435.51	0	0	0	0	0	0	0	0	0	0	0	82.394	70.623	0	182.44	0	288.38	0	88.279	23.541	0	0	0	0	0	0	0	0	0	0	0	0	17.656	0	11.771	0	0	211.87	0	0	0	0	0	0	23.541	0	0	0	0	0	0	0	0	0	0	0	0	5.8853	0	0	70.623	0	0	0	0	0	94.165	0	223.64	0	0	0	0	0	0	0	0	0	0	0	0	0	0	0	0	0	0	11.771	0	0	0	0	0	0	0	0	0	5.8853	0	5.8853	135.36	0	594.41	0	0	0	47.082	0	0	0	0	0	0	0	0	5.8853	276.61	323.69	0	0	0	0	0	0	0	0	11.771	29.427	52.968	0	0	0	0	105.93	0	0	5.8853	5961.8	0	29.427	3949	0	0	5.8853	0	0	70.623	0	41.197	0	29.427	0	0	0	0	0	0	806.28	0	0	0	0	82.394	0	0	0	0	0	0	0	52.968	0	0	0	0	0	0	0	0	0	0	0	0	0	0	11.771	0	0	0	0	0	0	17.656	0	0	0	0	0	0	0	0	0	0	0	0	0	0	0	111.82	0	0	0	0	0	0	0	0	0	11.771	11.771	0	5.8853	0	23.541	0	194.21	0	0	0	0	0	2789.6	0	0	0	0	0	0	0	0	0	0	0	0	0	0	0	0	0	0	52.968	5.8853	0	0	0	0	0	0	0	0	0	0	0	0	0	0	47.082	0	0	0	0	0	0	0	0	0	0	0	0	0	29.427	0	0	0	0	0	0	29.427	0	0	0	0	0	0	235.41	0	0	0	170.67	0	5.8853	0	441.4	329.58	323.69	82.394	0	300.15	0	494.36	0	135.36	188.33	0	0	41.197	17.656	364.89	0	0	11.771	529.68	0	0	123.59	0	0	0	0	800.4	635.61	0	18851	0	0	0	0	0	0	0	1077	70.623	52.968	0	282.49	0	5.8853	0	0	0
L141_G06	TH	0	0	0	0	16.482	0	0	368.1	0	0	703.23	912	0	27.47	21.976	5.494	362.6	32.964	0	0	5.494	38.458	0	0	0	0	16.482	16.482	0	0	362.6	302.17	291.18	0	38.458	10.988	76.915	60.434	225.25	3153.5	0	0	0	0	82.409	43.952	109.88	686.74	2488.8	0	0	0	5.494	0	307.66	21.976	159.32	137.35	324.14	38.458	115.37	329.64	21.976	2021.8	27.47	0	32.964	93.397	269.2	98.891	0	27.47	346.12	60.434	0	0	54.94	115.37	0	0	104.39	186.79	582.36	0	38.458	241.73	0	0	0	0	0	0	16.482	0	0	0	0	0	0	10.988	27.47	214.26	10.988	247.23	0	0	0	0	0	54.94	0	0	0	49.446	203.28	5.494	38.458	43.952	21.976	0	137.35	0	0	0	5.494	0	0	0	0	38.458	0	219.76	0	0	10.988	0	0	16.482	16.482	450.51	5.494	5.494	10.988	0	0	0	142.84	0	0	0	0	0	0	0	0	60.434	0	0	0	0	0	0	0	0	120.87	0	0	0	258.22	5.494	137.35	0	5.494	0	0	0	0	0	0	10.988	0	0	0	0	5.494	0	5.494	0	0	0	0	43.952	0	0	0	0	0	5.494	5.494	5.494	0	0	10.988	0	868.05	0	38.458	5.494	0	5.494	0	0	104.39	10.988	0	5.494	0	126.36	549.4	1505.3	38.458	0	0	0	0	0	0	0	5.494	159.32	0	0	0	0	0	115.37	0	0	0	961.44	0	54.94	5829.1	5.494	0	846.07	0	0	324.14	5.494	43.952	0	5.494	0	0	0	0	0	0	648.29	0	0	32.964	0	5.494	0	0	0	10.988	0	0	0	21.976	0	0	0	0	43.952	0	0	0	0	0	0	0	0	0	0	32.964	0	0	0	0	10.988	0	0	0	0	0	0	0	0	0	0	0	0	0	0	0	0	21.976	0	0	0	0	0	0	0	0	0	32.964	5.494	0	137.35	0	16.482	0	71.422	16.482	0	0	0	170.31	510.94	0	0	0	0	0	0	0	0	0	0	0	0	0	0	0	0	0	0	0	164.82	0	0	0	0	0	0	0	0	0	0	0	0	0	0	93.397	0	0	0	0	0	0	0	16.482	0	0	0	0	0	104.39	0	0	0	0	0	0	0	27.47	0	0	0	0	0	109.88	0	0	0	346.12	0	16.482	16.482	439.52	236.24	181.3	5.494	0	329.64	0	0	82.409	0	1285.6	104.39	65.927	0	65.927	27.47	32.964	197.78	1252.6	148.34	76.915	0	43.952	0	373.59	0	1368	972.43	49.446	0	11400	0	0	0	16.482	197.78	65.927	104.39	780.14	0	0	21.976	0	1252.6	76.915	0	0	0
L141_F07	TH	0	0	0	17.867	0	0	0	53.602	0	0	196.54	35.734	17.867	67.002	0	35.734	504.75	53.602	0	0	1018.4	0	0	40.201	0	0	0	35.734	17.867	4.4668	4.4668	8.9336	285.88	0	26.801	4.4668	326.08	49.135	26.801	1384.7	0	4.4668	0	0	138.47	285.88	285.88	1317.7	1018.4	0	17.867	0	17.867	8.9336	335.01	13.4	49.135	58.068	692.35	165.27	93.803	98.27	0	1558.9	31.268	0	80.402	129.54	875.49	53.602	44.668	75.936	643.22	0	0	22.334	4.4668	120.6	22.334	17.867	151.87	75.936	263.54	0	26.801	0	0	0	22.334	8.9336	0	13.4	13.4	0	0	0	0	0	4.4668	0	17.867	53.602	0	4.4668	0	0	0	0	4.4668	4.4668	0	0	0	35.734	62.535	17.867	80.402	22.334	89.336	4.4668	209.94	0	0	0	17.867	0	35.734	22.334	0	71.469	98.27	183.14	0	0	147.4	0	8.9336	0	0	942.49	13.4	0	4.4668	0	0	4.4668	17.867	0	0	0	0	0	0	0	0	192.07	0	0	0	0	4.4668	0	0	0	13.4	0	4.4668	40.201	75.936	536.02	40.201	0	8.9336	0	0	0	0	0	0	75.936	0	0	0	0	8.9336	0	0	0	0	0	0	335.01	0	0	0	4.4668	0	0	40.201	17.867	0	22.334	174.21	13.4	491.35	0	0	0	26.801	26.801	67.002	0	437.75	17.867	0	0	0	0	71.469	53.602	22.334	0	0	0	8.9336	0	0	0	183.14	160.8	0	0	0	0	0	223.34	0	0	0	1545.5	22.334	93.803	4998.4	0	13.4	178.67	0	0	0	0	13.4	0	58.068	0	0	0	0	0	0	826.36	0	0	8.9336	0	80.402	4.4668	89.336	0	0	504.75	22.334	0	4.4668	0	0	0	0	0	0	0	17.867	0	0	0	0	0	8.9336	0	0	0	4.4668	13.4	0	0	0	8.9336	0	0	0	71.469	0	0	0	0	0	0	0	0	0	0	17.867	13.4	4.4668	0	0	0	0	0	0	0	0	299.27	4.4668	8.9336	31.268	13.4	0	53.602	8.9336	0	0	0	13.4	2479.1	0	0	0	4.4668	0	8.9336	0	0	0	0	0	0	0	0	0	4.4668	0	0	0	40.201	0	0	0	0	0	0	0	0	0	0	0	0	0	4.4668	17.867	0	0	0	0	0	8.9336	0	0	0	0	0	0	0	147.4	13.4	0	0	0	0	0	0	0	0	0	0	0	0	580.68	0	0	0	107.2	187.61	4.4668	1500.8	75.936	1255.2	473.48	0	165.27	192.07	0	40.201	0	0	589.62	728.09	0	111.67	192.07	227.81	0	174.21	482.41	4.4668	75.936	35.734	174.21	8.9336	348.41	4.4668	0	799.56	232.27	0	16835	0	0	0	129.54	0	0	0	343.94	0	0	0	393.08	102.74	26.801	0	0	0
L141_H07	TH	2.9661	0	0	0	0	0	0	222.46	0	0	640.68	23.729	0	62.288	20.763	177.96	1586.9	180.93	0	0	2.9661	2.9661	0	26.695	23.729	0	0	0	0	11.864	5.9322	74.152	112.71	20.763	172.03	2.9661	821.61	59.322	88.983	8094.5	0	0	0	0	53.39	234.32	142.37	1008.5	403.39	0	11.864	112.71	11.864	163.13	1907.2	115.68	1225	762.29	1070.8	320.34	77.118	88.983	2.9661	1753	83.051	0	88.983	1248.7	1533.5	412.29	124.58	234.32	818.64	186.86	8.8983	2.9661	142.37	504.24	0	0	492.37	91.949	551.69	0	29.661	71.186	0	8.8983	41.525	145.34	2.9661	5.9322	0	65.254	0	0	0	0	0	47.458	20.763	234.32	2.9661	0	0	0	0	0	11.864	103.81	0	0	8.8983	35.593	41.525	0	5.9322	0	26.695	35.593	169.07	2.9661	0	0	8.8983	2.9661	0	0	0	8.8983	139.41	0	0	0	14.83	0	0	0	8.8983	77.118	0	0	2.9661	0	0	0	11.864	0	0	26.695	0	0	0	0	0	100.85	0	0	0	0	23.729	2.9661	71.186	0	0	0	0	50.424	269.91	11.864	74.152	0	29.661	0	0	0	0	0	0	50.424	0	0	0	0	2.9661	17.796	0	0	0	47.458	2.9661	20.763	0	0	14.83	0	0	2.9661	0	2.9661	20.763	0	8.8983	2.9661	794.91	2.9661	0	0	80.085	20.763	5.9322	0	23.729	38.559	0	8.8983	0	0	56.356	94.915	0	0	0	0	0	0	0	0	8.8983	109.75	23.729	5.9322	0	0	0	142.37	0	0	5.9322	3209.3	8.8983	80.085	3247.9	77.118	0	717.79	0	29.661	29.661	0	11.864	0	100.85	0	0	0	0	0	0	320.34	0	0	2.9661	0	41.525	41.525	41.525	0	0	0	0	0	50.424	0	14.83	0	0	0	0	0	109.75	0	0	0	0	0	0	0	0	0	5.9322	0	0	8.8983	0	0	0	0	2.9661	91.949	0	0	0	0	0	0	0	0	0	0	130.51	0	0	0	0	0	0	2.9661	0	0	2.9661	65.254	0	373.73	0	56.356	0	17.796	0	0	0	0	17.796	258.05	0	0	0	2.9661	8.8983	0	0	0	0	0	0	5.9322	0	0	0	0	0	0	0	5.9322	0	0	0	0	0	11.864	0	0	0	0	0	0	0	0	29.661	2.9661	0	0	0	0	62.288	0	0	0	0	0	0	0	0	0	0	0	0	0	0	0	2.9661	0	0	0	0	0	489.4	0	0	0	109.75	56.356	35.593	1702.5	17.796	1177.5	418.22	29.661	5.9322	400.42	14.83	100.85	0	17.796	373.73	628.81	0	91.949	0	17.796	0	151.27	415.25	44.491	8.8983	5.9322	124.58	0	172.03	53.39	0	886.86	145.34	0	12241	0	0	0	145.34	0	0	2.9661	453.81	97.881	0	0	406.36	109.75	109.75	0	0	0
L141_D08	TH	0	0	0	0	0	0	0	24.801	0	0	49.603	0	0	0	0	0	310.02	12.401	0	0	0	0	0	0	24.801	0	0	0	0	0	0	24.801	49.603	0	0	0	173.61	0	520.83	3993	0	0	0	0	12.401	0	235.61	1401.3	2058.5	0	0	0	0	0	111.61	0	99.205	0	186.01	471.22	148.81	3745	0	706.84	0	0	396.82	49.603	1153.3	0	0	12.401	198.41	0	0	0	24.801	0	0	0	37.202	37.202	347.22	0	0	24.801	0	0	0	0	0	0	37.202	12.401	0	0	0	86.804	0	0	0	0	0	0	0	0	0	0	0	86.804	0	0	0	99.205	0	0	37.202	37.202	0	74.404	24.801	0	0	0	0	0	12.401	0	0	0	0	0	0	0	0	0	0	0	0	0	0	0	0	0	0	0	0	0	0	0	0	0	0	0	0	86.804	0	0	0	0	0	0	0	0	0	0	0	0	3050.6	0	37.202	0	37.202	0	0	0	0	0	0	0	0	0	0	0	0	0	0	0	0	0	0	0	0	0	0	0	0	0	0	0	0	0	0	0	545.63	0	0	0	0	0	0	0	0	0	0	49.603	0	0	260.41	62.003	0	0	0	0	0	0	0	0	24.801	0	0	0	0	0	0	148.81	0	0	0	4737	0	471.22	1364.1	657.23	0	62.003	0	74.404	0	0	0	0	12.401	0	0	0	0	0	0	0	0	0	37.202	0	0	0	12.401	0	0	0	0	0	0	0	0	0	0	0	0	0	0	0	0	0	0	0	0	0	0	0	0	0	24.801	0	0	0	0	0	0	161.21	0	0	0	0	0	0	12.401	0	0	0	62.003	0	0	0	0	0	0	0	0	0	0	384.42	0	0	0	0	0	198.41	0	0	0	0	0	4191.4	0	0	0	0	0	0	0	0	0	0	0	0	0	0	0	0	0	0	0	12.401	0	0	0	0	0	0	0	0	0	0	0	0	0	12.401	0	0	0	0	0	0	111.61	0	0	0	0	0	0	0	0	0	0	0	0	0	0	0	0	0	0	0	0	0	210.81	0	0	0	99.205	0	0	595.23	0	781.24	830.84	0	0	421.62	0	49.603	272.81	111.61	12.401	235.61	0	0	0	24.801	0	248.01	0	12.401	0	0	0	0	657.23	0	607.63	855.64	0	0	22160	0	0	0	458.82	0	0	0	384.42	0	0	0	632.43	12.401	558.03	0	0	0
L141_G08	TH	0	0	0	0	0	0	0	5.025	5.025	0	266.33	477.38	0	0	0	0	2256.2	0	0	5.025	60.3	0	346.73	0	0	0	0	5.025	0	5.025	0	95.475	185.93	0	90.45	0	125.63	100.5	95.475	2793.9	0	0	0	0	10.05	50.25	170.85	2542.6	748.72	0	0	0	25.125	10.05	140.7	10.05	522.6	20.1	125.63	221.1	432.15	15.075	5.025	1060.3	15.075	0	120.6	5.025	1814	0	0	5.025	316.58	15.075	0	0	442.2	55.275	0	0	221.1	10.05	251.25	0	5.025	10.05	20.1	0	0	0	0	0	60.3	0	0	0	0	0	0	0	185.93	115.57	35.175	0	0	0	40.2	0	0	5.025	0	0	95.475	0	50.25	0	145.73	0	15.075	20.1	105.53	10.05	0	0	10.05	0	0	0	0	35.175	0	15.075	0	0	15.075	0	5.025	0	115.57	5.025	0	0	0	0	0	80.4	20.1	0	0	0	0	0	0	0	0	206.02	0	0	0	0	0	0	211.05	5.025	0	0	0	0	80.4	0	231.15	0	0	0	0	0	0	0	0	0	0	0	35.175	0	0	0	0	0	0	30.15	0	10.05	0	0	0	0	10.05	0	0	0	0	20.1	0	5.025	512.55	0	0	0	0	0	0	0	0	0	0	0	0	0	0	70.35	0	0	0	0	0	0	0	0	0	120.6	0	0	0	0	0	281.4	0	0	10.05	5462.2	0	110.55	2336.6	0	0	45.225	0	0	0	0	0	0	55.275	0	0	0	0	0	0	964.8	0	0	0	0	0	10.05	5.025	0	0	105.53	0	0	20.1	0	35.175	0	0	0	0	0	0	0	0	0	0	0	0	0	0	0	0	0	0	0	0	0	0	0	0	120.6	0	0	0	0	0	0	0	0	0	0	0	0	0	5.025	0	0	0	0	0	0	0	95.475	0	25.125	0	0	0	0	55.275	0	0	0	10.05	2713.5	5.025	0	0	0	0	0	0	0	0	0	0	0	0	0	0	0	0	0	0	216.07	0	0	0	0	0	0	0	0	0	0	0	0	0	0	10.05	0	0	0	0	0	0	0	15.075	0	0	5.025	0	0	15.075	0	0	0	0	0	0	0	0	0	0	55.275	0	0	221.1	0	0	0	206.02	0	0	3200.9	507.52	854.25	381.9	0	356.77	341.7	25.125	50.25	0	65.325	211.05	291.45	0	0	0	135.68	0	180.9	904.5	0	50.25	0	100.5	5.025	35.175	0	0	2447.2	226.13	0	13774	0	0	0	20.1	0	0	0	994.95	0	0	0	698.47	30.15	341.7	0	0	0
L141_F09	TH	0	0	0	0	26.886	0	0	215.09	0	0	98.582	994.78	0	35.848	17.924	53.772	815.54	0	0	143.39	0	0	0	0	0	0	0	0	107.54	0	53.772	573.57	233.01	0	35.848	0	125.47	116.51	8.962	9598.3	0	0	8.962	0	0	8.962	448.1	510.83	2473.5	0	0	0	0	0	277.82	26.886	53.772	62.734	304.71	8.962	394.33	98.582	8.962	958.94	26.886	0	44.81	8.962	842.43	26.886	8.962	44.81	17.924	26.886	0	0	0	304.71	0	0	367.44	215.09	125.47	0	322.63	26.886	8.962	0	0	0	0	0	26.886	26.886	44.81	0	0	0	0	44.81	8.962	89.62	0	17.924	0	0	0	0	0	0	0	0	35.848	0	0	0	0	0	8.962	35.848	80.658	0	0	0	0	0	0	0	0	53.772	546.68	0	0	0	26.886	0	0	0	0	0	0	0	0	0	0	17.924	0	0	0	8.962	0	0	0	0	0	53.772	0	0	0	0	0	0	0	0	0	0	0	0	17.924	35.848	152.35	0	0	0	0	0	0	0	35.848	8.962	0	0	17.924	0	17.924	0	8.962	0	0	0	0	0	0	0	0	0	0	0	0	0	8.962	0	71.696	0	1138.2	0	0	44.81	0	0	8.962	0	8.962	17.924	0	0	0	8.962	125.47	268.86	0	0	0	0	0	0	0	0	663.19	0	0	0	0	98.582	0	0	0	0	0	6443.7	0	0	5601.3	0	0	1254.7	0	0	0	0	0	0	17.924	0	0	0	0	0	0	53.772	0	0	35.848	0	457.06	0	8.962	0	0	188.2	17.924	0	8.962	0	0	0	0	0	0	0	0	0	26.886	0	0	0	0	0	0	0	0	0	0	0	0	0	0	0	0	0	0	0	0	0	0	0	0	0	0	0	17.924	0	0	0	0	0	0	0	0	0	0	62.734	0	116.51	0	0	0	0	0	0	0	0	0	134.43	0	0	0	0	0	0	0	0	0	0	0	0	0	0	0	0	0	0	0	89.62	0	0	0	0	0	0	0	0	0	0	0	0	0	0	0	0	0	0	0	0	0	0	0	0	0	0	0	0	17.924	0	0	0	0	0	0	8.962	35.848	0	0	0	0	0	134.43	0	0	0	17.924	0	0	0	0	71.696	457.06	0	483.95	376.4	0	0	143.39	0	519.8	546.68	0	0	349.52	188.2	0	71.696	1891	1147.1	0	0	0	268.86	259.9	152.35	806.58	2267.4	690.08	44.81	19672	0	0	0	0	0	0	0	143.39	152.35	0	0	62.734	0	286.79	0	0	0
L141_G09	TH	3.6398	0	0	0	0	0	0	65.517	0	196.55	94.635	43.678	127.39	29.118	0	0	1121.1	0	0	0	14.559	0	0	0	10.919	0	0	0	3.6398	968.19	3.6398	123.75	374.9	25.479	7.2796	0	134.67	3.6398	69.156	2456.9	0	0	0	0	14.559	43.678	243.87	1667	935.43	0	0	7.2796	18.199	18.199	214.75	36.398	54.597	21.839	313.02	98.275	90.995	65.517	0	960.91	25.479	3.6398	18.199	123.75	1332.2	0	10.919	58.237	545.97	7.2796	0	14.559	29.118	80.076	7.2796	0	305.74	58.237	640.61	0	174.71	3.6398	0	0	65.517	0	0	0	72.796	0	0	29.118	0	0	7.2796	14.559	0	101.92	0	3.6398	0	0	0	0	0	14.559	0	0	0	0	10.919	3.6398	112.83	0	14.559	109.19	229.31	0	0	3.6398	0	0	0	0	0	29.118	29.118	0	0	0	10.919	0	3.6398	0	0	717.04	0	0	0	29.118	0	0	0	0	0	0	0	0	0	0	0	123.75	0	0	0	0	0	0	0	80.076	0	0	0	0	7.2796	50.957	109.19	0	0	0	7.2796	3.6398	0	0	0	61.877	0	0	0	0	10.919	0	0	0	0	0	0	10.919	0	0	0	3.6398	18.199	0	0	0	0	0	83.715	0	524.13	0	0	0	0	0	134.67	0	25.479	0	0	0	0	0	342.14	54.597	0	0	0	0	0	0	10.919	0	18.199	50.957	0	0	3.6398	0	0	192.91	0	0	0	4065.7	3.6398	171.07	669.72	7.2796	0	7.2796	0	0	32.758	0	0	0	36.398	0	0	0	0	0	0	1430.4	0	0	3.6398	0	0	0	18.199	0	7.2796	0	0	0	3.6398	0	43.678	0	0	3.6398	0	0	0	0	0	0	0	0	0	0	0	0	25.479	0	10.919	0	0	0	0	0	32.758	10.919	0	0	0	0	0	0	0	0	3.6398	0	101.92	21.839	0	0	0	0	0	0	0	0	0	436.78	0	247.51	0	43.678	0	18.199	0	0	0	0	3.6398	5452.4	25.479	0	0	7.2796	0	0	0	0	0	0	0	0	0	0	0	0	0	0	0	25.479	0	0	0	0	0	0	0	3.6398	0	0	0	0	0	0	0	0	0	0	0	0	3.6398	0	0	0	0	0	7.2796	0	65.517	0	0	0	0	0	3.6398	3.6398	0	0	0	0	0	0	1051.9	0	0	0	32.758	47.318	0	1466.8	83.715	735.24	615.13	18.199	58.237	356.7	0	61.877	94.635	251.15	564.17	353.06	14.559	105.55	0	47.318	0	14.559	189.27	21.839	0	29.118	36.398	61.877	192.91	0	0	1084.7	411.3	0	15506	0	0	0	243.87	167.43	0	0	964.55	0	0	0	222.03	7.2796	87.355	0	0	0
L141_B10	TH	0	0	12.897	0	0	0	0	122.53	0	0	225.71	0	0	0	0	0	464.31	0	12.897	0	0	0	0	0	0	0	0	0	0	58.038	0	0	161.22	0	32.243	0	90.282	19.346	0	928.61	0	0	0	0	148.32	122.53	238.6	1663.8	348.23	0	0	0	25.795	0	167.67	0	25.795	0	206.36	6.4487	12.897	45.141	0	393.37	0	0	0	83.833	116.08	6.4487	0	0	38.692	6.4487	0	0	64.487	0	32.243	0	193.46	32.243	535.24	0	77.384	0	0	0	122.53	12.897	6.4487	6.4487	58.038	0	0	0	0	0	0	0	0	0	0	0	0	0	51.59	0	0	116.08	0	0	0	6.4487	6.4487	0	0	0	45.141	0	109.63	0	0	0	0	0	0	0	0	19.346	0	51.59	0	0	0	0	25.795	0	0	141.87	0	0	19.346	0	0	19.346	6.4487	0	0	103.18	0	0	0	0	0	6.4487	0	0	0	0	0	0	0	0	6.4487	0	0	0	535.24	799.64	70.936	0	0	0	0	70.936	0	0	0	6.4487	0	0	0	0	0	0	0	6.4487	0	0	0	0	0	0	0	0	0	0	25.795	0	0	0	0	0	535.24	0	0	0	0	0	0	0	0	70.936	0	0	0	64.487	45.141	0	0	0	0	0	0	0	0	0	154.77	148.32	6.4487	0	0	0	0	748.05	0	0	0	5707.1	0	109.63	1263.9	19.346	0	245.05	0	0	0	0	6.4487	0	51.59	0	0	0	0	0	0	238.6	0	0	0	0	0	0	0	0	0	0	0	0	51.59	0	0	0	0	0	0	0	109.63	0	0	0	0	0	0	0	0	0	6.4487	0	0	0	0	0	0	0	0	6.4487	0	0	0	0	0	0	0	0	0	0	32.243	0	0	0	0	0	0	0	0	0	0	6.4487	0	58.038	0	0	0	0	0	0	0	0	0	380.47	0	0	0	0	0	0	0	0	0	0	0	0	0	0	0	0	0	0	0	212.81	0	0	0	0	0	0	0	0	0	0	0	0	0	0	0	0	0	0	0	0	32.243	0	0	0	0	38.692	0	0	277.29	0	0	0	6.4487	0	0	0	0	0	0	0	0	0	1051.1	0	0	0	174.12	0	0	606.18	309.54	1270.4	257.95	0	187.01	857.68	38.692	0	0	0	315.99	19.346	0	0	2115.2	0	25.795	0	412.72	0	0	0	32.243	0	103.18	0	0	1605.7	315.99	0	16605	0	0	0	187.01	0	0	0	496.55	154.77	0	0	322.43	161.22	264.4	0	0	0
L141_C10	TH	0	0	0	0	0	19.543	0	29.315	0	14.658	151.46	0	0	4.8858	0	4.8858	556.98	0	0	0	19.543	351.78	0	0	0	0	0	288.26	0	0	9.7716	410.41	117.26	0	0	24.429	141.69	0	43.972	1480.4	0	0	0	0	0	4.8858	166.12	1372.9	830.59	0	4.8858	24.429	0	0	205.2	0	356.67	0	298.04	43.972	205.2	19.543	14.658	835.47	24.429	0	97.716	87.945	654.7	0	0	9.7716	219.86	0	0	63.516	34.201	175.89	0	0	429.95	102.6	635.16	0	4.8858	117.26	0	0	29.315	0	4.8858	4.8858	127.03	9.7716	0	0	0	0	0	0	34.201	24.429	19.543	0	0	0	0	0	376.21	0	0	0	0	92.831	131.92	0	146.57	0	19.543	0	249.18	97.716	0	0	4.8858	0	0	0	0	29.315	0	0	0	0	78.173	0	0	0	0	2076.5	4.8858	0	102.6	0	0	0	0	0	0	0	0	0	0	0	0	127.03	0	0	0	0	0	0	19.543	0	48.858	0	0	0	14.658	29.315	4.8858	0	4.8858	0	14.658	0	0	0	0	0	0	0	0	0	0	0	0	0	0	0	0	0	0	0	0	0	0	0	4.8858	0	0	0	0	0	776.84	0	0	0	0	0	29.315	9.7716	107.49	34.201	0	0	0	39.086	53.744	146.57	0	0	0	0	0	0	0	0	4.8858	53.744	0	0	0	0	0	175.89	0	0	0	6600.7	14.658	48.858	4231.1	0	0	190.55	0	0	0	0	0	0	141.69	0	0	0	0	0	0	708.44	0	0	0	0	0	0	0	0	0	24.429	0	0	0	0	0	0	0	19.543	0	0	43.972	0	0	0	0	0	0	0	0	4.8858	0	0	0	0	0	0	0	0	0	14.658	0	0	0	0	0	0	0	0	0	0	43.972	0	0	0	0	0	0	0	0	0	0	117.26	0	0	0	4.8858	0	102.6	0	0	0	0	0	3742.5	0	0	0	0	0	0	0	0	0	0	0	0	0	0	0	0	0	0	0	214.98	0	0	0	0	0	0	0	0	0	0	0	0	0	0	107.49	0	0	0	0	0	0	0	0	0	0	0	0	0	283.38	0	0	0	0	0	0	0	0	0	0	0	0	0	1109.1	0	0	0	161.23	0	9.7716	625.39	73.287	845.25	1182.4	78.173	0	845.25	317.58	63.516	87.945	48.858	698.67	0	2682.3	161.23	171	63.516	0	0	542.33	34.201	9.7716	117.26	195.43	0	302.92	0	0	1436.4	293.15	0	15918	0	0	0	229.63	0	0	0	298.04	0	0	0	1363.1	87.945	29.315	0	0	0
L141_D10	TH	0	0	0	0	21.389	0	0	42.778	0	0	49.908	206.76	0	0	0	0	92.686	0	0	0	0	0	128.34	0	0	0	0	0	49.908	0	21.389	171.11	313.71	0	92.686	0	57.038	0	0	6060.3	0	0	0	0	21.389	21.389	513.34	499.08	520.47	0	0	7.1297	0	0	156.85	0	2138.9	292.32	456.3	42.778	4170.9	49.908	0	976.77	0	0	21.389	42.778	2074.8	14.259	0	85.557	235.28	14.259	0	71.297	149.72	0	0	0	35.649	199.63	491.95	0	962.51	285.19	0	0	0	0	0	0	0	78.427	0	0	0	0	0	0	292.32	0	0	0	0	0	0	0	0	106.95	7.1297	0	0	42.778	0	0	0	156.85	0	142.59	399.26	0	0	0	0	0	0	0	0	35.649	0	14.259	0	0	7.1297	0	0	0	0	0	14.259	0	0	0	0	0	28.519	0	0	0	0	0	0	0	7.1297	7.1297	0	0	0	0	0	0	85.557	14.259	0	0	0	42.778	28.519	0	655.93	0	0	0	0	0	0	0	0	0	0	0	149.72	0	0	0	0	0	0	0	0	0	0	0	0	0	0	0	0	0	0	0	0	0	941.12	0	0	0	0	0	0	0	0	0	0	0	0	0	7.1297	206.76	0	0	0	0	35.649	0	0	0	0	499.08	0	0	0	0	0	163.98	0	0	0	9518.2	0	163.98	513.34	0	0	35.649	0	0	0	0	0	0	21.389	0	0	0	0	0	0	28.519	0	0	270.93	42.778	0	21.389	99.816	0	0	0	0	0	114.07	0	0	0	0	0	0	0	0	0	0	0	0	0	0	0	0	7.1297	21.389	0	0	0	0	0	0	0	21.389	0	0	0	0	0	0	0	0	0	0	0	0	0	0	0	0	0	0	0	0	0	0	99.816	0	7.1297	0	121.21	0	7.1297	0	0	0	0	0	42.778	0	0	0	0	0	0	0	0	0	0	0	0	0	0	0	0	0	0	0	78.427	0	0	0	0	0	0	0	0	0	0	0	0	0	0	156.85	0	0	0	0	0	0	0	0	0	0	7.1297	0	0	64.168	0	0	0	0	0	0	0	0	0	0	0	0	0	249.54	0	0	0	684.45	0	0	456.3	506.21	1910.8	584.64	0	584.64	171.11	385.01	28.519	7.1297	14.259	306.58	42.778	0	0	99.816	49.908	0	57.038	377.88	491.95	0	28.519	185.37	0	57.038	185.37	0	2951.7	221.02	0	18266	0	0	0	35.649	0	14.259	0	548.99	0	35.649	0	434.91	0	142.59	0	0	0
L141_B11	TH	0	0	0	0	0	0	0	379.75	0	0	0	0	0	0	0	37.975	825.96	0	0	0	0	0	0	18.988	0	0	0	0	37.975	0	0	0	617.1	0	208.86	0	9.4938	0	56.963	7082.4	0	0	0	0	0	94.938	47.469	3161.4	446.21	0	0	0	0	0	28.481	18.988	294.31	0	47.469	47.469	0	18.988	0	531.65	0	0	0	75.95	968.37	0	0	0	465.2	313.3	142.41	0	180.38	85.444	0	0	9.4938	37.975	541.15	0	0	9.4938	0	0	0	0	0	0	0	0	0	0	0	0	0	9.4938	0	142.41	0	0	0	0	0	0	0	104.43	0	0	123.42	0	66.456	0	332.28	0	0	18.988	322.79	0	0	0	0	0	0	0	0	28.481	0	0	0	0	0	0	0	0	0	56.963	0	0	0	0	0	0	0	0	0	0	0	0	0	0	0	37.975	0	0	0	0	0	0	0	0	18.988	0	0	0	56.963	132.91	66.456	0	0	0	0	0	0	0	0	0	0	0	0	0	0	0	0	0	0	0	0	0	0	0	0	0	0	0	0	0	0	0	18.988	0	512.66	0	0	0	0	0	0	0	9.4938	0	0	0	0	0	0	0	0	0	0	0	0	0	0	0	351.27	161.39	104.43	0	0	0	0	132.91	0	0	0	4614	0	208.86	949.38	0	0	123.42	0	0	0	0	0	0	37.975	0	0	0	0	0	0	0	0	0	0	0	0	0	0	0	0	0	0	0	0	0	0	0	0	0	0	0	0	0	0	0	0	0	0	0	0	0	0	0	0	0	37.975	0	0	0	0	0	0	0	0	0	0	0	0	0	0	0	56.963	0	0	0	0	0	0	0	0	0	0	132.91	0	0	0	28.481	0	0	0	0	0	0	0	94.938	0	0	0	0	0	0	0	0	0	0	0	0	0	0	0	0	0	0	0	265.83	0	0	0	0	0	0	0	0	0	0	0	0	0	0	94.938	0	0	0	0	0	0	0	18.988	0	0	0	0	0	0	0	0	0	0	0	0	0	0	0	0	0	0	0	1613.9	0	0	0	180.38	66.456	104.43	2800.7	0	844.95	854.44	0	731.02	218.36	0	0	0	113.93	427.22	0	0	170.89	0	0	0	0	0	0	0	0	0	0	9.4938	0	0	740.52	0	0	21057	0	0	0	0	0	0	0	1044.3	0	0	0	750.01	0	18.988	0	0	0
L141_D11	TH	0	0	0	0	0	0	0	0	0	0	152.33	0	0	0	0	0	456.98	43.522	0	0	0	0	0	0	0	0	0	0	174.09	0	21.761	0	0	0	0	0	130.57	65.283	0	2828.9	0	0	0	0	391.7	108.8	43.522	1632.1	304.65	0	0	0	0	0	130.57	65.283	261.13	0	696.35	43.522	174.09	0	0	761.63	0	0	0	65.283	413.46	130.57	0	0	522.26	43.522	0	0	456.98	21.761	0	0	0	174.09	43.522	0	0	0	0	0	21.761	0	0	0	0	0	0	0	0	43.522	0	0	0	217.61	0	0	0	65.283	0	0	0	239.37	0	0	0	0	0	0	0	152.33	21.761	0	87.044	0	0	0	0	0	0	0	0	0	0	0	0	0	0	0	0	0	0	0	0	0	0	0	0	0	0	0	0	0	0	0	0	0	0	478.74	0	0	0	0	0	0	522.26	0	0	0	0	0	0	0	239.37	0	0	0	0	0	0	0	0	21.761	0	0	0	0	0	0	0	0	0	0	0	65.283	0	0	0	0	0	0	0	0	0	0	0	0	21.761	0	0	0	0	0	0	0	0	261.13	0	0	0	0	195.85	935.72	0	0	0	0	0	0	0	0	0	0	0	0	0	0	0	261.13	0	0	0	2981.2	0	0	1871.4	369.93	0	0	0	0	391.7	0	0	0	0	0	0	0	0	0	0	43.522	0	0	0	0	0	0	0	0	0	674.59	0	0	0	0	0	0	0	0	0	0	0	0	0	0	0	0	0	0	0	0	0	0	0	0	0	0	0	0	0	0	0	0	0	0	0	0	0	0	0	0	0	0	0	0	0	0	0	0	0	0	0	21.761	0	0	0	0	0	0	0	0	0	0	0	3721.1	0	0	0	0	0	0	0	0	0	0	0	0	0	0	0	0	0	0	0	0	0	0	0	0	0	0	0	0	0	0	0	0	0	0	1001	0	0	0	0	0	0	0	0	0	0	0	21.761	0	0	0	0	0	0	0	0	0	0	0	0	0	0	0	0	0	0	0	0	0	0	0	0	544.02	217.61	0	870.44	21.761	0	0	0	0	195.85	0	0	0	0	0	0	0	587.54	2937.7	0	0	0	0	0	0	0	0	0	0	23110	0	0	0	174.09	21.761	0	0	108.8	0	0	0	478.74	282.89	391.7	0	0	0
L141_H11	TH	0	0	0	0	0	0	0	0	0	32.435	84.332	12.974	0	0	0	0	791.42	0	0	0	25.948	0	0	0	0	0	0	0	58.384	19.461	0	0	220.56	0	38.922	0	45.409	51.896	175.15	64.871	0	0	0	0	129.74	32.435	181.64	1265	927.65	0	0	0	6.4871	0	25.948	0	32.435	0	278.94	551.4	19.461	6.4871	0	577.35	0	0	0	6.4871	538.43	25.948	0	0	0	6.4871	0	0	6.4871	616.27	0	0	6.4871	0	791.42	0	136.23	0	0	0	0	0	0	0	304.89	0	0	0	0	0	0	0	0	0	0	0	0	0	25.948	0	0	25.948	0	0	0	0	71.358	0	0	6.4871	32.435	6.4871	51.896	648.71	0	0	0	0	0	0	0	0	0	0	0	0	0	0	0	0	0	0	0	0	0	0	0	0	6.4871	0	0	0	0	0	0	0	0	0	0	0	0	0	0	0	0	0	0	0	0	0	19.461	103.79	90.819	0	32.435	0	12.974	0	0	0	0	0	0	0	0	0	0	0	0	0	0	32.435	0	0	0	0	0	0	0	0	0	0	0	0	155.69	0	843.32	0	0	0	0	0	71.358	0	32.435	0	0	149.2	0	0	227.05	285.43	0	0	0	0	0	0	0	0	58.384	382.74	0	0	0	0	0	90.819	0	0	0	642.22	0	0	583.84	6.4871	0	1634.7	0	0	25.948	0	12.974	0	6.4871	0	0	0	0	0	0	25.948	0	0	0	0	0	0	0	0	0	0	0	0	25.948	0	0	0	0	0	0	0	0	0	0	0	0	0	0	0	0	0	0	0	0	0	0	0	0	0	0	0	0	0	0	0	0	0	0	0	0	0	64.871	0	0	0	0	0	0	0	0	0	0	324.35	0	103.79	0	0	0	0	0	0	0	0	0	6720.6	0	0	0	0	0	0	0	0	0	0	0	0	0	0	0	0	0	0	0	220.56	0	0	0	0	0	0	0	0	0	0	0	0	0	0	0	0	0	0	0	0	0	0	0	0	0	0	0	0	58.384	0	0	0	6020	0	0	0	0	0	0	0	0	0	986.03	0	0	0	408.68	0	6.4871	1505	58.384	454.09	720.06	0	0	661.68	77.845	0	168.66	162.18	291.92	720.06	0	97.306	201.1	25.948	0	0	505.99	0	0	136.23	0	0	162.18	0	0	661.68	162.18	0	20694	0	0	0	194.61	0	0	0	71.358	0	0	0	590.32	0	51.896	0	0	0
L141_C12	TH	0	0	0	0	0	0	0	25.303	0	0	237.85	0	25.303	15.182	0	0	2201.4	0	0	0	141.7	0	70.85	20.243	0	0	0	0	182.18	242.91	5.0607	20.243	576.92	20.243	111.33	0	60.728	30.364	207.49	1670	0	101.21	0	0	25.303	283.4	409.92	2489.9	1280.3	0	0	0	0	0	116.4	0	197.37	0	131.58	10.121	75.91	0	0	976.71	45.546	0	75.91	126.52	25.303	0	0	0	30.364	15.182	0	25.303	75.91	0	0	0	435.22	0	364.37	0	151.82	0	0	0	0	0	0	0	0	0	0	0	0	0	0	0	30.364	96.153	0	0	0	0	0	0	0	0	0	0	339.07	0	0	0	5.0607	0	197.37	15.182	293.52	526.31	0	0	5.0607	0	0	0	0	30.364	0	0	0	0	0	0	0	0	0	1062.7	0	0	0	0	0	0	0	0	0	0	0	0	0	10.121	0	116.4	0	25.303	0	0	0	0	0	0	0	0	30.364	0	0	425.1	40.485	0	10.121	0	0	0	0	0	0	0	0	0	0	0	0	0	0	0	0	0	0	5.0607	0	0	0	0	0	0	0	0	0	0	0	0	951.41	0	0	0	0	0	0	0	15.182	0	0	25.303	0	0	20.243	15.182	0	0	0	0	0	0	0	0	0	116.4	0	0	0	0	0	106.27	0	0	0	3790.4	0	70.85	4888.6	5.0607	0	971.65	0	0	45.546	0	0	0	70.85	0	0	0	0	0	0	35.425	0	0	0	0	0	0	0	0	0	0	0	0	86.032	0	0	0	0	0	0	0	0	0	0	0	0	0	0	0	0	0	50.607	0	0	0	0	0	0	0	0	20.243	0	0	0	0	0	0	0	0	0	0	116.4	0	0	0	0	0	0	0	0	0	0	91.092	0	0	0	10.121	0	40.485	0	0	0	0	10.121	3243.9	0	0	0	5.0607	0	0	0	0	0	0	0	0	0	0	0	0	0	0	0	40.485	0	0	0	0	0	0	0	0	0	0	0	0	0	0	0	0	0	0	0	0	80.971	35.425	0	0	0	0	0	0	0	0	0	0	0	0	0	0	0	0	0	0	0	50.607	713.56	0	0	0	202.43	0	0	627.52	409.92	1189.3	556.67	0	91.092	313.76	0	0	0	404.85	824.89	0	0	349.19	278.34	50.607	25.303	60.728	344.13	0	60.728	0	293.52	0	404.85	0	0	3102.2	308.7	0	19868	0	0	0	20.243	0	0	0	759.1	0	25.303	0	688.25	313.76	65.789	0	258.1	0
L142_C01	TH	0	0	0	0	0	0	0	13.68	0	0	13.68	143.64	54.72	6.84	0	0	581.4	20.52	13.68	0	1689.5	0	54.72	0	6.84	0	0	0	478.8	198.36	0	492.48	123.12	0	225.72	0	20.52	0	157.32	1402.2	0	0	0	0	75.239	0	506.16	1511.6	383.04	0	0	0	0	0	0	6.84	13.68	0	164.16	41.04	88.919	61.56	0	1409	253.08	6.84	164.16	47.88	601.91	27.36	0	27.36	307.8	0	0	0	27.36	34.2	0	0	20.52	20.52	513	0	0	34.2	0	6.84	13.68	0	0	0	61.56	0	0	0	0	0	0	0	0	116.28	0	0	6.84	0	6.84	0	0	0	0	0	0	0	20.52	13.68	75.239	0	0	0	109.44	123.12	0	0	0	0	0	0	0	75.239	0	0	0	0	0	0	0	0	0	54.72	0	0	0	0	0	0	0	0	0	0	0	0	0	0	0	0	0	0	0	0	0	0	75.239	0	0	0	0	0	0	971.27	0	0	20.52	0	0	0	0	0	0	20.52	0	0	0	0	0	0	0	0	0	0	0	6.84	0	0	0	0	0	0	95.759	13.68	0	0	0	0	629.28	0	0	0	0	0	198.36	0	246.24	0	0	0	0	0	171	150.48	0	0	0	0	0	0	0	0	499.32	854.99	0	0	0	0	0	355.68	0	0	0	1942.5	164.16	0	3666.2	6.84	0	0	0	0	0	0	0	0	47.88	0	0	0	0	0	0	0	0	0	0	0	0	0	0	0	0	0	0	0	0	0	0	0	0	0	41.04	0	0	0	0	0	0	0	0	0	0	0	0	0	0	0	0	0	0	0	0	54.72	0	0	0	0	0	0	0	0	0	0	465.12	0	0	0	0	0	0	0	0	0	0	143.64	0	0	0	27.36	0	47.88	171	0	0	0	20.52	4425.4	0	0	0	13.68	0	0	0	0	0	0	0	0	0	0	0	0	0	0	0	0	0	0	0	0	0	0	0	0	0	0	0	0	0	0	0	0	0	0	0	0	0	0	0	0	0	0	0	0	0	0	0	0	0	0	0	0	0	0	0	0	0	0	923.39	0	6.84	0	0	0	0	1436.4	362.52	1922	622.43	157.32	157.32	321.48	61.56	0	0	82.079	731.87	61.56	0	0	61.56	68.399	0	253.08	588.23	13.68	0	109.44	47.88	0	157.32	0	0	1265.4	0	0	13564	0	0	0	20.52	0	0	34.2	444.6	123.12	0	0	280.44	34.2	6.84	0	0	0
L142_G02	TH	0	0	0	0	0	0	0	4.9264	0	142.87	137.94	4.9264	4.9264	0	0	4.9264	817.79	0	0	0	339.92	0	14.779	0	0	0	0	0	147.79	0	0	315.29	403.97	0	4.9264	0	68.97	0	4.9264	1778.4	0	0	0	0	49.264	78.823	320.22	980.36	241.4	0	0	0	0	0	123.16	24.632	108.38	39.412	413.82	275.88	49.264	0	0	1275.9	19.706	0	0	39.412	73.897	4.9264	0	24.632	783.3	0	0	73.897	4.9264	103.46	0	0	0	0	453.23	0	216.76	0	0	14.779	0	0	0	0	14.779	0	0	0	4.9264	0	0	0	0	192.13	0	0	0	0	59.117	0	0	0	0	0	0	68.97	14.779	0	9.8529	0	14.779	0	374.41	0	0	0	0	0	0	0	0	14.779	0	0	0	0	9.8529	0	0	0	34.485	0	0	0	0	0	0	0	0	0	0	0	0	0	0	0	0	98.529	0	0	0	0	0	0	0	0	0	0	0	0	113.31	379.34	147.79	0	0	0	0	0	0	0	0	0	0	0	0	0	0	0	0	0	0	0	0	9.8529	0	0	0	0	147.79	0	0	0	0	0	4.9264	9.8529	556.69	0	0	0	0	0	0	0	59.117	0	0	0	0	14.779	147.79	142.87	0	0	0	0	0	0	0	0	172.43	78.823	0	0	0	0	0	463.09	0	0	24.632	1675	4.9264	157.65	3650.5	29.559	0	211.84	0	0	19.706	0	0	0	0	0	0	0	0	0	0	0	0	0	0	0	192.13	0	4.9264	0	0	93.603	0	0	349.78	0	0	0	0	0	24.632	0	88.676	0	0	0	0	0	0	4.9264	0	0	19.706	0	0	0	0	0	0	0	0	29.559	0	0	0	0	0	0	0	0	0	0	29.559	0	0	0	0	0	0	0	0	0	0	108.38	0	0	0	14.779	0	0	0	0	0	0	19.706	12587	0	0	0	24.632	0	0	0	0	0	0	0	0	0	0	0	0	0	0	0	14.779	0	0	0	0	0	0	0	0	0	0	0	0	0	0	39.412	0	0	0	0	0	0	0	0	0	0	0	0	0	167.5	0	0	0	0	0	0	0	0	0	0	0	0	34.485	886.76	0	118.24	0	256.17	34.485	0	1906.5	246.32	1413.9	344.85	0	0	325.15	0	19.706	0	14.779	384.26	142.87	0	0	19.706	0	0	44.338	428.6	256.17	4.9264	0	147.79	4.9264	635.51	458.16	0	2758.8	517.28	0	19189	0	0	0	399.04	0	0	0	349.78	251.25	19.706	0	472.94	433.53	9.8529	0	0	0
L142_A03	TH	0	0	0	0	0	0	0	6.7774	0	0	196.54	0	0	40.665	0	54.219	1158.9	6.7774	0	0	81.329	74.551	0	47.442	0	0	6.7774	0	257.54	67.774	0	799.73	325.32	13.555	40.665	0	54.219	0	13.555	3131.2	0	0	0	0	108.44	20.332	467.64	975.95	298.21	0	0	0	0	0	60.997	27.11	6.7774	20.332	264.32	745.52	169.43	33.887	0	1097.9	0	0	0	115.22	779.4	6.7774	0	88.106	47.442	0	0	0	257.54	27.11	0	0	271.1	47.442	548.97	0	142.33	6.7774	0	0	27.11	13.555	0	0	0	33.887	0	0	0	0	0	27.11	6.7774	94.884	0	0	0	0	54.219	0	0	0	0	0	0	27.11	13.555	0	20.332	13.555	0	0	108.44	0	0	0	0	0	0	0	6.7774	6.7774	0	0	0	0	13.555	0	0	0	0	379.54	0	0	0	0	0	0	6.7774	0	47.442	0	0	6.7774	0	0	0	0	0	0	0	0	0	0	0	67.774	0	0	0	0	169.43	142.33	81.329	54.219	6.7774	0	0	0	0	0	0	27.11	0	0	0	0	88.106	0	0	0	0	27.11	0	0	0	0	0	0	0	182.99	0	0	0	0	264.32	0	874.29	0	0	0	47.442	0	13.555	27.11	128.77	0	0	6.7774	0	13.555	0	6.7774	169.43	0	0	0	0	0	0	0	0	6.7774	0	0	0	0	0	176.21	0	0	0	67.774	0	40.665	4574.8	0	0	230.43	0	0	0	0	40.665	0	0	0	0	0	0	0	0	0	0	0	0	0	0	0	0	0	0	27.11	576.08	0	0	0	0	0	0	0	0	0	0	6.7774	338.87	0	0	0	0	0	0	0	67.774	0	0	0	0	0	0	0	0	0	0	0	0	6.7774	0	0	0	0	6.7774	0	0	0	0	0	0	0	0	0	0	0	6.7774	27.11	0	6.7774	0	67.774	0	27.11	0	0	0	0	0	2270.4	0	0	0	0	0	0	0	0	0	0	0	0	0	0	0	0	0	0	0	0	0	0	0	0	0	0	0	0	0	0	0	0	0	0	0	0	0	0	0	0	0	0	0	0	0	0	0	0	0	0	0	0	0	0	6.7774	0	6.7774	0	0	0	0	0	691.3	0	0	33.887	291.43	210.1	6.7774	738.74	142.33	1104.7	210.1	0	426.98	203.32	0	0	20.332	609.97	623.52	440.53	60.997	0	1030.2	128.77	0	237.21	555.75	0	352.42	0	365.98	0	406.64	0	0	3598.8	447.31	13.555	13555	67.774	0	0	0	0	0	0	440.53	0	0	0	426.98	0	81.329	0	0	0
L142_F03	TH	0	0	0	0	3.4618	0	0	79.622	6.9236	3.4618	214.63	41.542	0	24.233	0	27.694	453.5	83.084	13.847	6.9236	17.309	0	13.847	20.771	0	0	6.9236	0	124.63	27.694	6.9236	24.233	391.18	0	45.004	17.309	325.41	41.542	48.465	2087.5	0	0	0	17.309	128.09	20.771	294.25	893.15	439.65	0	0	3.4618	38.08	10.385	176.55	197.32	148.86	200.79	630.05	62.313	121.16	65.774	51.927	1779.4	45.004	24.233	100.39	363.49	1509.3	176.55	3.4618	72.698	484.65	90.007	62.313	169.63	128.09	96.931	0	0	207.71	10.385	861.99	0	131.55	45.004	0	0	27.694	3.4618	13.847	3.4618	20.771	31.156	10.385	0	0	0	0	0	13.847	86.545	0	6.9236	0	6.9236	51.927	0	27.694	20.771	0	0	13.847	3.4618	10.385	17.309	24.233	0	20.771	20.771	180.01	0	3.4618	13.847	0	3.4618	13.847	0	0	107.32	34.618	90.007	0	0	72.698	48.465	48.465	0	58.851	1578.6	0	0	13.847	27.694	0	83.084	62.313	10.385	0	0	0	0	0	0	0	65.774	0	0	0	3.4618	0	0	0	0	3.4618	0	0	27.694	24.233	882.76	121.16	0	86.545	0	72.698	0	0	0	0	27.694	0	0	0	0	13.847	0	0	0	0	0	0	24.233	0	0	0	0	17.309	0	20.771	10.385	0	0	65.774	6.9236	716.59	31.156	0	3.4618	0	0	45.004	0	138.47	76.16	0	3.4618	0	0	380.8	190.4	0	0	6.9236	0	0	0	0	0	96.931	810.06	0	0	0	0	0	609.28	0	0	0	3666.1	13.847	31.156	2430.2	0	3.4618	76.16	0	3.4618	55.389	0	24.233	0	162.71	0	0	0	0	0	0	48.465	0	0	0	0	273.48	41.542	3.4618	0	0	0	0	0	263.1	0	0	0	0	45.004	58.851	0	58.851	913.92	0	0	0	0	0	0	0	0	62.313	31.156	0	0	0	0	0	0	3.4618	128.09	0	0	0	3.4618	6.9236	0	0	0	0	3.4618	55.389	0	0	0	0	0	0	6.9236	0	0	3.4618	214.63	0	24.233	0	3.4618	0	31.156	0	0	0	10.385	6.9236	166.17	0	24.233	20.771	0	0	0	0	0	0	0	0	0	0	0	0	0	0	0	0	0	0	0	0	0	0	3.4618	0	0	0	0	0	0	0	380.8	0	0	0	526.2	0	0	34.618	6.9236	45.004	13.847	0	3.4618	0	0	17.309	0	0	0	6.9236	0	0	10.385	0	0	0	0	0	0	661.21	0	0	0	34.618	65.774	0	512.35	0	1253.2	301.18	24.233	280.41	647.36	20.771	10.385	48.465	321.95	401.57	467.35	6.9236	0	771.98	48.465	0	1329.3	408.49	93.469	0	0	20.771	0	405.03	0	17.309	1128.6	328.87	3.4618	12629	0	0	391.18	100.39	20.771	0	0	425.8	315.02	0	0	266.56	159.24	325.41	0	38.08	0
L142_H03	TH	0	0	0	0	0	0	0	78.17	0	0	189.84	111.67	72.586	39.085	0	0	1809.1	0	0	0	0	0	5.5836	0	0	0	0	0	50.252	0	0	658.86	122.84	0	55.836	0	61.419	0	0	3808	0	0	0	106.09	27.918	0	67.003	2652.2	1457.3	0	0	22.334	67.003	0	128.42	11.167	67.003	5.5836	307.1	0	22.334	156.34	0	904.54	89.337	0	0	117.25	329.43	0	0	0	770.53	0	0	0	0	5.5836	0	0	0	0	346.18	0	150.76	0	0	0	0	0	0	0	78.17	16.751	0	0	0	0	16.751	0	0	212.18	0	0	0	0	0	0	0	11.167	0	0	0	0	156.34	0	195.43	0	5.5836	89.337	72.586	100.5	0	0	0	0	0	0	0	0	0	22.334	0	0	0	50.252	0	0	89.337	731.45	0	240.09	0	0	0	0	5.5836	0	0	0	0	0	0	0	0	145.17	0	0	0	5.5836	0	0	0	134.01	0	0	0	0	78.17	776.12	50.252	0	0	0	0	0	0	0	0	0	0	0	0	0	396.43	0	0	0	0	5.5836	0	0	0	0	0	0	0	0	0	0	0	0	0	22.334	485.77	0	0	0	5.5836	0	0	0	0	106.09	0	94.921	0	0	72.586	11.167	44.668	0	0	0	0	0	0	0	50.252	335.01	0	0	0	0	0	22.334	0	0	0	2864.4	0	0	2328.4	0	0	0	0	0	0	0	5.5836	0	5.5836	0	0	0	0	0	0	11.167	0	0	0	0	0	0	0	0	11.167	27.918	0	0	0	0	0	0	0	0	0	0	0	0	0	0	0	0	0	78.17	0	0	0	0	0	0	0	0	0	0	0	33.501	0	0	0	0	0	0	0	0	0	0	0	0	0	0	0	0	0	0	0	0	0	279.18	0	0	0	11.167	0	33.501	0	0	0	0	0	4947	0	0	33.501	0	0	0	0	0	0	0	0	0	0	0	0	0	0	0	0	0	0	0	0	0	0	44.668	0	792.87	0	0	0	0	0	0	78.17	33.501	0	0	0	0	22.334	0	0	0	0	0	5.5836	0	55.836	0	0	0	0	0	0	0	0	0	0	0	0	0	759.36	0	0	0	569.52	33.501	0	603.03	39.085	496.94	228.93	0	251.26	340.6	0	0	83.754	67.003	563.94	697.95	0	0	887.79	240.09	0	0	960.37	0	0	0	16.751	0	44.668	0	22.334	2814.1	552.77	0	17231	0	0	0	16.751	128.42	0	0	485.77	22.334	0	27.918	714.7	0	5.5836	0	72.586	0
L142_A04	TH	0	0	0	0	0	0	0	261.8	0	0	53.899	877.79	0	15.4	0	7.6999	369.6	0	0	0	53.899	23.1	53.899	0	23.1	0	0	30.8	0	0	0	192.5	431.19	0	46.199	84.699	69.299	0	0	7807.7	0	0	0	0	0	30.8	46.199	669.89	908.59	0	0	0	7.6999	0	30.8	0	123.2	30.8	708.39	215.6	30.8	38.499	0	1871.1	46.199	0	177.1	107.8	169.4	0	0	7.6999	7.6999	38.499	0	0	146.3	30.8	0	0	0	0	346.49	0	7.6999	15.4	0	0	0	53.899	0	0	100.1	0	0	0	0	0	0	0	0	92.399	0	0	0	0	0	0	53.899	7.6999	0	0	30.8	0	0	0	30.8	0	154	46.199	215.6	0	76.999	0	0	0	0	0	0	46.199	261.8	115.5	0	0	0	0	0	0	30.8	369.6	0	0	261.8	0	0	0	61.599	0	0	0	0	0	0	0	0	76.999	0	0	0	0	0	0	123.2	53.899	0	0	0	0	15.4	177.1	23.1	0	15.4	0	0	0	0	0	0	23.1	0	0	0	0	431.19	0	61.599	0	0	0	0	0	0	0	0	0	0	0	0	0	0	0	146.3	0	384.99	0	0	0	0	0	15.4	0	23.1	0	0	23.1	0	0	631.39	92.399	0	0	0	0	0	0	0	0	23.1	1493.8	0	0	0	0	0	207.9	0	0	0	4781.6	0	7.6999	7168.6	0	300.3	138.6	0	0	0	0	231	0	0	0	0	0	0	0	0	569.79	0	0	15.4	0	169.4	0	115.5	0	0	154	0	0	0	0	0	0	0	0	0	7.6999	0	0	0	0	0	0	0	0	0	0	184.8	0	0	0	0	0	0	0	0	0	0	0	0	0	0	0	0	0	0	0	0	0	0	0	0	0	0	0	0	7.6999	0	69.299	0	46.199	0	0	0	192.5	0	0	0	0	15.4	23.1	0	0	0	0	0	0	0	0	0	0	0	0	0	0	0	0	0	0	0	100.1	0	0	0	0	0	130.9	0	0	0	0	0	0	0	0	161.7	130.9	0	0	0	0	0	0	0	0	0	0	0	15.4	0	0	0	0	0	0	0	0	0	0	0	0	0	0	53.899	0	0	0	400.39	0	0	0	7.6999	7.6999	531.29	76.999	0	277.2	854.69	30.8	0	0	562.09	46.199	0	0	284.9	184.8	0	0	723.79	15.4	23.1	0	0	0	354.2	0	1578.5	762.29	415.79	0	11773	0	0	0	15.4	0	0	0	708.39	0	46.199	0	169.4	377.3	169.4	0	0	0
L142_B04	TH	12.254	0	0	0	0	49.018	0	128.67	6.1272	0	306.36	6.1272	0	79.653	0	67.399	465.67	0	0	0	18.382	0	0	0	30.636	0	0	79.653	24.509	6.1272	0	477.92	61.272	73.526	128.67	6.1272	392.14	251.21	134.8	5434.8	0	0	0	0	6.1272	67.399	165.43	1102.9	673.99	0	18.382	0	0	42.89	220.58	128.67	300.23	73.526	833.3	324.74	214.45	73.526	0	2181.3	18.382	24.509	18.382	416.65	1164.2	30.636	12.254	91.908	226.71	73.526	0	24.509	202.2	67.399	0	0	36.763	104.16	680.12	0	312.49	30.636	0	6.1272	85.781	24.509	0	36.763	49.018	91.908	0	0	0	36.763	0	67.399	49.018	367.63	0	49.018	0	24.509	0	0	0	12.254	0	0	0	42.89	171.56	12.254	122.54	6.1272	85.781	24.509	312.49	0	0	24.509	24.509	0	6.1272	0	0	24.509	18.382	12.254	0	30.636	36.763	0	0	0	183.82	140.93	49.018	0	0	18.382	0	0	36.763	0	0	0	0	0	0	12.254	0	0	0	0	0	0	0	0	0	0	0	0	0	0	300.23	140.93	226.71	0	6.1272	0	6.1272	0	0	0	0	73.526	0	0	0	0	0	0	0	0	0	18.382	0	104.16	0	0	0	0	0	0	12.254	0	6.1272	0	6.1272	6.1272	416.65	0	0	30.636	30.636	12.254	36.763	0	18.382	0	0	0	0	30.636	30.636	18.382	0	0	0	0	0	0	0	0	79.653	98.035	0	0	0	0	0	349.25	0	0	0	3051.3	18.382	49.018	1133.5	0	0	79.653	0	0	55.145	0	165.43	0	49.018	0	0	0	0	0	0	196.07	0	0	0	0	55.145	0	0	0	30.636	0	0	0	61.272	0	0	0	0	30.636	0	0	104.16	0	0	0	0	0	0	0	0	0	6.1272	42.89	0	0	0	18.382	0	0	6.1272	30.636	0	0	0	0	0	0	0	0	0	0	67.399	0	0	0	0	0	0	6.1272	0	0	0	98.035	12.254	0	0	12.254	0	91.908	0	12.254	0	12.254	0	2267.1	0	0	183.82	0	0	0	0	0	0	0	0	0	0	0	0	0	0	0	0	0	0	0	0	0	0	0	0	0	0	0	0	0	0	0	61.272	0	0	0	0	0	6.1272	0	6.1272	0	0	0	0	0	36.763	0	0	0	0	0	0	0	0	0	0	0	0	0	821.04	0	0	12.254	349.25	0	12.254	2414.1	110.29	1507.3	361.5	128.67	582.08	398.27	42.89	24.509	0	680.12	336.99	263.47	0	0	2022	110.29	36.763	0	196.07	551.45	0	0	85.781	0	324.74	0	0	1599.2	61.272	0	15171	0	0	0	91.908	6.1272	36.763	0	435.03	12.254	0	0	177.69	0	18.382	0	0	0
L142_C04	TH	0	0	0	0	0	72.183	0	56.142	0	0	203.18	0	0	42.775	10.694	45.449	847.48	50.796	0	0	216.55	37.428	18.714	2.6734	5.3469	0	5.3469	0	462.51	1013.2	8.0203	88.224	283.39	0	32.081	0	37.428	48.122	72.183	4221.4	0	21.388	0	0	61.489	72.183	93.571	1248.5	585.48	0	2.6734	0	0	5.3469	179.12	45.449	192.49	13.367	393	90.897	106.94	53.469	5.3469	1366.1	5.3469	0	88.224	187.14	283.39	10.694	8.0203	205.85	585.48	2.6734	0	13.367	40.102	66.836	0	0	32.081	8.0203	342.2	0	149.71	155.06	0	0	13.367	0	0	0	21.388	50.796	0	0	5.3469	0	32.081	48.122	117.63	98.918	0	0	0	0	157.73	0	0	229.92	0	0	8.0203	66.836	48.122	5.3469	133.67	8.0203	72.183	5.3469	205.85	50.796	0	0	0	5.3469	0	0	0	34.755	0	8.0203	0	0	2.6734	0	40.102	0	45.449	532.02	13.367	0	2.6734	0	0	0	16.041	0	0	0	0	0	2.6734	0	0	61.489	2.6734	0	0	2.6734	0	0	2.6734	0	56.142	0	2.6734	0	74.856	205.85	104.26	0	29.408	0	0	0	0	0	0	53.469	0	0	0	0	26.735	26.735	0	0	0	0	0	13.367	0	0	8.0203	0	5.3469	0	2.6734	13.367	0	0	21.388	2.6734	593.51	2.6734	0	2.6734	0	0	93.571	0	171.1	106.94	0	2.6734	10.694	32.081	0	149.71	0	0	0	0	0	0	0	0	2.6734	163.08	0	0	0	0	0	411.71	0	0	0	2475.6	0	184.47	2210.9	0	0	120.31	0	0	42.775	0	0	0	48.122	0	0	0	0	0	0	58.816	0	0	34.755	0	2.6734	18.714	109.61	0	0	32.081	0	0	56.142	0	0	0	0	2.6734	0	0	117.63	0	0	0	0	0	0	0	0	0	29.408	0	0	0	0	0	0	0	0	26.735	0	0	0	0	0	0	0	0	2.6734	2.6734	37.428	0	0	5.3469	0	0	0	0	0	0	0	211.2	0	481.22	0	5.3469	0	90.897	29.408	0	0	0	26.735	3245.6	0	0	0	13.367	2.6734	0	0	0	0	0	0	0	0	0	0	2.6734	0	0	0	0	0	0	0	0	0	0	0	0	0	0	0	0	0	0	2.6734	0	0	0	0	0	0	0	0	0	0	10.694	0	5.3469	10.694	0	0	0	5.3469	0	0	0	0	0	0	0	0	0	785.99	0	0	2.6734	379.63	45.449	10.694	1441	74.856	2104	724.5	29.408	227.24	352.89	596.18	32.081	0	48.122	294.08	732.52	117.63	0	165.75	109.61	2.6734	56.142	965.11	144.37	16.041	29.408	90.897	5.3469	77.53	0	0	2617.3	149.71	21.388	10945	0	0	0	74.856	2.6734	0	0	930.36	42.775	10.694	0	243.28	45.449	125.65	29.408	0	0
L142_D04	TH	0	0	0	10.829	0	0	0	21.659	0	0	368.2	985.47	0	54.146	0	0	1602.7	21.659	0	0	0	21.659	0	0	10.829	0	0	32.488	97.464	205.76	0	454.83	184.1	0	86.634	0	227.41	0	75.805	2804.8	0	21.659	0	0	43.317	0	259.9	519.81	1169.6	0	0	21.659	32.488	43.317	54.146	86.634	1256.2	32.488	422.34	54.146	43.317	151.61	0	801.37	21.659	0	0	389.86	498.15	0	0	75.805	1386.2	0	0	0	10.829	249.07	0	0	184.1	433.17	866.34	0	0	10.829	0	10.829	10.829	10.829	0	21.659	64.976	0	0	259.9	0	0	0	0	0	173.27	0	0	0	0	259.9	0	10.829	64.976	0	0	0	0	10.829	0	194.93	0	64.976	0	400.68	32.488	0	0	0	0	0	0	0	0	64.976	0	0	0	10.829	0	10.829	0	32.488	21.659	0	0	32.488	10.829	0	0	0	0	0	0	0	0	0	0	0	0	0	0	0	0	0	0	75.805	0	64.976	0	0	0	43.317	541.47	151.61	0	10.829	0	21.659	0	0	0	0	0	0	0	0	0	32.488	0	0	0	0	0	0	0	0	0	0	0	0	0	0	0	0	0	0	32.488	703.91	0	0	0	0	0	0	0	43.317	0	0	43.317	0	32.488	227.41	97.464	0	0	0	0	0	0	0	0	64.976	21.659	0	0	0	0	0	151.61	0	0	119.12	2144.2	0	205.76	541.47	0	0	3941.9	0	0	43.317	0	0	0	10.829	0	0	0	0	0	0	10.829	0	0	0	0	216.59	0	10.829	0	0	877.17	0	0	0	0	0	0	0	0	0	0	0	0	0	0	0	0	0	0	0	0	0	32.488	0	0	0	0	0	0	0	108.29	0	0	0	0	0	0	0	0	0	0	54.146	0	0	0	0	0	0	0	0	0	0	64.976	43.317	0	0	43.317	0	0	0	0	0	0	140.78	64.976	0	0	0	0	0	0	0	0	0	0	0	0	0	0	0	0	0	0	0	0	0	0	0	0	0	0	0	0	0	0	0	0	0	0	0	0	0	0	0	0	0	0	10.829	0	0	0	0	0	0	0	0	0	32.488	0	0	0	0	0	0	216.59	0	0	1267	0	0	0	64.976	0	0	487.32	162.44	1960.1	465.66	86.634	346.54	508.98	0	140.78	97.464	205.76	768.88	54.146	0	0	216.59	21.659	0	21.659	996.3	0	0	0	573.95	0	173.27	0	0	2804.8	238.24	0	11566	0	0	0	97.464	0	0	0	476.49	0	0	0	75.805	422.34	129.95	0	0	0
L142_F04	TH	0	0	0	0	0	0	0	86.573	12.368	0	65.961	189.64	0	41.225	0	16.49	469.97	0	0	0	12.368	0	696.71	193.76	0	0	0	226.74	32.98	4.1225	0	107.19	144.29	12.368	28.858	12.368	288.58	24.735	32.98	3034.2	0	0	0	0	32.98	115.43	189.64	552.42	342.17	0	0	0	4.1225	16.49	395.76	8.2451	37.103	445.23	507.07	82.451	49.471	0	12.368	1513	28.858	0	185.51	82.451	1253.3	61.838	0	272.09	267.96	156.66	0	57.715	65.961	177.27	0	0	12.368	123.68	383.4	0	37.103	0	0	0	53.593	4.1225	0	0	8.2451	8.2451	0	0	0	0	16.49	20.613	94.818	131.92	0	0	0	0	0	8.2451	16.49	0	0	0	0	214.37	197.88	0	70.083	0	8.2451	0	53.593	0	16.49	0	0	24.735	4.1225	0	0	45.348	45.348	0	0	0	0	0	4.1225	0	28.858	1133.7	0	0	8.2451	12.368	0	0	12.368	0	0	0	0	0	53.593	0	0	61.838	0	0	0	0	0	0	24.735	0	0	0	0	0	12.368	292.7	0	0	28.858	0	0	0	0	0	0	0	0	0	0	0	8.2451	0	0	0	0	0	0	156.66	0	0	12.368	0	0	0	0	0	4.1225	0	0	24.735	614.26	0	0	0	0	8.2451	49.471	0	12.368	82.451	0	0	0	0	296.82	94.818	0	0	0	0	0	0	0	0	111.31	28.858	0	0	0	0	0	416.38	0	8.2451	0	5639.6	8.2451	321.56	3248.6	0	0	94.818	0	0	37.103	0	0	0	20.613	0	0	0	0	0	0	20.613	0	0	0	0	20.613	0	0	0	0	41.225	0	0	0	0	0	0	0	24.735	0	0	0	0	0	0	0	0	0	0	0	0	4.1225	0	0	0	0	4.1225	0	0	0	24.735	0	0	16.49	0	0	0	0	0	0	0	4.1225	0	0	0	0	0	0	4.1225	0	0	0	107.19	0	119.55	0	4.1225	0	152.53	0	0	0	0	8.2451	24.735	0	0	0	45.348	4.1225	0	0	0	0	0	0	0	0	0	0	0	0	0	0	0	0	0	0	0	0	0	0	0	0	0	0	0	0	0	37.103	0	0	4.1225	0	0	0	0	4.1225	0	0	45.348	0	0	0	0	0	0	0	0	0	4.1225	0	0	0	0	0	0	808.02	0	0	0	169.02	0	8.2451	1257.4	799.77	1174.9	276.21	0	449.36	680.22	222.62	127.8	0	41.225	535.93	32.98	0	65.961	556.54	214.37	16.49	511.2	387.52	531.81	12.368	0	24.735	0	338.05	16.49	0	3030.1	189.64	0	12063	0	0	0	16.49	0	74.206	0	873.98	0	0	0	53.593	206.13	82.451	0	0	0
L142_A05	TH	0	0	0	0	0	0	0	113.01	0	23.381	163.67	35.072	31.175	0	0	15.587	1893.9	23.381	3.8968	0	11.691	0	0	0	0	0	15.587	0	140.29	50.659	7.7937	77.937	245.5	0	23.381	0	89.627	0	190.95	1593.8	0	0	0	0	0	31.175	151.98	2318.6	377.99	0	0	0	7.7937	27.278	46.762	0	35.072	0	233.81	35.072	3.8968	0	0	1200.2	70.143	0	7.7937	124.7	467.62	15.587	0	54.556	23.381	0	0	857.3	132.49	109.11	0	0	42.865	97.421	717.02	0	54.556	105.21	7.7937	0	42.865	3.8968	0	23.381	7.7937	0	0	0	0	0	0	0	0	27.278	0	0	0	0	358.51	0	15.587	7.7937	0	7.7937	0	0	0	0	0	11.691	11.691	0	307.85	0	0	0	7.7937	0	0	0	0	27.278	0	0	0	0	7.7937	0	0	0	93.524	615.7	0	0	0	7.7937	0	0	66.246	0	0	27.278	0	0	0	0	0	15.587	0	0	0	0	0	7.7937	0	50.659	0	0	0	0	2003	27.278	116.9	0	62.349	0	0	0	0	0	0	0	3.8968	0	0	0	794.96	0	0	0	0	15.587	0	7.7937	0	0	0	0	0	0	370.2	0	0	0	0	0	1059.9	3.8968	0	7.7937	0	0	0	0	210.43	0	0	46.762	0	0	54.556	50.659	0	0	0	0	0	0	0	0	7.7937	0	0	0	0	0	0	245.5	0	0	0	416.96	31.175	0	2564.1	0	0	105.21	7.7937	0	23.381	0	0	0	7.7937	0	0	0	0	0	0	7.7937	0	0	0	132.49	3.8968	0	23.381	0	0	85.73	0	0	66.246	0	0	0	0	23.381	0	0	113.01	0	0	0	0	0	0	0	0	0	159.77	0	0	0	0	0	0	0	0	50.659	0	0	0	0	0	0	0	0	0	0	93.524	0	0	0	0	0	0	0	0	0	0	54.556	0	0	0	120.8	0	15.587	0	70.143	0	0	15.587	5046.4	0	0	0	136.39	0	0	0	0	0	0	0	0	0	0	0	0	0	0	0	128.6	0	0	0	0	0	0	11.691	19.484	0	0	0	0	0	0	35.072	0	0	0	0	0	0	0	0	11.691	0	0	0	0	19.484	0	0	0	7.7937	0	0	0	0	0	0	0	0	27.278	650.77	0	0	0	11.691	62.349	0	1293.8	109.11	1375.6	331.23	163.67	0	315.64	0	0	0	62.349	436.45	3.8968	27.278	35.072	210.43	70.143	0	1063.8	1399	0	0	19.484	54.556	0	342.92	27.278	0	2349.8	11.691	0	16265	0	0	0	50.659	58.453	0	0	303.95	66.246	144.18	0	210.43	479.31	81.834	23.381	0	0
L142_D05	TH	0	0	0	0	0	0	0	213.35	4.9617	0	119.08	362.2	0	4.9617	0	29.77	704.56	0	0	34.732	178.62	228.24	0	0	0	0	0	138.93	29.77	0	2138.5	357.24	431.67	0	34.732	1379.3	64.502	0	218.32	6043.4	0	0	0	0	203.43	14.885	178.62	937.76	744.25	0	0	9.9234	14.885	9.9234	168.7	59.54	109.16	0	391.97	0	14.885	89.311	14.885	1751.5	19.847	0	74.425	302.66	1786.2	34.732	0	99.234	1042	0	0	0	158.77	64.502	0	0	535.86	29.77	193.51	0	79.387	54.579	0	0	173.66	4.9617	0	0	4.9617	29.77	14.885	0	9.9234	69.464	0	69.464	29.77	133.97	0	29.77	0	0	267.93	0	0	64.502	0	0	0	4.9617	9.9234	0	19.847	29.77	69.464	54.579	74.425	0	0	0	0	0	0	0	0	14.885	0	4.9617	0	0	4.9617	0	4.9617	0	14.885	1959.9	0	0	0	0	0	0	14.885	0	0	0	4.9617	0	0	0	0	29.77	0	0	0	0	0	0	0	0	19.847	0	0	0	74.425	535.86	4.9617	0	69.464	0	0	0	0	0	0	29.77	0	0	0	0	223.28	0	0	0	0	0	0	74.425	0	0	9.9234	0	44.655	0	0	0	0	0	0	0	654.94	0	0	0	0	0	19.847	0	99.234	94.272	0	14.885	14.885	24.809	44.655	347.32	0	0	0	0	0	0	0	54.579	24.809	9.9234	0	0	0	0	0	49.617	0	0	0	2867.9	0	29.77	3795.7	19.847	0	84.349	4.9617	0	793.87	0	0	0	183.58	0	0	0	0	0	0	34.732	0	0	0	0	0	0	0	0	0	29.77	0	0	59.54	0	0	0	0	0	44.655	0	0	0	0	0	0	0	0	0	0	0	0	0	0	0	0	0	0	0	0	19.847	0	0	0	0	0	0	0	0	0	0	178.62	0	0	0	0	0	0	0	0	0	9.9234	94.272	0	104.2	0	0	0	4.9617	0	0	0	0	39.694	4281.9	0	0	0	0	0	0	0	0	0	0	0	0	0	0	0	0	0	0	0	168.7	0	0	0	0	4.9617	0	0	0	0	0	0	0	0	0	74.425	0	0	0	0	0	0	0	0	0	0	0	0	0	9.9234	0	0	0	0	0	0	0	332.43	0	0	0	0	0	272.89	0	0	0	54.579	0	0	501.13	302.66	1210.7	520.98	104.2	124.04	233.2	24.809	0	0	59.54	461.44	0	99.234	0	124.04	84.349	9.9234	158.77	625.17	491.21	34.732	0	0	0	342.36	0	2461	1463.7	178.62	0	10559	0	0	0	148.85	0	0	0	649.98	0	4.9617	0	267.93	228.24	99.234	4.9617	0	0
L142_B06	TH	0	0	0	0	0	0	0	0	0	0	321.98	0	0	35.776	0	14.31	658.27	28.621	0	0	0	14.31	0	28.621	0	0	0	0	672.58	143.1	0	522.32	264.74	0	357.76	0	214.65	0	21.465	5144.5	0	107.33	0	0	0	14.31	300.52	1609.9	314.83	0	0	0	0	7.1551	93.017	7.1551	64.396	0	271.89	7.1551	14.31	7.1551	7.1551	1452.5	0	0	107.33	35.776	150.26	0	0	0	135.95	7.1551	0	28.621	93.017	135.95	0	0	701.2	243.27	143.1	0	14.31	0	0	0	50.086	0	0	0	7.1551	7.1551	0	71.551	0	0	0	0	114.48	193.19	0	0	0	0	28.621	0	0	93.017	28.621	0	0	0	0	0	0	0	57.241	0	21.465	35.776	0	0	0	0	0	0	0	42.931	28.621	0	0	0	0	0	0	0	35.776	93.017	0	0	0	28.621	0	0	0	0	0	0	0	0	0	0	0	135.95	0	0	0	0	0	0	0	0	0	0	0	0	0	35.776	35.776	0	0	0	0	0	0	0	0	93.017	0	0	57.241	0	0	0	0	0	0	0	0	0	0	0	0	0	0	0	0	0	0	0	0	7.1551	980.25	0	0	0	0	0	0	0	0	0	0	0	0	0	42.931	57.241	0	0	0	0	0	0	0	0	0	7.1551	0	0	0	0	0	78.706	7.1551	0	14.31	114.48	0	42.931	5445	0	0	128.79	0	0	0	0	0	0	0	0	0	0	0	0	0	694.05	0	0	0	0	28.621	257.58	0	0	0	0	0	0	100.17	0	0	0	0	0	0	0	0	0	0	0	0	0	0	7.1551	0	0	0	0	28.621	0	0	0	0	0	0	7.1551	0	0	0	0	0	0	0	0	0	0	0	0	0	0	0	0	0	0	0	0	0	35.776	0	157.41	0	0	0	257.58	0	0	0	14.31	0	1717.2	0	0	0	0	21.465	0	0	0	0	0	0	0	0	0	0	0	0	0	0	0	0	0	0	0	0	0	0	0	0	0	0	0	0	0	0	0	0	0	0	0	0	0	0	0	0	0	14.31	0	121.64	0	0	0	0	0	0	0	0	0	0	0	0	0	550.94	0	0	0	57.241	21.465	0	729.82	64.396	1287.9	286.2	0	0	486.55	0	0	0	42.931	465.08	178.88	0	0	0	121.64	0	228.96	565.26	679.74	0	7.1551	21.465	7.1551	193.19	0	0	2332.6	0	0	14761	0	0	0	0	207.5	0	0	601.03	0	0	42.931	429.31	407.84	7.1551	0	0	0
L142_E06	TH	0	0	0	0	0	0	0	21.322	0	14.215	497.52	0	0	10.661	7.1074	0	781.81	31.983	0	0	611.23	53.305	334.05	21.322	0	35.537	0	0	56.859	138.59	0	355.37	270.08	0	255.87	0	17.768	10.661	17.768	1517.4	0	49.752	0	0	127.93	46.198	213.22	1542.3	252.31	0	0	0	0	0	39.09	56.859	14.215	0	330.49	74.627	7.1074	0	0	1375.3	0	0	0	106.61	788.92	21.322	0	14.215	259.42	24.876	0	0	181.24	746.27	0	0	28.43	3.5537	387.35	0	191.9	7.1074	0	0	195.45	0	21.322	0	31.983	10.661	0	24.876	7.1074	0	0	0	0	319.83	0	0	0	0	35.537	0	0	174.13	0	0	0	0	35.537	7.1074	10.661	0	35.537	53.305	46.198	0	0	0	10.661	0	0	0	0	21.322	7.1074	0	0	0	0	0	0	0	17.768	753.38	28.43	0	14.215	0	24.876	0	49.752	21.322	7.1074	0	0	0	0	0	0	3.5537	0	0	0	0	0	0	0	24.876	0	0	0	0	188.35	461.98	227.44	0	0	0	0	0	0	0	0	0	0	0	0	0	14.215	0	0	0	0	0	0	10.661	0	0	0	0	0	0	17.768	0	0	0	7.1074	0	724.95	0	0	0	0	21.322	74.627	21.322	202.56	0	0	0	0	0	664.54	156.36	0	0	0	0	0	0	0	0	149.26	138.59	0	0	0	0	0	223.88	0	0	0	56.859	7.1074	39.09	4164.9	0	0	85.288	0	0	39.09	0	24.876	0	3.5537	0	0	0	0	0	0	17.768	0	0	78.181	0	3.5537	0	0	0	0	220.33	0	0	60.413	0	0	0	0	0	0	0	0	0	0	0	0	0	0	10.661	0	0	0	0	0	0	0	21.322	0	0	0	110.16	0	0	0	0	0	0	0	0	0	0	28.43	0	0	0	0	0	0	0	0	0	0	17.768	0	7.1074	0	56.859	0	120.82	46.198	0	0	0	0	11532	0	0	0	0	0	0	0	0	0	0	0	0	0	0	0	0	0	0	3.5537	0	0	0	0	0	0	0	0	0	0	0	0	0	0	0	110.16	0	0	0	0	0	0	0	0	7.1074	0	0	10.661	10.661	0	0	0	0	0	0	0	7.1074	0	0	0	0	0	0	938.17	0	0	0	7.1074	0	14.215	3.5537	28.43	1659.6	607.68	0	0	199.01	95.95	0	0	202.56	326.94	3.5537	0	39.09	575.7	81.735	0	0	653.88	14.215	135.04	0	103.06	0	206.11	330.49	0	1503.2	42.644	28.43	13166	0	0	0	199.01	0	0	0	707.18	95.95	49.752	42.644	469.09	319.83	53.305	0	0	0
L142_E07	TH	0	0	0	0	0	0	0	0	0	0	0	0	0	0	0	0	184.12	0	0	0	0	0	0	0	0	0	0	0	578.67	0	0	105.21	657.58	0	105.21	0	105.21	0	0	7312.3	0	0	0	0	0	0	0	1446.7	52.607	0	0	0	0	0	210.43	0	0	0	26.303	0	0	0	0	1394.1	0	0	0	131.52	368.25	0	0	0	341.94	0	0	0	0	26.303	0	0	0	0	420.85	0	473.46	0	0	0	0	0	0	0	0	157.82	0	105.21	0	0	0	0	0	0	0	0	0	52.607	0	0	0	0	0	0	0	0	0	26.303	0	0	26.303	0	420.85	0	0	0	0	210.43	0	0	0	0	0	0	0	0	0	0	0	0	0	26.303	0	0	0	0	0	0	0	0	0	236.73	0	0	0	0	0	0	0	0	0	0	157.82	0	0	0	0	0	0	0	0	4129.6	210.43	0	78.91	0	0	0	0	0	0	0	0	0	0	0	0	0	0	0	0	0	0	0	0	0	0	0	0	0	0	0	0	0	0	0	631.28	0	0	0	0	0	0	0	131.52	0	0	0	0	0	0	0	0	0	0	0	0	0	0	0	0	105.21	0	0	0	0	0	2209.5	0	0	0	236.73	0	263.03	2130.6	0	0	0	0	0	0	0	0	0	0	0	0	0	0	0	0	0	0	0	0	0	0	0	0	0	0	0	0	0	157.82	0	0	0	0	0	0	0	0	52.607	0	0	0	0	0	0	26.303	0	0	0	0	0	0	0	0	0	0	0	0	0	0	0	0	0	0	0	0	0	368.25	0	0	0	0	0	0	0	0	0	0	0	0	0	0	78.91	0	0	0	0	0	0	0	26.303	0	0	0	0	0	0	0	0	0	0	0	0	0	0	0	0	0	0	0	0	0	0	0	0	0	0	0	0	0	0	0	0	0	0	26.303	0	0	0	0	0	0	0	0	0	0	0	0	0	0	0	0	0	0	0	0	0	0	0	0	0	0	0	1420.4	0	0	0	0	0	0	78.91	0	1630.8	499.76	0	0	289.34	0	0	0	0	1236.3	0	0	0	0	210.43	0	26.303	131.52	157.82	0	0	473.46	0	0	0	0	210.43	2078	0	17676	0	0	0	315.64	0	0	0	841.71	0	0	0	631.28	420.85	26.303	0	0	0
L142_H07	TH	0	0	0	0	2.3358	25.694	0	58.396	0	0	291.98	2.3358	0	9.3433	0	0	679.72	7.0075	0	0	7.0075	0	2.3358	39.709	0	0	0	32.702	242.93	158.84	0	336.36	270.96	0	35.037	0	149.49	0	9.3433	429.79	0	18.687	0	0	7.0075	79.418	140.15	901.63	485.85	0	0	0	9.3433	0	149.49	37.373	210.22	0	390.08	270.96	98.105	63.067	0	1270.7	21.022	0	63.067	165.84	1396.8	53.724	28.03	39.709	294.31	2.3358	11.679	224.24	53.724	44.381	0	0	205.55	23.358	320.01	0	172.85	4.6716	0	0	11.679	4.6716	0	4.6716	79.418	18.687	4.6716	0	2.3358	0	0	0	2.3358	81.754	0	0	0	0	0	0	7.0075	359.72	7.0075	0	7.0075	0	14.015	4.6716	156.5	56.06	32.702	30.366	135.48	88.761	0	2.3358	0	7.0075	4.6716	0	0	28.03	42.045	0	0	0	7.0075	0	4.6716	0	21.022	1462.2	2.3358	0	21.022	0	0	0	25.694	14.015	0	0	0	2.3358	0	0	4.6716	91.097	0	0	0	0	2.3358	0	32.702	0	0	0	0	7.0075	266.28	305.99	191.54	0	49.052	0	2.3358	0	0	4.6716	0	0	0	0	2.3358	0	0	0	0	0	0	2.3358	0	37.373	0	0	0	0	21.022	0	21.022	4.6716	0	0	39.709	4.6716	614.32	7.0075	0	0	0	0	327.02	0	226.57	18.687	2.3358	7.0075	0	95.769	301.32	815.2	0	0	0	2.3358	0	0	0	0	119.13	1163.2	0	0	11.679	0	0	516.22	0	0	0	1948.1	0	67.739	2265.8	2.3358	0	707.76	0	0	133.14	0	25.694	0	21.022	0	0	0	0	0	0	268.62	0	0	4.6716	0	0	14.015	0	0	0	0	0	0	7.0075	0	0	0	0	0	0	2.3358	7.0075	46.716	0	0	0	0	0	0	0	0	14.015	4.6716	0	0	0	4.6716	0	0	0	65.403	0	0	0	0	0	0	0	0	0	0	44.381	0	0	0	0	0	0	0	0	0	0	144.82	0	107.45	0	9.3433	0	67.739	2.3358	0	0	0	63.067	3401	0	0	0	2.3358	0	0	0	0	0	0	0	0	0	0	0	0	0	0	0	135.48	0	0	0	0	0	0	0	0	2.3358	0	0	0	0	0	44.381	0	0	0	0	0	0	0	2.3358	18.687	0	2.3358	0	18.687	16.351	0	0	0	0	0	0	0	0	0	0	0	0	0	906.3	0	0	0	506.87	4.6716	0	1270.7	63.067	1207.6	320.01	102.78	282.64	413.44	14.015	53.724	49.052	4.6716	541.91	387.75	147.16	0	44.381	46.716	0	91.097	626	0	65.403	32.702	11.679	14.015	149.49	0	0	1824.3	394.76	2.3358	10126	0	0	0	0	0	4.6716	0	387.75	0	0	0	418.11	121.46	114.46	0	0	0
L142_B08	TH	0	0	0	0	0	0	0	0	0	0	197.07	10.948	0	0	0	0	295.61	0	0	0	43.793	21.897	0	0	0	0	0	0	21.897	0	0	295.61	65.69	76.638	0	602.16	98.535	0	21.897	218.97	0	0	10.948	0	109.48	317.5	32.845	985.35	1390.4	0	0	10.948	0	0	21.897	0	142.33	10.948	98.535	10.948	10.948	87.587	0	1817.4	65.69	0	0	65.69	525.52	0	0	120.43	21.897	0	0	0	87.587	54.742	0	0	142.33	43.793	1423.3	0	0	32.845	0	0	0	0	0	0	43.793	87.587	0	0	0	0	0	0	0	120.43	0	0	0	0	0	0	0	43.793	0	0	0	0	43.793	0	832.07	0	0	0	0	0	0	0	0	0	0	0	0	0	0	0	0	0	0	0	0	0	0	10.948	0	0	0	0	0	21.897	0	0	0	0	0	10.948	0	0	0	0	0	0	0	0	0	0	0	0	0	0	0	0	32.845	10.948	197.07	0	0	0	21.897	0	0	0	0	0	0	0	0	0	10.948	0	0	0	0	0	0	0	0	0	0	0	0	0	0	0	0	0	0	0	547.42	0	0	0	0	0	0	0	21.897	0	0	10.948	0	9065.2	98.535	470.78	0	0	0	0	0	0	0	0	32.845	0	0	0	0	0	0	98.535	0	0	0	1302.8	0	744.49	1040.1	0	0	76.638	0	0	21.897	0	0	0	10.948	0	0	0	0	0	0	1390.4	0	0	0	0	350.35	0	0	87.587	0	0	0	0	0	0	98.535	0	0	0	0	0	0	0	0	0	0	0	0	0	0	0	0	0	0	10.948	0	0	0	0	0	0	0	0	0	0	0	0	0	0	0	0	0	0	0	0	0	0	0	0	0	0	0	481.73	0	0	0	0	0	0	0	0	0	0	0	569.31	0	0	0	0	10.948	0	0	0	0	0	0	0	0	10.948	0	0	0	0	0	0	0	0	0	0	0	0	0	0	0	0	0	0	0	0	0	0	0	0	0	0	0	0	0	0	0	0	0	0	0	0	0	0	87.587	0	0	21.897	0	0	0	0	0	0	120.43	0	0	0	0	0	0	908.71	317.5	2255.4	273.71	0	142.33	273.71	0	0	0	229.91	262.76	306.55	0	0	10.948	0	0	317.5	21.897	0	0	0	0	0	2704.2	0	0	930.61	503.62	0	6645.6	0	0	0	350.35	0	0	0	317.5	0	0	54.742	448.88	10.948	98.535	0	0	0
L142_D08	TH	0	0	0	0	12.192	0	0	152.39	0	6.0958	182.87	0	0	36.575	0	24.383	493.76	12.192	140.2	0	91.437	0	0	0	0	0	0	0	24.383	0	0	0	42.67	0	18.287	6.0958	91.437	0	121.92	5687.4	0	0	0	0	6.0958	91.437	536.43	1286.2	444.99	0	0	0	0	0	30.479	6.0958	67.053	6.0958	304.79	408.42	18.287	0	30.479	1255.7	0	0	36.575	335.27	1261.8	6.0958	0	0	128.01	67.053	0	0	85.341	0	54.862	0	237.74	0	432.8	0	249.93	341.36	0	0	12.192	36.575	0	0	121.92	0	0	0	0	0	0	6.0958	170.68	176.78	0	0	0	0	0	0	0	24.383	0	0	0	24.383	97.532	0	0	0	36.575	0	18.287	0	0	0	12.192	0	0	0	0	0	0	164.59	0	0	0	12.192	0	0	359.65	42.67	0	0	0	0	0	0	0	0	0	0	0	0	0	0	0	54.862	0	0	0	0	0	0	0	0	0	0	0	0	24.383	195.07	103.63	0	30.479	0	0	6.0958	0	0	0	0	0	0	0	0	12.192	0	0	0	0	0	0	256.02	0	0	0	0	0	0	0	0	0	0	121.92	0	719.3	0	0	0	0	146.3	0	0	0	0	0	0	0	0	176.78	134.11	0	0	0	0	0	0	0	0	152.39	152.39	0	0	0	0	0	633.96	0	0	0	6461.5	0	73.149	1956.7	0	0	170.68	0	0	30.479	0	0	0	6.0958	0	0	0	0	0	0	67.053	0	0	0	0	286.5	0	0	0	0	0	54.862	0	60.958	0	6.0958	0	0	103.63	0	0	73.149	0	0	0	0	0	0	0	0	0	0	0	48.766	0	0	0	0	0	6.0958	103.63	0	0	0	0	0	0	0	0	0	0	152.39	195.07	0	0	0	0	0	12.192	0	0	0	91.437	0	0	0	42.67	0	42.67	0	0	0	0	0	30.479	0	0	0	0	0	0	0	0	0	0	0	0	0	0	0	0	0	0	0	6.0958	0	0	0	0	0	0	0	0	0	0	0	0	0	0	0	0	0	0	0	0	0	0	0	0	0	0	0	0	0	0	0	0	0	0	0	0	0	0	0	0	0	0	761.97	0	0	0	176.78	54.862	12.192	274.31	24.383	1780	237.74	73.149	0	390.13	457.18	121.92	0	341.36	451.09	0	0	0	1408.1	292.6	0	6.0958	1597.1	0	79.245	0	237.74	0	0	0	0	1060.7	24.383	0	15892	24.383	0	0	12.192	0	0	0	390.13	0	0	91.437	231.64	353.55	73.149	0	0	0
L142_G08	TH	0	0	0	0	0	0	0	60.543	0	139.25	399.59	0	60.543	0	0	0	914.2	0	0	217.96	115.03	0	6.0543	0	0	0	0	0	0	393.53	472.24	42.38	332.99	157.41	0	0	60.543	0	24.217	284.55	0	0	0	0	217.96	30.272	345.1	811.28	417.75	0	72.652	24.217	12.109	0	102.92	36.326	320.88	0	617.54	96.869	30.272	48.435	6.0543	1513.6	36.326	0	205.85	72.652	690.19	18.163	0	260.34	793.12	0	0	0	6.0543	0	0	0	326.93	217.96	859.72	0	423.8	42.38	0	0	0	0	0	6.0543	60.543	6.0543	0	0	48.435	0	0	0	72.652	108.98	0	30.272	18.163	0	0	0	0	0	72.652	0	0	0	290.61	0	12.109	0	12.109	0	48.435	0	0	0	24.217	12.109	0	0	12.109	139.25	24.217	66.598	0	0	12.109	0	0	0	0	0	48.435	0	0	0	0	24.217	6.0543	0	0	0	0	0	0	0	0	0	0	0	0	0	6.0543	0	60.543	0	6.0543	0	0	0	90.815	302.72	121.09	0	6.0543	0	0	0	0	0	0	0	0	0	0	0	0	0	0	0	0	0	0	108.98	0	0	0	0	0	0	0	0	0	0	0	0	581.22	0	0	0	0	0	0	0	24.217	0	0	12.109	0	0	332.99	121.09	12.109	0	0	0	0	0	0	0	0	0	0	0	0	36.326	0	998.97	0	0	6.0543	1991.9	0	78.706	2452	0	0	0	0	0	24.217	0	0	0	0	0	0	0	0	0	0	36.326	0	0	0	0	0	0	0	0	0	0	0	0	0	0	0	0	0	0	0	0	0	0	0	0	0	0	0	78.706	12.109	0	6.0543	0	0	0	0	0	0	0	0	0	0	0	0	0	0	0	0	0	0	0	48.435	0	0	0	0	0	0	0	0	0	0	72.652	0	151.36	0	78.706	0	145.3	24.217	0	0	0	0	1059.5	0	0	0	0	0	0	0	0	0	0	24.217	0	0	0	0	0	0	0	0	12.109	0	0	0	0	0	0	0	0	0	0	0	0	0	0	157.41	0	0	0	0	0	0	0	6.0543	0	0	0	0	0	78.706	0	0	0	0	0	0	6.0543	0	0	0	0	0	0	605.43	0	0	0	454.08	2554.9	0	3190.6	108.98	1380.4	205.85	0	12.109	260.34	36.326	169.52	0	0	199.79	18.163	72.652	0	102.92	90.815	12.109	0	974.75	0	0	0	0	6.0543	799.17	30.272	0	1126.1	381.42	0	9638.5	0	0	0	78.706	0	0	0	756.79	0	0	0	24.217	78.706	454.08	0	0	0
L142_H08	TH	0	0	0	0	4.9516	0	0	44.565	0	0	148.55	0	0	7.4274	0	12.379	663.52	2.4758	0	0	165.88	0	126.27	44.565	0	0	0	29.71	319.38	170.83	0	272.34	269.86	0	128.74	9.9032	61.895	7.4274	54.468	1678.6	0	0	0	0	49.516	61.895	155.98	1096.8	643.71	32.186	0	0	0	0	56.944	19.806	61.895	0	180.73	44.565	17.331	0	9.9032	695.7	37.137	0	19.806	86.653	252.53	24.758	0	24.758	354.04	71.799	14.855	27.234	54.468	44.565	0	0	190.64	27.234	383.75	0	96.557	86.653	0	0	14.855	2.4758	0	0	49.516	9.9032	2.4758	0	0	0	0	0	7.4274	42.089	0	0	0	19.806	0	0	0	79.226	0	0	0	19.806	54.468	4.9516	207.97	0	12.379	7.4274	141.12	27.234	0	0	27.234	0	0	0	0	0	7.4274	0	0	0	69.323	0	0	0	19.806	42.089	0	0	0	0	0	0	22.282	0	0	0	0	0	0	0	0	205.49	0	0	0	0	0	0	0	0	0	0	0	0	7.4274	136.17	131.22	14.855	17.331	0	0	0	0	0	0	0	0	0	0	0	47.04	0	0	12.379	0	0	0	0	0	0	12.379	0	9.9032	2.4758	0	4.9516	0	0	116.36	0	651.14	0	0	7.4274	0	2.4758	2.4758	0	103.98	7.4274	0	14.855	0	0	86.653	61.895	0	0	0	0	0	0	0	0	277.29	970.52	4.9516	0	0	0	0	178.26	0	0	47.04	4666.9	2.4758	158.45	2998.2	0	4.9516	123.79	0	0	4.9516	0	0	0	7.4274	0	0	0	0	0	0	601.62	0	0	0	2.4758	7.4274	0	17.331	0	0	4.9516	0	0	0	0	0	0	0	0	0	2.4758	0	0	0	0	0	0	0	0	0	0	0	0	0	0	0	0	0	0	0	27.234	0	0	0	0	0	0	0	0	0	0	56.944	0	0	0	0	0	0	0	0	0	0	81.702	0	732.84	0	0	0	37.137	0	0	4.9516	0	4.9516	1804.9	0	0	0	2.4758	0	0	0	0	0	0	4.9516	0	0	0	0	0	0	0	0	39.613	0	0	0	0	0	0	0	0	0	0	0	2.4758	0	0	7.4274	0	0	0	0	0	2.4758	0	0	0	0	0	0	0	71.799	0	0	0	0	0	0	0	0	0	0	0	0	0	571.91	0	0	0	250.06	4.9516	2.4758	1203.2	131.22	1631.6	527.35	51.992	12.379	616.48	74.274	27.234	0	4.9516	401.08	438.22	0	56.944	91.605	141.12	0	12.379	948.24	7.4274	106.46	22.282	153.5	2.4758	579.34	0	0	878.91	339.19	2.4758	14097	0	0	0	108.94	0	0	0	579.34	14.855	0	2.4758	586.77	118.84	141.12	0	0	0
L142_B10	TH	0	0	0	10.857	0	0	0	97.712	0	0	282.28	0	0	50.666	0	14.476	1827.6	0	0	0	47.047	10.857	25.333	50.666	0	0	0	0	50.666	0	0	354.66	162.85	0	126.66	0	47.047	0	119.43	2218.4	0	0	0	0	10.857	39.809	589.89	2175	857.7	0	0	0	0	0	50.666	0	36.19	0	437.89	86.855	39.809	28.952	0	586.27	0	0	7.2379	152	1024.2	7.2379	3.619	68.76	466.85	0	0	3.619	123.04	123.04	0	0	394.47	39.809	535.61	0	39.809	0	0	0	7.2379	3.619	0	3.619	126.66	25.333	0	0	3.619	0	0	0	0	184.57	0	0	0	0	7.2379	0	0	10.857	0	0	0	0	123.04	7.2379	104.95	3.619	25.333	7.2379	311.23	0	0	0	0	0	0	0	0	0	32.571	3.619	0	0	0	0	0	0	0	680.37	0	0	123.04	0	0	43.428	18.095	0	0	3.619	0	0	0	0	0	97.712	0	0	0	0	0	0	3.619	0	0	0	0	0	202.66	7.2379	199.04	0	25.333	0	0	0	0	0	0	0	0	0	0	0	10.857	0	0	0	0	0	0	0	0	0	0	0	0	0	0	0	0	0	0	0	680.37	0	0	0	0	0	14.476	0	188.19	3.619	0	0	0	0	43.428	0	0	0	0	0	0	0	3.619	0	119.43	115.81	0	0	0	0	0	238.85	0	0	0	2113.5	0	79.617	3018.2	0	0	54.285	0	0	828.74	0	0	0	50.666	0	0	0	0	0	0	524.75	0	0	0	0	0	7.2379	0	0	0	0	0	0	130.28	0	25.333	0	0	14.476	0	0	54.285	0	0	0	0	0	0	0	0	0	0	0	0	0	0	0	0	0	7.2379	7.2379	0	0	0	0	0	0	0	0	0	0	61.522	0	0	0	0	0	0	0	0	0	0	47.047	0	0	0	0	0	36.19	0	0	0	0	0	5066.5	0	0	0	0	0	0	0	0	0	0	0	0	0	0	0	0	0	0	0	246.09	0	0	0	0	0	0	0	7.2379	0	0	0	0	0	0	57.903	0	0	0	0	0	0	0	14.476	0	0	10.857	0	0	28.952	0	0	25.333	0	0	0	28.952	3.619	0	0	0	0	0	633.32	0	0	0	32.571	0	14.476	691.22	0	1266.6	470.47	32.571	416.18	329.33	0	238.85	0	126.66	394.47	97.712	79.617	0	39.809	112.19	21.714	1201.5	314.85	220.76	3.619	0	65.141	0	97.712	0	0	3336.7	448.75	0	11700	0	0	0	61.522	108.57	3.619	0	1349.9	148.38	0	0	788.93	155.62	79.617	0	0	0
L142_C10	TH	0	0	3.4617	0	0	3.4617	0	13.847	0	0	200.78	0	0	24.232	0	0	1031.6	0	0	90.004	3.4617	0	3.4617	0	0	0	6.9234	0	65.772	86.543	0	72.696	394.63	3.4617	65.772	0	90.004	62.311	90.004	1713.5	3.4617	0	0	0	17.309	0	138.47	1350.1	495.02	0	6.9234	0	0	6.9234	155.78	34.617	124.62	38.079	266.55	48.464	17.309	155.78	0	1090.4	27.694	0	3.4617	69.234	1132	20.77	0	93.466	605.8	0	0	27.694	72.696	391.17	0	0	138.47	79.619	484.64	0	349.63	27.694	0	6.9234	6.9234	0	0	10.385	58.849	45.002	0	13.847	0	0	10.385	45.002	13.847	252.7	0	0	0	0	221.55	0	0	114.24	0	0	0	0	0	0	76.158	3.4617	128.08	6.9234	138.47	3.4617	0	0	0	0	0	0	0	0	45.002	3.4617	0	0	3.4617	0	0	0	273.48	200.78	0	0	0	3.4617	0	0	0	0	0	0	0	0	0	0	0	193.85	0	0	0	0	0	0	0	0	17.309	0	0	0	141.93	315.02	41.541	0	31.155	0	0	0	0	0	0	20.77	0	0	0	0	13.847	0	0	0	0	0	0	13.847	13.847	0	0	0	3.4617	0	0	27.694	0	0	3.4617	3.4617	785.81	0	0	20.77	27.694	0	0	0	204.24	0	0	48.464	3.4617	0	10.385	242.32	0	0	0	0	17.309	0	0	0	290.78	1447	34.617	0	0	38.079	0	366.94	0	0	0	2419.7	0	86.543	2620.5	0	17.309	51.926	6.9234	0	0	0	0	0	10.385	0	0	0	0	0	0	564.26	0	0	0	0	0	0	0	0	0	0	0	0	460.41	0	0	0	0	6.9234	0	0	20.77	3.4617	0	0	0	0	0	10.385	0	0	0	0	0	0	0	0	0	0	6.9234	55.387	0	0	0	0	0	0	0	0	0	0	41.541	20.77	0	0	0	0	0	3.4617	0	0	0	96.928	0	0	0	117.7	0	0	0	0	0	0	6.9234	48.464	0	0	0	3.4617	0	0	0	0	0	0	17.309	0	0	0	0	0	0	0	0	0	0	0	0	0	0	0	0	0	0	0	0	0	0	0	0	0	0	0	0	0	0	27.694	0	0	0	10.385	24.232	0	0	0	0	0	0	0	0	0	3.4617	0	0	0	0	0	789.27	0	0	0	83.081	62.311	3.4617	2218.9	96.928	1436.6	495.02	0	0	321.94	76.158	69.234	69.234	0	411.94	339.25	24.232	0	48.464	45.002	0	31.155	536.56	0	145.39	58.849	24.232	79.619	619.65	0	0	1453.9	79.619	0	10614	0	0	0	10.385	0	0	3.4617	574.64	0	79.619	10.385	609.26	408.48	200.78	0	0	0
L142_C11	TH	0	0	0	0	0	0	0	7.1191	0	0	441.38	0	0	0	0	7.1191	398.67	0	0	0	1217.4	7.1191	170.86	0	0	0	0	92.548	142.38	0	35.595	56.952	206.45	0	21.357	0	35.595	106.79	170.86	1473.7	7.1191	0	0	0	28.476	7.1191	405.79	989.55	227.81	0	99.667	0	7.1191	0	14.238	56.952	35.595	0	462.74	0	99.667	21.357	0	1032.3	0	0	42.714	106.79	334.6	21.357	0	170.86	149.5	0	0	0	64.072	85.429	0	0	149.5	106.79	128.14	0	242.05	35.595	0	0	163.74	0	0	14.238	28.476	0	0	0	0	0	0	0	113.9	177.98	7.1191	0	0	0	0	0	0	28.476	0	0	0	0	14.238	0	78.31	0	21.357	0	14.238	14.238	0	0	0	0	0	0	0	0	0	0	7.1191	0	0	0	0	0	0	1480.8	0	0	0	7.1191	0	0	0	0	0	0	14.238	0	0	0	0	42.714	0	0	0	0	0	0	0	0	0	0	7.1191	0	861.41	21.357	0	0	0	0	0	0	0	0	0	0	0	0	0	0	0	0	0	0	0	0	0	0	0	0	0	0	0	0	7.1191	0	7.1191	0	448.5	0	740.38	0	0	0	28.476	0	0	0	0	0	0	21.357	0	0	213.57	156.62	0	0	0	7.1191	0	0	0	0	7.1191	7.1191	0	0	0	0	0	234.93	0	0	0	6834.3	0	0	1637.4	0	0	7.1191	0	0	78.31	0	0	0	0	0	0	0	0	0	0	0	0	0	0	0	0	0	0	0	0	0	0	0	49.833	0	0	7.1191	0	0	0	0	0	0	0	0	0	0	0	0	7.1191	0	0	0	0	0	0	0	0	0	0	0	0	0	0	0	0	0	0	0	0	0	0	0	7.1191	0	0	0	0	0	0	0	0	28.476	0	455.62	0	14.238	0	0	0	0	0	0	0	1160.4	0	0	0	0	0	0	0	0	0	0	0	0	0	0	0	0	0	0	0	0	0	0	0	0	0	0	0	0	0	0	0	0	0	0	0	0	0	0	0	0	0	0	0	0	0	0	7.1191	0	42.714	0	0	7.1191	0	0	0	0	0	0	0	0	0	0	775.98	0	0	14.238	78.31	0	7.1191	790.22	128.14	2043.2	78.31	7.1191	790.22	277.64	149.5	21.357	14.238	234.93	875.64	0	0	0	0	113.9	121.02	0	370.19	0	0	0	911.24	0	647.83	21.357	0	1943.5	512.57	0	15733	0	0	0	249.17	28.476	0	0	1267.2	42.714	0	0	313.24	405.79	299	0	0	0
L142_D12	TH	0	0	0	0	0	98.949	0	55.411	0	253.31	205.81	19.79	0	19.79	0	11.874	320.59	0	0	0	0	0	79.159	0	0	0	0	3.958	31.664	71.243	0	664.94	292.89	0	75.201	11.874	7.9159	0	0	2707.2	0	59.369	0	0	11.874	19.79	300.8	779.72	431.42	0	0	0	0	0	15.832	0	170.19	51.453	166.23	106.86	19.79	59.369	11.874	843.04	11.874	0	174.15	67.285	831.17	27.706	3.958	7.9159	178.11	0	0	43.537	35.622	748.05	0	0	71.243	134.57	439.33	0	423.5	7.9159	0	3.958	87.075	0	0	0	39.579	3.958	0	0	3.958	0	0	63.327	11.874	158.32	0	0	0	15.832	3.958	0	11.874	23.748	0	0	0	0	221.65	3.958	27.706	23.748	368.09	7.9159	79.159	39.579	7.9159	0	0	0	0	0	3.958	7.9159	15.832	7.9159	0	0	0	0	0	0	0	7.9159	0	0	7.9159	0	0	554.11	0	0	0	0	0	0	0	0	0	63.327	0	0	0	0	0	0	19.79	0	3.958	0	0	0	174.15	213.73	122.7	0	31.664	0	0	0	0	0	0	0	0	0	0	0	0	0	0	0	0	11.874	0	3.958	0	0	0	0	0	0	0	0	0	15.832	59.369	11.874	949.91	0	0	0	0	0	0	0	0	0	0	0	0	0	0	63.327	0	0	0	0	0	0	0	0	23.748	284.97	0	0	0	0	0	114.78	0	0	0	7417.2	0	106.86	5885.5	0	0	427.46	0	0	98.949	0	0	0	71.243	0	0	0	0	0	0	11.874	0	0	0	0	0	11.874	0	0	0	0	3.958	0	221.65	0	3.958	0	0	0	19.79	3.958	0	0	0	0	0	0	0	0	0	0	0	0	0	0	0	0	0	0	0	7.9159	0	0	0	0	0	0	0	0	0	0	63.327	23.748	0	0	0	0	0	7.9159	0	0	0	102.91	0	67.285	0	7.9159	0	11.874	0	0	47.495	0	0	2228.3	0	0	0	0	0	0	0	0	0	0	0	0	0	0	0	0	0	0	0	43.537	0	0	0	0	0	0	0	0	0	0	0	0	0	0	27.706	0	0	0	0	0	0	0	31.664	0	0	0	0	0	31.664	0	0	0	19.79	0	0	11.874	0	0	0	0	0	0	712.43	0	0	0	51.453	35.622	3.958	1009.3	150.4	1658.4	482.87	59.369	0	534.32	482.87	0	19.79	11.874	284.97	312.68	0	75.201	178.11	47.495	19.79	0	748.05	126.65	11.874	0	27.706	0	150.4	241.43	3.958	1329.9	843.04	94.991	17185	0	0	0	91.033	0	0	0	403.71	47.495	0	0	273.1	43.537	43.537	0	0	0
L142_E12	TH	0	0	0	0	26.323	0	0	92.131	0	0	32.904	842.34	0	0	0	59.227	125.04	0	0	138.2	0	39.485	941.06	0	0	0	0	0	72.389	0	0	1204.3	519.88	0	151.36	0	46.066	19.742	296.14	6337.3	0	0	0	0	157.94	32.904	723.89	1322.7	658.08	0	0	0	0	0	78.97	0	0	263.23	381.69	6.5808	6.5808	0	0	1757.1	0	0	111.87	78.97	1757.1	6.5808	0	46.066	85.55	138.2	0	0	6.5808	19.742	0	0	0	46.066	579.11	0	348.78	19.742	0	0	46.066	0	0	6.5808	26.323	39.485	0	0	0	0	0	118.46	0	52.646	0	0	0	0	0	0	171.1	13.162	0	0	0	0	32.904	0	796.28	19.742	0	78.97	0	0	0	0	0	0	0	0	0	46.066	6.5808	0	0	0	0	0	0	0	13.162	0	0	0	263.23	348.78	6.5808	0	0	0	0	0	0	0	0	0	0	92.131	0	0	0	0	19.742	0	0	0	0	0	19.742	0	6.5808	493.56	52.646	0	0	0	0	0	0	0	0	0	0	0	0	0	6.5808	0	0	0	0	0	0	144.78	0	0	0	0	32.904	0	13.162	0	0	0	19.742	13.162	868.67	0	0	19.742	0	65.808	6.5808	0	0	0	0	6.5808	0	0	111.87	0	0	0	0	0	0	0	0	0	0	46.066	0	0	0	0	0	677.82	0	0	0	6238.6	59.227	59.227	2665.2	0	0	78.97	0	0	243.49	0	0	0	0	0	0	0	0	0	0	401.43	0	0	0	0	0	0	0	0	0	0	0	0	0	0	0	0	0	0	0	0	0	0	0	0	0	0	0	0	0	0	0	0	0	0	0	0	0	0	0	52.646	0	0	0	0	0	0	0	0	0	0	111.87	46.066	0	0	0	0	0	0	0	0	0	6.5808	0	32.904	0	0	0	39.485	0	0	0	0	85.55	85.55	0	0	0	13.162	0	0	0	0	0	0	0	0	0	0	0	0	0	0	0	0	0	0	0	0	0	0	0	0	0	0	0	0	0	0	0	0	0	0	0	0	0	0	0	0	0	0	0	0	6.5808	0	0	39.485	0	0	6.5808	0	0	0	0	0	0	0	454.08	0	6.5808	6.5808	26.323	26.323	0	6.5808	539.63	1533.3	302.72	276.39	421.17	355.36	52.646	0	0	467.24	421.17	144.78	0	0	0	0	0	157.94	92.131	579.11	0	0	32.904	0	329.04	0	0	651.5	408.01	0	16393	0	0	0	111.87	348.78	0	0	447.49	0	0	0	335.62	59.227	289.56	0	0	0
L226_G01	TH	0	0	0	0	0	0	0	55.384	0	0	489.09	0	0	0	0	0.40724	1510.7	0	0.40724	0	0	0	110.97	32.375	0	0	0	0	0.40724	0.20362	203.01	0	269.18	0	0	0	0.61085	8.9592	224.18	185.09	0	0	0	0	48.258	1.4253	0	507.62	578.07	0	0	0	0	0	1.2217	0	176.54	0	3.8688	0	49.276	100.18	0	399.09	0	0	94.072	0.20362	2184	0	0	58.438	297.28	0	0	0	0	226.22	0	0	188.75	0	458.35	0	0.40724	159.43	0	0	0	0	0	0	52.737	0	0	0	0	0	0	0	97.126	51.923	0	0	0	0	0	0	0	49.479	0	0	0	0	27.489	0	98.551	0	0.40724	59.253	0	148.64	0	0.20362	0	0	0	0	0	1.6289	2.0362	0.20362	0	0	215.23	67.805	0.61085	0	0	564.84	0.81447	0	0	0	0	0	618.59	0	0	0	0	0	0	0	0	97.533	0	0	0	43.167	0	0	0	0	0	0	0	0	76.561	0.81447	92.646	0	0	0	0	0	0	0	0	0	0	0	0	0	66.583	0	0	0	0	0	0	0	0	0	0	0	0	0	0	2.647	0.61085	0.40724	45	0.61085	1776	49.276	0	0.61085	0.40724	1.4253	0.40724	0	87.963	0.61085	0	1.4253	0	49.479	47.239	64.343	0.40724	0	0	0	0	0	0	0	4.8868	95.904	46.629	0.20362	0	0	0	262.06	0	0	0.20362	2921.7	0.40724	235.79	649.54	0.40724	0	294.43	0	0.61085	0.20362	0	115.65	0	3.4615	0	0	0	0	0	0	0	0.20362	0	0	0.20362	0.20362	0	0.61085	0	0	419.86	0	0	66.583	0	0	0	0	0	0	0	61.9	71.877	0	1.0181	0	0	0	0	0	0	164.93	0	0	0	0	0	0	0	0	0	0	0	0	0	0	0	0	0	0	0	73.913	0	0	0	0	0	0	35.43	0	0	0	118.71	0	83.076	0	241.7	0	1.2217	0	0	0	0	0.20362	681.92	0	0	0	0	0	0	0	0	0	0	0	0	0	0	0	0	0	0	0	388.3	0	0	0	0	0	0	0	174.91	0	0	0	0	0	0	110.57	0	0	0	0	0	0	0	0	0	0	0	0.20362	0	0	0	0	0	0	0	0	0	0.20362	0	0	0	0	0	267.96	0	0	0	0.20362	0	0	1170.2	161.67	646.08	752.57	60.271	0	972.89	580.31	58.438	0.20362	38.077	92.239	107.51	0	0	0	40.113	37.873	336.99	46.629	0	0	67.805	1.0181	0	38.891	0	0	850.51	151.7	0	17505	0	0	0	327.62	4.8868	0	0	597.82	6.3122	0	0	496.22	35.226	355.31	0	0	0
L226_A02	TH	0	0	0	0	0	0	0	206.01	0	0	0	0	0	0	0	0	542.27	0	0	0	0	0	0.66455	818.06	0	0	0	0	267.81	0	0	0	1124.4	0	0	0	0	0	0	1067.9	0	0	0	0	0	215.31	505.72	1159	984.19	0	0	0	0	0	0	0	0	0	491.76	210	0	56.486	0	851.28	0	0	0	0	1852.8	0	0	2011.6	220.63	2.6582	0	0	0	176.77	0	0	303.03	261.83	2248.8	0	0	192.05	0	0	0	0	0	0	0	0	0	0	0	0	0	0	0	207.34	0	0	0	0	242.56	0	0	0.66455	0	0	0	0	0	0	1.3291	0	528.98	0	569.52	0	0	140.88	0	0	0	0	0	0	0	0	0	0	0	0	0	0	0	0	0	0	0	0	0	0	0	0	0	0	0	0	0	0	0	28.576	0	0	0	0	0	0	0	0	0	0	0	0	477.14	0	309.01	0	0	0	0	0	0	0	0	0	0	0	0	0	0	0	0	0	0	0	0	130.25	0	0	0	0	0	0	0	0	0	0	0	0	2460.8	0	0	0	0	0	0	0	0	57.815	0	0	0	207.34	0	0.66455	0	0	0	0	0	0	0	0	0.66455	106.99	0	0	0	0	0	427.97	0	0	0	1199.5	0	282.43	1060.6	0	0	0	0	0	0	0	0	0	0	0	0	0	0	0	0	0	0	0	0	0	0	0	0	0	0	0	0	0	0	0	0	0	0	0	0	0	0	0	0	0	0	0	0	0	0	0	0	0	0	0	0	0	0	0	0	0	0	0	0	0	0	0	0	0	0	0	4.6518	0	0	0	0	0	0	0	0	0	0	117.63	0	513.69	0	0	0	0	0	0	0	0	0	736.98	0	0	0	0	0	0	0	0	0	0	0	0	0	0	0	0	0	0	0	0	0	0	0	0	0	0	0	0	0.66455	0	0	0	0	0	0	0	0	0	0	0	0	0	0	0	0	0	0	0	54.493	0	0	0	0	0	0	0	0	0	0	0	0	0	986.85	0	0	0	0	0	0	510.37	53.828	1925.2	702.42	0	0	904.45	0	248.54	251.86	152.18	125.6	0	0	0	138.89	150.19	0	749.61	444.58	0	0	0	32.563	0	69.113	69.777	0	411.35	0	0	15231	0	0	0	0	0	0	0	45.854	0	0	0	160.16	61.803	336.92	0	0	1.3291
L226_A03	TH	0	0	0	0	0	0	0	126.44	0	0	0	0	0	3.6591	0	0	1738.9	0	0	0	0	0	0	0	0	0	0	0	34.152	0	0	0	307.37	0	0	0	0	0	0	0	0	0	0	0	0	0	102.05	404.95	586.28	0	0	0	0	0	0	0	0	0	411.04	2.846	122.79	140.67	0	278.1	0	0	2.0329	0	0	0	85.787	0	7.3183	0	0	0	0.40657	145.55	0	0	73.183	247.2	627.34	0	6.9117	0	0	0	0	0	0	0	0	0	0	0	0	0	0	0	71.15	0.81314	0	0	0	0	0	0	0	171.17	0	0	0	0	71.15	0	0	2.0329	2.0329	0	1.2197	79.688	0	0	0	0	0	0	0	0	263.05	0	0	0	0	0	0	0	0	43.91	0	0	0	0	0	89.039	0	0	0	451.29	0	0	0	0	0	109.77	0	0	0	0	0	0	0	0	0	0	0	0	192.31	0	30.493	0	0	0	0	0	0	0	0	0	0	0	0	0	0	0	0	0	0	0	0	0	0	0	0	0	0	0	0.40657	0	0	0	258.58	0	1087.6	0	0	0	0	0	0	0	0	0	0	0	0	0	143.93	16.669	0	0	0	0	0	0	0	0	19.515	350.06	0	0	0	0	0	119.94	0	0	0	256.14	0	0	481.38	0	0	311.43	0	0.40657	0	0	0	0	0	0	0	0	0	0	0	0	0	0	0	0	0	0	0	0	0	0	0	0	239.06	0	0	0	0	0	0	0	176.45	0	0	0	0	0	0	0	0	0	0	0	0	0	0	0	0	0	0	0	0	0	0	0	0	0	0	0	0	0	213.86	0	0	0	0	0	0	0	0	0	0	0	0	0	0	0	0	0	0	0	0	0	0	4305.2	0	0	0	0	0	0	0	0	0	0	0	0	0	0	0	0	0	0	0	0	0	0	0	0	0	0	0	0	0	0	0	0	0	0	0	0	0	0	0	0	0	0	0	0	0	0	0	0	3976.7	0	0	0	0	0	0	0	0	0	0	0	0	0	1248.2	0	0	0	12.197	86.193	0	1133.1	673.69	380.96	573.27	0	84.567	181.33	617.18	113.43	0	206.95	277.28	125.63	78.062	0	827.37	0	0	82.534	0	0	0	0	104.89	0	5868.9	0	0	261.02	179.71	0	17181	0	0	0	84.567	0	0	0	1629.9	0	0	0	0.40657	0	0.81314	0	0	0
L226_E03	TH	0	0	0	0	0	132.35	0	59.639	0	0.95043	40.393	0	0	1.188	0	0	679.55	0	64.867	0	279.19	0	0	0	0	0	0	0	30.176	0	0	118.8	74.608	0	2.3761	0	0.23761	55.838	546.97	152.78	0	0	0	0	0.23761	101.7	392.05	298.43	1023.1	0	0	0	0	0	1.188	0	175.59	16.632	93.379	50.61	45.858	164.19	0	288.22	0.23761	0	197.45	0.23761	308.89	0	0	0	286.32	657.93	0	2.1385	36.591	82.925	0	0	187.95	156.35	1046.9	0	0	0	0	0.23761	66.055	0.23761	0	0	0	0.23761	0	0	0.23761	0	0	0	54.412	150.17	0	0	0	0	19.246	0	50.61	0.23761	0	0	0	83.162	0	0	0.71282	0	0	0	131.4	91.479	0	0	0	0	0	0	0	0	0.23761	102.41	0	0	0	0	0	0	1535.9	81.261	0	0	0	0	0	0	0	0	0	35.403	0	0	0	0	0	421.04	0	0	0	0	0	0	42.294	0.71282	0	0	0	0	0	356.65	26.612	0	0	0	0	0	0	0	0	0	0	0	0	0	0	0	0	0	0	0	0	0	0	0	0	0	0	0	0.23761	97.656	0	0.23761	108.82	0.23761	1088	0	0	0.23761	0.47521	0.47521	0.47521	0	22.81	1.9009	0	0.23761	0	0	240.7	388.01	0	0	0	0	0	0	0	0	12.593	205.77	0.47521	0	0	0	0	80.073	0	0	0	2542.4	0	0.47521	1019.3	0	0	271.35	0	0	0	0.23761	237.61	0	4.0393	0	0	0	0	0	0	0	0	0	0.47521	0	0	44.908	0	0	0	26.85	0	0	118.09	0	54.65	0	0	0.23761	0	0	153.97	0	0	0	0	0	0	0	0	0	0	0	0	0	0.47521	0	0	0	0	0	0	0	0	0	0	0	0	0	0	0	99.795	0	0	0	0	0	0	0.95043	0	0	0	161.1	16.87	52.749	0	0	0	0	0	0	0	0	43.482	867.74	0	0	0	0	0	0	0	0	0	0	0	0	0	0	0	0	0	0	0	141.61	0	0	0	0	0	0	0	1.6632	0	0	0	0	0	0	42.056	0	0	0	0	0	0.47521	0	0	0	0	0.23761	0	0	266.12	0	0	0	0	0	0	0.23761	63.679	0	0	0	0	0	462.86	0	0	0	103.36	0	0	2591.8	539.13	753.69	623.48	31.126	0	534.85	0	38.017	0	186.05	189.37	89.102	2.3761	0	31.602	171.79	23.998	643.2	173.21	86.964	0	0	409.16	0	226.68	0	0	705.93	1276.2	48.234	18938	0	22.81	0	63.203	0	100.98	0	108.59	27.325	0	0	415.34	270.63	277.52	31.602	0	0
L226_G03	TH	0	0	0	0	0	0	0	0.36681	0	0	1.4673	0	0	0	0	0	490.43	0	3.6681	0	0	0	0	27.144	0	0	0	0	167.27	0.36681	0	0.36681	508.77	0	0	0	0.36681	0	0	60.524	0	0	0	0	218.62	0.36681	168.74	545.09	504.37	0	0	0	0	0	1.4673	0	0.36681	0	228.89	0	22.743	93.538	0	609.28	0	0	163.6	0	2285.6	0	0	0	83.634	0	0	188.91	223.76	64.559	0	0	2480.8	374.88	518.31	0	116.28	99.773	0	0	152.23	0	0	0	0	0	0	0	0	0	0	0	0	272.54	0	0	0	0	61.625	0	0	65.66	0	0	70.428	0	0.36681	0	0	0	0	0	286.85	283.91	0	0	0	0	0	0	0	0	0	0	0	0	0	0	0	0	0	246.13	0	0	84.001	0	0	0	0	0	0	0	0	0	0	0	0	574.06	0	0	0	0	0	0	0	0	0	0	0	0	156.63	155.16	0	0	0	0	0	0	0	0	0	0	0	0	0	0	0	0	0	0	0	0	0	0	0	0	0	0	0	0	0	2.9345	0.73363	0	0.73363	1.1004	1404.9	0	0.36681	0.73363	1.1004	0.36681	0.36681	0.73363	257.14	16.874	0	0	0	0.36681	20.542	8.8035	0.36681	0	0	0	0	0	0	0	116.28	0.36681	0.36681	0	0	0	0	333.8	0	0	0.36681	2140	0	163.6	966.19	0.36681	0	20.175	0	131.32	96.472	0	488.6	0	1.8341	0	0	0	0	0	0	231.83	0	0	0.36681	0.36681	456.68	0	181.57	0	2.2009	0	0	0	97.939	0	0	0	0	0	0	0	1.1004	0	0	0	0	0	0	0	0	0	0	0	0	0	0	0	0	0	0.36681	0	0	0	0	0	0	0	0	0	0	0	0.73363	0	0	0	0	0	0	0	0	0	0	636.79	0	112.25	0	0.36681	0.36681	0	0	0	0	0	0	3813.4	0	0	0	0	0.36681	0	0	0	0	0	0	0	0	0	0	0	0	0	0	0	0	0	0	0	0	0	0	0	0	0	0	0	0	0	0	0	0	0	0	0	0	0	0	0	0	0	0	0	86.935	0	0	0	0	0	0	0	0	0	0	0	0	0	606.34	0	0	0	322.43	0	0	4566.1	507.3	482.36	1220.8	47.686	51.721	1434.2	0	148.56	0	509.87	223.02	0	66.027	89.503	0	103.07	0	226.32	58.69	0	0	0	165.07	167.63	611.85	263.37	0	1238.7	48.419	0	10553	0	0	0	94.638	0	0	0	527.48	80.699	0	0	451.55	161.4	392.12	0	0	0
L226_C04	TH	0	0	0	0	0	0	0	0	0	0	757.03	151.07	0	2.2298	0	0	1.6724	0	0	0	0	0	0	0	0	0	0	0	85.291	0	0	0	214.62	0	0	0	0	0	0.55746	334.48	0	0	0	0	0	143.27	346.18	795.49	837.86	0	0	0	113.72	0	1.6724	0.55746	17.281	171.7	215.74	0	263.12	165.01	0	129.89	0	0	116.51	0	3606.8	0	0	0	1002.9	0	0	0	0	0	0	0	173.37	0.55746	6.1321	0	0	422.55	0	0	0	0	0	0	0	0	0	0	0	0	0	0	0	341.72	0	0	0	0	0	0	0	3.9022	0	0	0	0	0	0	0.55746	114.84	214.07	0	336.71	182.85	0	0	0	0	0	0	0	0	0	0	0	0	0	0	277.61	0	80.274	56.861	0	0	217.41	0	0	0	0	0	0	0	0	0	0	0	0	0	0	0	0	0	0	0	0	0	0	0	0	0	0.55746	0	114.28	0	0	0	0	0	0	0	0	0	0	0	0	0	0	0	0	0	0	0	0	0	0	0	0	0	0	0	251.97	0	0	0.55746	0	0	892.49	0	0	0	0.55746	0	0	0	0	0	0	0	0	0	0	0	0	0	0	0	0	0	0	0	0	128.77	0.55746	0	0	0	0	0	0	0	34.563	2068.7	0	0	643.31	0	0	337.82	0	0	0	0.55746	267.02	0	1.1149	0	0	0	0	0	0	0	0	0	0.55746	0	0	0	0	0	0	0	0	0	194.55	0	0	0	0	0	0	0	0	0	0	0	0	0	0	0	0	0	0.55746	0	0	0	0	0	0	0	0	0	0	0	0	0	0	0	0	0	0	0	149.4	0	0	0	0	0	0	0	0	0	0	0	0	0	0	55.188	0	0	0	0	0	0	114.28	502.27	0	0	0	0	0	0	0	0	0	0	0	0	0	0	0	0.55746	0	0	0	255.87	0	0	0	0	0	0	0	0	0	0	0	0	0	0	0	0	0	0	0	0	0	0	0	0	0	0	0	0	473.84	0	0	0	0	0	0	0	0	0	0	0	0	0	426.46	0	0	0	783.23	1.6724	0	258.1	2392.6	125.43	792.15	86.406	453.77	170.02	0	0	0	0	697.94	0	0	0	531.26	0	1.1149	703.51	113.72	0	0	0	0	0	922.04	3.9022	47.384	575.86	221.87	0	19993	0	0	0	0	0	0	0	429.24	0	0	0	424.23	64.665	631.04	0	0	0
L226_E04	TH	0	0	0	0	0	0	0	101.25	0	0	0	93.761	0	0	0	0.32556	1173	0	0	0	0	380.9	0	0	0	0	63.81	0.32556	0	0	0	35.486	380.58	0	0	0	0	35.812	12.046	74.228	0	0	0	0	0	60.554	304.4	410.2	1008.6	0	0	0	0	0	0	0	390.35	2.2789	0.97668	0	0	108.74	0	71.949	0	0	151.38	0	299.19	0	0	0	1.6278	0.32556	0	0.32556	3.9067	104.5	0	0	186.55	0	975.38	0	138.36	44.276	0	0	168.64	3.5812	0	0	0	5.5345	0	0	0	0	0	0	0	151.71	0	0	0	0	0	0	0	0.32556	0	0	0	128.6	81.715	0	1.9534	0	0	0	218.78	41.021	0	0	0	0	0	0	0	0	1.6278	0	0	0	0	0	0	0	0	0	0	0	0	0	0	217.47	0	0	0	0	0	0	0	0	0	73.576	0	0	0	0	0	0	0	0	0	0	0	0	0	0.32556	27.021	0	0	0	0	0	0	0	0	1.6278	0	0	0	0	0	0	0	0	0	0	0	0	0	0	0	0	0	0	0	2.2789	0	0	372.11	0	807.06	0	0	0	0	0	0.65112	0	0.32556	29.951	0	0	0	0	3.9067	139.01	0	0	0	0	0	0	0	0	0	0	0	0	0	1.3022	0	99.947	0	0	0	1954	0.32556	0.32556	265.66	0	0	600.01	0	0	0	0	0	0	6.1856	0	0	0	0	0	0	0	0	0	0.97668	0	121.43	0	0.32556	0.32556	0	0	0	0	69.019	0	195.01	0	0	0	0	0	155.62	0	0	0	0	0	0	0	0	0	0	0	0	0	0	0	0	0	0	11.395	0	0	0	2.6045	0	0	0	0	0	0	0.65112	0.97668	0	0	0	0	0	0	0	0	0	88.552	0	200.54	0	344.77	0	13.348	0	0	0	0	0	3062.2	0	0	0	0.32556	0	0	0	0	0	0	0	0	0	0	0	0	0	0	0	2.2789	0	0	0	0	0	0	0	0	0	0	0	0	0	0	0	0	0	0	0	0	0.65112	1.6278	0.97668	0	0	0	0	0	64.461	0	0	0	0	0	0	0	1.6278	0	0	0	0	0	1632	0	0	0	0	0	0	325.23	399.46	600.01	1307.4	0	164.41	1172.7	0	96.04	0	1.3022	310.91	0	251.66	106.13	576.24	1.9534	0	92.459	51.438	893.01	0	0	0	0	103.2	0	87.25	686.93	151.71	0	18352	0	0	0	207.38	0	216.82	0	300.82	0	0	0	996.54	261.75	3.2556	0	0	0
L226_G04	TH	0	0	0	0	0	0.27816	0	60.917	0	0	50.069	0	0	2.2253	0	0	421.42	0	0.27816	0	6.954	0	2.5035	0	0	0	0	0	49.513	0.27816	0.55632	75.938	142.98	0	1.669	0	0.83448	0	1.669	108.48	0	41.168	0	0	1.3908	85.396	345.48	481.22	817.52	0	0.27816	0	0	0.55632	1.3908	0	63.699	1.669	9.4575	153.54	396.66	1.3908	0	312.65	1.669	0	170.24	0.27816	119.61	0	0	0.55632	118.78	0.27816	0	0	0.83448	89.846	0	0	50.347	77.051	881.22	0	62.03	123.5	0.83448	0	0	0	0	0	49.235	0	0	0	0	0	0	2.5035	0	193.88	0	0	0	0	0	0	0	77.607	0	0	0	0	30.598	0	43.671	0	158.27	0	230.87	0	0	0	0.27816	1.1127	0	0	0	0	0	213.07	0	0	0	0	0	0	120.72	4.7288	0	0	0.27816	0	0	0	0	0	0	0	0	0	0	0	0	75.66	0	0	0	0	0	0	0	0	0	0	0	0	0	136.3	244.5	0	0	0	0	0	0	0	0	0	0	0	0	0	57.579	0	0	0	0	0	0	1.9471	0	0	0	0	0	0	0	0	0	0	0	0	990.53	0	0	0	1.1127	0	0.27816	0	139.36	0	0	0.27816	0	0	16.968	446.45	0	0	0	0	0	0	0	0	65.368	0.83448	0	0	0	0	0	95.131	0	0	0	1292.3	2.5035	208.9	589.98	0	0	106.81	0	0.27816	0	0	0	0	2.2253	0	0	0	0	0	0	0	0	0	0.27816	0	0	0	0	0	0	138.25	0	0	0	0	60.639	0	0	0	0	0	27.816	0	0	0	0	0	0	0	0	0	39.499	0	0	0	0	0	0	0	0	0	0	0	0	0	0	0	0	0	0	0	41.446	1.1127	0	0	0	0	0	0.27816	0	0	0	373.02	0	134.35	0	92.906	0	3.8943	0	0	0	0	17.802	579.97	1.9471	0	0	0	0	0	0	0	0	0	0	0	0	0	0	0.27816	0	0	0	0	0	0	0	0	0	0	0	0	0	0	0	0	0	0	0	0	0	0	0	0	0	0	0	0	0	1.9471	0	0	0	0	0	0	0	0	0	0	0	0	0	67.871	0	0	857.29	0	0	1.9471	327.4	66.759	0	1236.2	731.57	448.67	890.95	18.915	0	503.2	15.021	135.74	0	188.59	215.85	0	23.087	0	315.71	0	0	341.3	313.21	0	1.1127	0	193.88	209.46	196.94	0	0	440.05	382.47	0	16845	15.577	0	0	5.0069	0	0	0	586.92	47.287	0.27816	0	290.12	408.62	110.99	0	0	0
L226_E05	TH	0	0	0	0	0	0	0	0	0	0	0	0	0	0	0	0	476.39	0	0.74204	0	0	0	0	0	0	0	0	0	0	0	0	195.16	1053.7	0	0	0	0	0	0	241.91	0	0	0	0	0.74204	0	382.89	920.14	345.79	0	0	0	0	0	0.74204	0	0	0	0	0	1.4841	0	0	684.91	0	0	2.2261	0	635.93	0	0	0	803.63	0	0	0	0	0	0	0	173.64	454.87	255.26	0	1.4841	0	0	0	0	0	0	0	0	0	0	0	0	0	0	0	0.74204	247.84	0	0	0	0	0	0	0	0	0	0	0	0	0	0	0.74204	0	0	0	618.12	0	0	0	0	0	0	0	0	0	0	0	0	0	0	0	0	0	0	0	0	151.38	0	0	0	0	0	0	0	0	0	0	0	0	0	120.21	0	0	0	0	0	0	0	0	0	0	0	0	0	77.173	0	0	0.74204	0	0	0	0	0	0	0	0	0	0	0	296.82	0	0	0	0	0	0	835.54	0	0	0	0	0	0	0	0	0	0.74204	0	0.74204	577.31	0	0	0	0	0	0.74204	0	0	1.4841	0	0.74204	0	0	2.2261	270.1	0.74204	0	0	0	0	0	0	0	1.4841	0	0	0	0	0.74204	0	0.74204	0	0	0	2401.3	0	1.4841	621.83	0	0	1.4841	0	0	0	0	0	0	0.74204	0	0	0	0	0	0	0	0	0	0	0	0	0	0	0	0	0	0	0	0	0	0	0	0	0	0	0	117.99	0	0	0	0	0	0	0	0	0	0	0	0	0	0	0	0	0	0	0	0	0	0	0	0	0	0	0	0	0	0.74204	0	0	0	0	0	0	0	0	0	0	0	0	1.4841	0	0	0	96.466	0	0	0	0	0	235.23	0	0	0	0	0	0	0	106.85	0	0	0	0	0	0	0	0	0	0	0	45.265	0	0	0	0	0	0	0	0	0	0	0	0	0	0	0	0	0	0	0	0	0	0	0	0	0	0	0	0	0	0	0	0	0	0	0	0	0	0	0	0	0	86.077	1170.9	0	0	0	0	0	0	629.25	698.26	2.2261	523.88	11.131	0	1107.9	0	0	0.74204	0	998.05	388.83	0	4.4523	213.71	216.68	0	0	0	0	0	0	0	0	80.883	0	0	1784.6	0	0	15782	0	0	0	105.37	0.74204	0	0	646.32	0	0	0	586.96	0	338.37	0	0	0
L226_A06	TH	0	0	0	0	0	0	0	196.35	0	0	110.2	385.36	0	0	0	0	814.13	0	0	0	0	0	0	0	0	0	0	0	0	0	0	105.52	6.6787	0	0	0	0	0	0	0	0	0	0	0	109.53	0	53.429	26.715	1344.4	0	0	0	0	0	0	0	237.09	175.65	0.66787	0	206.37	0.66787	0	3.3393	0	0	0	0	597.74	0	0	0	94.837	4.6751	0	0	0	746.01	0	0	2.0036	8.6823	1622.9	0	694.58	0	0	0	0	0	0	0	0	0	0	0	0	0	0	0	0	506.91	0	0	0	0	0	0	0	0	0	0	0	0	0	0	0	0	0	0	460.83	0	0	0	0	0	0	0	0	0	0	0	0	0	0	0	0	0	0	0	1.3357	0	0	0	0	0	173.65	0	0	0	87.491	0	0	0	0	12.022	0	0	0	0	0	0	0	0	0	0	0	0	659.18	0	0	0	0	0	0	0	0	0	0	0	0	0	0	0	0	0	0	0	0	0	0	1.3357	0	0	0	0	0	0	0	0	0	0	0	0	1075.9	0	0	0	0	0	0	0	0	0	0	0	0	0	132.91	382.02	0	0	0	0	0	0	0	0	746.67	104.19	0	0	0	0	0	0	0	0	0	1530.8	0	90.83	217.06	0	0	206.37	0	0	0	0	0	0	1.3357	0	0	0	0	0	0	0	0	0	0	0	0	0	0	0	0	0	0	0	0	0	0	0	0	0	0	0	0	0	0	0	0	0	0	0	0	0	0	0	0	0	0	0	0	0	0	0	0	0	0	0	0	0	0	0	0	0	0	0	0	0	0	0	0	0	0	0	0	0	0	0	0	0	0	0	0	0	0	0	0	0.66787	0	0	0	0	0	0	0	0	0	0	0	0	0	0	0	0	0	0	0	372.67	0	0	0	0	0	0	0	0	0	0	0	0	0	0	0	0	0	0	0.66787	0	0	0	0	0	0	0	0	0	302.54	0	0	0	0	0	0	0	0	0	0	0	0	0	603.75	0	0	0	0	0	0	0	601.08	591.06	939.69	0	78.808	693.91	0	36.733	597.07	171.64	0	0	0	0	402.72	0	0	0	0	0	0	0	0	0	189.01	0	0	191.01	6.6787	0	22428	0	0	0	281.84	518.93	0	0	0	0	0	0	392.04	0	144.26	0	0	0
L226_C06	TH	0	0	0.64301	0	0	0	0	2.5721	0	54.013	583.86	0	0	4.5011	0.64301	1.286	281	0.64301	0.64301	296.43	0	0	311.86	0	0	0	0	0	133.75	0	0	335.65	50.798	0.64301	3.2151	0.64301	40.51	0.64301	348.51	214.12	0.64301	0	0	0	0.64301	2.5721	773.55	1149.1	350.44	0	1.929	1.286	0	4.5011	10.288	8.3592	3.2151	269.42	11.574	1.929	3.8581	61.729	0.64301	248.2	0.64301	0	15.432	0	1007.6	1.286	0.64301	331.8	657.16	1.286	0.64301	0	4.5011	197.4	0	0	167.18	703.46	856.49	0	1.286	226.34	0	0	0.64301	1.286	0.64301	0	0.64301	0.64301	0	0	0.64301	0	0	0	0	335.65	0	0	0	0.64301	0.64301	0	0	0.64301	0	0	1.286	229.56	0	0	0	1.929	0	222.48	0.64301	0	0.64301	0	0.64301	0	0	0	0	0	1.286	0	0	0	0	0	493.83	0	0	27.007	0	0	1.929	0.64301	0	0	630.8	0	0	207.69	0	0	0	0	0	581.93	0	0	0	0	0	0	0	0	0	0.64301	0.64301	0	97.095	0	208.98	0	0	0	0	0	0	0	0	63.658	0	0	0	0	0	0	0	0	0	0	0	0	0	0	0	0	0	0	0	0	0	0	0	0	1080.3	0	0	0	0	0	0	0	0	0	0	0	0	0	144.68	38.581	0	0	0	0	0	0	0	0	0	0	0	0	0	0	0	114.46	0	0	0	2096.2	0	320.86	470.69	0	0	185.19	0	0	0	0	0	0	0	0	0	0	0	0	0	160.75	0	0	0	0	0	0	0	0	0	0	0	0	279.71	0	0	0	0	0.64301	0	0	0	0	0	0	0	0	0	0	0	0	0	0	0	0	0	0	0	0	0	0	0	0	0	0	0	0	0	0	0	0	193.55	0.64301	0	0	0	0	0	0	0	0	0	228.27	0	159.47	0	291.93	0	0	0	0	0	0	180.69	1965.7	0	0	0	0	0	0	0	0	0	0	0	0	0	0	0	0	0	0	0	0	0	0	0	0	0	0	0	0	0	0	0	0	0	0	0	0	0	0	0	0	0	0	0.64301	0	0	0	0	0	0.64301	0	0	0	4721.7	0	0	0	0	0	0	0	0	0	434.68	0	0	0	0	59.8	0	380.67	391.6	814.06	330.51	0	0	1666.7	0	0	0	814.7	242.42	0	0	0	2.5721	0.64301	0	89.379	0	0	0	0	135.68	0	421.17	0	0	134.39	807.63	0	19890	0	0	0	0	0	94.523	0	1290.5	0.64301	0	0	945.23	0	126.67	0	0	0
L226_D06	TH	0	0	0	0	0	0	0	2.2413	0	1.1207	29.978	0	0	4.7628	0	0	898.78	0	0	0	0	0	0	0	0	0	0	126.92	0	0	0	237.02	669.32	0	311.83	0	9.8059	0	260.56	172.86	0	0	0	0	0.56034	164.74	370.38	1264.1	825.37	0.56034	0	0	0.28017	0.56034	5.043	3.0819	168.94	0.28017	262.8	30.538	29.418	94.416	0	385.23	0	0.28017	4.2025	1.1207	2746.5	0	0.28017	0.8405	761.5	0.8405	0	0	139.52	110.67	0	0	172.58	2.2413	329.48	0	302.3	69.201	0	0	71.723	0.28017	0	0	0	2.8017	0.28017	0.56034	0	0	0.28017	0.28017	7.0042	2.2413	0	0.56034	0	0	1.4008	0	0.56034	50.43	0	0.56034	64.719	0.8405	159.98	0	3.9223	0	0.8405	1.681	109.55	231.98	0	1.1207	0.28017	0	0.28017	0	0	0.56034	0.28017	0.56034	0	0	0.8405	0	0	0	79.287	0.56034	0	0	0	0	0	0.28017	0.28017	0.28017	0	0	0	0	0	0.56034	0	70.602	0	0	0	0	0	0	0	0	0	0	0.56034	0	35.301	54.353	260.56	0	0	0	0	0	0	0	0	11.207	0	0	0	0	0	0	0	0	0	0	0	0	0	0	0	0	657.55	0	0	0	0	0	62.477	0	1660	0	0	0	0	0	0	0	0	0	0	0	0	0	8.9654	125.79	0	0	0	0	0	0	0	0	288.85	666.24	0.28017	0	0	0	0	146.53	0	0	0	8.405	0	175.38	530.36	0	0	116.27	0	0	38.943	0.28017	0	0	0	0	0	0	0	0	0	0	0	0	0	0	0	0	0	0	0	29.698	0	0	0	0	0.28017	0	0	0	0	0	0	0	0	0	0	0	0	0	0	0	0	0	0	0	0	0	0	0	0	0	0	0	0	0	0	0	0	0	0	0	17.37	0	0	0	0	0	0	0	0	0	0	306.22	0	237.86	0	1.9612	0	0	0	0	0	0	0	3519.8	0	0	0	0	0	0	0	0	0	0	0	0	0	0	0	0	0	0	0	17.931	0	0	0	0	0	0	0	0	0	0	0	0	0	0	72.003	0	0	0	0	0	0	0	0	0	0	0	0	0	99.46	0	0	0	0	0	0	0	0	0	0	0	0	0	1279.8	0	0	1.681	135.04	3.362	0	1378.2	376.55	924.27	741.04	40.904	70.322	361.98	0	0	66.12	10.927	108.43	0	55.473	0.28017	174.54	138.68	21.293	27.456	152.69	0	0	0	0	0	149.61	0	0	584.71	297.82	0	14152	0	0	0	337.88	0	0	0	606.56	0	0	0	162.5	183.51	151.85	0	0	0
L226_E06	TH	0	0	0	0.44824	0	0	0	0	0	58.719	0	0	0	0.44824	0	0.89647	422.69	0	0	0	0	0	0	0	0	0	0	207.53	17.481	0	0	99.06	21.515	0	185.12	0.44824	0	0	707.77	0	0	0	0	0	134.47	115.2	89.199	1312.9	715.39	0	0	0	0	0	0	0	0	0	2.6894	765.14	0	0	0	803.24	0	0	211.57	0	174.81	0	0	44.375	732.42	0	0	0	0	189.16	0	0	293.15	503.82	1096.4	0	82.027	309.28	0	0	0	0	0	0	1.3447	0	0	0	0	0	0	0.89647	0	0	0	0	0	0.89647	0	0	0	0.44824	0	0	216.5	1.3447	0	0	3.1377	0	1.3447	0	1117.9	96.819	0	0	0	0.89647	0	0	0	0	0	0	0	0	0	0	0	0	159.12	45.272	0	0	0	0	0	206.19	0	0	0	0	0	0	0	0	0	339.76	0	0	0	0	0	0	0	0	0.44824	0	0	0	0	59.616	0.44824	0	0	0	0	0	0	0	0	18.378	0	0	0	0	0	0	0	0	0	0	0	0	0	0	0	0	0	0	0	0.44824	0	0	0.89647	0	1680.9	0	0	0	0	0	0.44824	0	0.89647	1.793	0	0	0.44824	0	0.89647	157.78	0	0	0	0	0	0	0	0	0	186.02	0.44824	0	0	0.44824	0	0	0	0	0.89647	1081.6	0	0.44824	158.68	0	0	225.91	0	0	66.339	1.3447	0	0	7.62	0	0	0	0	0	0	0.44824	0	0	0	0	0	0	0	0.44824	0	0	0	0	0.44824	0	0	0	0	0	0	0	5.8271	0.89647	2.6894	0	0	0	0	0.89647	0	0	0	0	0	0	0	0	0	0	0	0.89647	0	0	0	0	0	0	0	0	0	0	0.44824	0.44824	0	0	0	0	0	0	0	0	0	1011.2	0	174.36	0	0	0	0.44824	0	0	0	0	0	438.82	0	0	0	0	0	0	0	0	0	0	0	0	0	0	0	0	0	0	0	0	0	0	0	0	0	0	0	0	0	0	0	0	0	0	0	0	0	0	0.44824	0	0.89647	0	0.44824	0	0	0	0	0	142.54	0	0	0	0	0	0	0	0	0	0	0	0	0	698.35	0	0	0	0.44824	12.551	0	985.67	237.12	753.49	433.89	197.22	309.28	491.27	188.71	147.92	0	0	184.23	164.5	0	0	1121.5	128.2	0	354.11	0	0	0	0	120.13	0	445.55	0	0	1251	110.71	0	13092	0	1213.8	0	0	0	159.57	0	0	0	0	22.86	833.72	117.44	114.75	0	0	0
L226_F06	TH	0	0	0	0	0	56.411	0	0	0	0	192.99	0	0	0	0	0	630.62	0	0	0	0	0	0	215.55	3.5628	0	0	0	0	0	600.33	214.96	0	0	0	0	0	0	276.71	1.1876	0	0	0	0	266.62	0	181.7	858.04	2007.6	0	0	0	0	0	0	0	0	0	326	0	149.04	187.05	0	29.096	0	0	59.38	0	0	0	0	0	330.75	0	0	0	0	814.1	0	0	83.726	0	403.79	0	149.04	81.945	0	0	160.92	0	0	0	162.11	0	0	0	0	0	0	39.191	461.38	90.258	0	0	0	0	143.11	0	0	836.67	0	0	0	0	0	0	0	0	0	0	0	0	0	0	0	0	0	0	0	0	0.5938	0	0	0	0	0	0	0	0	111.64	0	0	115.79	0	0	29.69	494.64	0	0	0	0	0	0	0	0.5938	1642.4	0	0	0	0	0	0	0	0	0	0	0	0	180.51	0	124.7	0	0	0	0	0	0	0	0	0	0	0	0	0	0	0	0	0	0	0	0	0	0	0	0	0	316.5	0	0	0	0	0	0	0	1270.7	0	0	0	0	0	0	0	0	68.287	0	0	0	0	0.5938	533.83	0	0	0	0	0	0	0	0	0	158.54	0	0	0	0	0	0	0	0	0.5938	0	0.5938	127.67	2773.6	0	0	535.02	0	0	0	0	0	0	0	0	0	0	0	0	0	0	0	0	0	0	254.74	0	0	0	0	0	0	0	0	0	0	0	0	0	0	0	0	0	0	0	0	0	0	0	0	0	0	0	0	0	0	0	0	0	0	0	0	0	0	0	0	0	0	0	0	0	0	0	0	0	0	0	0	0	0	0	0	0	0	299.28	0	0	0	0	0	0	0	0	13.657	0	0	0	0	0	0	0	0	0	0	0	0	0	0	0	0	0	0	0	0	0	0	0	0	0	0	0	0	0	0	0	0	0	0	0	0	0	0	0	0	0	0	0	0	0	0	0	0	0	0	0	0	0	0	0	0	0	0	0	0	0	0	0	2042.7	0	0	1.1876	0	5.3442	0	1922.1	207.83	340.25	756.5	0	0	304.03	410.32	0	0	0	68.287	0	0	192.99	501.17	238.71	0	137.76	0	0	0	0	438.82	0	436.44	0	0	899.61	72.444	0	11337	0	0	0	418.63	0	0	0	947.71	0	0	0	621.12	323.62	282.65	0	0	0
L226_A08	TH	0	0	0	0	0	0	0	0	0	0	1.2165	29.195	0	0	0	0	502.4	0	0	0	0	0	247.85	47.138	0	0	0	0	55.653	348.21	0	0	105.53	64.473	7.6029	0	0	0	149.93	28.587	0	111.31	0	0	0	224.13	553.19	498.75	798.61	0	0	0	0	0	56.87	0	0	39.839	161.79	59.303	48.354	202.85	0	529.77	0	0	85.76	0	1412	0	0	0	410.86	0	0	0	0	281	0	0	581.47	0	1535.5	0	250.59	0	0	0	0	1.2165	0	0	1.2165	0	0	0	0	0	0	76.333	0	1.8247	0	0	0	0	52.916	0	63.56	98.229	0	0	0	20.072	0.30411	0	24.633	127.12	0	0	0	16.422	0	76.637	0	0	0	0	0	1.5206	0	0	0	0	0	0	0	0	0	53.524	0	0	0	0	0	0	44.705	0	0	0	0	0	0	0	0	107.96	0	0	0	0	0	0	0	86.369	0	0	0	0	0	0	107.96	0	0	0	0	0	0	0	0	0.30411	0	0	0	0	0	0	0	0	0	0	0	0	0	0	0	0	0	0	0	0	0	0	248.77	0	1766.9	0	0	0	0	0	0	0	0	43.488	0	0	0	0	52.004	435.8	204.37	0	0	0	0	0	0	0	0	241.47	0.30411	0	0	0	0	2.1288	0	0	0.30411	942.76	0	69.338	1916.2	3.3453	0	27.37	0	0	0	0	0	0	0	0	0	0	0	0	0	0	0	0	0	0	0	170	11.556	0	0	0	0	0	67.21	0	0	0	0	0	0.30411	0	18.855	0	0	0	0	0	0	0	0	0	0	0	0	0	0	0	0	0	0	48.354	0	0	0	0	0	0	0	0	0	0	82.719	0	0	0	0	0	0	0	0	0	0	20.68	0	52.916	0	300.47	0	0	0	0	0	0	0	205.28	0	0	0	0	0	0	0	0	0	0	0	0	0	0	0	0	0	0	0	0.91235	0	0	0	0	0	0	0	0	0	0	0	0	0	0	0	0	0	0	0	0	0	0	0	0	0	0	0	0	138.07	0	0	0	0	0	0	0	0	0	0	0	14.902	0.30411	562.61	0	0	0	36.494	0	0	1510.2	228.09	315.67	1139.2	211.66	0.30411	701.59	0	97.013	0.30411	299.55	393.83	186.12	30.716	0	115.26	72.38	0	92.147	763.94	0	0	50.179	36.19	0	104.62	0.60823	0	1273	367.98	0	15010	114.04	0	0	126.51	76.637	0	0	4.5617	0	0	0	256.98	0.91235	173.65	0	0	0
L226_C08	TH	0	0	0	0	0	3.3005	0	0	0	0	159.41	0	0	0	0	0	988.17	0	0.33005	0	0	0	0	0	0	0	0	165.03	247.54	0	0	0	306.29	0	49.508	0	0.6601	0	348.54	140.93	0	0	0	0	123.44	55.119	18.483	812.59	965.07	0	0	0	0	0	0	0	0	0	116.84	172.95	56.769	0.6601	0	1131.4	0	0	224.43	0	0.33005	0	0	0.6601	368.34	0	0	171.96	0	0	0	0	250.18	155.78	320.48	0	0	274.93	0	0	81.853	0	0	0	0	0	0.6601	0	0	0	0	0	243.25	137.3	0	0	0	0	18.483	0	0	127.07	0	0	0	0.99015	0.33005	0	135.65	126.08	78.552	0	236.32	0	0	0	0	0	0	0	0	0	0	0	0	0	0	0	0	0	0	0.33005	0	0	0	0	0	0	0	0	0	0	0	0	0	0	0	167.34	0	0	0	0	0	0	0	0	244.9	0	0	0	0.99015	0	31.685	165.36	0	0	0	0.33005	0	0	0	0	0	0	0	0	0	0	0	0	0	0	0	0	0	0	0	0	0	0	0	0	0	0	0	0	1167.7	0	0	0	0	0	0	0	167.34	65.02	0	0.6601	0	0	1089.5	1.9803	0	0	0	0	0	0	0	0	0.6601	122.45	0	1.9803	0	0	0	112.22	0	0	0.33005	929.76	12.542	76.902	397.71	0	0	0.6601	0	0	119.48	0	0	0	0.6601	0	0	0	0	0	0	0	0	0	0	0	0	0	0.33005	0	0	0	0	0	270.64	0	0	0	0	3.3005	0	0	37.626	0	0.33005	0	0	0	0	272.95	0	0	0	0	0	0	0	0	0	0	0	122.12	0	0	0	0	0	0	0	0	0	0	133.67	71.621	0	0	0	0	0	0	0	0	0	622.48	0	194.4	0	0	0	30.695	0	0	0	0	68.651	1278.3	0	0	0	0	0	0	0	0	0	0.33005	0	0	0	0	0	0	0	0	0	0.33005	0	0	0	0	0	0	0	0	0	0	0	0	0	0	130.7	0	0	0	0	0	0	0	0.33005	0	0	0.33005	0	0	0	0	0	0	0	0	0	0	0	0	0	0	0	0	343.91	0	0	0	0	0	0	2641.7	193.41	896.75	1474.7	26.404	0	984.54	0	130.37	212.22	325.76	0	0	0	0	332.03	0	0	1479.9	85.813	0	3.6306	0	732.39	0	396.06	114.86	0	930.09	112.88	77.562	7824.9	102.98	12.872	0	0	0	0	0	541.61	195.72	0	0	486.5	110.9	347.87	0	0.33005	0
L226_H08	TH	0	0	0	0	44.693	130.69	0	345.21	0	0	53.323	35.754	0	2.4658	0	51.782	394.22	0	82.604	0	0	112.81	114.04	0	0	0	0	0	19.726	0	0.61645	189.56	197.57	64.419	0	0	0.61645	24.966	148.56	603.81	0	0	0	0	0	85.686	171.37	353.53	1218.7	0	0	0	170.14	0	60.72	0	203.12	171.99	177.54	0	0	0.30823	0	945.33	0	0	71.816	0	303.29	0	0.61645	262.3	302.06	159.66	0	0	228.09	131.3	106.65	0	55.48	231.79	790.9	0	112.5	138.39	0	0	0	0.30823	0	0	153.19	0	0	0	0	43.151	0	0	202.2	310.69	0	0	0	0	0.30823	0	0	45.925	0	0	0	45.925	0	0	0	45.617	69.967	0	0.30823	0	0	0	0	0	0	0	0	0	0	166.75	0	0	0	0	0	0	0	51.782	0	0	0	0	0	171.07	0	0	0	0	0	0	0	0	0	63.494	0	0	0	0	0	0	297.13	0	0	0	0	0	131.3	44.384	96.474	0	0	0	0	0	0	0	0	0	0	0	0	0	111.27	0	0	0	0	0	0	2.4658	0	0	0	0	0	0	0	0	0	0	0	0.30823	1263.7	0	0	0	0	0.30823	0	0	0	0	0	0	0	0	252.44	255.21	70.583	0	0	0	102.02	0	0	0	0	338.43	0.61645	0	0	1.5411	0	86.919	0	0	0.30823	1405.2	0	98.94	1300.7	145.48	0	711.38	0	0	88.46	0	0	0	0	0	0	0	0	0	0	100.79	0	0	143.02	0	0	0	85.378	0	0	2.1576	0	0	0.92467	0	0	0	0	0	0	0	0	0	0	0	0	0	0	0	0	1.5411	0	0	0	0	0	0	0	0	0	79.522	0	0	0	0	0	0	0	0	0	0	17.261	0	0	0	0	0	0	0.30823	0	0	0	214.52	0	0	0	95.55	0	90.926	0	0	0	0	0	1947.7	0	0	0	0	0	0	0	76.44	0	0	0	0.61645	0	0	0	0	0	0	0	143.63	0	0	0	0	0	0	0	0	0	0	0	0	0	0	0	0	0	0	0	0	0	0	0	0	0	0	0	0	101.41	0	0	0	0	0	0	101.41	0	0	0	0	0	0	155.04	0	0	0	0	0	0	0	551.72	292.51	755.77	0	323.33	408.71	0.61645	42.227	73.666	2.1576	402.85	0	64.419	0	158.74	0	54.248	0	0	830.97	53.939	0	0	0	394.53	0.61645	0	1374.4	2.1576	30.206	9900.8	0	0	0	0	0	0	0	55.48	0	0	0	717.85	203.74	113.12	46.542	0	0
L226_H09	TH	0	0	0	0	0	0	0	132.35	0	0	0	73.525	0	0	0	0	0.54463	0	0	147.05	0	0	0.54463	0	0	0	0	0	0	0	0	157.94	126.9	0	122	0	0	0	8.7141	601.28	0	0	0	0	0	0.54463	395.4	704.76	888.84	0	0	0	0	0	0	0	38.124	0	522.85	0	191.17	0	0	611.08	0	0	66.445	0	1481.4	0	0	0	1321.3	0	0	0	0	760.85	0	0	159.03	487.99	282.12	0	0	30.5	0	0	0	0	0	0	116.01	0	0	0	0	0	0	110.56	92.043	269.59	0	0	0	0	0	0	0	0	0	0	734.71	184.63	0	0	202.06	0.54463	161.76	0	107.29	0	0	0	0	0	0	0	0	0	0	0	0	0	0	0	0	0	0	0	0	0	0	0	0	0	0	0	0	0	0	0	0	0	0	94.222	0	0	0	0	0	0	0	0	0	0	0	0	0.54463	0	197.7	0	0	0	0	0	0	0	0	0	0	0	0	0	0	0	0	0	0	0	0	0	0	0	0	0	0	0	0	0	0	0	0	0	2699.2	0	0	0	0	0	0	0	47.928	0	0	0	0	0	322.42	363.82	0	0	0	0	0	0	0	0	0	149.23	0	0	0	0	0	0	0	0	0	4028.1	0	264.69	350.2	0	0	0	172.1	0	153.04	0	0	0	0	0	0	0	0	0	0	0	0	0	0	0	243.45	0	0	0	0	0	0	0	0	0	0	0	0	0	0	0	87.686	0	0	0	0	0	0	0	0	0	0	0	0	0	0	0	0	0	0	0	0	0	0	0	0	0	0	0	0	0	0	0	0	0	0	0	0	0	0	0	0	541.36	0	0	0	0	0	143.78	0	0	0	0	0	605.09	0	0	0	0	0	0	0	0	0	0	0	0	0	0	0	0	0	0	0	0	0	0	0	0	0	0	0	0	0	0	0	0	0	0	0	0	0	0	0	0	0	0	0	0	0	0	0	0	168.84	0	0	0	0	0	0	0	0	0	0	0	0	0	198.25	0	0	0	0	0	0	1242.8	1471.6	437.89	850.72	90.409	142.69	239.09	0	0	69.713	31.589	1015.2	0	7.6249	0	100.76	107.84	0	202.06	285.93	106.75	0	0	273.95	0	1459.6	0	0	344.75	353.47	0	12466	0	0	0	74.615	95.855	0	0	1460.7	608.35	0	0	220.58	311.53	54.463	0	0	0
L226_C10	TH	0	0	0	0	0	0	0	87.226	0	2.0982	256.28	0	0.29975	0	0	0	1075.5	0	0	0	0	0	0	0	0	0	0	144.78	0	0	0	0	358.5	0	291.65	0	0	0	258.98	362.99	0	0	0	0	0	8.6926	109.11	1314.1	983.47	0	0	0	0	0	0.29975	0	62.947	195.43	0.59949	52.755	0	0	0	325.52	0	0	0.29975	0	843.18	0	0	0.29975	85.427	0	0	0	17.385	153.47	0	0	0.29975	0	515.86	0	0	42.264	0	0	5.0957	0	0	0	0	0	0	0	0	0	0	34.771	0	0	0	0	0	0	10.491	0	0	94.72	0	0	0	87.226	0	0	8.6926	64.745	98.316	0	183.74	0	0	0	0	0	0	0	0	0	0	0	0	0	0	0	0	0	0	0	0	0	0	0	0	0	0	0	0	53.055	0	0	0	0	0	185.24	0	0	0	0	0	0	0	0	0	0	1.199	0	0	322.83	82.73	0.29975	0	0	0	0	0	0	0	0	0	0	0	0	0	0	0	0	0	0	0	75.836	0	0	0	0	117.2	0	0	0	0	0	0	0	929.51	0	0	0	0	0	0	0	0	133.99	0	0	0	0	335.42	160.06	0	0	0	0	0	0	0	0	183.15	92.022	0	0	0	0	0	69.541	0	0	0	8.9924	2.9975	48.859	493.08	0	0	123.79	0	0	0.59949	0	0.29975	0	0	0	0	0	0	0	0	0	0	0	0	0	0	0	0	0	0	0	0	0	904.03	0	0	0	0	0	0	0	0	0	0	0	0	0	0	228.41	0	0	0	0	0	0	0	0	0	0	0	84.528	0	0	0	0	0	0	0	0	0	0	270.37	0	0	0	0	0	0	0	0	0	0	243.99	0	0	0	0	0	68.042	0	0	0	0	196.03	56.652	0	0	0	0	0	0	0	0	0	0	0	0	0	0	0	0	0	0	0	86.327	0	0	0	0	0	0	0	0	0	0	0	0	0	0	0	0	0	0	0	0	0	0	0	0	0	0	0	0	0	0	0	0	0	0	0	0	0	0	0	0	0	0	1224.8	0	0	0	0	86.926	0	706.2	169.66	407.65	876.16	0	224.21	547.93	0	0.29975	33.871	78.234	160.96	12.889	0	144.48	177.15	0	0	262.28	205.33	0	0	0	322.83	191.84	599.79	103.11	0	1190.6	155.87	11.99	13100	0	0	0	254.18	85.427	0	0	452.32	323.73	0	0	1001.2	382.18	434.93	0	0	0
L226_E10	TH	0	0	0	0	0	0	0	0	0	0	0	0	0	0	0	0	424.81	0	0	0	0	0	0	0	0	0	0	0	0	0	0	0	0	0	0	0	0	0	0	424.81	0	0	0	0	0	0	0	0	0	0	0	0	0	0	0	0	0	0	0	0	0	0	0	0	0	0	0	0	0	0	0	0	849.62	0	0	0	0	0	0	0	0	0	424.81	0	0	0	0	0	0	0	0	0	0	0	0	0	0	0	0	0	0	0	0	0	0	0	0	0	0	0	0	0	0	0	0	0	0	0	0	0	0	0	0	0	0	0	0	0	0	0	0	0	0	0	0	0	0	0	0	0	424.81	0	0	0	0	0	0	424.81	0	0	0	0	0	0	0	0	0	0	0	0	0	0	0	0	0	0	0	0	424.81	1699.2	0	0	0	0	0	0	0	0	0	0	0	0	0	0	0	0	0	0	0	0	0	0	0	0	0	0	0	0	0	0	0	0	0	0	2548.9	0	0	0	0	0	0	0	0	0	0	0	0	0	0	0	0	0	0	0	0	0	0	0	0	0	0	0	0	0	0	0	0	0	0	0	0	0	0	0	0	0	0	0	0	0	0	0	0	0	0	0	0	0	0	0	0	0	0	0	0	0	0	0	0	0	0	0	0	0	0	0	0	0	0	0	0	0	0	0	0	0	0	0	0	0	0	0	0	0	0	0	0	0	0	0	0	0	0	0	0	0	0	0	0	0	0	0	0	0	0	0	0	0	0	0	0	0	0	0	0	0	0	0	0	0	0	0	0	1274.4	0	0	0	0	0	0	0	0	0	0	0	0	0	0	0	0	0	0	0	0	0	0	0	0	0	0	0	0	0	0	0	0	0	0	0	0	0	0	0	0	0	0	0	0	0	0	0	0	0	0	0	0	0	0	0	0	0	0	0	0	0	0	0	0	0	0	0	0	0	0	0	424.81	849.62	0	0	424.81	0	0	0	0	1699.2	0	0	0	0	0	0	0	0	0	0	0	0	0	0	424.81	0	424.81	0	0	9770.6	0	0	0	0	0	0	0	424.81	0	0	0	0	0	0	0	0	0
L226_F10	TH	0	0	0	0	0	7.6113	0	0	77.497	0	666.34	0	0	1.3839	0	0	694.71	0.34597	0	0	0.34597	0	209.66	0	0	0	0	0.34597	348.74	316.22	0	136.66	90.644	0	0	0	1.0379	0	0.34597	227.65	0	0.34597	0	0	0	0	77.151	500.27	561.85	0	0	0	0	0	0.34597	0	138.39	0	22.488	14.877	108.63	128.35	0	13.493	128.01	0	131.81	0	760.44	0	0	0.34597	753.17	0	0.69194	0	0	82.341	0	0	467.06	0	683.64	0	104.14	68.156	0	0	0	0	0	0	0	0	0	0	0	0	0	0	0	406.17	0	0	0	0	0	0	0	75.075	0	0	0	0	159.84	0	34.597	0	0	0	148.42	0	0	0	0	0	0	0	0	0	0.34597	0	0	0	0	0	0	0	25.256	48.782	0	0	0	0	0	0	0	0	0	0	0	0	0	0	0	127.66	0	0	0	0	0	0	0	0	0	0	0	0	0	0.69194	47.052	338.36	0	0	0	0	0	0	0	0	0	0	0	0	3.4597	0	0	0	0	0	0	0	0	0	108.29	0	0	0	0	0	0	0	215.54	0	1566.9	0	0	0	0	0	0	0	90.298	0	0	0	0	181.29	0	116.94	0	0	0	0	0	0	0	0	0	414.47	0	0	0	0	0	0.34597	0	0	61.583	706.47	0	0.34597	796.77	0	0	702.66	0	0	35.635	0	0	0	0	0	0	0	0	0	0	0	0	0	0	0	0.34597	58.123	0	0	0	0	0	0	110.02	0	0	0	0	0	0	0	0	0	0	0	0	0	0	0	0	0	0	0	0	0	0	0	0	0	0	0.69194	0	0	0	0	0	0	0	0	0	0	0	0	0	0	0	0	0	0	168.83	0	0	115.9	0	198.93	0	0	0	0	0	0	0	0	171.6	2548.4	0	0	0	0	0	0	0	0	0	0	0	0	0	0	0	0	0	0	0	0	0	0	0	0	0	0	0	0	0	0	0	0	0	0	0.34597	0	0	0	0	0	0	0	0	0	0	0	0	0	131.47	0	0	0	0	0	0	0	0	0	0	0	0	0	1859.6	0	0	0	0	216.92	0	850.05	245.29	695.4	642.81	0	288.19	1446.5	0	489.2	75.421	1279.1	126.28	0	1198.4	151.54	1.7299	126.28	0	571.2	9.6871	0	60.545	0	244.25	0	150.5	4.8436	0	867.69	104.48	0	13328	0	0	0	107.94	0	0	0	0	0	0	0.34597	911.28	412.39	245.29	0	0	0
L226_C11	TH	0	0	0	0	0	0	0	22.928	0	0	0	0	0	0	0	0	0	0	0	0	0	0	83.553	0	0	0	0	0	94.434	0	0	119.69	0	0	0	0	0	75.78	130.57	184.98	0	87.05	0	0	173.71	0	0	734.1	714.67	0	0	0	0	0	1.9431	0	217.63	0	6.6065	0	5.052	16.711	0	193.92	0	0	55.572	0	1.9431	0	0	1.9431	275.53	0	0	60.624	116.97	0	0	0	530.07	0	694.85	0	0	3.8862	0	0	18.265	0	0	0	0	0	0	0	0	0	0	0	0	197.42	0	0	0	0	0	0	0	9.7154	0	0	0	0	374.24	0	416.21	0	0	0	19.819	101.43	0	0	0	0	0	0	0	0	0	0.77723	0	0	0	0	0	0	97.931	0	0	0	0	0	0	0.38862	0	0	0	0	0	0	0	0	0	198.19	0	0	0	0	0	0	0	0	0	0	0	0	87.05	5.8292	140.29	66.065	0	0	0	0	0	0	0	0	0	0	0	0	0	0	0	0	0	0	0	0	0	0	0	0	0	0	0	0	323.72	0	0	0	1338.8	0	0	0	1.5545	0	0	0	0	51.686	0	0	0	0	228.51	676.19	0	0	0	0	0	0	0	0	0	38.862	0	0	0	0	0	295.35	0	0	0	1.1659	0	0	1908.5	0	0	192.37	0	0	0	0.77723	0	0	2.7203	0	0	0	0	0	0	0	0	0	1.9431	0	0	0	0	0	0	127.08	0	0	349.37	0	0	0	0	0	0	0	0	0	0	0	0	0	0	0	0	0	0	0	0	0	0	0	0	0	0	56.738	0	0	0	0	0	0	0	0	0	0	113.48	0.77723	0	0	0	0	0	0	0	0	0	188.87	0	97.543	0	226.95	0	0	0	0	0	0	0	710.78	0	0	0	0	0	0	0	0	0	0	0	0	0	0	0	0	0	0	0	0	0	0	0	0	0	0	0	0	0	0	0	0	0	0	0	0	0	0	0	0	0	0	1.9431	0	0	0.38862	0	0	0.77723	0	0	0	0	0	0	0	0	0	0	0	0	0	157.39	0	0	0	0	0	0	1087	593.03	614.4	1009.2	21.374	0	538.23	0	33.81	393.28	275.92	79.278	184.98	0	77.335	341.59	0	0	379.68	0.77723	0	205.97	95.211	301.18	0	184.59	62.179	0	1351.2	301.18	0	15182	0	0	0	88.605	0	0	0	408.05	0	0	0	521.52	2.7203	558.05	0	0	0.77723
L226_E11	TH	0	0	1.5334	0	0	0	0	11.501	0	3.8335	18.401	26.835	0	0	0	4.6003	838.78	3.0668	0	0	3.0668	0	23.768	0	0	0	0	0	0	12.267	11.501	19.934	310.52	0	5.367	0	16.101	0	143.38	795.84	0	0	0	0	138.01	3.0668	7.6671	953.02	1238.2	0	0	0	0	0	13.801	0	9.9672	0	144.91	120.37	9.2005	9.2005	0	15.334	0	0	0	0	846.45	0	3.8335	0	789.71	0	0	5.367	0	2.3001	6.1337	0	141.07	138.01	1097.9	0	6.1337	0	0	0	0	9.9672	0	3.0668	0.76671	0	0	0	0	0	0	0	0	19.934	0	0	0	0	0	0	0.76671	21.468	0	0	0	5.367	157.94	0	9.2005	170.98	0	0	0.76671	0	0	0.76671	0	0	0	0	0	0	0.76671	13.034	0	0	3.0668	0	0	0	0	9.2005	0	0	0	0	0	0	0	0	0	0	0	0	0	0	0	341.95	0	0	0	0	0	0	0	0	6.9004	0	1.5334	0	9.2005	207.78	232.31	0	0	0	0	0	0	0	0	0	0	0	0	0	4.6003	0	0	0	0	0	0	0	0	0	0	0	3.0668	0	0	5.367	0	0	250.71	2.3001	803.51	0	0	0	1.5334	0	0	0	5.367	4.6003	0	0	0	0	16.101	348.09	2.3001	0	0	0	1.5334	0	0	0	15.334	420.16	0	0	0	1.5334	0	13.801	0	0	0	1781.8	0	10.734	282.92	0	0.76671	226.18	0	0	195.51	0	0	0	6.1337	0	0	0	0	0	0	0	0	0	0	109.64	0	23.768	0	0	8.4338	0	0	0	0	0	0	0	0	0	3.0668	0	3.0668	0	0	0	0	0	0	0	1.5334	0	9.9672	0	0	0	0	0	0	0	23.768	19.168	0	0	0	0	0	0	0	0	0	0	0	9.9672	0	0	0	0	0	0	0	0	0	328.92	0	100.44	0	250.71	0	1.5334	0	0	0	0.76671	0	1344.8	0	0	0	0	0	0	0	0	0	0	0	0	0	0	0	0	0	0	0	4.6003	0	0	0	0	0	0	0	2.3001	0	0	0	0	0	0	0	0	0	0	0	0	0	0	0	0	0	0	0	0	6.1337	0	0	0	0	0	0	0	3.8335	0	0	3.0668	0	0	1007.5	0	0	0	0	0.76671	0	372.62	475.36	960.69	573.5	0	99.672	364.95	8.4338	3.8335	0.76671	0	417.86	242.28	1.5334	432.42	220.81	0	0	6.9004	238.45	0.76671	0	0	132.64	0	1385.4	0.76671	0	476.13	1035.1	0	16293	0	0	0	0.76671	0	0	0	17.634	0	0	0	848.75	272.18	25.301	0	0	3.0668
L226_D12	TH	0	0	0	0	0	71.202	0	89.613	0	0	206.95	0	0	0	0	0	545.88	0	0	0	169.02	153.94	87.838	0	0	0	0	0	35.49	0	0	66.101	44.363	0	150.61	0	0	0	1358.8	87.395	0	0	0	0	0	77.857	693.17	618.42	1220	0	0	0	0	0	0	0	0	0	520.82	99.373	0	0	0	838.9	0	0	154.16	0	306.1	0	0	120.22	316.53	133.53	0	101.59	3.9927	219.6	0	0	139.08	0	485.99	0	140.63	77.191	0	0	114.23	0	0	0	0	0	0	0	0	0	0	0	55.453	328.95	0	0	0	0	12.2	0	0	998.38	0	0	0	60.333	157.49	0	173.68	213.38	98.707	0	535.46	151.05	0	0	0	0	0	0	0	0	0	144.62	0	0	0	0	0	0	3.3272	133.31	0	0	0	0	0	0	102.48	0	0	0	0	0	0	0	0	409.02	0	0	0	0	0	0	250.87	0	0	0	0	0	117.12	128.21	58.559	0	0	0	0	0	0	0	0	0	0	0	0	0	31.498	0	0	0	0	0	0	0	0	0	0	0	0	0	0	0	0	0	48.355	0	874.39	0	0	0	0.88726	0	0	0	0	0	0	0	0	0	83.402	405.48	0	0	0	0	0.44363	0	0	0	165.03	197.64	0	0	0	0	0	381.08	0	0	0	428.54	13.087	87.173	333.61	0	0	143.07	0	0	127.99	0.44363	0	0	0	0	0	0	0	0	0	0	0	0	0.66544	0	0	45.028	0	0	0	401.04	0	0	0	0	0	0	0	0	0	0	0	0	0	0	0	0	0	0	0	0	0	0	0.22181	0	0	0	0	0	0	30.389	0	0	0	0	0	0	0	0	0	0	2.6618	0	0	0	0	0	0	0	0	0	0	30.167	0	410.58	0	151.28	0	157.04	0	0	0	0	0	1328.2	0	0	0	0	0	0	0	0	0	0	0	0	0	0	0	0	0	0	0	38.152	0	0	0	0	0	0	0	0	0	0	0	0	0	0	143.74	0	0	0	0	0	0	0	0	0.88726	0	0	0	0	37.93	0	0	0	0	0	0	0	0	0	0	0	0	0	988.85	0	0	0	0	40.148	0	2660.7	200.08	567.62	818.94	325.62	149.06	258.64	108.02	2.8836	133.75	43.475	242.44	90.278	0	0	135.53	3.1054	138.41	85.62	50.13	34.825	0	215.6	0.44363	0	493.76	0	206.07	656.35	111.79	0	11586	0	0	0	0	0.22181	211.17	0	458.49	89.169	0	0	486.22	277.05	302.11	0	0	0
L227_D02	TH	0	0	0	0	0	0	0	73.091	0	0	1.8273	1752.4	0	0	0	0	1692.1	0	0	0	0	177.25	0	0	0	0	0	0	162.63	0	0	570.11	665.13	0	0	0	0	0	0	0	0	0	0	0	20.1	0	169.94	805.83	222.93	0	0	0	3.6546	0	5.4818	3.6546	1.8273	626.76	1809	0	0	0	0	829.58	0	0	169.94	0	0	0	0	0	10.964	0	0	0	0	7.3091	250.34	0	1.8273	0	1059.8	0	0	0	0	0	0	0	0	0	0	0	0	0	0	0	0	16.445	0	327.08	0	0	0	0	0	0	0	0	0	0	0	0	0	0	0	977.59	396.52	18.273	2512.5	0	0	0	0	0	0	0	0	0	158.97	718.12	0	0	0	0	0	0	0	422.1	0	0	135.22	0	0	436.72	0	0	0	0	0	0	0	0	0	166.28	0	0	0	0	0	0	0	0	0	0	0	0	1.8273	168.11	56.646	0	0	0	0	0	0	0	0	0	0	0	0	0	0	0	0	0	0	0	0	0	0	0	0	0	0	0	0	0	0	0	922.77	0	418.45	0	0	0	0	0	0	0	0	0	0	0	0	0	0	350.84	0	0	0	0	0	0	0	0	1.8273	310.64	0	0	0	0	0	78.573	0	0	0	442.2	0	67.609	400.17	0	0	0	0	0	109.64	0	0	0	0	0	0	0	0	0	0	0	0	0	0	0	0	0	0	0	0	0	0	0	0	0	0	0	0	0	0	0	0	0	0	0	0	0	0	0	0	0	0	0	0	0	0	0	0	0	0	0	0	0	0	0	0	0	0	0	0	0	0	0	0	0	0	0	0	0	0	0	0	1.8273	0	328.91	0	0	0	0	0	0	0	0	0	0	0	0	0	0	0	0	0	0	0	0	0	0	0	0	0	0	0	0	0	162.63	0	0	0	0	0	0	0	0	0	0	0	0	0	0	277.75	0	0	0	0	0	0	0	0	0	0	0	0	0	0	0	0	0	0	0	0	0	0	0	0	0	0	0	858.82	0	0	0	0	0	0	0	769.28	1.8273	1147.5	0	1714	562.8	402	93.191	0	20.1	1871.1	241.2	0	0	0	0	0	0	148.01	1847.4	0	0	0	0	204.65	0	0	380.07	0	95.018	7596	0	0	0	235.72	0	0	0	1270	0	0	0	570.11	0	0	10.964	0	0
L227_A03	TH	0	0	0	0	0	0	0	67.721	0	0	0	0	0	1.0419	0	0	1.0419	2.0837	0	0	0	0	0	0	0	0	0	0	226.09	393.83	0	7.2931	171.91	0	76.056	0	256.3	1.0419	0	83.35	0	0	0	0	0	62.512	486.55	1046	625.12	0	0	0	0	0	0	0	0	0	419.87	67.721	46.884	36.465	0	1285.7	0	0	249.01	0	367.78	0	0	0	0	1.0419	0	2.0837	94.81	123.98	0	0	0	193.79	357.36	0	96.894	0	0	0	536.56	0	0	0	98.978	0	0	0	0	0	0	0	0	344.86	0	0	0	0	186.49	0	0	0	0	0	0	0	76.056	0	297.97	0	0	0	4.1675	0	0	0	0	0	0	0	0	0	79.182	0	0	0	73.973	0	0	0	2.0837	204.21	0	0	0	0	0	0	0	0	0	0	0	0	0	0	0	455.3	0	0	0	0	0	0	0	0	0	0	0	0	126.07	0	140.65	0	0	0	0	0	0	0	0	39.591	0	0	0	0	0	0	0	0	0	0	0	0	0	0	0	0	0	0	122.94	1.0419	0	0	186.49	0	876.21	0	0	0	0	0	0	0	2.0837	0	0	0	0	0	708.47	7.2931	0	0	0	0	0	0	0	0	0	94.81	0	0	0	0	0	66.68	0	0	0	0	0	0	277.14	0	0	172.95	0	0	25.005	0	0	0	0	0	0	0	0	0	0	0	0	0	0	0	0	0	0	0	0	0	0	0	56.261	0	0	0	0	0	0	0	0	0	0	0	0	0	0	0	0	0	89.601	0	0	0	0	0	0	0	0	152.11	0	0	0	0	0	0	0	0	0	0	150.03	0	0	0	0	0	0	0	0	0	0	299.02	0	0	0	90.643	0	1.0419	0	0	0	0	0	727.22	0	0	0	0	0	0	0	0	0	0	0	0	0	0	0	0	0	0	0	0	0	0	0	0	0	0	0	0	0	0	0	0	0	0	0	0	0	0	0	0	0	0	0	0	0	0	0	0	0	0	0	0	0	0	0	0	0	0	0	0	0	0	1511.8	0	0	0	126.07	471.97	0	1906.6	240.67	1415.9	996.03	0	957.48	279.22	0	133.36	5.2093	66.68	1821.2	0	0	0	0	114.61	0	83.35	20.837	335.48	107.31	0	25.005	0	101.06	0	0	939.77	44.8	0	12184	112.52	0	0	419.87	0	208.37	0	755.35	68.763	0	0	826.2	271.93	279.22	0	0	0
L227_D03	TH	0	0	0	0	0	0	0	63.025	0	0	84.908	0	0	0.43767	0	0	351.89	0	0.43767	0	0	0	0	0	0	0	0	0	0	1.7507	0	189.51	283.17	66.526	115.98	0	1.7507	3.5014	185.13	100.66	0	0	0	0	21.008	18.82	195.64	244.22	573.35	0	0	0	96.287	0	0.87534	0.87534	0	7.4404	181.63	57.772	0	1.313	0	466.99	0	0	0	0	2.1883	0	0	10.504	231.53	0	0	0	8.7534	1.313	0	0	20.57	0	1202.7	0	173.76	0	0	0	0	0	0	0	0	0	0	0	0	0	0	26.698	0	386.46	0	0	0	0	0	0	0.87534	0.43767	0	0	98.914	0.43767	113.36	0	99.351	1.7507	0	0	268.73	0	0	0	0	0	0	0	0	0	0	0	0	0	0	0	0.43767	0	0.43767	0	0.43767	0	0	0	0	0	0	0	0	0	0	0	0	0	0	13.568	0	0	0	0	0	0	119.05	0	0	0	0	0	0.43767	0.87534	31.512	0	0	0	0	0	0	0	0	0	0	0	0	0	0	0	0	0	0	0	0	43.767	0	0	0	0	0	0	0	2.626	0	0	0.43767	0	1000.5	0.43767	0	0.43767	0	0	0	0	1.7507	7.0027	0	0.43767	0	0	10.942	4.3767	0	0	0.43767	0	0.43767	0	0	0	270.92	1.7507	0.87534	0	0	0	0	90.598	0	0	0	551.03	0	180.76	221.9	0	0	1.313	0	0	0.43767	0	0.43767	0	1.7507	0	0	0	0	0	0	0	0	0	0.43767	0	0	27.573	37.202	0	0.43767	0	0	0	0	0	0	0	0	0.87534	0	0	48.581	0	0	0	0	0	0	0	0	0	112.48	0	0	0	0	0	0	0	0	0	0	0	0	0	0	0	0	0	0	0	103.29	0.43767	0	0	0	0	0	0	0	0	0	8.7534	0	0.87534	0	92.349	0	5.252	0	0	0	0	0	1233.8	0	0	0	0.43767	0	0	0	0	0	0	0	0	0	0	0	0	0	0	0	3.0637	0	0	0	0	0	0	0	0	0	0	0	0	0	0	0	0	0	0	0	0	0	0	0	0	0	0	0	0	70.027	0	0	0	0	0	0	0	41.579	0	0	0	0	0.43767	1135.3	0	0	0	319.5	0	0	1935.4	265.67	588.23	1244.7	0	0	563.72	185.57	0	0	51.645	512.51	49.457	0	0	320.38	64.338	0	29.324	185.57	688.89	0	225.4	0.43767	0	141.37	0	0	1094.2	387.34	0	7160.7	0	0	0	235.03	133.49	54.271	0	494.57	0	0	0	434.61	338.76	335.26	0	0	0
L227_F03	TH	0	0	0	0	0	0	0	0.58389	0.58389	0	4.0872	14.597	88.751	2.9195	0	0	1066.8	0	1.7517	0	0	92.255	0	0.58389	0	0	0	0	1.7517	0	0	128.46	249.9	0.58389	1.1678	0	7.5906	0	5.255	210.2	0	70.067	0	0	46.711	130.21	336.32	1086.6	944.73	0	0	0	0	0	9.3422	2.9195	1.1678	210.2	822.12	1.7517	1.7517	44.96	0.58389	477.62	0	0	157.65	0.58389	7.0067	2.3356	0	0.58389	490.47	1.7517	0	0	0	1.1678	0	0	81.161	0.58389	938.9	0	258.08	0	0	0	954.08	0	0	0	63.06	0	0	0	0	0	0	0	0	498.64	0	0	0	0.58389	109.77	0	0.58389	2.9195	0	0	0	63.644	0	0	147.72	89.919	0	1.1678	213.12	29.194	0	0	0.58389	1.1678	0.58389	0	0	1.1678	0	0	0	0	2.3356	0	0	0	43.208	0.58389	0	0.58389	0	0	0	0	0	1.7517	0.58389	0	0	0	0	0	0	169.33	0	0	0	0	0	0	0	1.1678	0	0	0	0	97.51	0	107.44	0	0	0	0	0	0	0	0	0	0	0	0	0	0	0	0	0	0	0	0	0	0	0	0	0	0	0	0	0.58389	0	0.58389	324.06	1.1678	1024.7	1.1678	0	1.7517	0	0	270.34	0	0.58389	46.711	0	1.7517	0	1.7517	134.88	58.389	0	0	0	0	0.58389	0	0	0	112.69	174	1.1678	0.58389	0	0	0	6.4228	0	0	90.503	1605.1	1.1678	304.79	486.96	0	0	56.054	0.58389	0	1.7517	1.7517	0	0	8.7584	0	0	0	0	0	0	0	0	0	0.58389	0.58389	0	0	0	0	0	0	0	0	669.14	0	61.308	0	0	0	12.262	0	0.58389	0	0	0	0	0	0	1.7517	0	0	0	0	0	0	0	0	0	0	0	2.3356	0	0	0	0	0	0	0	0	0	0	2.9195	384.2	0	0	0	0	0.58389	0.58389	0	0	0	75.906	0	16.933	0	4.0872	0	0	0	0	0	0	0	1107.6	0	0	0	0	0	0.58389	0	0	0	0	0	0	0	1.7517	0	0	0	0	0	0	0	0	0	0	0	0	0	0	0	0	0	0	0	0	76.49	0	0	0	0	0	4.0872	0	0	0	0	0.58389	0	0	155.32	0	0	0	0	0	0	0	0	0	0	2.3356	0	0	1012.5	0	0	0	0	30.362	0	1311.4	551.19	1045.8	1356.4	0	322.31	1004.3	12.846	73.57	127.29	55.47	183.93	37.953	44.376	0	139.55	0	22.188	564.62	218.96	0	11.678	214.29	99.845	0	419.23	88.751	0	1247.8	714.68	0	9666.3	0	0	0	127.87	0	0	0	210.78	0	0	0	495.72	102.76	649.29	0	0	0
L227_H03	TH	0	0	0	0	0.67204	0	0	176.75	0	0	0	0	0	1.3441	0	0	124.33	0	0	0	0	0.67204	135.75	46.371	0	0	0	0	0	0	0	141.13	233.87	0	89.381	0	0	51.075	59.139	304.43	0	0	0	0	228.49	6.7204	147.18	826.61	1065.2	0	0	0	0	0	0	0	64.516	0	1411.9	245.97	222.45	0.67204	0	1638.4	0	0	43.011	0	2.0161	0	0	30.242	351.48	0	0	1.3441	80.645	100.81	0	0	294.35	0	1020.8	0	229.16	0	0	0	0	0	0	0	28.226	0	0	0	0	0	0	67.876	0	0	0	0	0	0	0	0	0	92.069	0	0	0	0	120.29	0	319.22	0	0.67204	0	319.89	7.3924	0	0	0	0	0	0	0	0	175.4	0	0	0	1.3441	0	0	0	53.091	0	0	0	0	0	0	0.67204	0	0	0	0	0	0	0	0	0	236.56	0	0	0	0	0	0	0	0	0	0	0	0	0	73.252	39.65	0	0	0	0	0	0	0	0	2.0161	0	0	0	0	0	0	0	0	0	0	0	0	0	0	0	0	0	0	0	0	0	0	0	0	1688.8	0	0	0	0	0	181.45	0	204.3	0	0	0.67204	0	38.978	0	221.1	0	0	0	0	73.252	0	0	145.16	174.73	108.87	0	0	0	0	0	180.78	0	0	0	616.26	0	81.989	934.13	66.532	0	10.081	0	0	74.596	0.67204	0	0	0	0	0	0	0	0	0	222.45	0	0	0	0	0	71.236	0	0	0	0	0	0	49.731	0	0	0	0	0	0	0	0	0	120.97	0	0	0	0	0	0	0	0	0	0	0	0	0	0	0	0	0	0	0	0	0	0	0	0	0	0	0	174.73	0	0	0	0	0	0	0	0	0	0	371.64	0	140.46	0	2.0161	0	136.42	0	0	0	0	50.403	2.6881	0	0	0	0	0	0	0	0	0	0	0	0	0	0	0	0	0	0	0	0	0	0	0	0	0	0	0	0	0	0	0	0	0	0	1.3441	0	0	0	0	0	0	0	0	0	0	0.67204	0	0	0	0	0	0	0	0	0	0	0	0	0	0	0	0	757.39	0	0	0	110.89	70.564	0	2764.8	220.43	590.05	1069.2	79.973	732.52	254.03	0	143.82	0	77.956	207.66	327.95	0	143.14	408.6	110.21	0	231.85	0	117.61	0	0	0	0	704.3	0	0	1491.9	317.2	0	8467.7	0	0	0	225.8	0	0	0	250.67	0	0	0	346.1	242.61	363.57	0	0	0
L227_G04	TH	0	0	0	0	0	207.95	0	5.5013	0	1.1003	0	156.24	0	6.6016	0	3.3008	645.86	0	0	0	0	0	57.214	0	0	0	0	0	0	1231.2	0	3.3008	641.46	0	0	0	9.9024	2.2005	133.13	1377.5	0	0	0	0	458.81	205.75	0	250.86	1273	0	0	3.3008	0	0	140.83	16.504	99.024	185.95	689.87	0	271.77	148.54	2.2005	842.81	8.8021	0	0	0	671.16	0	1.1003	7.7019	225.55	0	0	0	157.34	95.723	0	0	168.34	210.15	813.1	0	0	26.406	0	0	0	0	1.1003	0	0	7.7019	0	0	0	0	2.2005	118.83	203.55	101.22	0	0	0	2.2005	0	0	0	99.024	0	0	0	114.43	0	0	134.23	528.13	0	1.1003	215.65	0	7.7019	0	0	0	0	0	0	3.3008	0	2.2005	0	0	0	2.2005	0	0	0	0	0	0	0	2.2005	0	1.1003	0	0	0	0	0	0	0	1.1003	0	99.024	0	0	0	0	0	0	0	0	1.1003	0	0	0	0	0	18.705	0	0	0	0	0	0	0	0	0	0	0	0	0	0	0	0	0	0	0	0	0	0	0	0	0	0	0	0	9.9024	0	0	8.8021	0	1471.1	3.3008	0	0	2.2005	4.4011	0	0	5.5013	2.2005	0	0	1.1003	1.1003	146.34	9.9024	2.2005	0	0	0	0	0	3.3008	0	11.003	304.77	33.008	0	0	0	0	389.49	0	0	99.024	112.23	0	238.76	167.24	1.1003	3.3008	135.33	0	3.3008	24.206	0	3.3008	0	23.106	0	0	0	0	0	0	0	0	0	4.4011	0	2.2005	0	0	0	0	3.3008	0	0	3.3008	0	0	0	0	1.1003	0	0	224.46	1.1003	0	0	0	0	0	1.1003	0	0	0	0	0	0	0	0	0	0	4.4011	0	0	0	0	0	0	0	0	0	0	0	5.5013	6.6016	0	0	0	0	2.2005	0	0	0	0	171.64	0	298.17	0	2.2005	1.1003	2.2005	0	0	0	1.1003	0	1489.8	7.7019	0	0	0	0	3.3008	0	0	0	0	5.5013	0	0	0	0	0	0	0	0	181.54	0	0	0	0	0	0	0	1.1003	0	0	0	0	0	0	0	0	0	0	0	0	0	0	0	0	0	0	1.1003	0	930.83	0	0	0	0	0	0	0	0	0	0	0	0	2.2005	288.27	0	0	0	0	0	0	3248	273.97	748.18	794.39	1.1003	2.2005	104.53	1.1003	0	185.95	716.28	1640.5	0	961.64	0	8.8021	0	113.33	513.83	0	0	2.2005	0	4.4011	1.1003	448.91	4.4011	0	1233.4	136.43	19.805	6274.8	0	0	0	299.27	6.6016	184.85	0	605.15	91.322	0	0	430.2	477.52	2.2005	0	0	1.1003
L227_B05	TH	0	0	0	0	0	0	0	70.229	0	0	0	0	0	0.78032	0	0	596.16	0	0	0	4.6819	0	0	0	0	0	0	91.298	443.22	0	0	103	429.96	0	45.259	0	0	0	92.858	457.27	0	105.34	0	0	0	0	182.6	618.79	836.5	0	0	0	0	0	0	0	207.57	99.101	56.963	0	2.341	55.403	0	4.6819	0	0	0	0	0	0	0	0	785.78	0	0	0	0	86.616	0	0	266.09	340.22	567.29	0	85.835	0	0	0	0	0	0	0	0	0	0	0	0	0	0	0	202.88	366.75	0.78032	0	0	0	0	0	0	217.71	0	0	0	80.373	104.56	0	579.78	10.925	0	0	433.08	0	67.107	0	0	0	0	0	0	0	0	0	0	0	2.341	0	0	0	0	37.455	0	0	0	0	0	0	0	0	0	0	0	0	0	0	0	320.71	0	0	0	0	0	0	0	0	0	0	0	0	0	16.387	46.819	22.629	0	0	0	0	0	0	0	0	0	0	0	0	0	0	0	0	0	0	0	0	0	0	67.107	0	0	0	0	1.5606	0.78032	0	0.78032	0	1068.3	0.78032	0	0	0	0	0	0	0.78032	0	0	0	0	0	22.629	330.86	1.5606	0	0	0	0	0	0	0	340.22	209.13	0.78032	0	0	0	0	523.59	0	0	10.144	4.6819	1.5606	131.87	605.53	0	0	280.92	0	0	83.494	0	0	0	1.5606	0	0	0	0	0	0	0	0	0	0	0	0	0	0	0	0	444.78	0	0	0	0	0	0	0	0	0	0	0	0	0	0	0	0	0	0	0	0	0	0	0	0	0	0	0	0	0	0.78032	0	0	0	0	0	0	0	0	0	0	46.039	0.78032	0	0	0	0	0	0	0	0	0	33.554	0	49.94	0	0	0	58.524	0	0	0	0	0	1035.5	0	0	0	0	0	0	0	0	0	0	0	0	0	0	0	0	0	0	0	54.622	0	0	0	0	0	0	0	0	0	0	0	0	0	0	0	0	0	0	0	0	0	0	0	0	0	0	0	0	0	0	0	0	0	0	0	0	0	0	0	0	0	0	2438.5	0	0	0	0	0	0	1229.8	1104.2	650.79	905.95	49.94	341	1300	134.21	0	337.1	28.091	174.79	184.94	205.22	78.812	199.76	114.71	0	124.85	327.73	84.275	0	71.789	157.63	3.9016	311.35	0	0	402.64	178.69	0	11910	0	0	0	328.52	0	46.039	0	230.98	0	0	0	714.77	73.35	312.91	0	0	0
L227_E09	TH	0	0	0	0	0	169.87	0	63.314	0	0	0	359.81	0	0	0	0	115.82	0	0	0	0	298.04	236.27	0	0	0	0	0	0	0	0	0	4.6327	0	0	0	0	0	7.7212	248.62	0	0	0	0	0	183.76	1.5442	157.51	1414.5	0	0	0	0	0	0	0	9.2654	301.13	724.25	0	88.021	10.81	0	440.11	0	0	319.66	0	0	0	0	0	478.71	0	0	172.96	0	0	0	0	197.66	0	1255.5	0	64.858	155.97	0	0	0	0	1.5442	0	0	0	0	0	0	0	0	0	0	355.17	0	0	0	0	0	0	0	160.6	0	0	0	243.99	0	0	0	0	0	171.41	233.18	0	0	0	0	0	0	0	0	0	0	322.75	0	0	0	0	0	0	0	208.47	0	0	0	0	0	0	0	0	0	100.38	0	0	0	0	0	142.07	0	0	0	0	0	0	0	1.5442	0	0	0	0	0	13.898	0	0	0	0	0	3.0885	0	0	0	0	0	0	0	0	0	0	0	0	0	0	0	0	0	0	0	0	0	0	0	0	0	0	458.64	0	728.88	0	0	0	0	0	0	0	0	15.442	0	1.5442	0	0	0	111.18	0	0	0	0	0	0	0	0	0	6.1769	0	0	0	0	0	15.442	0	0	0	597.62	0	162.15	563.65	0	0	138.98	0	0	0	0	0	0	6.1769	0	0	0	0	0	0	0	0	0	0	0	0	0	0	0	0	0	0	0	108.1	0	0	0	0	0	0	0	0	0	0	0	0	0	0	0	0	0	0	0	0	0	0	0	0	0	0	0	0	0	0	0	0	0	0	0	0	0	523.5	0	0	6.1769	0	0	0	0	0	0	0	0	0	0	0	311.94	0	1.5442	0	0	0	0	0	333.55	0	0	0	0	0	0	0	0	0	0	0	0	0	0	0	0	0	0	0	591.44	0	0	0	0	0	0	0	0	0	0	0	0	0	0	0	3.0885	0	0	0	0	0	0	0	0	0	0	0	0	60.225	0	0	0	0	0	0	0	0	0	0	0	0	0	758.22	0	0	0	0	0	0	0	727.34	540.48	1028.5	0	0	1216.9	0	108.1	0	0	477.17	0	0	89.566	146.7	0	0	142.07	211.56	0	0	0	0	0	88.021	0	0	1836.1	0	0	10689	0	0	0	342.82	0	0	0	721.16	0	0	0	423.12	349	379.88	0	0	0
L227_H09	TH	0	0	0	0	0	0	0	146.76	0	0	0	64.162	0	0	0	2.2125	1531.8	0	0	0	0	0	0	3.6875	0	0	0	0	0	155.61	0	84.075	288.36	0	0	0	0.7375	0	132.75	211.66	0	0	0	0	0	0	8.85	1239.7	581.15	0	0	0	0	0	3.6875	0	195.44	0	147.5	0	5.9	423.33	0	369.49	2.95	0.7375	91.45	0	1.475	0	0	0	0	0	0	0	0	0.7375	0	0	59	0	162.25	0	98.087	0	0	0	1.475	20.65	0	0	0	0	0	0	0	0	0	0	0	631.3	0	0.7375	0	0	0	0	2.95	132.01	0	0	0	0	69.325	0	0	0	0	0	115.79	0	0	0	0	0	0	0	0	0	0	0	0	0	0	0	0	0	0	0	0	0	0	0	0	0.7375	0	0	0	0	0	0	0	0	0	0	0	0	0	0	0	0	0	0	0	0	0	0	0	0	114.31	0	0	0	0	0	0	0	0	0	0	0	0	0	0	0	0	0	0	0	0	0	0	0	59	0	0	0	0	0	0	0	67.85	0	1000.8	0	0	0	0.7375	0	57.525	0	56.05	84.075	0	12.538	0	0	0	531.74	0	0	0	0	0	0	0	0	212.4	35.4	0	0	0	0	0	247.8	0	0	2.2125	540.59	0	823.05	309.75	95.137	0	62.688	0	0	0	0.7375	0	0	0	0	0	0	0	0	0	0	0	0	335.56	0	123.16	0	0	0	0	0	0	0	59.737	0	0	0	0	0	0	0	0	0	0	0	0	0	0	0	0	0	0	0	0.7375	0	0	0	0	0	0	0	0	0	0	0	0	0	0	0	0	0	117.26	0	0	0	0	0	0	0	0	0	0	0	0	149.71	0	0	0	0	0	0	0	0	0	1170.4	0	0	0	0	0	0	0	0	0	0	0	0	0	1.475	0	0	0	0	0	0	0	0	0	0	0	0	0	0	0	0	0	0	0	0	0	0	0	0	0	0	0	0	0	0	0	0	0	0	0	0	0	0	0	0	0	0	0	0	0	0	0	0	1143.9	0	0	0	128.32	0	0	783.22	0	179.21	576.72	0	0	1208	0	59.737	0	0	443.98	174.05	0	0	0	2.95	0	0	86.287	96.612	34.662	0	42.037	0	0	0	0	219.77	120.95	0	12105	0	0	0	146.02	0	0	0	761.1	0	0	0	618.76	235.26	0	0	0	0
L227_C10	TH	0	0	0	0	0	0	0	221.41	0	0	0	161.09	0	0	0	0	805.46	0	0	0	0	0	112.54	0	0	0	0	0	118.43	0.73558	0	349.4	501.66	0	1.4712	0	263.34	0	3.6779	171.39	25.01	0	0	0	208.17	21.332	47.077	851.06	467.09	0	0	0	1.4712	0	211.11	0	0	0	0	319.98	4.4135	0	0	424.43	46.341	0	139.76	0	2334.7	0	0	211.11	1130.6	0	56.639	0	76.5	0	0	0	2.2067	89.005	703.21	0	110.34	3.6779	0	0	1.4712	0	0	3.6779	0	0	0	0	0	0	0	0	0	192.72	0	0	0	0	0	0	388.39	0.73558	0	0	0	97.096	0	0	239.8	0	0	0	0	68.409	0	0	0	0	0	0	0	0	0	227.29	0	0	136.82	0	0	0	58.111	0.73558	0	0	0	0	0	0	0	0	0	0	0	0	0	0	0	174.33	0	0	0	0	0	0	61.789	0	0	0	0	29.423	0	14.712	59.582	53.697	0	0	0	0	0	0	0	2.2067	0	0	0	0	585.52	0	0	0	0	0	0	0	0	0	0	0	0	0	0	0	0	0	0	0.73558	598.76	0.73558	0	0	5.8846	0	0	0	158.88	0	0	0.73558	0.73558	91.947	122.84	225.09	322.92	0	0	0	0	0	0	0	0	0	0	0	0	0	0	0.73558	0	0	0	927.56	720.86	2.9423	515.64	0	0	40.457	0	0	1.4712	0	199.34	0	10.298	0	0	0	0	0	0	0	0	0	0	0	0	0	0	0	0	0	0	0	44.87	0	0	0	0	0	0	0	0	0	72.087	0	0	0	0	0	0	0	0	0	0	0	0	0	0	0	0	0	0	0	0	0	0	0	0	0	0	0	244.95	0	0	0	0	0	0	0	133.14	0	0	0	0	0	0	159.62	0	0	0	0	0	0	253.04	0	0	0	0	0	0	0	0	0	0	0	0	0	0	0	0	0	0	0	0	44.87	0	0	0	0	0	0	0	0	0	0	0	0	0	0	0	30.159	0	0	0	0	0	0	0	0	0	0	0	0	0	0	0	0	0	0	0	0	0	0	0	0	0	0	356.76	0	0	0	211.11	47.077	0	397.95	813.55	1201.2	772.36	0	710.57	620.09	0	197.13	0	216.26	56.639	0	0	0	121.37	0	0	333.95	137.55	0	0	0	187.57	0	83.856	0.73558	0	1185	208.17	0	8587.1	0	0	0	60.317	0	0	0	310.41	50.019	0	0	254.51	1254.2	0	0	0	0
L227_D10	TH	0	0	0	0	0	0	0	103.65	0	0	0	119.2	0	0	0	0	6.2192	0	0	11.402	0	0	31.096	0	0	0	34.205	0	0	0	0	0	101.58	0	0	0	0	0	0	546.25	0	0	0	0	1103.9	0	0	475.77	694.47	123.35	0	0	0	0	1.0365	0	79.813	233.22	3.1096	42.498	3.1096	1.0365	0	905.93	0	0	0	0	0	0	0	0	386.63	438.45	0	0	0	166.88	0	0	0	0	1522.7	0	112.98	0	0	0	84.995	0	0	0	0	0	0	0	0	0	0	0	0	221.82	0	0	0	2.0731	114.02	0	0	1.0365	0	0	0	0	34.205	0	833.37	0	0	0	247.73	0	0	0	0	0	0	0	0	0	120.24	234.26	0	0	0	0	0	0	0	1.0365	0	0	0	1.0365	0	112.98	0	0	0	0	0	0	0	0	0	0	0	0	0	0	0	0	0	0	0	0	0	0	0	140.97	0	0	0	0	0	0	0	0	0	0	0	0	0	0	0	0	0	0	0	0	0	0	0	0	0	0	0	0	0	0	0	0	290.23	0	928.73	0	0	0	0	0	0	0	0	0	0	0	0	1.0365	293.34	1.0365	0	0	0	0	0	0	0	0	382.48	21.767	0	0	0	0	0	120.24	0	0	0	800.2	0	287.12	288.15	0	0	590.82	0	1.0365	0	0	0	0	0	0	0	0	0	0	0	0	0	0	0	0	183.47	69.447	0	0	0	0	4.1461	2.0731	22.804	0	0	0	0	0	0	0	63.228	0	0	0	0	0	0	0	0	0	0	0	0	0	0	0	0	0	0	2.0731	0	0	0	0	0	0	0	0	0	0	0	34.205	0	0	0	0	0	0	0	0	0	8.2922	0	0	0	1.0365	0	0	0	0	0	0	97.434	1.0365	0	0	0	0	0	0	0	0	0	0	0	0	0	0	0	0	0	0	0	0	0	0	0	0	0	0	0	0	0	0	0	0	0	0	0	0	0	0	0	0	0	0	0	0	0	0	0	0	0	0	0	0	0	0	0	0	0	0	0	0	0	0	718.31	0	0	0	249.8	107.8	0	0	893.49	590.82	1136	0	726.61	538.99	0	0	183.47	221.82	58.046	15.548	0	123.35	101.58	0	0	0	0	547.29	0	0	0	0	277.79	0	0	773.25	172.06	0	11636	0	0	0	0	0	0	0	547.29	0	0	0	1805.6	519.3	192.79	0	0	0
L227_E10	TH	0	0	0	0	0	0	0	210.07	0	0	123.89	123.12	2.3085	0	0	0	995.74	0	0	0	0	0	226.23	0	0	0	0	0	0	0	0	0	206.23	0	0	0	0.7695	0	0	515.57	0	10.004	0	0	60.791	0	217.77	570.97	180.06	0	0	0	0	0	0	0.7695	0	0	170.83	507.87	0	9.234	0	424.77	41.553	0	300.11	0	139.28	1.539	0	0	553.27	0	0	0	106.19	128.51	0	0	44.631	0	624.84	0	0	0	0	0	0.7695	0	0	0	0	0	0	0	0	0	0	0	0	209.3	0	0	0	0	0	0	0	158.52	0	0	0	0	0	0	0.7695	0	63.869	0	0	0	0	0	0	0	0	0	0	0	0	0	0	0	0	8.4646	0	0	67.716	0	56.174	0	0	0	0	0	0	0	0	0	0	0	0	0	0	0	0	0	0	0	0	0	0	28.472	0	0	0	0	247.78	381.67	0	0	0	0	0	0	0	0	0	0	0	0	0	0	0	0	0	0	0	0	0	0	0	0	0	0	0	0	116.19	0	0	0	0	0	904.94	0	0	0	0	0	0	0	0	0	0	3.8475	0	0	0	0.7695	0	0	0	0	0	0	0	0	0	0	0	0	0	0	0	281.64	0	0	0	157.75	0	108.5	521.72	0	0	310.11	0	267.02	0	0	0	0	0	0	0	0	0	0	0	102.34	0	0	0	0	0	0	0	0	0	0	0	0	79.259	0	0	0	0	0.7695	0	0	0	0	0	0	0	0	0	0	0	0	0	0	0	0	0	0	0	0	0	0	0	0	0	0	0	0	0	0	0	0	169.29	0	0	0	0	0	0	107.73	132.35	0	0	53.865	0	100.04	0	327.81	0	1.539	0	0	0	0	14.621	1679.1	0	0	0	0	0	0	0	0	0	0	0	0	0	0	0	0	0	0	0	0	0	0	0	0	0	0	0	0	0	0	0	0	0	0	288.56	0	0	0	0	0	50.018	0	0	0	0	0	0	0	0	0	0	0	0	0	0	0	0	0	0	0	0	101.57	1055.8	0	0	0	123.89	0	0	924.94	0	303.95	1069.6	0.7695	0	912.63	0	293.18	5.3865	10.004	1943.8	0	13.082	64.638	0	0	0	271.64	54.635	0	0	0	390.14	0	11.543	40.014	0	739.49	0	0	10250	0	0	0	109.27	0	0	0	423.23	0	0	0	262.4	0	183.14	0	0	0
L227_F10	TH	0	0	0	0	0	0	0	0	0	174.51	0	0	0	0	0	0	1420.8	0	0	0	0	343.12	0	0	0	0	0	0	0	0	0	0	51.881	0	1.1791	0	0	0	149.75	334.87	0	0	0	0	0	198.09	119.09	657.95	494.05	0	0	0	0	1.1791	0	0	62.493	0	0	71.926	1.1791	0	0	265.3	0	0	0	0	739.3	0	0	0	5.8956	0	0	0	0	170.97	0	0	450.42	1.1791	332.51	0	84.896	0	0	0	0	0	0	0	0	0	0	0	0	0	0	0	0	451.6	0	0	0	3.5373	1.1791	0	0	0	0	0	0	5.8956	0	0	119.09	0	159.18	82.538	0	0	0	0	0	0	0	0	0	5.8956	0	0	0	0	0	0	0	0	0	0	0	0	2.3582	0	0	107.3	0	0	0	0	0	0	0	0	0	0	0	0	0	0	0	0	0	0	0	0	0	0	0	0	0	0	0	0	0	0	0	0	0	0	0	0	0	0	0	0	0	0	0	0	0	0	0	0	0	0	0	0	0	0	2.3582	0	332.51	0	1095.4	0	0	0	0	0	0	0	0	0	0	2.3582	0	1.1791	168.61	0	0	0	0	0	0	0	0	0	449.24	0	0	0	0	0	0	0	0	0	0	5.8956	0	0	143.85	0	3.5373	86.075	0	0	0	0	0	0	0	0	0	0	0	0	0	0	0	0	0	1.1791	66.03	103.76	0	0	0	0	0	0	0	0	0	0	0	0	0	0	0	48.344	0	0	0	0	0	0	0	0	0	0	0	0	0	0	0	0	0	0	0	0	0	0	0	0	0	0	0	0	1.1791	0	0	0	0	0	0	0	0	0	0	182.76	0	34.194	0	0	0	0	0	0	0	0	0	2195.5	0	0	0	0	0	0	0	0	0	0	0	0	0	0	0	0	0	0	0	48.344	0	0	0	0	0	0	0	0	0	0	0	0	0	0	0	0	0	0	0	0	0	0	0	0	0	0	0	0	114.37	0	0	0	0	0	0	0	0	0	0	0	0	0	1572.9	0	0	0	4.7165	0	0	0	0	380.85	1134.3	0	0	718.08	0	0	0	129.7	801.8	31.836	0	0	174.51	0	0	124.99	182.76	0	0	0	0	0	214.6	0	0	2452.6	191.02	0	8488.5	0	0	0	133.24	0	175.69	0	241.72	0	0	189.84	560.08	0	0	0	0	0
L227_E11	TH	0	0	0	0	0	0	0	46.178	0	0	0	7.6963	0	3.8481	0	30.785	15.392	0	0	0	0	0	0	0	0	0	0	0	0	11.544	0	0	965.88	0	7.6963	7.6963	11.544	0	0	196.26	0	0	0	0	0	0	0	1139.1	438.69	0	0	0	0	0	76.963	0	0	7.6963	23.089	0	0	0	0	404.05	3.8481	0	608.01	0	888.92	11.544	15.392	0	246.28	0	0	0	15.392	150.08	0	0	330.94	15.392	731.15	0	3909.7	334.79	0	0	0	0	0	0	0	11.544	0	0	0	0	0	0	0	0	0	0	0	0	0	0	0	0	0	0	0	3.8481	0	0	11.544	0	0	0	138.53	0	0	0	0	0	0	0	0	0	0	0	0	0	0	0	0	0	0	323.24	0	0	0	0	0	0	0	0	0	0	0	0	0	0	0	1289.1	0	0	0	0	0	0	0	0	0	0	0	0	3.8481	0	0	0	0	0	0	0	0	0	0	0	0	0	0	0	0	0	0	0	0	0	0	7.6963	0	0	0	0	0	0	0	0	0	0	38.481	3.8481	1304.5	0	0	0	0	0	0	0	688.82	0	0	0	3.8481	3.8481	38.481	26.937	0	0	0	0	0	0	0	0	0	7.6963	0	0	0	0	0	0	0	0	0	446.38	0	19.241	246.28	0	0	2281.9	0	0	0	0	0	0	0	0	0	0	0	0	0	0	0	0	7.6963	0	0	0	0	0	0	0	0	0	0	0	0	0	0	0	7.6963	0	0	0	0	0	0	0	0	0	0	0	0	0	0	0	0	0	0	0	3.8481	0	0	0	0	0	0	0	0	0	0	0	0	0	0	0	0	0	0	0	0	0	0	538.74	0	103.9	0	0	0	30.785	0	0	0	0	0	838.89	0	3.8481	0	0	0	0	0	0	0	0	0	0	0	0	0	0	0	0	0	0	0	0	0	0	0	0	0	0	0	0	0	0	0	0	15.392	0	0	0	0	0	0	0	0	0	0	3.8481	0	0	0	0	0	0	0	0	0	0	0	0	0	0	0	0	7.6963	0	0	0	0	3.8481	0	296.31	0	11.544	2532.1	242.43	0	11.544	0	0	0	0	42.329	1012.1	0	0	23.089	0	0	3.8481	3.8481	0	0	0	0	0	1015.9	0	0	1189.1	0	0	12322	600.31	0	0	0	0	0	0	765.78	0	0	0	496.41	0	1824	0	0	0
L227_G11	TH	0	0	0	0	0	85.98	0	63.354	0	0	530.1	0	0	0	0	0	405.33	0.64647	0	0	2.5859	0	94.384	0	0	0	0	0	257.94	0	0	511.36	446.71	0	241.78	0	0.64647	0	311.6	0	0	272.81	0	0	0	0	153.86	1096.4	1447.4	0	0	0	0	0	296.73	0	0	0	374.3	183.6	0	81.455	0	401.45	0	0	99.556	0	1128.7	0	0	0	53.01	0	0	0	126.06	5.1717	0	0	820.36	1.2929	557.9	0	153.86	0	0	0	98.263	0	0	0	0	0	0	0	0	0	0	128	0	366.55	0	0	0	0	0	0	0	1.9394	0	0	0	200.4	0	0	173.25	0	0	38.788	4.5253	0	0	0	0	0	0	0	0	0	0	0	0	0	0	0	0	0	0	399.52	0.64647	0	0	0	0	0	0.64647	0	0	0	69.172	0	0	0	0	345.21	0	0	0	0	0	0	0	0	0	0	0	0	284.45	0	2.5859	0	0	0	0	0.64647	0	0	0	0	0	0	0	0	0	0	0	0	0	0	0	0	0	0	0	0	0	0	0	0	0	0	356.85	0	376.89	0	0	0	0	0	0	0	0	100.2	0	0	0	0	1.2929	482.26	0	0	0	0	0	0	0	0	0	938.02	0	0	0	0	0	106.02	0	0	43.96	623.84	0	134.46	250.83	0	0	416.97	78.222	0	0	1.2929	0	0	2.5859	0	0	0	0	0	0	305.13	0	0	0	0	0	0	0	0	0	2.5859	0	0	84.687	0	0	0	0	0	0	0	195.88	0	0	0	0	0	0	0	0	0	0	0	0	0	0	0	0	0	0	350.39	0	0	0	0	0	0	0	0	0	0	66.586	0	0	0	0	0	0	0	0	0	0	210.75	0	0	78.869	0	0	0	0	0	0	0	91.152	681.38	0	0	0	42.667	0	0	0	0	0	0	0	0	0	0	0	0	0	0	0	0	0	0	0	0	0	0	0	0	0	0	0	0	0	0	0	0	0	0	0	0	0	0	0	0	0	0	0	0	0	0	0	0	0	0	0	0	0	0	0	0	0	0	1530.2	0	0	0	114.42	53.01	0	1508.8	0	373.66	1138.4	0	1.9394	754.43	0	0	0	9.697	122.83	229.49	74.344	0	25.212	71.758	0	94.384	782.22	0	56.889	0	0	0	464.16	0	0	645.17	882.43	0	10230	0	0	0	0	0	0	0	738.91	0	0	0	149.33	91.798	145.46	0	0	0
L227_A12	TH	0	0	0	0	0	0	0	238.32	0	0	0	0	0	0	0	0	0	0	0	0	0	0	1780.3	405.15	0	0	0	0	0	0	0	633.94	30.982	0	0	0	0	0	0	0	0	0	0	0	0	0	424.21	915.16	769.78	0	0	0	0	0	0	0	0	0	2.3832	0	4.7664	586.27	0	2183	0	0	0	0	1217.8	0	0	0	0	0	0	0	0	0	0	0	0	285.99	1084.4	0	378.93	0	0	0	2.3832	0	0	0	0	0	0	0	0	0	0	23.832	0	1429.9	0	0	0	0	0	0	0	0	0	0	0	760.25	0	0	2.3832	212.11	0	0	0	0	0	0	0	0	0	0	0	0	0	0	0	0	0	0	0	0	0	0	0	0	0	0	0	0	0	0	0	0	0	0	0	0	0	0	0	0	0	0	0	0	0	4.7664	0	0	0	0	0	95.329	0	0	0	0	0	0	0	0	0	0	0	0	0	0	0	0	0	0	0	0	0	33.365	0	0	0	0	0	0	0	0	0	0	0	0	586.27	0	0	2.3832	0	0	0	0	0	81.029	0	0	0	0	0	114.39	0	0	0	0	0	0	0	0	0	462.34	0	0	0	0	0	1806.5	0	0	171.59	891.32	0	0	7.1497	0	0	193.04	0	0	38.132	0	0	0	4.7664	0	0	0	0	0	0	0	0	0	0	0	0	2.3832	0	0	0	0	0	0	2.3832	0	0	0	0	0	0	0	61.964	0	0	0	0	0	0	0	0	0	0	0	4.7664	0	0	0	0	0	0	0	0	0	0	0	0	0	0	0	0	0	0	0	0	0	0	0	0	0	0	0	0	0	0	0	0	0	0	0	0	0	0	0	0	1215.4	0	0	0	0	0	0	0	0	0	0	0	0	0	0	0	0	0	0	0	0	0	0	0	0	0	0	0	0	0	0	0	0	0	0	0	0	0	0	0	0	0	0	0	0	0	0	0	0	0	0	0	0	0	0	0	0	0	0	0	119.16	0	0	683.98	0	0	0	0	0	0	383.7	307.43	462.34	1804.1	0	0	476.64	0	2757.4	0	757.86	822.21	950.9	0	0	0	0	0	645.85	0	0	0	0	76.263	0	409.91	0	0	1098.7	421.83	0	7726.4	0	0	0	252.62	0	0	0	245.47	0	0	0	362.25	552.91	691.13	0	0	0
L227_G12	TH	0	0	0	0	0	0	0	0	0	0	0	0	0	0	0	0	0	0	0	0	0	0	0	0	0	0	0	0	317.58	0	0	0	14.011	0	0	0	0	0	0	1230.6	0	0	0	0	775.28	0	0	1001.8	684.21	0	0	0	0	0	4.6703	0	0	345.61	2.3352	0	0	128.43	0	754.26	0	0	0	0	2783.5	0	0	0	0	0	0	0	0	0	0	0	457.69	0	14.011	0	123.76	0	0	0	0	0	0	0	0	14.011	0	0	0	0	0	0	0	742.59	0	0	0	0	0	0	0	0	0	0	0	0	0	0	0	0	0	0	247.53	0	0	0	0	0	0	0	0	9.3407	0	0	0	0	0	0	0	0	0	0	0	0	0	0	0	0	0	0	0	0	0	0	0	0	0	135.44	0	0	0	0	0	0	0	0	0	0	0	0	0	0	0	0	7.0055	0	0	0	0	0	0	0	0	0	0	0	0	0	0	0	0	0	0	0	0	0	0	0	0	0	0	2.3352	0	0	0	2.3352	3603.2	11.676	0	0	0	0	0	0	0	0	0	0	0	0	312.91	14.011	0	0	0	0	0	0	0	2.3352	997.12	4.6703	0	0	0	0	0	0	0	0	0	1903.2	0	0	705.22	0	0	0	0	0	0	0	0	0	0	0	0	0	0	0	0	0	0	0	0	0	0	0	0	0	0	0	0	0	0	0	0	0	0	0	0	0	0	0	0	0	0	0	0	0	0	0	0	0	0	0	0	0	0	0	0	0	0	0	0	0	0	0	0	0	0	0	0	0	0	0	0	0	0	0	0	0	0	840.66	0	0	0	0	0	0	0	0	0	0	0	0	0	0	0	0	0	0	0	0	0	0	0	0	0	0	0	0	0	0	0	0	0	0	0	0	0	0	0	0	0	0	0	0	0	0	0	0	0	0	0	0	0	0	0	0	0	0	0	0	0	0	0	0	0	0	0	0	0	0	0	0	0	0	0	0	0	0	0	0	0	826.65	821.98	0	1545.9	382.97	0	642.17	347.94	0	0	0	0	649.18	0	0	305.91	0	0	0	0	18.681	0	0	0	0	698.22	0	0	1015.8	408.65	0	8976.4	0	0	0	256.87	0	221.84	0	964.43	0	0	0	249.86	0	0	0	0	0
L228_G01	TH	0	0	0.53726	0	1.3431	0.80589	0	6.4471	0.26863	47.816	2.4177	2.149	0	5.9098	0.26863	0	1049.5	0.53726	0	1.3431	0	0	1.0745	0.26863	0	0	0	0.80589	110.41	0.53726	0	0.53726	84.349	2.6863	4.2981	1.3431	14.775	2.6863	142.64	258.96	0	0	0	1.8804	1.3431	4.0294	44.861	847.26	1228.2	0	0	0.53726	0.26863	0	51.577	2.9549	16.386	31.967	32.504	112.29	55.606	23.371	0	137.81	2.9549	0	149.36	1.0745	2637.1	2.149	2.6863	36.802	511.74	6.1785	0.26863	1.6118	2.9549	216.78	1.8804	0	424.17	1.8804	721.54	0	205.23	11.82	0	0	44.861	0	0	1.6118	0	1.0745	0	0	1.6118	0	0	1.6118	193.68	357.81	0	0	0	3.2235	0.26863	0	1.8804	330.41	0	0.26863	31.698	55.338	1.3431	0.80589	55.875	1.8804	26.326	1.8804	430.88	128.4	0	0.80589	1.0745	0	0.26863	0	0	1.8804	9.9393	1.8804	0	0	50.771	0.53726	0.26863	0	1.6118	157.95	0.26863	0.80589	52.114	1.0745	0	0	0.26863	0	0	0.26863	0	0	0	0.26863	0	89.722	0	0	0	0	0	0	4.0294	1.0745	0.26863	0	1.8804	0	43.518	0.26863	41.906	0	0.80589	0	0.26863	19.61	0	0	0	0	0	0	0	0	0.26863	0.26863	0	0	0	0.26863	0	1.8804	0	0	0	0	0	0.80589	0.26863	0.53726	0	0	1.0745	2.9549	541.82	0.53726	0	0.26863	78.439	0.26863	1.0745	0	1.0745	1.8804	0	0	0	0.26863	489.44	466.07	0.53726	0	0	0	0	0	0	0	24.177	285.82	0.26863	0	0	1.3431	0	63.934	0	0	1.8804	21.222	0.26863	124.11	791.38	0	0	229.68	0	0	149.09	0	0.53726	0	10.208	0	0	0	0	0	0	0	0	0	2.9549	0	3.2235	31.43	1.8804	0	1.6118	0	0	0	8.3275	0	0	0	0	1.3431	276.42	0	41.637	0	1.0745	0	0	0	0	0.26863	0	0	1.3431	0	0.26863	0	0	0	0	0.26863	0	376.89	0	0	0	0	0	0	1.0745	0	0	0	6.4471	0	0	0	0	0	0	0	0	0	0	36.265	0	263.79	0.26863	100.47	0	2.9549	0	0	0	0.26863	6.4471	14.775	0	0	0	0	0	0	0	0	0	0	0	0	0	0	0	0	0	0	0	51.845	0	0	0	0	0	0	0	0	0	0	0	0	0	0	58.83	0	0	0	0	0	1.6118	0	0	0	0	4.0294	0.53726	0	1.3431	0	0	0	0	0	0	0	0	0	0	113.36	0	16.924	683.66	0	0	0	1.8804	63.128	1.3431	1108.1	87.304	709.18	1205.3	148.82	1.8804	823.88	90.528	89.453	73.336	72.261	312.95	0.26863	173.53	97.512	239.88	0.26863	0	426.31	128.67	1.3431	182.67	28.206	267.55	0	408.85	23.908	0	700.58	282.33	0	13467	0	0	0	180.79	1.8804	0.26863	0	225.65	0	0	0	521.41	189.92	130.55	0	0	3.2235
L228_B02	TH	4.6037	0.28773	11.509	5.4669	58.122	586.68	0	102.72	2.8773	44.311	357.65	30.787	9.7829	109.05	6.6178	6.0424	1129.6	20.141	16.688	2.5896	61.575	201.7	98.117	6.6178	19.566	1.4387	1.4387	77.112	49.778	75.386	65.027	13.811	157.96	14.099	117.11	0.28773	167.46	13.236	176.96	509	1.1509	9.7829	0	1.7264	159.12	23.018	389.3	752.71	969.37	0.28773	6.9056	12.373	10.358	6.9056	381.82	31.938	117.39	70.782	311.61	29.636	62.725	153.94	7.481	893.98	54.669	2.5896	154.8	19.278	861.47	14.962	10.934	51.504	500.37	34.528	10.071	14.099	48.051	150.48	3.7405	1.1509	260.97	79.126	752.99	0	166.88	30.787	0	3.7405	14.387	6.0424	2.0141	8.0565	0.8632	47.188	0	2.3019	4.8914	1.4387	2.5896	8.9197	16.688	159.4	4.8914	1.7264	0.28773	15.25	23.306	0	4.8914	164.29	4.316	2.3019	6.9056	19.566	20.717	1.1509	325.42	70.494	25.32	92.362	443.68	9.7829	0	6.6178	11.222	8.0565	1.4387	0.8632	2.3019	65.027	402.54	10.934	0	0.28773	17.552	0.57546	8.3442	0	15.538	10.358	2.8773	3.4528	19.278	11.222	0	70.494	20.429	3.1651	1.4387	4.8914	0.8632	0	2.0141	0.8632	1.4387	479.36	1.1509	0	0	1.7264	2.5896	0	1.1509	6.0424	132.36	3.1651	13.236	12.373	14.387	240.26	112.79	10.071	4.6037	0.8632	3.4528	0.8632	0.28773	0	0	51.504	0.28773	0	0	0	7.1933	0	5.7546	2.5896	0	9.7829	1.1509	57.834	0.8632	0	5.1792	3.1651	0	0	2.0141	4.316	2.3019	0	10.071	5.7546	1896.4	4.316	1.4387	0.57546	7.1933	0.8632	17.552	0	182.42	103.87	0	2.3019	0.8632	25.033	175.52	224.43	12.66	0.28773	1.1509	0	2.3019	0	0	0	21.292	197.96	48.914	0	0	1.7264	0	95.239	0	0	42.297	880.75	5.1792	104.16	336.07	0.57546	3.4528	337.51	3.4528	2.8773	387.86	2.8773	7.481	0	115.67	0	0	0	0	1.4387	0	13.236	0	0	6.9056	0.57546	6.0424	11.222	8.0565	3.1651	0.8632	511.88	0	0	28.198	0	2.8773	0	0	3.1651	2.5896	2.0141	69.919	1.7264	4.8914	0.28773	0.8632	0	0.28773	3.4528	1.7264	0	12.373	3.4528	3.4528	2.0141	0	0	0	0	20.717	29.924	0.57546	1.1509	0	0.8632	0.28773	0	1.4387	0	0	0	66.178	4.6037	0	0	0.57546	0.57546	6.6178	3.4528	1.4387	0	0	129.19	1.1509	88.621	0	14.099	1.7264	102.72	1.7264	0.57546	1.7264	1.7264	8.3442	1299.4	0	0	2.3019	2.0141	0.28773	0	0	0	0.57546	4.0282	0	0	0	0	0	0	0	0	0.57546	15.825	0	0	0	0	0	2.3019	0	0	0	0	0	0	0	0	6.3301	4.316	1.7264	0	0	0	16.976	3.1651	2.8773	1.1509	0	28.485	1.4387	0	44.311	0	0	4.8914	2.8773	0	0	3.1651	0.57546	0.28773	0	11.509	0	1.4387	657.47	0.28773	0	0.57546	59.848	69.056	0	1228.3	479.07	409.73	1221.1	48.051	790.4	286.01	150.77	79.702	59.848	94.664	322.26	17.839	285.72	1.4387	549.28	51.504	1.4387	61.287	11.797	218.96	7.1933	53.518	85.744	3.1651	613.73	0.57546	0.8632	699.48	265	0	16774	0	0	1.4387	160.84	275.93	2.0141	0	280.25	1.4387	2.3019	0	373.48	467.85	278.24	0.28773	0	7.1933
L228_H02	TH	0	0	0	0	0	0	0	136.47	0	0	3.6555	0	0	13.404	0	0	14.622	6.0926	7.3111	0	0	3.6555	0	0	0	0	0	0	0	0	129.16	0	242.48	0	243.7	0	7.3111	527.62	0	689.68	0	0	0	0	0	1.2185	0	1288	464.25	0	0	0	0	0	3.6555	0	0	968.72	46.304	0	564.17	147.44	0	304.63	0	0	299.75	0	1463.4	0	0	108.45	238.83	2.437	2.437	0	664.09	478.88	0	0	1.2185	1.2185	240.05	0	0	0	0	0	247.36	0	0	0	0	1.2185	0	0	0	0	0	0	0	0	0	0	0	0	0	0	0	20.715	0	0	0	0	0	0	14.622	8.5296	0	0	1.2185	4.8741	0	1.2185	0	0	0	0	0	0	0	1.2185	0	0	2.437	0	0	0	0	1.2185	0	0	0	0	0	0	0	0	0	0	0	0	0	0	0	1017.5	0	0	0	0	0	0	0	0	1.2185	0	0	3.6555	0	0	84.077	0	0	0	0	0	0	0	0	0	0	0	0	0	0	0	8.5296	0	0	0	0	0	0	0	0	0	0	0	0	0	0	0	0	0	911.45	0	0	0	0	0	0	0	0	0	0	0	0	0	0	2.437	0	0	0	0	0	0	0	0	0	10.967	225.43	0	0	0	0	0	0	0	0	1306.2	0	244.92	62.144	1.2185	0	0	0	0	0	0	464.25	0	0	0	0	0	0	0	0	0	0	0	0	0	601.95	0	0	0	0	3.6555	0	0	0	0	0	0	0	0	0	0	1.2185	0	9.7481	0	0	0	0	0	0	0	0	0	1.2185	0	0	0	0	0	0	0	0	1.2185	0	0	0	0	0	0	0	0	0	0	0	0	0	0	0	0	0	0	0	0	0	324.12	0	325.34	0	81.64	0	0	0	0	0	0	0	0	0	0	0	0	0	0	0	0	0	0	0	0	0	0	0	0	0	10.967	0	0	0	0	0	0	0	0	0	0	0	0	0	0	0	0	0	0	0	0	2.437	0	0	0	0	2.437	0	0	1.2185	0	0	0	0	0	0	0	0	0	0	0	0	0	35.337	0	0	0	0	142.57	0	597.07	2625.9	0	668.96	0	0	290.01	0	0	0	369.21	355.81	0	0	2.437	0	0	0	212.02	181.56	749.39	0	0	241.26	0	388.7	0	0	113.32	307.07	0	20617	0	0	0	0	0	0	0	339.96	776.19	0	0	1006.5	97.481	0	0	0	0
L228_F03	TH	0	0	0	0	0.37783	0	0	74.81	0.75566	102.77	0.75566	5.6674	0.37783	7.1788	0	0	1558.6	0	0	0	83.5	64.987	63.853	0	0	0	0	2.6448	92.568	0.37783	1.8892	46.851	242.19	0.75566	2.6448	0	9.4458	0	111.46	111.46	2.267	0.37783	0	0.75566	54.408	1.5113	316.24	1044.7	406.17	0	0	1.5113	19.269	0.37783	7.9344	4.534	26.448	0	222.92	105.42	110.33	36.65	0	170.02	3.0226	0	70.654	1.8892	137.53	3.7783	0	1.5113	180.23	0.37783	0	0	259.19	141.69	0	0	129.22	116.37	1104.8	0	118.26	0	0	1.5113	0	4.1561	0	0	1.5113	9.4458	0.37783	0	0	0	0	0.37783	1.5113	126.57	0	0	0	0.75566	0.37783	0	0	147.73	0	0	0.37783	3.0226	114.86	1.5113	55.163	0.37783	16.247	0.37783	2.267	0	1.1335	0.37783	3.4005	0	0	0	0	3.0226	1.1335	0	0	0	0	0	2.267	0	61.964	50.629	0	2.6448	95.969	0	0	3.4005	0	1.8892	0	0.37783	1.8892	0	0	0	2.6448	230.1	0	0	0	0	0	0	0	0	0.75566	0	0.37783	0	80.856	0.75566	13.224	0	0	0	0	0	0	0	0	0	0	0	0	0	0	0	0	0	0	0	0	0	0	0	0	0	0	0	0	0.37783	0	0	0	2.6448	474.18	0.37783	0	0	1.1335	58.186	108.82	0	1.8892	20.781	0	0	0	0	34.76	2.267	157.18	0	0	0	0	0	0	0	0.37783	277.7	1.1335	0	0	0	0	171.91	0	0	0	81.233	0	311.33	417.88	0	0	212.34	0	0	4.9118	0	30.604	0	2.267	0	0	0	0	0	0	0	0	0	0	0	71.788	3.4005	1.1335	0	0	159.44	0	0	15.113	0	0	0	0	0.37783	0	0	66.498	0	0	0	0	0	0	0	0	0	3.4005	0	0	0	0	0	0	0	0	90.301	0	0	0	0	0	0	0	0	0	0	9.8236	0	0	0	0	0	0	0	0	0	0	84.256	0.37783	29.093	0	232.74	0	2.267	99.747	0	0	0	0	423.55	0	0	0	0	0	0	0	0	0	0	0	0	0	0	0	0	0	0	0	0	0	0	0	0	0	0	0	8.3123	0	0	0	0	0	0	0	13.602	0	0	0	0	1.1335	0	3.0226	0	0	3.0226	0	0	12.091	0	0	0	0.37783	0	0	0	0	0	0	15.113	0	0	1125.9	0	0	0.37783	0.37783	0	0	1036.8	956.66	632.86	795.71	33.627	0	507.8	148.11	0	58.942	38.161	119.77	177.58	94.08	0	575.06	205.92	0	233.12	43.073	131.11	0	125.06	0	0	17.38	0	0	672.54	372.54	0	20479	0	0	0	121.28	0	3.0226	0	378.96	52.14	0	0	1130.5	663.47	186.65	0	0	0
L228_E04	TH	0	0	0	0	0	0	0	3.6772	0	1.2257	468.24	0	0	4.0858	3.6772	0.81717	604.29	0	0	2.0429	0	1.2257	9.806	0	0	0	0	0	63.331	136.06	0	0.81717	102.15	0	0.81717	0	4.4944	28.192	66.599	254.14	1.2257	0	0	0	0	117.26	56.384	908.28	955.68	0	0	0	0	0	6.5373	0	338.31	14.3	174.46	25.332	111.54	71.911	0	355.47	0.81717	0	43.718	0	8.9888	0	0	8.1717	531.98	0.81717	0	0	5.7202	236.57	0	0	2.8601	69.459	675.39	0	2.0429	0	0	0	4.903	0	0	0	93.566	0	0.40858	0	0	0	0	0.81717	0	165.88	0	0	0	0	52.299	0	82.942	56.384	0	0	1.2257	0	17.978	0	133.2	0	0	0	287.23	160.57	0	2.0429	0	0	0	0	0	5.7202	69.459	0	0	0	0	0	0	0	0	1.2257	0	0	57.61	0.40858	0	0	179.78	0	0	9.806	0	0	0.81717	0	0	77.222	0	0	0	0	0	0	0	0	0.40858	0	0	0	61.696	122.57	364.86	8.1717	0	0	0	56.793	0	0	0	2.4515	0	0	0	0	2.8601	0	0	0	0	0	0	67.416	0	0	0	0	0	0	0	0	0	0	0	0.40858	945.87	0	0	0	0	0	0.81717	0	67.008	0	0	0	0	0	400.82	250.87	185.5	0	0	0	0	0	0	0	114.4	104.6	0	0	0	0	0	245.15	0	0	40.858	360.78	0	0	306.44	0	0	74.771	0	0	0	0.40858	0	0	2.0429	0	0	0	0	0	0	0	0	0	0	0	351.79	0	0.40858	0	0	0	25.741	0	174.87	0.40858	0	0	0	0	106.64	0	55.567	0	0	0	0	0	0	0	0	0	0	1.2257	0	0	0	0	0	0	0.40858	32.278	0	0	0	0	0	0	0	0	0	0	54.342	0	0	0	0	0	0	0	0	0	0	270.48	0	95.2	0	0	0	0	0	0	0	0	0	1093.4	0	0	0	0	0	0	0	95.609	0	0	0	0	0	0	0	0	0	0	75.588	311.34	0	0	0	0	0	0	0	1.6343	0	0	0	0	0	0	58.019	0	0	0	0	0	0	0	0	0	0	0	0	0	0	0	0	0	0	0	0	0	1.6343	0	0	51.073	0	0	581.82	0	0	82.942	266.8	67.008	0	1988.2	149.95	423.29	1147.3	49.439	453.12	840.86	0	106.23	49.03	498.47	11.44	463.74	53.116	0	83.76	0.40858	0	592.04	500.52	0	126.25	0	259.04	0	592.85	46.17	0	1236.4	207.56	0	12085	0	0	0	0	0	73.954	0	237.39	22.063	0	0	465.38	152.4	327.28	0	0	0
L228_E05	TH	0	0	0	0	0	0	0	0	0	0	0	0	0	0	0	0	1340.3	0	1.1584	0	637.13	0	0	0	0	0	0	0	0	0	0	0	82.248	0	0	0	0	1.1584	128.59	176.08	0	0	0	0	0	510.86	392.71	1632.2	817.85	0	0	0	0	0	0	0	1.1584	0	3.4753	341.73	0	0	0	1351.9	0	0	0	0	4.6337	0	0	0	485.38	1.1584	0	0	3.4753	0	0	0	0	0	199.25	0	2.3168	177.24	0	0	0	0	0	0	0	0	0	0	0	0	0	0	0	0	0	0	0	0	129.74	0	0	0	0	0	0	0	0	0	618.6	0	0	35.911	42.862	0	0	0	0	0	0	0	0	0	0	0	0	0	1.1584	0	0	0	0	0	0	0	0	0	0	0	0	0	0	0	0	0	0	0	0	0	0	0	0	0	0	0	0	0	0	0	1.1584	0	0	0	348.69	0	0	0	0	0	0	0	0	0	0	0	0	0	147.12	0	0	0	0	0	0	0	0	0	0	0	0	0	0	0	0	0	0	0	886.19	3.4753	0	0	0	0	0	0	0	25.485	0	0	0	0	0	215.47	0	0	0	0	0	0	0	0	0	68.347	0	0	0	0	0	135.54	0	0	0	779.62	0	0	344.05	0	0	0	0	0	308.14	0	0	0	0	0	0	0	0	0	0	0	0	0	0	0	454.1	0	0	0	0	0	0	0	0	0	0	0	0	0	0	0	0	0	0	0	0	0	0	0	0	0	0	0	0	0	0	0	0	0	0	0	0	0	0	0	0	0	0	0	0	0	293.08	0	0	0	0	0	0	0	0	0	0	0	0	171.45	0	0	0	0	0	0	0	0	27.802	13.901	0	0	0	0	0	0	0	0	0	0	0	0	0	0	0	0	0	0	0	0	0	0	0	0	0	0	0	0	0	0	0	0	0	0	0	0	0	0	0	0	0	0	0	0	0	0	0	0	0	0	0	0	0	0	0	0	0	0	0	0	0	0	676.52	0	0	0	154.07	0	0	914	0	1526.8	1415.6	0	369.54	188.82	0	227.05	0	0	465.69	515.5	0	0	356.8	186.51	0	908.2	0	395.02	118.16	0	0	0	1.1584	27.802	0	938.32	1986.7	0	11353	0	0	0	211.99	0	245.59	0	0	0	0	0	595.43	342.89	12.743	0	0	0
L228_C06	TH	0	0	0	1.3039	0	401.6	0	3.9117	0	0	0	518.95	0	3.9117	0	0	472.01	0	0	0	0	0	0	0	0	0	0	0	0	0	0	2.6078	0	0	3.9117	0	14.343	0	309.02	294.68	0	0	0	0	0	2.6078	691.06	354.66	1365.2	0	0	0	0	0	249.04	11.735	170.81	252.96	168.2	5.2156	0	3.9117	0	807.11	0	0	285.55	0	230.79	0	0	1.3039	254.26	2.6078	0	607.61	0	122.57	0	0	404.21	71.714	612.83	0	56.067	6.5195	0	0	0	0	0	0	1.3039	0	0	0	0	2.6078	0	0	103.01	6.5195	0	0	0	0	66.498	0	0	1.3039	0	0	0	0	0	0	15.647	0	1.3039	7.8233	727.57	0	0	6.5195	0	0	0	0	0	0	0	0	0	0	0	0	0	0	0	0	0	0	0	0	0	474.62	1.3039	0	0	14.343	0	0	0	0	0	157.77	0	1.3039	0	0	0	0	0	0	5.2156	0	0	0	196.89	0	105.61	0	0	0	0	0	0	0	0	0	0	0	0	0	0	0	0	426.37	0	0	0	135.6	0	0	0	0	0	0	0	0	0	0	0	0	606.31	0	0	0	0	0	0	0	0	254.26	0	0	0	0	140.82	301.2	0	0	0	0	389.86	0	0	0	0	234.7	0	0	0	0	0	546.33	0	0	0	835.79	0	329.89	667.59	0	0	0	0	0	0	0	0	0	2.6078	0	0	0	0	0	0	0	0	0	0	0	5.2156	2.6078	230.79	0	0	461.58	0	0	469.4	0	0	0	0	0	0	0	0	0	0	0	0	0	0	0	0	0	0	0	0	0	0	0	0	0	0	1.3039	0	0	0	0	0	0	0	0	0	0	7.8233	0	0	0	0	0	0	0	0	0	0	0	0	322.06	0	0	0	112.14	0	0	0	0	0	0	0	0	0	0	0	0	0	0	0	0	0	0	0	0	0	0	0	0	0	559.37	0	0	0	0	0	0	0	0	0	0	0	0	0	0	0	0	0	0	0	0	0	0	0	0	0	0	0	0	0	0	0	0	0	0	0	0	0	0	0	0	0	0	353.36	0	0	0	637.6	0	0	0	456.36	383.34	1292.2	0	0	108.22	0	0	303.81	0	226.88	271.21	0	0	490.26	0	0	0	221.66	147.34	0	0	0	0	92.576	0	0	628.48	294.68	0	15252	0	0	0	182.54	1041.8	0	0	940.11	1.3039	0	0	144.73	0	99.096	0	0	0
L228_D06	TH	0	0	0	0	0	0	0	164.17	0	46.046	137.47	0	0	6.0061	0	0	1415.4	0.66734	0	0	0	0	0	0	0	0	0	3.3367	0	333	0	433.1	122.79	4.004	516.52	0	4.004	0	83.418	403.07	0	120.12	0	0	0	16.016	208.21	1388.7	712.05	0	0	0	0	0	3.3367	0	383.72	0.66734	290.96	192.86	0	0.66734	0	240.91	0	0	170.17	1.3347	151.49	0	0	157.49	248.92	0	0	0	4.6714	78.079	0	0	1.3347	713.39	645.98	0	0.66734	0.66734	0	0	0	0	0	0	0	0.66734	0	0	0	0	0	0	0	254.92	0	0	0	0	0	0	0	88.756	0	0	0	1.3347	0	0	0	0	0.66734	219.55	0.66734	62.73	0	0	0	0	0	0	0	0	0	0	0	0	22.69	0	0	0	13.347	1.3347	0	0	0	0	0	0	0	0.66734	1.3347	0	0	0	0	0	0	91.426	0	0.66734	0	0	0	0	0	0	0	0	1.3347	70.071	63.397	72.073	62.063	0	0	0	0	0	0	0	0	0	0	0	0	0	0	0	0	0	0	0	0	0.66734	0	0	0	0	0	0	0	0	0	0.66734	175.51	0	776.12	0	0	0	0.66734	0	76.077	0	0	0	0	0	0	0	329.67	0.66734	0	0	0	0	0	0	0	0	0	0	0	0	0	0	0	1203.2	0	0	0	1291.3	118.12	17.351	81.415	0	0	0.66734	0	0	0	0	0	0	4.004	0	0	0	0	0	0	3.3367	0	0	0	0	250.92	0	0	0	0	197.53	0	0	2.002	0	0	0	0	0	0	0	0	0	0	0	0	0	0	0	0	0	0	0	0	0	0	0	0	0	0	0	0	0	0	0	0	0	0	0	0	0	0	0	0	0	0	0	0	0	0	0	0	19.353	0	28.028	0	112.11	0	114.78	0	0	0	0	76.077	0	0	0	0.66734	0	0	0	0	0	0	0	0	0	0	0	0	0	0	0	0	0	0	0	0	0	0	0	0	0	0	0	0	0	0	0	0	0	0	0	0	0	0	0	0	0	0	0	0	0	203.54	0	0	0	0	0	0	0	0	0	0	0	0	0	976.98	0	0	0	297.63	0	0	595.27	237.57	717.39	1819.2	317.65	320.99	1177.2	0	0	645.32	678.02	511.18	185.52	0	151.49	412.42	435.11	0	383.05	54.722	0	0	0	162.83	0	445.78	0	0	786.79	860.87	0	14493	0	0	0	317.65	0	0	0	192.19	0	0	0	478.48	1.3347	763.44	0	0	0
L228_C07	TH	0.27538	0	0	0	1.1015	0	0	63.614	0.27538	0	382.78	0	0.55077	1.1015	0	0.27538	695.07	0	0	0	0.27538	35.525	0	44.062	0	0	0	0	2.4785	0	0	547.46	207.64	0	0	41.858	0.82615	18.726	152.56	51.772	0	0	0	0	183.96	41.308	96.935	719.85	763.92	0	0	0.55077	0	0	167.98	1.1015	41.583	136.32	161.1	337.62	93.906	72.977	0.82615	910.42	98.588	0	86.195	0	340.65	0	0	101.34	89.225	0	50.946	85.369	103.27	397.65	0	0	4.4061	38.278	1256	0	238.76	9.0877	0	0	1.3769	0	0	0.82615	0.82615	0.82615	0	0	237.66	1.9277	0	0.55077	92.804	328.81	0	0	0	0.27538	109.05	0	37.728	1.1015	0	0	0.27538	72.701	102.72	0	122	130.53	0.27538	0	273.73	83.992	0	2.2031	0.27538	0	0	0	0	0	0.55077	0	0	0	0.82615	0	0	0	0	314.76	0	0	0	0.55077	0	0	0	0	0	0	0	0	0	0	0	0	0	0	0	0	0	0	0.82615	0	0.27538	0	0	0	17.9	175.97	26.988	0	0	0	0	0	0	0	0	133.84	0	0	0	0	0	0	0	0	0	0	0	0	0	0	0	0	0	0	0	0	0	0	0	0	587.67	0	0	0	0	30.843	0	0	0	202.96	0	0.27538	0	0	0	155.59	0	0	0	0	0	0	0	0	0.27538	36.626	0	0	0	0	0	49.294	0	0	0.55077	1454	1.3769	142.92	267.67	0	172.67	128.88	0	0	115.11	0	10.189	0	3.0292	0	0	0	0	0	0	0.27538	0	0	0	0	0	213.15	0.27538	0	0	0	0	0	81.238	0	0	0	0	0	0	0	59.208	0	0	0	0	0	0	0	0	0	0	0	0	0	0	0	0	0	0	26.162	0	0	0	0	0	0	0	0	0	0	0.27538	0	0	0	0	0	70.498	0	0	0	0	63.889	0	129.98	0	2.2031	0	0	0	0	0	0	11.291	150.08	0	0	0	0	0	0	0	0	0	0	0	0	0	0	0	0	0	0	0	308.15	0	0	0	0	0	0	0	140.17	0	0	0	0	0	0	99.689	0	0	0	0	0	0	0	0	3.3046	0	3.0292	0	0	12.943	0	0	0	0	0	0	0	0	0	0	0	0	0	1268.7	0	0	3.8554	48.468	49.018	8.8123	1538	109.33	191.94	969.63	25.335	543.06	656.24	0	44.888	57.005	255.01	299.62	66.368	34.423	0.55077	432.63	26.988	97.486	329.36	80.137	0	0	0	1.9277	0	248.67	0	0	1478.3	473.11	0	10630	0	0	0	131.36	0	49.845	45.989	432.35	16.798	0	0	150.63	44.888	563.16	0	0	504.23
L228_D07	TH	0	0	0	0	0	405.9	0	265.73	0	0	1.3287	0.66433	0	0.66433	0	0	199.96	0	5.3146	0	0	0	315.56	156.78	0	0	0	0	0	0	0	0	102.97	0	0	0	1.993	0	518.84	631.11	0	0	0	0	0	0	790.55	1013.1	845.69	0	0	0	0	0	4.6503	0	320.87	0	156.12	361.39	0	0	0	1245.6	0	0	1.3287	0	1478.8	0	0	0	1.3287	0	0	0	0	389.96	0	0	170.73	0	233.84	0	269.05	0	0	0	0	0	0	0	0	0	0	0	0.66433	0	0	51.818	0	366.05	0	61.118	0	0	148.15	0	0	3.3216	0	0	7.3076	215.91	315.56	0	0	0	0	0	179.37	0	0	0	0	0	0	0	0	0	0	0	0	0	0	0	0	0	0	35.209	0	0	1.3287	0	0	0	0	0	0	0	0	0	0	0	0	0	0	0	0	0	0	0	0	0	0	0	0	0	96.328	0	471.01	0	0	0	0	0	0	0	0	1.3287	0	0	0	0	88.356	0	0	0	0	0	0	0	0	0	0	0	0	0	0	0	0	0	0	0	1397.1	0	0	0	0	0	176.05	0	0	0	0	0	0	39.195	98.321	147.48	0	0	0	0	0	0	0	0	0	242.48	0	0	0	0	0	203.28	0	0	0	2026.9	0	129.54	561.36	0	0	0	0	0	0	0	0	0	0	0	0	0	0	0	0	0	0	0	0	258.42	465.03	0	0	0	0	0	0	0	0	0	0	0	0	0	0	0	0	0	0	0	0	0	0	0	0	0	0	0	0	0	0	0	0	0	0	51.818	0	0	0	0	0	0	0	0	0	0	78.391	0	0	0	0	0	0	0	0	0	0	35.209	0	115.59	0	0	0	0	0	0	0	0	1.3287	1472.2	0	0	0	0	0	0	0	0	0	0	0	0	0	0	0	0	0	0	0	0	0	0	0	0	0	0	0	0	0	0	0	0	0	0	0	0	0	0	0	0	0	0	0	0	0	0	0	0	0	0	0	0	0	0	0	0	0	0	0	0	0	0	174.05	0	0	0	197.97	155.45	0	2419.5	1015.1	237.16	1707.3	0	265.07	261.74	144.82	118.92	0	75.733	624.47	0	0	0	860.97	0	104.96	95.663	19.93	0	0	18.601	8.6363	43.846	523.49	15.944	0	1826.2	692.89	0	17176	0	0	0	109.61	109.61	0	0	0.66433	0	0	0	772.61	0	1261.6	0	0	0
L228_E07	TH	0	0	0	0	0	0	0	0	0	0	0	106.12	0	6.8026	0	0	23.129	0	0	0	0	0	0	0	0	0	0	0	0	0	0	0	321.08	0	272.1	0	1.3605	180.95	29.931	462.58	0	0	0	0	0	178.23	367.34	1828.5	424.48	0	0	0	0	0	0	0	167.34	0	1.3605	228.57	0	0	0	469.38	0	0	0	0	2.721	0	0	0	360.54	0	0	114.28	0	0	0	0	123.81	0	1251.7	0	0	0	0	0	0	0	0	0	0	0	0	0	0	0	0	0	0	0	0	0	0	0	0	0	0	0	0	0	0	0	0	0	0	0	0	0	102.04	0	0	0	0	0	0	0	0	0	0	17.687	0	0	0	0	0	0	0	258.5	0	0	0	0	0	0	0	0	0	0	0	0	0	0	0	0	0	0	0	0	0	0	0	0	0	0	0	0	0	0	0	0	0	0	0	0	0	0	0	0	0	0	0	0	161.9	0	0	0	0	0	0	0	0	0	0	0	0	0	0	0	0	0	0	0	205.44	0	0	0	0	0	0	0	0	0	0	0	0	0	0	282.99	0	0	0	0	0	0	0	0	0	0	0	0	0	0	0	0	0	0	0	0	0	12.245	1118.3	0	0	287.07	0	0	87.073	0	0	0	0	0	0	0	0	0	0	0	0	0	0	0	0	0	0	0	0	0	0	0	0	0	227.21	0	0	0	0	0	0	0	0	0	0	0	0	0	0	0	0	0	0	0	0	0	0	0	0	0	0	0	0	0	0	0	0	0	0	0	0	0	0	0	0	0	0	0	0	0	0	121.09	0	0	0	0	0	0	0	0	0	0	0	586.38	0	0	0	0	0	0	0	0	0	0	0	0	0	0	0	0	0	0	0	0	0	0	0	0	0	0	0	0	0	0	0	0	0	0	72.107	0	0	0	0	0	0	0	0	0	0	0	0	0	0	0	0	0	0	0	0	0	0	0	0	0	93.876	0	640.8	0	0	0	0	0	0	1055.8	149.66	597.27	1848.9	0	474.82	756.45	0	1.3605	0	1594.5	265.3	412.24	765.97	0	0	0	0	0	0	190.47	0	0	0	0	374.14	0	0	1042.2	353.73	0	13997	0	0	0	0	0	0	0	293.87	0	0	0	1778.2	680.26	604.07	0	0	0
L228_G07	TH	0	0	0	0	0	0	0	217.25	0	0	84.231	47.261	0	0.38114	0	0	1204	0	0	0	70.892	0	214.2	0	0	0	0	0.38114	250.03	86.899	0	22.868	814.87	0	46.499	0	0	0	0	528.26	0	0	0	0	1.1434	35.065	357.89	320.92	1202.9	0	0	0	0	0	1.5245	0	35.827	0	141.02	0	0.38114	0	0	500.43	122.73	0	401.72	0	690.24	0.38114	0	42.306	753.51	65.556	0	77.371	265.27	94.141	0	0	370.85	465.37	550.36	0	0	0	0	0	0	0	0	0	0	0	0	0	0	0	0	0	426.49	367.8	0	0	0	0	90.33	0	1.9057	0.38114	0	0	0	0	0	0	0	0	0	58.695	387.24	75.465	0	0	2.668	0	0	0	67.461	1.9057	0	0	0	0	0	0	0	0	0	0	0.38114	0	0	0	0	0	0	0	0	0	0	70.51	0	0	0	180.66	0	0.38114	0	0	0	0	0	108.24	0	0	0	0	0	440.6	67.461	61.744	0	0	0	0	0	0	0	120.06	0	0	0	0	0	0	0	0	0	0	0	16.389	0	0	0	0	0	0	359.03	0	0	0	6.4793	0	692.53	0	0	0	52.978	0	22.487	0	8.0039	190.95	0	0	0	54.503	216.49	32.016	0	0	0	0	0	0	0	0	52.978	9.1473	0	0	0	1.5245	0	444.41	0	0	0	1403.3	0	0	397.53	0	0	621.26	0	0	0	0	0	0	0	0	0	0	0	0	0	114.72	0	0	0	0	0	0	0	0	0	0	0	0	101.76	0	0	0	0	0	0	0	278.99	0	0	0	0	0	0	0	0	0	0	0	0	0	0	0	0	0	0	0	0	0	0	0	0	0	51.835	0	0	0	54.884	1.1434	0	0	0	0	0	0	119.68	0	0	110.15	0	144.45	0	105.96	0	64.031	0	0	0	0	0	1.5245	0	0	0	0	0	0	0	0	0	0	0	0	0	0	0	0	0	0	0	0	0	0	0	0	0	0	0	77.752	0	0	0	0	0	0	0	0	0	0	0	0	0	0	0	0	0	107.48	0	0	3.0491	0	0	0	0.38114	0	0	0	0	0	0	0	0	0	1516.6	0	0	2.2868	328.54	0	0	1977.3	91.473	602.58	1339.7	0	482.9	755.41	0	77.371	0	299.19	634.59	96.047	0	0	131.11	0	58.314	80.42	44.593	0	328.92	59.076	415.82	0	449.36	0	0	1035.9	60.982	0	12455	0	0	0	601.44	11.053	0	0	306.05	106.72	0	0	238.59	53.74	270.23	0	0	0
L228_A08	TH	0	0	0	0	0	0	0	113.59	0	1.9384	119.79	1.5507	0	0	0	0	479.57	0	0	0	0	0	67.457	0	0	0	0	0	146.16	0	2.7138	3.4892	291.15	0	0	0	2.3261	0	138.4	339.61	0	0	0	0	338.45	0	824.22	952.93	544.7	0	0	0	0	0	0	0	46.91	178.72	0.77537	137.63	0	126.77	0	823.06	0.77537	0	59.704	0	1424.7	1.1631	0	67.457	288.83	8.1414	0	158.18	145.77	189.58	0	0	472.59	181.05	836.63	0	152.75	0	0	0	479.57	0	0	0	0	0.77537	0	0	0	0	0	0	229.9	486.93	0	0	0	0	0	0	0	0	0	0	19.384	0	366.36	0	83.352	0	0	43.421	0	326.04	0	0	0	0	0	0	0	0	0	136.85	0	0	0	0	0	0	0	314.02	0	0	0	0	0	0.38769	0	0	0	0	0	0	0	0	0	215.94	0	0	0	0	0	0	62.805	0	0	0	0	2.3261	63.968	56.602	55.439	0	0	0	0	0	0	0	0	0	0	0	0	0	99.247	0	0	0	0	0	0	0	0	0	0	0	0	0	0	0	0	0	41.095	0	818.02	0	0	0	0	0	55.439	0	3.1015	84.516	0	0	0	69.008	216.72	57.377	0	0	0	0	0	0	0	0	0.38769	119.79	91.106	0	0	0	0	215.94	0	0	46.522	708.3	0	100.8	209.35	0	0	143.06	0	0	82.577	0	0	0	2.7138	0	0	0	0	0	0	0	0	0	60.479	0	0	0	26.363	0	0	0	0	0	0	0	1.9384	0	0	0	0	0	0	0	0	0	0	0	0	0	0	0	0	0	0	0	0	0	0	0	0	73.66	0	0	0	0	0	0	0	0	0	0	131.04	2.7138	0	0	0	0	0	0	1.9384	0	0	156.24	0	245.79	0	0	0	93.045	0	0	0	0	0	0	0	0	0	0	0	0	0	0	0	0	0	0	0	0	0	0	0	0	0	72.497	0	0	0	0	0	0	0	0.38769	0	0	0	0	0	0	0	0	0	0	0	0	0	0	0	0	0	0	0	0	0	0	0	0	0	0	0	0	0	0	0	31.015	0	0	766.46	0	0	0	20.935	0.77537	0	2032.6	0	365.98	1258.8	0	228.35	1858.6	298.91	8.1414	0.38769	1184	814.91	390.79	0	154.3	63.581	116.69	0	123.67	54.276	0	69.783	0	190.74	0	226.8	10.467	0	1786.8	9.6921	0	14208	0	0	0	0	0	48.461	0	343.49	261.69	0	0	126	98.86	303.56	0	0	0
L228_E08	TH	0	0	0	0	0	0	0	0.30565	0	0	0.30565	0	52.572	0	0	0	763.22	0	0.30565	0	0	0	0	0	0	0	0	0	42.486	0	0	58.991	179.42	0	0	0	1.8339	0	128.99	307.49	0	63.576	0	0	51.044	26.592	162.91	510.14	1101.9	0	0	0	0	0.61131	72.44	0	62.659	0	3.9735	25.064	135.1	32.094	0	949.36	0	0	12.226	0.61131	988.18	0	0	0.91696	335	0	0	29.037	0	208.46	0	0	36.067	100.56	1026.7	0	31.482	0	0	0	86.194	0	0	0	0	0	0	0	0	0	0	0	103.62	438.31	0	0	0	0	72.746	0	0	365.26	0	0	40.041	0	173.92	0	386.96	0	59.908	0	83.138	3.0565	0	8.5583	0	0	0	0	0	0	0	0	0	0	0	0	0.91696	0	0	12.532	0	0	0	0	0	28.12	0	0	0	0	0	0	0	0	0	140.91	0	0	0	0	0	0	0	0	0	0	0	0	58.686	66.632	96.892	0	0	0	0	0	0	0	0	103.62	0	0	0	0	0	0	0	0	0	0.61131	0	0	0	0	0	0	25.369	0	0	0	0	0	0	0	1171.6	0	0	0	2.7509	0	25.369	0	46.459	0	0	0	0	76.413	168.11	174.22	0	0	0	0	0	0	0	0	158.94	339.28	0	0	0	0	0	355.78	0	0	0	564.85	0	172.69	295.57	117.07	0	339.28	0	0	22.313	0.30565	0	0	3.9735	0	0	0	0	0	0	0	0	0	0	0	0	128.38	0	0	0	0	0	0	455.42	0	0	0	0	0	0	0	0	72.746	0	0	0	0	0	0	0	0	0	0	0	0	0	0	0	0	0	29.648	0	0	0	0	0	0	0	0	0	0	0	0	0	0	0	0	0	0	0	0	0	64.493	0	0.30565	0	0	0	0	0	0	0	0	0	244.22	0	0	0	0	0	0	0	0	0	0	0	0	0	0	0	0	0	0	0	130.21	0	0	0	0	0	0	0	0	0	0	0	0	0	0	0	0	0	0	0	0	29.343	0	0	0	0	0	0	0	20.784	0	0	0	0	0	0	0	0	0	0	0	0	0	846.66	0	0	0	112.79	45.542	0	1393.8	16.2	667.85	1782.6	7.947	52.267	1237.6	152.83	226.79	93.836	47.682	364.95	122.87	0.30565	35.762	154.35	0	0	298.62	0	0	106.37	0	625.67	77.636	1369.9	2.7509	0	1006.2	193.17	0	12491	0	0	0	7.03	0	0.30565	0	638.82	0	0	0	67.549	220.68	525.72	0	0	0
L228_G08	TH	0	0	0	0	0	0	0	169.26	0	0	0	0	0	12.09	0	0	3.2241	0	0	0	0	0	45.137	0	0	0	0	51.585	88.662	176.52	0	0	0	4.8361	0	0	0	94.305	0	386.89	0	0	0	0	352.23	112.84	0	1293.7	651.27	0	0	0	0	0	0	0	0	20.151	0	332.08	53.197	0	0	878.57	0	0	1.6121	0	1088.1	0	0	0.80602	120.9	91.081	0	0	12.896	219.24	0.80602	0	132.99	285.33	1103.4	0	454.6	0	0	0	0	0	0	0	44.331	0	0	0	0	0	0	0	0	182.16	0	0	0	0	0	0	0	296.62	0	0	0	0	150.73	0	286.14	0	0	88.662	0	74.96	0	0	0	0	0	0	0	0	0	0	0	0	0	0	0	0	0	0	0	0	0	0	0	0	0	0	0	0	0	0	0	0	0	657.71	0	0	0	0	0	0	0	37.077	0	0	0	0	53.197	112.84	209.57	0	0	0	0	0	0	0	0	0	0	0	0	0	0	0	0	0	0	0	0	0	0	0	0	0	0	0	0	0	0	0	0	0	739.93	0	0	0	0	0	0	0	0	0	0	0.80602	0	213.6	140.25	211.98	0	0	0	0	0	0	0	0	0	319.18	0	0	0	0	0	461.85	0	0	0	1788.6	4.8361	4.0301	407.85	0	0	0	0	0	69.318	0	0	0	0	0	0	0	0	0	0	0	0	0	0	0	0	0	0	0	0	0	0	0	95.111	0	0	0	0	0	0	0	0	0	0	0	0	0	0	0	0	0	0	0	0	0.80602	0	0	0	0	0	434.45	0	0	0	0	0	0	0	0	0	0	10.478	0	0	0	0	0	0	0	0	0	0	270.02	0	0	0	0	0	40.301	0	0	0	0	73.348	461.05	0	0	0	0	0	0	0	0	0	0	0	0	0	0	0	0	0	0	0	0	0	0	0	0	0	0	0	0	0	0	0	0	0	0	433.64	0	0	0	0	0	0	0	0	0	0	0	0	0	0	0	0	0	0	0	0	0	0	0	0	0	0	0	890.66	0	0	0	112.84	0	0	1757.1	374.8	182.97	2165.8	0	0	496.51	0	204.73	43.525	51.585	515.05	648.85	0	0	350.62	0	0	412.68	81.408	0	0	103.98	0	0	0	0	0	895.49	667.39	0	15481	0	0	0	0	0	0	0	180.55	0	0	0	83.02	0	502.96	0	0	0
L228_A09	TH	0	0.37486	0	0	0	0	0	71.599	0	0	0	0.37486	0	0.37486	0	0	805.58	0	0	0	89.592	0	0	79.096	0	0	0	90.717	32.613	0	0	489.57	87.343	64.852	0	0	32.238	0	2.624	627.9	0	0	0	0	97.465	0	109.83	747.85	422.47	0	0	0	0	0	1.1246	0	243.29	0	189.68	89.218	2.9989	5.2481	0	562.3	169.06	0	74.973	0.37486	4.4984	2.2492	0	1.1246	97.09	0.37486	0	122.96	0.74973	170.56	0	0	197.55	92.966	481.7	0	299.89	0	0	0	10.871	0	0	31.114	104.21	0	0	0	0	0	0	0	193.8	0	1.1246	0	0	0	274.03	0	0	0	0	0	0	0	0	0	115.08	0	206.93	0	200.18	44.984	0	0	0	0	0	0	0	0	0.74973	0	0	0	15.744	0	0.37486	0	71.974	0	0	0	0	0	0	9.3716	0	0	0	0	0	2.2492	0	0	0	0	0	0	0	0	0	0	0.74973	0	0	0	0	0	10.871	194.93	108.71	0	0	0	0	0	0	0	0	0	0	0	0	0	0	0	0	0	0	0	0	83.22	0	0	0	0	0	0	0	0	0	0	0	0	1217.9	0	0	0	0	0	0	0	0	298.77	0	0	50.607	6.3727	142.45	337.38	0	0	0	0	0	0	0	0	516.94	61.853	0	0	0	0	0	621.9	0	0	0	143.95	0	273.65	307.39	0	0	582.54	0	0	0.37486	0	0	0	1.8743	0	0	0	0	0	0	0	0	0	88.468	0	0	80.221	0	0	0	0	0	0	35.987	0	0	0	0	0	0	0	220.04	0	0	0	0	0	0	0	0	0	0	0	0	0	0	0	0	0	0	84.719	0	0	0	0	0	0	0	0	0	0	81.345	0	0	0	0	0	0	0	0	0	0	111.33	0	42.735	0	78.721	0	17.244	0	0	0	0	5.623	0	0	0	0	0	0	0	0	0	0	0	0	0	0	0	0	0	0	0	0	0	0	0	0	0	0	0	0	0	0	0	0	0	0	0	19.118	0	0	0	0	0	0	0	0.37486	0	0	0	0	0	70.474	0	0	0	0	0	0	1.4995	0	0	0	0	0	0	1313.9	0	0.37486	0	203.93	95.965	0	1692.1	0	691.25	473.08	126.7	645.89	816.08	0	79.471	68.975	0	351.62	0	0	0	298.77	86.219	19.493	0	58.479	0	66.351	58.854	237.66	0	426.97	79.096	0	863.69	90.717	0	12714	0	0	0	57.354	0	0	0	601.28	0	0.37486	0	479.83	2.624	364.37	0	0	0
L228_B09	TH	0	0	0	0	0	0	0	0	0	0	1626	0	0	0	0	0	115.23	0	0	0	0	0	0	0	0	0	0	0	0	0	0	64.016	0	0	0	0	12.803	0	0	6.4016	0	0	0	0	0	0	44.811	1491.6	1920.5	0	0	0	0	0	0	0	0	12.803	0	0	0	1011.5	0	768.19	0	0	307.27	0	2503	0	0	0	236.86	128.03	0	0	0	0	0	0	0	0	57.614	0	38.409	0	0	0	0	0	0	0	0	0	0	0	0	0	0	0	0	0	0	0	0	0	0	0	0	0	0	0	0	0	0	0	0	0	0	0	108.83	0	0	0	0	0	0	0	0	0	0	0	0	0	0	0	0	0	0	0	0	0	0	0	0	0	0	0	0	0	0	0	0	0	0	486.52	0	0	0	0	0	0	0	0	128.03	0	0	0	0	0	0	0	0	0	0	0	0	0	0	0	0	0	0	0	0	0	0	0	0	0	0	0	0	0	0	0	0	0	0	0	0	0	0	0	192.05	0	0	0	0	0	0	0	0	0	0	0	0	0	0	0	0	0	0	0	0	0	0	0	0	0	0	0	0	0	0	0	0	0	0	204.85	0	115.23	179.24	0	0	0	0	0	0	0	0	0	0	0	0	0	0	0	0	0	0	0	0	0	0	0	0	0	0	0	0	0	0	0	0	0	0	0	0	0	0	0	0	0	0	0	0	0	0	0	0	0	0	0	0	0	0	0	0	0	0	0	0	0	0	0	0	0	0	0	0	0	0	0	0	0	0	0	0	0	0	0	0	19.205	0	0	0	51.213	0	0	0	0	0	0	0	0	0	0	0	0	0	0	0	0	0	0	0	0	0	0	0	0	0	409.7	0	0	0	0	0	0	0	0	0	0	0	0	0	0	0	0	0	0	0	0	0	0	0	0	0	0	0	0	0	0	0	0	0	0	0	0	0	0	0	0	0	0	1990.9	0	0	0	198.45	0	0	6.4016	806.6	723.38	1914.1	0	0	537.73	44.811	0	0	0	864.21	64.016	0	275.27	0	0	0	0	128.03	0	0	0	0	0	1677.2	0	0	672.16	512.13	0	25946	0	0	0	1088.3	12.803	0	0	0	0	51.213	0	70.417	102.43	332.88	0	0	0
L228_G09	TH	0.3166	0	7.2817	0	6.3319	89.597	0	13.297	3.4826	0.63319	283.04	8.8647	54.138	25.644	0.94979	1.583	219.09	2.5328	3.4826	0	85.798	0	35.459	0.94979	4.4324	0	0	1.8996	268.47	3.4826	1.2664	444.5	76.616	0	91.496	0	46.223	0.63319	16.463	535.68	1.583	0.3166	0	0	6.0153	9.1813	262.77	560.38	1117.6	56.038	2.8494	0.3166	1.8996	1.2664	40.208	7.2817	208.64	135.5	298.55	58.887	15.83	202.94	0.3166	454	5.3822	0.63319	60.153	6.3319	1011.2	3.166	2.8494	3.166	65.536	8.8647	4.4324	197.24	202.94	6.9651	1.583	0	252.33	80.099	1228.1	0	60.787	175.08	0	1.8996	109.86	0	0	1.8996	44.957	296.65	0	0	1.2664	2.2162	0	0.3166	16.78	513.52	0	87.697	0	1.8996	6.3319	0	3.166	16.78	0	0.63319	33.559	7.9149	17.096	1.583	136.45	37.358	2.5328	2.2162	499.91	53.188	0.63319	2.2162	4.1158	6.0153	1.2664	0.63319	0	4.749	2.5328	1.583	0	0	3.7992	102.58	3.4826	0	2.8494	1.2664	0	0	2.5328	3.7992	0.63319	0.63319	4.749	3.166	0.63319	31.027	0	0	1.2664	0	0	38.625	0	0	0	0	0.94979	0	48.756	23.428	254.54	0	0.63319	2.8494	2.2162	94.029	1.583	0	3.4826	0	0	1.2664	0	0	0	89.597	0	0	0	0	2.2162	0	0	0	0	5.3822	0	2.8494	0	0	0	0	1.8996	0	0.3166	0	0.94979	0.3166	5.6987	0.3166	1032.1	0	0	1.2664	2.8494	0	5.0655	0	66.802	56.987	0.3166	0	0	0	205.15	148.8	9.1813	0	0	0	0.3166	0	0	1.2664	2.8494	21.212	1.583	0	0	1.8996	0	337.49	0	0	10.764	730.07	1.2664	54.455	236.5	0	0	205.47	0	1.2664	159.88	0	2.5328	0	13.93	0	0	0	0	1.583	0	0.3166	0	0	0	0.3166	72.817	4.4324	0	0	1.2664	0.94979	0	0	33.876	0.3166	0	0	1.2664	4.1158	9.8145	0	71.868	0	1.2664	0	0	0	66.485	2.2162	0	0	4.1158	0	3.7992	0	0	0	0	0	0.3166	50.022	0	0	0	0	0.3166	0	0	0	0	0	8.5481	0.94979	0	0	0	0	14.564	0	2.5328	0	0.3166	285.57	0	15.197	0	3.166	0	89.28	0.63319	0	0	0.3166	78.833	971.32	0	0	0	0	0.63319	0	0	0.63319	0	0	0	0.94979	0	0	0	0	0	0	0	6.9651	0	0	0	0	0	1.2664	0	0.3166	0	0	0	0.3166	0	0	67.752	0	0	0	0	0	0.63319	0.3166	0	0.3166	0	5.3822	175.08	2.2162	238.08	0	0	0	0	0	0	3.7992	0.63319	0	0	3.7992	0	0	1661.5	0	0.94979	0.63319	47.489	2.2162	0	1347.8	433.42	476.8	1066.9	0	858.61	1082.1	0	31.343	42.424	110.49	379.6	2.2162	108.91	88.964	535.05	131.07	1.8996	186.79	166.53	116.82	2.5328	1.2664	365.04	3.166	153.87	0	0	659.79	461.92	72.501	15140	0	0	0	110.18	0	147.85	0	462.55	0	0	0	730.39	265.63	302.67	11.398	0	0
L228_A10	TH	0	0	2.2611	0	0	1.1306	0	59.543	0	3.0149	2.638	0	64.443	2.638	3.3917	0.75371	2716.4	0	0	0	0	0	0	0	1.5074	0	0	62.558	206.52	0	0	0	219.33	0.37686	0	0	1.1306	0	21.481	242.32	0	0	0	0	49.368	72.357	325.98	589.03	831.35	0	0.37686	0	57.659	2.2611	0	0.37686	56.152	0	278.5	0.37686	74.241	93.838	0	444.69	0	1.1306	86.677	0	2.2611	0	0.75371	0	310.53	0.37686	0	0	0	100.62	0	0.75371	512.9	171.47	2396.1	0	76.879	0	0	0	0	0	0	0	0	0	0	0	0	0	0	62.558	0	459.39	0	0	0	0	71.603	0	0	60.297	0	0	222.35	0	47.107	0	5.6529	2.638	0.37686	0	336.16	71.226	0	0.37686	0	0	0	0	0	0	0	0	0	0	0	0	0	0	10.552	1.5074	0	0	0	0	0	90.446	83.285	0	0	0	0	0	0	0	0	362.54	0	0	0	0	0	0	6.0297	0	0	0	0	0	83.662	200.11	268.7	6.7834	0	0	0	0	0	0	0	0	0	0	0	0	0	0	0	0	0	0	0	59.167	0	0	0	0	0	0	0	0	0	0	0	0	1433.9	0	0	0	0	0	0	0	0	129.26	0	0	0	0	94.214	480.12	0	0	0	0	0	0	0	0	0	91.953	0	0	0	0	0	0	0	0	0	2451.1	0	289.05	282.64	0	0	163.93	0	0	15.828	0	0	0	2.2611	0	0	0	0	0	0	1.1306	0	0	0	0	0.37686	427.73	0	0	0	0	0	0	56.905	0	0	0	0	0	24.873	0	63.312	0	0	0	0	0	0	0	0	0	0	0	0	0	0	0	0	0	2.638	1.1306	0	0	0	0	0	0	0	0	0	0	32.033	0	0	0	0	0	0	0	0	0	0	420.95	0	1.8843	0	209.16	0	2.2611	0	0	0	0	0	371.96	0	0	0	0	0	0	0	0	0	0	0	0	0	0	0	0	0	0	0	0	0	0	0	0	0	0	0	0	0	0	0	0	0	0	0	0	0	0	0	0	0	0	0	0	0	0	0	0	424.72	0	0	0	0	0	0	0	0	0	0	0	0	0	1414	0	0	0	0	0	0	859.61	812.13	621.06	1265.1	0	154.89	729.97	7.914	283.4	4.8991	232.9	588.65	76.502	0	0	923.68	62.935	32.033	91.2	41.077	0	73.487	0	146.97	0	143.96	0	99.867	1045.8	550.21	0	16117	0	0	0	89.315	40.701	21.858	0	37.309	81.024	18.466	0	666.28	42.208	44.846	0	0	0
L228_D10	TH	0	0	0	0	0	0	0	401.12	0	0	0.81695	534.28	0	0	0	0	2.4508	0	0	0	0	0	98.034	2.4508	2.4508	0	0	0	0	0	0	147.87	152.77	0.81695	0	0	0.81695	0	1.6339	495.89	0	0	0	0	18.79	76.793	116.01	457.49	878.22	274.49	0	0	0	0	0	0.81695	0	26.959	339.85	0	0	0	0	776.1	0	0	212.41	0.81695	4.9017	0	0	4.0847	624.15	82.512	0	218.94	409.29	4.0847	0	0	485.27	191.98	877.4	0	133.98	0	0	0	0	0	0	0	0	0.81695	0	0	0	0	0	0.81695	274.49	176.46	0	0	0	0.81695	0	0	0	1304.7	0	0	0	0	0	0	4.0847	93.949	1.6339	0	174.01	0	0	0	0	0	0	0	0	0	0	352.1	0	0	0	0	0	0	0	89.864	0	0	0	1.6339	0	35.946	0	0	0	0	0	0	0	0	0	0	0	0	0	0	0	0	174.01	0	0	0	0	0	305.54	0	117.64	0	0	0	0	0	0	0	0	0	0	0	0	0	0	0	0	0	0	0	0	52.285	0	0	0	0	0	0	0	0	0	0	374.98	0	1526.1	0	0	0	0	0	0	0	0	0	0	0	0	0	0	234.46	133.98	0	0	0	249.17	0	0	0	64.539	0	0	0	0	0	0	0	0	0	147.87	438.7	0	150.32	946.84	0	0	223.03	0	0	216.49	0	0	0	2.4508	0	0	0	0	0	0	0	0	0	337.4	0	147.87	4.0847	0	0	0	562.06	0	0	0	0	0	0	0	0	0	0	64.539	0	0	0	0	0	0	0	0	0	70.257	0	0	0	0	0	0	0	0.81695	16.339	0	0	0	0	0	0	0	0	0	0	117.64	0	0	0	0	0	0	0	0	0	0	0.81695	0	3.2678	0	0	0	508.14	0	0	0	0	0	1451.7	0	0	0	0	0	0	0	0	0	0	0	0	0	0.81695	0	0	0	0	0	335.77	0	0	0	0	0	0	0	0	0	0	0	0	0	0	280.21	0	0	0	0	0	0	0	0	0	0	0	0	0	0.81695	0	0	0	0	0	0	0	0	0	0	0	0	9.8034	830.02	0	0	0	0	0	0	1.6339	317.79	0	1209.9	56.369	937.86	352.1	0	345.57	0	0	1975.4	0	0	0	0	0	0	296.55	169.93	652.74	169.11	0	0	0	834.1	0	0	757.31	0	0	6574	0	0	0	0	369.26	0	13.888	176.46	0	0	0	197.7	13.071	258.97	0	0	0
L228_E10	TH	0	0	0	0	0	0	0	319.92	0	0	8.2331	222.29	0	0	0	0	5.2927	0	0	0	0	79.979	169.96	0	0	0	0	0	0	0	0	0	148.2	0	42.342	0	7.057	0	151.14	888	0	0	0	0	70.57	0.58808	94.681	546.33	1344.9	0	0	0	0	0	1.7642	2.3523	24.111	788.03	153.49	0	0	202.3	0	876.24	0	0	342.85	0	4.1166	0	0	6.4689	645.71	68.805	0	0	411.07	217	0	0	0	439.88	870.36	0	0.58808	1.1762	0	0	0	2.3523	0	0	0	1.7642	0	0	0	0	0	0	384.02	1456.1	0	0	0	0	0	0	0	2.9404	0	0	0	0	174.07	0	202.3	1.1762	0	0	1097.9	134.08	0	0	0	0	0	0	0	0	157.61	144.67	0	0	0	0	0	0	0	440.47	0	0	0	0	0	17.642	0	0	0	0	0	0	0	0	0	0.58808	0	0	0	0	0	0	449.88	0	0	0	0	0	0	350.5	50.575	0	0	0	0	0	0	0	0	0	0	0	0	0	0	0	0	0	0	0	0	0.58808	0	0	0	0	0	0	0	0	0	0	119.38	0	687.47	0	0	0	0	0	0	0	84.095	0	0	0	0	0	332.27	72.334	0	0	0	0	0	0	0	0	0	0	76.45	0	0	0	0	170.54	0	0	0	2123	0	252.88	221.12	0	0	245.82	0.58808	0	0	0	0	0	0	0	0	0	0	0	0	8.2331	0	0	128.79	0	254.05	0	0	0	0	0	0	0	0	0	0	0	0	0	0	0	7.057	0	0	0	0	0	0	0	0	0	0.58808	0	0	0	0	0	0	0	0	2.9404	0	0	0	0	0	0	0	0	0	0	70.57	0	0	0	0	0	0	0	0	0	0	238.17	0	203.48	0	0	0	71.158	0	0	0	0	68.805	337.56	0	0	0	0	0	0	0	0	0	0	0	0	0	0	0	0	0	0	0	676.88	0	0	0	0	0	0	0	0.58808	0	0	0	0	0	0	561.62	0	0	0	0	0	0	0	0	0	0	0	0	0	375.2	0	0	0	0	0	0	0	0	0	0	0	0	0	119.38	0	0	0	251.11	0	0	0	0	75.274	1530.2	0	0	325.8	0	54.692	0	262.28	582.79	53.515	0	0	0	155.25	0	1.7642	173.48	254.05	0	0	0	0	264.64	181.13	0	1300.2	108.79	67.041	12919	0.58808	0	0	134.67	254.64	0	0	488.7	99.386	0	0	0.58808	0	757.45	0	0	0
L228_G10	TH	0	0	10.848	0	0	509.87	0	21.697	0	0	0	751.64	201.47	13.948	0	3.0995	24.796	0	0	0	0	0	0	0	0	0	0	0	1.5498	0	0	0	350.25	0	4.6493	0	7.7488	0	512.97	1039.9	0	0	0	0	1721.8	0	3.0995	317.7	623.01	0	3.0995	0	7.7488	0	6.199	0	4.6493	65.09	444.78	0	0	0	0	774.88	0	0	255.71	0	32.545	0	0	0	1233.6	0	0	0	0	0	0	0	251.06	0	297.55	0	0	0	0	0	0	0	0	0	0	0	0	0	0	0	0	7.7488	0	1844.2	0	0	0	0	557.91	0	0	12.398	0	0	7.7488	0	1.5498	0	469.58	0	368.84	24.796	471.13	3.0995	0	0	0	0	0	0	0	3.0995	0	0	0	0	1.5498	0	0	0	0	438.58	0	0	0	1.5498	0	0	0	0	0	0	0	0	0	0	0	1.5498	0	0	0	0	0	0	0	0	0	0	0	0	0	0	523.82	0	1.5498	0	0	0	0	0	0	0	0	0	0	0	0	0	0	0	0	0	0	0	0	0	0	0	0	0	9.2986	0	0	0	728.39	0	218.52	0	6.199	0	1.5498	0	0	0	0	0	0	6.199	4.6493	0	49.592	0	0	0	0	0	0	0	0	0	4.6493	708.24	0	0	0	0	0	0	0	0	4.6493	1686.1	0	0	571.86	0	0	20.147	0	0	0	0	0	0	0	0	0	0	0	0	0	0	0	0	0	0	447.88	0	0	0	0	547.07	0	0	0	0	0	0	0	0	0	0	0	0	0	0	0	0	0	0	0	0	0	0	0	0	0	0	0	0	0	0	0	0	0	0	0	0	0	0	0	0	0	0	0	0	0	0	0	0	0	0	0	0	0	0	0	477.33	0	0	0	0	0	0	0	578.06	0	0	0	0	0	0	0	0	0	0	0	0	0	0	0	0	0	0	0	764.03	0	0	0	0	0	0	0	0	0	0	0	0	0	0	433.93	0	0	0	0	0	0	1.5498	0	0	0	0	0	0	0	0	0	0	0	0	0	0	0	0	0	0	0	0	1374.6	0	0	0	0	0	0	342.5	0	193.72	945.35	450.98	4.6493	477.33	0	1.5498	0	23.246	491.27	0	0	0	1.5498	0	0	43.393	215.42	4.6493	269.66	0	0	0	579.61	0	0	1053.8	94.535	0	16776	0	0	0	0	0	0	658.65	725.29	0	0	0	88.337	7.7488	875.62	0	0	0
L228_A11	TH	0	0	0	0	0	125.46	0	797.75	0	0	57.735	247.04	0	0	0	0	1160.8	0	0	0	0	133.24	76.055	206.51	0	2.7757	0	79.386	498.52	0	2.2206	0	123.8	137.68	103.26	0	155.44	88.824	205.96	840.49	0	0	0	0	201.52	53.294	99.926	262.03	978.72	12.213	0	0	0	0	1.1103	0	355.29	230.94	340.3	0	321.98	115.47	0	1114.7	127.13	0	18.32	2.2206	1.6654	0.55515	0	0	327.54	0	0	194.86	38.86	205.4	59.956	0	31.643	89.379	806.63	0	82.717	0	0	0	195.97	0	0	0	0	0	0	0	0	0	0	0	198.74	55.515	0	0	0	0	223.17	0	0	633.42	0	0.55515	125.46	0	112.14	0	46.077	137.12	0	0	27.202	0	0	0	0	0	0	0	0	0	0.55515	0	0	0	0	67.173	0	0	0	138.79	0	0	76.055	0	0	20.54	2.2206	0	0	0	0	0	0	0	0	440.23	0	0	0	0	0	0	254.81	43.857	0	95.485	0	0	67.173	0	193.19	0	0	0	0	0	0	0	0	199.85	0	0	0	0	133.24	0	59.401	0	0	0	0	0	0	0	14.989	0	0	0	0	0.55515	0	0	61.066	0	1211.9	0	0	0	0	0	0	0	0	0	0	0	0	0	728.35	193.19	0	0	0	0	0	0	0	0	0	0	0	0	0	0	0	0	0	0	300.33	469.65	0	205.96	732.79	0	0	4.9963	0	0	0	0.55515	0	0	0	0	0	0	0	0	0	0	0	0	2.7757	0	0	1.6654	0	0	0	967.07	0	0	0	0	0	0	0	0	0	0	102.15	0	0	0	0	0	0	0	0	0	0	0	0	0	0	0	0	0	0	0	0	0	0	0	0	0	0	0	0	0	0	0	0	0	0	0	0	0	0	0	0	171.54	0	2.7757	0	2.7757	0	0	0	0	0	0	0	114.92	0	0	0	0	0	0	0	0	0	0	0	0	0	0	0	0	0	0	0	861.59	0	0	0	0	0	0	0	0	0	0	0	0	0	0	223.17	318.1	0	0	0	0	0	0.55515	0	0	0	0	0	0	270.91	0	0	0	0	0	0	0	0	0	0	0	0	0	964.84	0	0	51.629	109.36	1.1103	0	3.886	934.31	2.7757	1066.4	0	0	787.2	0	1.1103	183.75	160.44	1439.5	118.8	84.937	0	141.56	0	87.158	0	313.66	0	0	0	0	0	326.43	175.98	0	1592.7	129.9	0	10046	0	0	0	143.23	644.53	0	0	384.72	0	0	0	1.1103	593.45	416.36	0	0	0
L228_B11	TH	0	0	0	0	0	0	0	0	0	0	0	0	0	0	0	0	710.23	0	0.79981	0	0	0	57.587	0	0	0	0	0	164.76	0	0	0	256.74	0	0	0	5.5987	0	0	0	0	0	0	0	0	367.92	583.07	947.78	608.66	0	0	0	0	0	1.5996	0	207.95	0	14.397	0	0	255.14	0	1058.9	0	0	202.35	0	1550	0	0	448.7	705.44	0	0	0	185.56	131.17	0	0	47.189	160.76	442.3	0	266.34	0	0	0	142.37	0	0	0	0	0	0	0	0	0	0	0.79981	165.56	0	0	0	0	0	13.597	0	0	283.93	0	0	343.12	0	603.86	0	519.88	0	439.9	0	431.1	0	0	0	0	0	0	0	0	0	0	0	0	0	0	0	0	0	107.97	10.398	0	0	0	0.79981	0	0	0	3.9991	0	0	0	0	0	0	0	103.18	0	0	0	0	0	0	0	0	0	0	0	0	0	49.589	207.15	41.59	0	0	0	0	0	0	0	0	0	0	0	0	0	0	0	0	0	0	0	0	0	0	0	0	1.5996	0	0	0	0	0	0	0	1438.1	0	0	0	0	0	0	0	0	0	0	0	0	0	231.95	0	0	0	0	0	0	0	0	0	0	575.07	0	0	0	0	0	276.74	0	0	27.993	0.79981	0	1.5996	744.63	0	0	132.77	0	0	0	0	0	0	0	0	0	0	0	0	0	0	0	0	0	0	0	0	0	0	0	0	0	0	23.994	0	0	0	0	0	2.3994	0	0	0	0	0	0	0	0	0	0	0	0	0	0	0	0	0	0	0	0	0	0	0	0	0	0	0	0	0	0	0	0	0	0	0	0	0	0	0	0	0	0	288.73	0	102.38	0	239.94	0	0	0	0	0	0	0	94.378	0	0	0	0	0	0	0	0	0	0	0	0	0	0	0	0	0	0	0	0	0	0	0	0	0	0	0	0	0	0	0	0	0	0	0	0	0	0	0	0	0	0	0	0	0	0	0	0	8.798	0	0	0	0	0	0	0	0	0	0	0	0	0	1153.3	0	0	0	372.71	0	0	1574	299.13	732.63	1505.3	0	115.97	272.74	207.95	198.35	0	0	277.54	0	0	58.387	255.94	0	0	0	144.77	0	163.16	0	229.55	0	158.36	0	0	2305.9	174.36	0	13726	126.37	0	105.58	0	0	0	0	482.29	0	0	0	659.85	539.08	247.14	0	0	0
L228_D11	TH	0	0	0	0	0	0.96863	0	0	0	0	335.15	0	0	2.9059	0	0	0	0	0	0	0	0	163.7	0	0	0	0	0	181.13	0	0	0	0	0	0	0	0.96863	0	12.592	943.45	0	3.8745	0	0	0	0	195.66	261.53	730.35	0	0	0	0	0	0	0	0	0	979.29	23.247	0.96863	0	0	1455.9	0	4.8432	66.836	0	816.56	0	0	0	396.17	0	0	0	0.96863	18.404	0	0	1114.9	37.777	1227.3	0	4.8432	0	0	0	3.8745	0	0	0	0	0	0	0	0	0	0	0	0	957.98	0	0	0	0	0	0	0	136.58	0	0	0	0	0	0	435.89	0	0	127.86	26.153	0	0	0	0	0	0	0	0	0	0	0	0	0	223.75	0	0	0	0	0	0	0	0	0	0	0	0	0	0	0	0	0	0	0	0	43.589	0	0	0	0	0	0	6.7804	0	0	0	0	0	358.39	0	233.44	0	0	0	0	0	0	0	0	0	0	0	0	0	0	0	0	0	0	0	0	0	0	0	0	0	0	0	0	0	0	0	123.99	0	888.24	0	0	0	0	0	0	0	134.64	0	0	0	0	0	290.59	0	0	0	0	0	0	0	0	0	0	194.7	0	0	0	0	0	306.09	0	0	0	308.99	0	443.63	504.66	0	0	133.67	0	63.93	0	0	0	0	0	0	0	0	0	0	0	0	0	0	0	0	0	0	0	0	0	0	0	0	0	0	0	0	0	0	0	0	254.75	0	0	0	0	0	0	0	0	0	0	0	0	0	0	0	0	0	0	0	0	0	0	0	0	0	0	0	0	0	52.306	0	0	0	0	0	0	0	0	0	0	321.59	0	0	0	0	0	0	0	0	0	0	0	1048.1	0	0	0	0	0	0	0	0	0	0	0	0	0	0	0	0	0	0	0	166.6	0	0	0	0	0	0	0	0	0	0	0	0	0	0	75.553	0	0	0	0	0	0	0	0	0	0	0	0	0	198.57	0	0	0	0	0	0	0	0	0	0	0	0	0	1301.8	0	0	0	0	83.302	0	2188.1	7.7491	191.79	1080	0	0	1333.8	0	813.65	428.14	169.51	649.95	0	0	0	306.09	0	0	401.98	61.024	1.9373	0	0	295.43	0	137.55	0	0	1442.3	185.98	0	10173	0	178.23	0	461.07	0	0	0	748.75	0	0	0	7.7491	337.08	327.4	0	0	0
L228_H11	TH	0	2.0498	0	0	0	0	0	536.01	3.0746	3.0746	254.17	379.2	0	0	0	0	179.35	0	0	0	0	0	54.318	0	0	0	0	0	0	0	0	0	39.97	0	0	0	11.274	0	0	2039.5	0	0	0	0	279.79	4.0995	0	388.43	1135.6	0	0	0	0	2.0498	0	0	0	52.269	635.42	0	0	0	0	520.64	0	0	0	0	0	0	0	0	934.68	226.5	0	159.88	0	757.38	0	0	180.38	0	946.98	0	0	0	0	0	0	0	0	326.93	0	0	0	0	0	0	0	0	0	0	0	0	0	1.0249	0	0	0	68.666	0	0	0	1.0249	0	0	305.41	137.33	119.91	0	895.74	0	0	0	0	0	0	0	0	0	0	0	0	0	0	0	0	0	10.249	146.56	0	0	270.57	0	0	0	0	0	0	0	0	0	0	0	0	0	0	0	0	0	0	0	0	734.83	0	0	0	0	117.86	225.47	0	0	0	0	0	0	0	0	0	0	0	0	0	0	62.517	0	0	0	0	0	0	119.91	0	0	0	0	11.274	0	304.39	0	0	0	192.68	0	1413.3	0	68.666	0	0	0	0	0	0	0	0	0	0	1.0249	188.58	17.423	0	0	0	0	0	0	0	0	0	0	0	0	0	0	0	145.53	0	0	0	1019.8	0	447.87	232.65	8.199	1.0249	455.04	0	0	0	2.0498	751.23	0	0	0	0	0	0	0	0	224.45	0	0	255.19	0	0	0	0	0	0	0	0	52.269	0	0	0	0	0	0	0	0	0	0	0	0	0	0	0	176.28	0	0	0	0	0	0	0	0	0	0	0	0	0	0	0	0	0	0	0	0	0	0	183.45	0	0	0	0	0	0	0	0	0	0	0	0	581.1	0	0	0	0	0	0	0	0	243.92	0	0	0	0	0	0	0	0	0	0	0	0	0	0	0	0	0	0	0	0	430.45	0	0	0	0	0	0	0	0	0	0	0	0	0	0	935.71	153.73	0	0	0	0	0	0	0	4.0995	0	0	0	0	784.03	0	0	0	0	0	0	0	0	0	0	0	0	0	510.39	0	0	0	96.338	0	0	412	1821.2	0	956.21	0	0	111.71	0	0	0	1007.5	2037.4	647.72	0	0	0	0	0	312.59	0	133.23	0	0	0	225.47	234.7	0	212.15	317.71	32.796	0	18940	0	0	0	3.0746	0	0	0	8.199	0	0	0	313.61	0	241.87	196.78	0	0
L228_A12	TH	0	0	0	0	0	2.8331	0	0	0	0	281.61	176.22	0	0	0	0	345.08	0	0	0	0	275.38	84.428	0	0	0	0	0	133.16	0	0	0	371.71	0	506	0	0	32.864	281.61	376.24	0	0	0	0	149.02	129.76	747.38	552.46	222.68	0	0	0	41.931	0	0	0	87.261	180.76	378.51	82.161	229.49	37.397	0	840.31	90.661	0	141.09	0	93.494	19.265	0	0	396.64	0	0	126.93	134.29	278.78	0	0	0	0	689.02	0	0	0	0	0	115.03	0	0	0	1.1333	1.6999	0	0	0	0	0	0	138.26	457.84	0	0	0	0	27.198	0	0	103.13	0	0	0	0	178.49	0	156.96	9.0661	0	0	0	0	0	0	0	0	0	0	0	0	0	0	0	0	0	0	0	0	0	90.661	0	0	0	0	0	0	0	0	0	0	0	0	0	0	0	32.298	0	0	0	0	0	0	0	303.15	34.564	0	0	0	142.79	33.998	64.596	0	0	0	0	0	0	0	0	0	0	0	0	0	466.33	0	0	0	0	0	0	0	0	0	0	0	0	0	0	0	0	0	0	0	634.62	0	0	0	0	0	99.16	0	229.49	0	0	0	0	0	706.02	299.75	0	0	0	0	0	0	0	0	0	37.964	0	0	0	0	0	113.33	0	0	0	167.15	0	66.296	566.63	0	0	211.92	0	0	0	1.6999	122.96	0	1.6999	0	0	0	0	0	0	0	0	0	0	0	0	101.99	0	0	0	0	0	0	74.228	0	0	0	0	18.132	2.8331	0	0	0	0	0	0	0	0	0	0	0	0	0	0	0	0	0	0	0	0	56.663	0	0	0	0	0	0	0	0	0	0	114.46	0	0	0	0	0	0	0	0	0	0	126.93	0	120.13	0	0	0	0	0	0	0	0	0	895.27	0	0	0	0	0	0	0	0	0	0	0	0	0	0	0	0	0	0	0	0	0	0	0	0	0	0	0	0	0	0	0	0	0	0	0	0	0	0	0	0	0	0	0	0	0	0	0	0	187.55	0	0	0	0	0	0	0	0	0	0	0	0	0	1152	0	0	0	0	0	0	2798	491.27	435.74	1506.1	94.627	352.44	714.52	0	1.6999	0	320.71	659.56	0	0	0	71.395	0	0	0	112.76	196.05	0	0	307.68	0	243.65	0	0	857.31	445.94	0	14580	0	0	0	115.03	0	360.38	0	309.95	0	0	0	686.19	328.08	269.71	0	0	0
L228_B12	TH	0	0	0.55528	0.55528	0	42.479	0	1.9435	0	89.955	156.87	2.2211	227.11	0.83292	0	0	0	0	0	0	0	1.3882	110.22	73.297	0	0	0	8.8844	348.44	66.633	0.83292	83.847	80.238	0.27764	67.466	0.83292	0.83292	0	142.15	260.15	0	0	0	62.191	35.26	36.371	120.77	1155	445.61	0	0	0	0	0	0.55528	0	21.656	89.677	175.19	3.054	29.707	66.078	0	1216.1	314.01	0	221.56	0.27764	3.3317	0	0	50.53	726.3	0.83292	0	114.67	1.9435	1.6658	0	0	353.71	246.54	1769.7	0	131.88	28.042	0	0	0.27764	0	0	0	8.8844	0	0	0	0	0	0	5.2751	50.53	205.45	0	0	0	0	83.014	0	0	0.83292	0	0	13.327	289.58	127.16	0	312.9	161.31	27.486	0	4.1646	0	0	0	0	0	0	0	0	0	0.27764	0	0	0	0	0	0	0	0	94.675	66.633	0	0	0	0	0	0	0	0	0	0	0	0	0	0	290.69	0	0	0	0	0	0	0	180.19	0.83292	74.963	0	5.2751	201.84	345.94	0	0	0	0	0	0.55528	0	0	0	31.651	0	0	0	0	0	0	0	0	0	0	0	0	0	0	0	0	0	0	0	0	0	0	112.17	0	751.85	0	0	0	0	6.1081	13.604	0	117.16	0	0	0	0	0	187.96	1118.6	126.88	0	0	0	0	0	0	0	0	158.53	0	0	0	0	0	94.675	0	0	0	1060	16.381	210.17	147.43	0	0	250.43	0	0	148.81	0	0	0	0.83292	0	0	0	0	0	0	29.985	0	0	0	0	92.731	50.808	0	0	0	30.54	0	0	367.04	0	62.746	0	0	0	0	0	40.258	0.55528	0.27764	0	0	0	0	0	0	0	0	0	0	0	0	0	0	0	0.27764	118	0	0	0	0	0	0	0	0	0	0	103.28	0	0	0	0	0	0	0	0	0	0	407.3	0	174.36	0	0	0	79.405	0	0	0	0	9.4397	1561.7	0.27764	0	0.27764	0	0	0	0	0	0	0	0	0	0	0	0	0	0	0	0	86.346	0	0	0	0	0	0	0	0	0	0	0	0	0	0	1.6658	116.89	0	0	0	0	0	0	0	0	0	0	0	0	33.317	0	0	0	0	0	0	0	0	0	0	0	0	0	970.9	0	0	0	8.6068	52.751	0	885.67	184.91	236.27	759.9	0	524.18	485.87	0	43.312	49.142	217.11	433.95	123.83	44.145	60.525	687.99	34.705	29.707	200.46	84.125	191.29	43.312	0	2.7764	0	607.2	30.263	0	1523.7	468.65	0	11219	0	0	0	174.63	42.201	29.707	0	144.1	0	0	29.43	455.33	209.9	230.72	0	0	0
L228_C12	TH	0	0	0	0	0	209.24	0	140.35	0	21.143	68.168	0	0	0	0	0	143.99	0	0	0	0	0	0	0	0.36454	0	0	0	0	0	71.813	383.86	303.66	57.597	0	0	2.1872	6.1971	0	449.47	0	0	0	0	63.794	127.22	610.23	837.34	1070.6	0	0	0	0	0	0	3.6454	161.85	0	217.26	0.36454	12.03	33.902	0	599.3	0	0	133.42	0	101.34	0	0	0	105.71	0	0	0.36454	110.45	178.62	0	0	196.85	262.1	602.94	0	44.109	0	0	0	0	0	0	0	88.947	0	0	0	0	0	0	0	22.966	340.48	0	0	0	0	216.9	0	0	0.72907	0	0	0	95.873	0	0	446.56	0	0	0	536.23	136.34	0	14.581	0	0	0	0	0	0	30.986	0	0	0	0	0.36454	0	0	114.46	28.069	0	0	0	0	0	75.094	0	0	0	0	0	0	0	0	0	133.06	0	0	0	0	0	0	0	0	57.232	0	0	0.72907	34.631	538.42	148.73	87.853	0	0	0	0	0	0	0	0	0	0	0	0	5.1035	0	0	0	0	0	0	0	0	0	0	0	0	0	0	0	0	0	0	0	1453.8	0	0	0	61.606	0	1.4581	0	46.296	50.671	0	0	0	0	231.48	117.38	0	0	0	0	0	0	0	0	0	768.44	0	0	0	0	0	585.44	0	0	1.8227	855.57	0	0	417.76	0	0	487.02	0	0	10.571	0	0	0	0	0	0	0	0	0	0	92.228	0	0	67.804	0	0	0	0	0	0	0	0	0	0	0	0	0	0	0	0	0	50.306	0	0	0	0	0	0	0	0	0	0	0	0	0	0	0	0	0	0	0	0	0	0	0	0	0	0	0	0	0	45.567	0	0	0	0	0	0	0	0	0	0	297.1	0	123.21	0	131.96	0	53.951	0	0	0	0	0	138.52	0	0	0	0	0	0	0	0	0	0	0	0	0	0	0	0	0	0	0	0	0	0	0	0	0	0	0	0	0	0	0	0	0	0	0	0	0	0	0	0	0	0	0	0	1.8227	0	0	0	265.75	0	0	0	0	0	0	0	0	0	0	55.045	0	0	784.12	0	0	0.36454	114.1	0	0	2284.5	123.21	592.73	1462.5	75.823	267.2	572.68	0	115.92	49.212	151.28	565.76	75.094	5.1035	0	85.666	0	0	199.77	363.08	0	163.68	47.39	181.54	0	407.92	47.025	50.306	1345.9	200.49	0	15058	0	0	0	92.228	0	0	0	538.42	73.272	0.36454	0	416.3	582.16	845.72	3.2808	0	0
L228_E12	TH	0	0	0	0	0	0	0	0	0	0	104.62	0	0	0.43956	0	3.0769	428.57	0	0	0	0	158.24	7.9121	0	1.3187	0	0	40.44	0	0.43956	73.407	0	242.64	0	161.32	0	0.87912	52.747	150.77	324.84	0	0	0	0	0	68.132	294.07	830.33	1223.3	0	0	0	0	0	0.43956	0	103.3	0	10.55	466.81	0	0	0	1317.8	0.43956	0	226.81	0	146.81	0	0	0	280.44	0.87912	0	0	231.65	64.176	0	0	99.78	0	321.76	0	188.57	1.7582	0	0	0	0	0	0	0	1.7582	0	0	0	0	0	0	95.385	218.02	0	0	0	0	2.6374	0	0	75.165	0	0	0	0.43956	0.43956	0	489.23	1.3187	0	36.044	0.43956	2.1978	0	75.605	1.3187	0	0	0	0	0	0.43956	0.43956	0	0	100.66	0	0	0	124.83	7.4725	0	0	0	0.43956	0	15.824	0	0	0	0	0.87912	0	0	0	0	323.96	0	0	0	0	0	0.43956	0.43956	2.1978	0	0	0	0	0	2.1978	55.385	0	0	0	0	0	0	0	0	45.275	0	0	0	0	0	0	0.43956	0	0	0	0	0	0	0	0	0	0	0	0	0	0	0	0	0.87912	725.72	0	0	0	0	0	0	0	0	37.802	0	0	0	65.055	578.02	241.32	0	0	0	0	0	0	0	0	0	66.813	0.87912	0	0	0	0	266.81	0	0	4.8352	5.2747	0	369.23	782.86	76.044	0	252.75	0	0	0	0	0	0	1.3187	0	0	0	0	0	0	0	0	0	0	0	0	120.44	90.55	0	0	145.49	0	0	296.7	0	0	0	0	0	0	0	115.17	0	0	0	0	0	0	0	0	0	124.4	0	0	0	0	0	0	0	0	0	0	0	0	0	0	0	0	0	0	0	0	0	0	0	0	0	0	0	0	0	0	6.5934	0	426.81	0	121.76	0	0	0	0	0	0	0	2130.1	0	0	0	0	0	0	0	0	0	0	0	0	0	0	0	0	0	0	0	133.19	0	0	0	0	0	0	0	0	0	0	0	0	0	0	0	0	0	0	0	0	0	0	0	0	0	0.43956	0	0	0	0	0	0	0	0	0	0	0	0	0	0	0	20.659	682.64	0	0	0	174.07	0	0	1193.8	446.59	1089.7	1078.7	28.572	800.44	604.84	144.62	35.165	0	259.78	803.52	3.5165	0	0	329.23	303.3	46.154	201.76	98.022	173.63	58.022	0	103.3	0	166.59	251.87	0	1960.9	187.25	0	9711.7	0	88.352	0	25.055	0	105.93	0	77.363	0	54.506	0	525.72	0	525.28	0	0	0
L281_C01	TH	0	0	0	0	0	0	0	686.01	0	0	69.737	436.41	0	0.31555	29.977	0	0.94666	0	0	0	0	0	19.564	0	0	0	0	0	366.36	0	0	0	115.18	0	2.5244	0	2.5244	0	105.39	2.5244	0	0	0	0	0	144.84	108.55	1006.3	140.1	0	0	0	0	0	4.1022	0	3.4711	728.92	202.9	0	0	0.31555	0	1305.4	0	0	87.092	2.84	2.2089	0	0	12.622	61.217	0.94666	0	0	8.5199	47.017	0	0	1.5778	39.128	417.48	0	0	0	0	0	0	0	0	0	0	1.8933	0	0	0	0	0	0	0	607.12	0	0	0	0.94666	0	0	0.94666	0.31555	0	0	0	1.2622	0	0	3.1555	69.106	0	0	243.29	0	0	0	0.31555	0	0	0	0	3.1555	0	23.351	0	0	0.6311	0	1.5778	0	0	67.844	0.94666	0	0	0	0	0	0	2.2089	0	0	154.62	0	0	0	0	436.41	0	0	0	0	0	0	0	0.94666	372.67	0	0	0	133.79	0	0	0	0	0	0	0	0	0	0	27.769	0	0	0	0	0	0	0	0	0	0	0	0	0	0	0	0	0	0	0	0	0	0	275.79	0	307.98	0	0	0	0	0	0	0	0	0	0	0	0	0	28.084	27.138	112.97	0	0	0	20.511	0	0	0	0	0	0	0	0	0	0	526.97	0	0	0	733.03	0	151.78	180.5	235.09	0	0.31555	0	0	0	0	0	0	0.31555	0	0	0	0	0	0	0.94666	0	0	469.86	0	588.82	0	0	0	0	592.92	0	0	77.626	0.31555	0	0	0	0.31555	0	0	0	0	0	0	0	0	0	0	0	0	0	0	0	0	0	0	0	0	2.2089	2.2089	0	0	0	0	0	0	0	0	0	0	0	0	0	0	0	0	0	0	0	0	0	0	0	985.47	0	165.98	0	10.413	0	0	0	0	224.99	35.342	0.31555	0	0	0	0	0	0	0	0	0	0.6311	0	0	0	0	0	0	0	0	604.91	0	0	0	0	0	0	0	0	0	0	0	0	0	0	391.6	0	0	0	0	0	0	0	0	0.94666	0	0	0	0	0	0	0	0	0	0	0	0	0	0	0	0.31555	0	0	0.31555	0	0	0	1.8933	0	0	0.31555	0	0	2972.2	46.071	453.45	767.11	0	48.91	0	264.12	712.83	513.72	0	0	0	0	0	21.773	0	306.4	0	0	0	0	190.59	0	125.27	1090.6	0	0	14828	0	0	0	0	170.71	0	0	637.73	0	0	0	1099.7	0	159.67	0	0	0
